ccmaName,ccbaMnm1,ccbaCtcdNm,ccsiName,ccbaAdmin,ccbaKdcd,ccbaCtcd,ccbaAsno,ccbaCncl,ccbaCpno,longitude,latitude,gcodeName,bcodeName,mcodeName,scodeName,ccbaLcad,ccceName,b_class,b_reason,has_coord,grade_w
국보,경주 불국사 다보탑,경북,경주시,불국사,11,37,0000200000000,N,1113700200000,129.332267999295,35.7899698186069,유적건조물,종교신앙,불교,탑,"<![CDATA[경북 경주시 불국로 385, 불국사 (진현동)]]>",통일신라시대 8세기,B2,석조물,Y,2.0
국보,경주 불국사 삼층석탑,경북,경주시,불국사,11,37,0000210000000,N,1113700210000,129.331984595091,35.7899677237892,유적건조물,종교신앙,불교,탑,"<![CDATA[경북 경주시 불국로 385, 불국사 (진현동)]]>",통일신라시대 8세기,B2,석조물,Y,2.0
국보,경주 불국사 연화교 및 칠보교,경북,경주시,불국사,11,37,0000220000000,N,1113700220000,129.331642804335,35.7897191051224,유적건조물,교통통신,교통,교량,"<![CDATA[경북 경주시 불국로 385, 불국사 (진현동)]]>",통일신라시대,B3,고분·유적지·가마·봉수,Y,2.0
국보,경주 불국사 청운교 및 백운교,경북,경주시,불국사,11,37,0000230000000,N,1113700230000,129.332158169199,35.7897229583531,유적건조물,교통통신,교통,교량,"<![CDATA[경북 경주시 불국로 385, 불국사 (진현동)]]>",통일신라시대,B3,고분·유적지·가마·봉수,Y,2.0
국보,경주 석굴암 석굴,경북,경주시,불국사,11,37,0000240000000,N,1113700240000,129.349242,35.794852,유적건조물,종교신앙,불교,불전,"<![CDATA[경상북도 경주시 석굴로  238(진현동, 석굴암) ]]>",통일신라시대,B1,사찰·불전·교회 등 경내 건축,Y,2.0
국보,경주 태종무열왕릉비,경북,경주시,경주시,11,37,0000250000000,N,1113700250000,129.188548279325,35.8251335576631,기록유산,서각류,금석각류,비,<![CDATA[경북 경주시 서악동 844-1번지 / (도로명)경주시 대경로 4859]]>,통일신라시대 초기,EXCLUDE,서책·문서 — 실내 소장품,Y,2.0
국보,경주 불국사 금동비로자나불좌상,경북,경주시,불국사,11,37,0000260000000,N,1113700260000,0,0,유물,불교조각,금속조,불상,<![CDATA[경북 경주시 진현동 15번지 불국사]]>,통일신라 경덕왕 8년(750),EXCLUDE,회화·공예·실내 조각 — 소장처 실내,N,2.0
국보,경주 불국사 금동아미타여래좌상,경북,경주시,불국사,11,37,0000270000000,N,1113700270000,0,0,유물,불교조각,금속조,불상,"<![CDATA[경상북도 경주시 불국로  385(진현동, 불국사) ]]>",통일신라시대,EXCLUDE,회화·공예·실내 조각 — 소장처 실내,N,2.0
국보,경주 백률사 금동약사여래입상,경북,경주시,국립경주박물관,11,37,0000280000000,N,1113700280000,129.227912382125,35.8293874259588,유물,불교조각,금속조,불상,"<![CDATA[경북 경주시 일정로 186, 국립경주박물관 (인왕동,국립경주박물관)]]>",통일신라시대 8세기,EXCLUDE,회화·공예·실내 조각 — 소장처 실내,Y,2.0
국보,성덕대왕신종,경북,경주시,국립경주박물관,11,37,0000290000000,N,1113700290000,129.227912382125,35.8293874259588,유물,불교공예,의식법구,의식법구,"<![CDATA[경북 경주시 일정로 186, 국립경주박물관 (인왕동,국립경주박물관)]]>",통일신라 혜공왕 7년(771),EXCLUDE,회화·공예·실내 조각 — 소장처 실내,Y,2.0
국보,경주 분황사 모전석탑,경북,경주시,분황사,11,37,0000300000000,N,1113700300000,129.233641826763,35.840561548299,유적건조물,종교신앙,불교,탑,"<![CDATA[경북 경주시 분황로 94-11, 분황사 (구황동)]]>",신라 선덕여왕 3년(634),B2,석조물,Y,2.0
국보,경주 첨성대,경북,경주시,경주시,11,37,0000310000000,N,1113700310000,129.218993693668,35.834695848054,유물,과학기술,천문지리기구,천문,<![CDATA[경북 경주시 인왕동 839-1번지]]>,신라시대,EXCLUDE,회화·공예·실내 조각 — 소장처 실내,Y,2.0
국보,경주 황복사지 삼층석탑,경북,경주시,경주시,11,37,0000370000000,N,1113700370000,129.242391005132,35.8321857175997,유적건조물,종교신앙,불교,탑,<![CDATA[경상북도 경주시 구황동 100 ]]>,통일신라시대,B2,석조물,Y,2.0
국보,경주 고선사지 삼층석탑,경북,경주시,경주시,11,37,0000380000000,N,1113700380000,129.229057533909,35.8281281391872,유적건조물,종교신앙,불교,탑,"<![CDATA[경북 경주시 일정로 186, 국립경주박물관 (인왕동)]]>",통일신라시대 초기,B2,석조물,Y,2.0
국보,경주 나원리 오층석탑,경북,경주시,경주시,11,37,0000390000000,N,1113700390000,129.212255439354,35.8936077546984,유적건조물,종교신앙,불교,탑,<![CDATA[경북 경주시 현곡면 라원리 676]]>,통일신라시대 초기,B2,석조물,Y,2.0
국보,경주 정혜사지 십삼층석탑,경북,경주시,경주시,11,37,0000400000000,N,1113700400000,129.157669514943,36.0190473494375,유적건조물,종교신앙,불교,탑,<![CDATA[경북 경주시 안강읍 옥산리 1654번지]]>,통일신라시대,B2,석조물,Y,2.0
국보,금관총 금관 및 금제 관식,경북,경주시,국립경주박물관,11,37,0000870000000,N,1113700870000,129.227912382125,35.8293874259588,유물,생활공예,금속공예,장신구,<![CDATA[경북 경주시 일정로 186 국립경주박물관]]>,신라시대(5세기),EXCLUDE,회화·공예·실내 조각 — 소장처 실내,Y,2.0
국보,금관총 금제 허리띠,경북,경주시,국립경주박물관,11,37,0000880000000,N,1113700880000,129.227912382125,35.8293874259588,유물,생활공예,금속공예,장신구,<![CDATA[경북 경주시 일정로 186 국립경주박물관]]>,신라시대(5세기),EXCLUDE,회화·공예·실내 조각 — 소장처 실내,Y,2.0
국보,경주 감은사지 동·서 삼층석탑,경북,경주시,경주시,11,37,0001120000000,N,1113701120000,129.477006979332,35.7481399114246,유적건조물,종교신앙,불교,탑,"<![CDATA[경북 경주시 양북면 용당리 55-3, 55-9번지]]>",통일신라시대 7세기,B2,석조물,Y,2.0
국보,불국사 삼층석탑 사리장엄구,경북,경주시,불국사박물관,11,37,0001260000000,N,1113701260000,129.3318932,35.7898809,유물,불교공예,기타,기타,"<![CDATA[경상북도 경주시 불국로 385 (진현동, 불국사) ]]>",통일신라시대(8세기),EXCLUDE,회화·공예·실내 조각 — 소장처 실내,Y,2.0
국보,장양수 홍패,경북,울진군,울＊＊＊,11,37,0001810000000,N,1113701810000,129.3822725,37.0008795,기록유산,문서류,국왕문서,교령류,<![CDATA[경상북도  울진군]]>,고려 희종 1년(1205),EXCLUDE,서책·문서 — 실내 소장품,Y,2.0
국보,천마총 금관,경북,경주시,국립경주박물관,11,37,0001880000000,N,1113701880000,129.227912382125,35.8293874259588,유물,생활공예,금속공예,장신구,"<![CDATA[경북 경주시 일정로 186, 국립경주박물관 (인왕동,국립경주박물관)]]>",신라시대,EXCLUDE,회화·공예·실내 조각 — 소장처 실내,Y,2.0
국보,천마총 관모,경북,경주시,국립경주박물관,11,37,0001890000000,N,1113701890000,129.227912382125,35.8293874259588,유물,생활공예,금속공예,장신구,"<![CDATA[경북 경주시 일정로 186, 국립경주박물관 (인왕동,국립경주박물관)]]>",신라시대,EXCLUDE,회화·공예·실내 조각 — 소장처 실내,Y,2.0
국보,천마총 금제 허리띠,경북,경주시,국립경주박물관,11,37,0001900000000,N,1113701900000,129.227912382125,35.8293874259588,유물,생활공예,금속공예,장신구,"<![CDATA[경북 경주시 일정로 186, 국립경주박물관 (인왕동,국립경주박물관)]]>",신라시대,EXCLUDE,회화·공예·실내 조각 — 소장처 실내,Y,2.0
국보,황남대총 남분 금목걸이,경북,경주시,국립경주박물관,11,37,0001940000000,N,1113701940000,0,0,유물,생활공예,금속공예,장신구,"<![CDATA[경상북도 경주시 일정로 186 (인왕동, 국립경주박물관)]]>",신라시대,EXCLUDE,회화·공예·실내 조각 — 소장처 실내,N,2.0
국보,토우장식 장경호,경북,경주시,국립경주박물관,11,37,0001950000000,N,1113701950000,126.980350241652,37.5240413763397,유물,생활공예,토도자공예,토기,"<![CDATA[경상북도 경주시 일정로 186 (인왕동, 국립경주박물관) ]]>",신라시대,EXCLUDE,회화·공예·실내 조각 — 소장처 실내,Y,2.0
국보,경주 단석산 신선사 마애불상군,경북,경주시,경주시,11,37,0001990000000,N,1113701990000,129.081942767651,35.796818018841,유물,불교조각,석조,불상,<![CDATA[경북 경주시 건천읍 단석산길 175-143 (송선리)]]>,신라시대,B2,야외 석불·마애불·암각화,Y,2.0
국보,경주 천마총 장니 천마도,경북,경주시,국립경주박물관,11,37,0002070000000,N,1111102070000,0,0,유물,일반회화,영모화조화,동물화,"<![CDATA[경상북도 경주시 일정로  186(인왕동, 국립경주박물관) ]]>",신라시대(5세기),EXCLUDE,회화·공예·실내 조각 — 소장처 실내,N,2.0
국보,경주 장항리 서 오층석탑,경북,경주시,경주시,11,37,0002360000000,N,1113702360000,129.372992687772,35.7748660668149,유적건조물,종교신앙,불교,탑,<![CDATA[경북 경주시 양북면 장항리 1083번지]]>,통일신라시대 8세기,B2,석조물,Y,2.0
국보,울진 봉평리 신라비,경북,울진군,울진군,11,37,0002420000000,N,1113702420000,129.4091392,37.04460792,기록유산,서각류,금석각류,비,<![CDATA[경북 울진군 죽변면 봉평리 521번지 전시관 내부 전시 / (도로명)죽변면 봉화길 15]]>,524년(법흥왕11년) 추정,EXCLUDE,서책·문서 — 실내 소장품,Y,2.0
국보,포항 냉수리 신라비,경북,포항시,포항시,11,37,0002640000000,N,1113702640000,129.263064134895,36.1298728090165,기록유산,서각류,금석각류,비,"<![CDATA[경상북도 포항시 북구 토성길37번길 13 (신광면, 신광면사무소, 신광보건지소) ]]>","443년(눌지왕 27), 503년(지증왕4) 추정",EXCLUDE,서책·문서 — 실내 소장품,Y,2.0
국보,도기 기마인물형 뿔잔,경북,경주시,국립경주박물관,11,37,0002750000000,N,1113702750000,129.227912382125,35.8293874259588,유물,생활공예,토도자공예,토기,"<![CDATA[경상북도 경주시 일정로 186 (인왕동, 국립경주박물관) ]]>",삼국시대(5세기),EXCLUDE,회화·공예·실내 조각 — 소장처 실내,Y,2.0
국보,경주 남산 칠불암 마애불상군,경북,경주시,경주시,11,37,0003120000000,N,1113703120000,129.235351103533,35.7714559121041,유물,불교조각,석조,불상,<![CDATA[경북 경주시 남산동 산36-4번지]]>,통일신라시대,B2,야외 석불·마애불·암각화,Y,2.0
국보,포항 중성리 신라비,경북,경주시,국가유산청 국립경주문화재연구소,11,37,0003180000000,N,1113703180000,129.30794819267,35.7833056305235,기록유산,서각류,금석각류,비,"<![CDATA[경상북도 경주시 불국로 132 (마동, 국립경주문화재연구소)]]>",신라시대,EXCLUDE,서책·문서 — 실내 소장품,Y,2.0
국보,삼국사기(2018-1),경북,경주시,옥＊＊＊,11,37,0003220000100,N,1113703220100,0,0,기록유산,전적류,목판본,,<![CDATA[경상북도  경주시]]>,1573년(선조 6),EXCLUDE,서책·문서 — 실내 소장품,N,2.0
보물,사인비구 제작 동종 - 포항 보경사 서운암 동종,경북,포항시,보경사,12,37,0000110000100,N,1123700110100,129.3179365,36.252233,유물,불교공예,의식법구,의식법구,<![CDATA[경북 포항시 북구 송라면 보경로 523 (중산리)]]>,조선 현종 8년(1667),EXCLUDE,회화·공예·실내 조각 — 소장처 실내,Y,2.0
보물,경주 불국사 사리탑,경북,경주시,불국사,12,37,0000610000000,N,1123700610000,129.331621,35.790610,유적건조물,종교신앙,불교,탑,"<![CDATA[경상북도 경주시 불국로  385(진현동, 불국사) ]]>",고려시대,B2,석조물,Y,2.0
보물,경주 서악동 마애여래삼존입상,경북,경주시,경주시,12,37,0000620000000,N,1123700620000,129.1758969,35.83352457,유물,불교조각,석조,불상,<![CDATA[경상북도 경주시 서악동 산 92-1]]>,통일신라시대,B2,야외 석불·마애불·암각화,Y,2.0
보물,경주 배동 석조여래삼존입상,경북,경주시,경주시,12,37,0000630000000,N,1123700630000,129.211247408685,35.8017720692457,유물,불교조각,석조,불상,<![CDATA[경상북도 경주시 배동 산 65-1 ]]>,삼국시대,B2,야외 석불·마애불·암각화,Y,2.0
보물,경주 보문사지 석조,경북,경주시,경주시,12,37,0000640000000,N,1123700640000,129.254229363082,35.8261815850046,유적건조물,종교신앙,불교,기타,<![CDATA[경북 경주시 보문동 848-16번지]]>,통일신라시대,B1,사찰·불전·교회 등 경내 건축,Y,2.0
보물,경주 서악동 삼층석탑,경북,경주시,경주시,12,37,0000650000000,N,1123700650000,129.18482657843,35.8279596455259,유적건조물,종교신앙,불교,탑,<![CDATA[경북 경주시 서악동 705-1번지]]>,통일신라시대,B2,석조물,Y,2.0
보물,경주 석빙고,경북,경주시,경주시,12,37,0000660000000,N,1123700660000,129.22394548465,35.8331434495042,유적건조물,정치국방,궁궐·관아,관아,<![CDATA[경북 경주시 인왕동 449-1번지]]>,조선시대,B1,관아 건물,Y,2.0
보물,경주 효현동 삼층석탑,경북,경주시,경주시,12,37,0000670000000,N,1123700670000,129.169688452798,35.8232909173997,유적건조물,종교신앙,불교,탑,<![CDATA[경북 경주시 효현동 419-1번지]]>,통일신라시대,B2,석조물,Y,2.0
보물,경주 황남동 효자 손시양 정려비,경북,경주시,경주시,12,37,0000680000000,N,1123700680000,129.210983563408,35.836269476309,기록유산,서각류,금석각류,비,<![CDATA[경북 경주시 황남동 240-3번지]]>,고려시대,EXCLUDE,서책·문서 — 실내 소장품,Y,2.0
보물,경주 망덕사지 당간지주,경북,경주시,경주시,12,37,0000690000000,N,1123700690000,129.243162918554,35.8164213165065,유적건조물,종교신앙,불교,당간,<![CDATA[경북 경주시 배반동 964-2번지]]>,통일신라시대,B2,석조물,Y,2.0
보물,경주 서악동 귀부,경북,경주시,경주시,12,37,0000700000000,N,1123700700000,129.189941084065,35.8250087940259,유물,불교조각,석조,귀부이수,<![CDATA[경북 경주시 서악동 1006-1번지]]>,통일신라시대,B2,야외 석불·마애불·암각화,Y,2.0
보물,경주 굴불사지 석조사면불상,경북,경주시,경주시,12,37,0001210000000,N,1123701210000,129.2300760894,35.8577781366711,유물,불교조각,석조,불상,<![CDATA[경북 경주시 동천동 산4번지]]>,통일신라시대,B2,야외 석불·마애불·암각화,Y,2.0
보물,경주 율동 마애여래삼존입상,경북,경주시,경주시,12,37,0001220000000,N,1123701220000,129.174539387363,35.8047107980655,유물,불교조각,석조,불상,<![CDATA[경북 경주시 두대안길 69 (율동)]]>,통일신라시대,B2,야외 석불·마애불·암각화,Y,2.0
보물,경주 보문사지 당간지주,경북,경주시,경주시,12,37,0001230000000,N,1123701230000,129.252743665298,35.8251761006521,유적건조물,종교신앙,불교,당간,<![CDATA[경북 경주시 보문동 856-3번지]]>,통일신라시대,B2,석조물,Y,2.0
보물,경주 남산동 동·서 삼층석탑,경북,경주시,경주시,12,37,0001240000000,N,1123701240000,129.24401221261,35.7931261692767,유적건조물,종교신앙,불교,탑,<![CDATA[경북 경주시 남산동 227-3번지]]>,통일신라시대,B2,석조물,Y,2.0
보물,경주 무장사지 아미타불 조상 사적비,경북,경주시,경주시,12,37,0001250000000,N,1123701250000,129.351130587927,35.8809386096532,유물,불교조각,석조,귀부이수,<![CDATA[경북 경주시 암곡동 산1-9번지]]>,통일신라시대,B2,야외 석불·마애불·암각화,Y,2.0
보물,경주 무장사지 삼층석탑,경북,경주시,경주시,12,37,0001260000000,N,1123701260000,129.350206829991,35.8813417344977,유적건조물,종교신앙,불교,탑,<![CDATA[경북 경주시 암곡동 산1-7번지]]>,통일신라시대,B2,석조물,Y,2.0
보물,경주 삼랑사지 당간지주,경북,경주시,경주시,12,37,0001270000000,N,1123701270000,129.201942957476,35.8457147013099,유적건조물,종교신앙,불교,당간,<![CDATA[경북 경주시 성건동 129-1번지]]>,통일신라시대,B2,석조물,Y,2.0
보물,경주 남산 미륵곡 석조여래좌상,경북,경주시,경주시,12,37,0001360000000,N,1123701360000,129.235633710182,35.8115224865444,유물,불교조각,석조,불상,<![CDATA[경북 경주시 배반동 산66-2번지]]>,통일신라시대,B2,야외 석불·마애불·암각화,Y,2.0
보물,경주 천군동 동·서 삼층석탑,경북,경주시,경주시,12,37,0001680000000,N,1123701680000,129.281191258188,35.8315718459164,유적건조물,종교신앙,불교,탑,"<![CDATA[경북 경주시 천군동 550-2번지 ,550-3]]>",통일신라시대,B2,석조물,Y,2.0
보물,경주 남산 용장사곡 삼층석탑,경북,경주시,경주시,12,37,0001860000000,N,1123701860000,129.223073,35.780935,유적건조물,종교신앙,불교,탑,<![CDATA[경북 경주시 내남면 용장리 산1-1번지]]>,통일신라시대,B2,석조물,Y,2.0
보물,경주 남산 용장사곡 석조여래좌상,경북,경주시,경주시,12,37,0001870000000,N,1123701870000,129.2212727,35.77856604,유물,불교조각,석조,불상,<![CDATA[경북 경주시 내남면 용장리 산1-1번지]]>,통일신라시대,B2,야외 석불·마애불·암각화,Y,2.0
보물,경주 남산 불곡 마애여래좌상,경북,경주시,경주시,12,37,0001980000000,N,1123701980000,129.23047370725,35.8190106406646,유물,불교조각,석조,불상,<![CDATA[경북 경주시 인왕동 산56번지]]>,삼국시대,B2,야외 석불·마애불·암각화,Y,2.0
보물,경주 남산 신선암 마애보살반가상,경북,경주시,경주시,12,37,0001990000000,N,1123701990000,129.234960901358,35.7715094135097,유물,불교조각,석조,보살상,<![CDATA[경북 경주시 남산동 산36-4번지]]>,통일신라시대,B2,야외 석불·마애불·암각화,Y,2.0
보물,경주 남산 탑곡 마애불상군,경북,경주시,경주시,12,37,0002010000000,N,1123702010000,129.232812251834,35.8146590446083,유물,불교조각,석조,불상,"<![CDATA[경북 경주시 배반동 산72, 산79]]>",통일신라시대,B2,야외 석불·마애불·암각화,Y,2.0
보물,포항 보경사 원진국사비,경북,포항시,보경사,12,37,0002520000000,N,1123702520000,129.318099,36.252532,기록유산,서각류,금석각류,비,"<![CDATA[경북 포항시 북구 송라면 보경로 523, 보경사 (중산리)]]>",고려시대,EXCLUDE,서책·문서 — 실내 소장품,Y,2.0
보물,감지금니 묘법연화경 권3~4,경북,경주시,국립경주박물관,12,37,0003140000000,N,1123703140000,129.227912382125,35.8293874259588,기록유산,전적류,필사본,사경,"<![CDATA[경북 경주시 일정로 186, 국립경주박물관 (인왕동,국립경주박물관)]]>",고려 말기,EXCLUDE,서책·문서 — 실내 소장품,Y,2.0
보물,"백지묵서 묘법연화경 권1, 3",경북,경주시,국립경주박물관,12,37,0003150000000,N,1123703150000,129.227912382125,35.8293874259588,기록유산,전적류,필사본,사경,"<![CDATA[경북 경주시 일정로 186, 국립경주박물관 (인왕동,국립경주박물관)]]>",고려 창왕 1년(1389),EXCLUDE,서책·문서 — 실내 소장품,Y,2.0
보물,감은사지 서 삼층석탑 사리장엄구,경북,경주시,국립경주박물관,12,37,0003660000000,N,1121103660000,129.227912382125,35.8293874259588,유물,불교공예,사리장치,사리장치,"<![CDATA[경상북도 경주시 일정로 186 (인왕동, 국립경주박물관)]]>",통일신라시대(7세기 후반),EXCLUDE,회화·공예·실내 조각 — 소장처 실내,Y,2.0
보물,경주 양동 무첨당,경북,경주시,이＊＊＊,12,37,0004110000000,N,1123704110000,129.252714343803,36.0019540487402,유적건조물,주거생활,주거건축,가옥,<![CDATA[경북 경주시 강동면 양동마을안길 32-19 (양동리)]]>,조선시대 중기,B1,가옥·누정·서원·향교,Y,2.0
보물,경주 양동 향단,경북,경주시,여강이씨향단파회(대표자 이문환),12,37,0004120000000,N,1123704120000,129.252884111713,36.0000741830292,유적건조물,주거생활,주거건축,가옥,<![CDATA[경상북도 경주시 양동마을길  121-83(강동면) ]]>,조선시대 중기,B1,가옥·누정·서원·향교,Y,2.0
보물,경주 독락당,경북,경주시,이＊＊＊,12,37,0004130000000,N,1123704130000,129.160115532116,36.0166712648004,유적건조물,주거생활,주거건축,가옥,<![CDATA[경북 경주시 안강읍 옥산서원길 300-3 (옥산리)]]>,조선시대 중기,B1,가옥·누정·서원·향교,Y,2.0
보물,경주 기림사 건칠보살반가상,경북,경주시,기림사,12,37,0004150000000,N,1123704150000,129.3971458,35.8391182,유물,불교조각,건칠조,보살상,"<![CDATA[경상북도 경주시 기림로  437-17(문무대왕면, 기림사) ]]>",조선 연산군 7년(1501),EXCLUDE,회화·공예·실내 조각 — 소장처 실내,Y,2.0
보물,포항 보경사 승탑,경북,포항시,보경사,12,37,0004300000000,N,1123704300000,129.318992046986,36.254304710929,유적건조물,종교신앙,불교,탑,"<![CDATA[경북 포항시 북구 송라면 보경로 533, 보경사 (중산리)]]>",고려시대,B2,석조물,Y,2.0
보물,경주 양동 관가정,경북,경주시,손＊＊＊,12,37,0004420000000,N,1123704420000,129.252010267559,35.9994687051447,유적건조물,주거생활,조경건축,누정,<![CDATA[경북 경주시 강동면 양동마을길 121-47 (양동리)]]>,조선시대 중기,B1,가옥·누정·서원·향교,Y,2.0
보물,울진 구산리 삼층석탑,경북,울진군,울진군,12,37,0004980000000,N,1123704980000,129.34710508384,36.9294651999082,유적건조물,종교신앙,불교,탑,<![CDATA[경북 울진군 근남면 구산리 1494-1번지]]>,,B2,석조물,Y,2.0
보물,여주이씨 옥산문중 전적 - 사마방목,경북,경주시,이＊＊＊,12,37,0005240000000,N,1123705240100,0,0,기록유산,전적류,활자본,금속활자본,<![CDATA[경상북도  경주시]]>,조선 중종 8년(1513),EXCLUDE,서책·문서 — 실내 소장품,N,2.0
보물,여주이씨 옥산문중 전적,경북,경주시,이＊＊＊,12,37,0005240000200,N,1123705240200,129.2271211,35.990195,기록유산,전적류,전적류,전적류,<![CDATA[경상북도  경주시]]>,16~17세기,EXCLUDE,서책·문서 — 실내 소장품,Y,2.0
보물,여주이씨 옥산문중 유묵 - 해동명적,경북,경주시,이＊＊＊,12,37,0005260000000,N,1123705260100,0,0,기록유산,서간류,탁본류,탁본,<![CDATA[경상북도  경주시]]>,조선시대,EXCLUDE,서책·문서 — 실내 소장품,N,2.0
보물,"여주이씨 옥산문중 유묵 - 원조오잠, 사산오대",경북,경주시,이＊＊＊,12,37,0005260000200,N,1123705260200,129.1599347,36.0165918,기록유산,서간류,서예,서예,<![CDATA[경상북도  경주시]]>,,EXCLUDE,서책·문서 — 실내 소장품,Y,2.0
보물,경주 골굴암 마애여래좌상,경북,경주시,경주시,12,37,0005810000000,N,1123705810000,129.405379183244,35.8033631678997,유물,불교조각,석조,불상,<![CDATA[경북 경주시 양북면 안동리 산304번지]]>,통일신라시대 후기,B2,야외 석불·마애불·암각화,Y,2.0
보물,이언적 수고본 일괄 - 속대학혹문,경북,경주시,옥＊＊＊,12,37,0005860000100,N,1123705860100,129.1633111,36.0117115,기록유산,전적류,필사본,사본류,<![CDATA[경상북도  경주시]]>,조선 명종 2∼8년(1547∼1553),EXCLUDE,서책·문서 — 실내 소장품,Y,2.0
보물,이언적 수고본 일괄,경북,경주시,이＊＊＊,12,37,0005860000200,N,1123705860200,0,0,기록유산,전적류,필사본,사본류,<![CDATA[경상북도  경주시]]>,조선 명종 2∼8년(1547∼1553),EXCLUDE,서책·문서 — 실내 소장품,N,2.0
보물,천마총 금제 관식(1978-1),경북,경주시,국립경주박물관,12,37,0006170000000,N,1123706170000,129.227912382125,35.8293874259588,유물,생활공예,금속공예,장신구,"<![CDATA[경북 경주시 일정로 186, 국립경주박물관 (인왕동,국립경주박물관)]]>",신라시대(5∼6세기),EXCLUDE,회화·공예·실내 조각 — 소장처 실내,Y,2.0
보물,천마총 금제 관식(1978-2),경북,경주시,국립경주박물관,12,37,0006180000000,N,1123706180000,129.227912382125,35.8293874259588,유물,생활공예,금속공예,장신구,"<![CDATA[경북 경주시 일정로 186, 국립경주박물관 (인왕동,국립경주박물관)]]>",신라시대(5∼6세기),EXCLUDE,회화·공예·실내 조각 — 소장처 실내,Y,2.0
보물,천마총 목걸이,경북,경주시,국립경주박물관,12,37,0006190000000,N,1123706190000,129.227912382125,35.8293874259588,유물,생활공예,금속공예,장신구,"<![CDATA[경북 경주시 일정로 186, 국립경주박물관 (인왕동,국립경주박물관)]]>",신라시대(5∼6세기),EXCLUDE,회화·공예·실내 조각 — 소장처 실내,Y,2.0
보물,천마총 유리잔,경북,경주시,국립경주박물관,12,37,0006200000000,N,1123706200000,129.227912382125,35.8293874259588,유물,생활공예,옥석공예,석공예,"<![CDATA[경북 경주시 일정로 186, 국립경주박물관 (인왕동,국립경주박물관)]]>",신라시대(5∼6세기),EXCLUDE,회화·공예·실내 조각 — 소장처 실내,Y,2.0
보물,천마총 환두대도,경북,경주시,국립경주박물관,12,37,0006210000000,N,1123706210000,129.227912382125,35.8293874259588,유물,생활공예,금속공예,장신구,"<![CDATA[경상북도 경주시 일정로  186(인왕동, 국립경주박물관) ]]>",신라시대(5∼6세기),EXCLUDE,회화·공예·실내 조각 — 소장처 실내,Y,2.0
보물,천마총 자루솥,경북,경주시,국립경주박물관,12,37,0006220000000,N,1123706220000,129.227912382125,35.8293874259588,유물,생활공예,금속공예,청동용구,"<![CDATA[경북 경주시 일정로 186, 국립경주박물관 (인왕동,국립경주박물관)]]>",신라시대(5∼6세기),EXCLUDE,회화·공예·실내 조각 — 소장처 실내,Y,2.0
보물,황남대총 북분 금팔찌 및 금반지,경북,경주시,국립경주박물관,12,37,0006230000000,N,1123706230000,126.980350241652,37.5240413763397,유물,생활공예,금속공예,장신구,"<![CDATA[경북 경주시 일정로 186, 국립경주박물관, 서울 용산구 서빙고로 137 국립중앙박물관 (인왕동,국립경주박물관)]]>",신라시대(5∼6세기),EXCLUDE,회화·공예·실내 조각 — 소장처 실내,Y,2.0
보물,황남대총 북분 은제 관식,경북,경주시,국립경주박물관,12,37,0006250000000,N,1123706250000,129.227912382125,35.8293874259588,유물,생활공예,금속공예,장신구,"<![CDATA[경북 경주시 일정로 186, 국립경주박물관 (인왕동,국립경주박물관)]]>",신라시대(5∼6세기),EXCLUDE,회화·공예·실내 조각 — 소장처 실내,Y,2.0
보물,황남대총 북분 금제 고배,경북,경주시,국립경주박물관,12,37,0006260000000,N,1123706260000,129.227912382125,35.8293874259588,유물,생활공예,금속공예,생활용구,"<![CDATA[경북 경주시 일정로 186, 국립경주박물관 (인왕동,국립경주박물관)]]>",신라시대(5∼6세기),EXCLUDE,회화·공예·실내 조각 — 소장처 실내,Y,2.0
보물,황남대총 북분 금은제 그릇 일괄,경북,경주시,국립경주박물관,12,37,0006280000000,N,1123706280000,126.980350241652,37.5240413763397,유물,생활공예,금속공예,생활용구,"<![CDATA[경북 경주시 일정로 186, 서울 용산구 서빙고로 137 국립중앙박물관 (인왕동,국립경주박물관)]]>",신라시대(5∼6세기),EXCLUDE,회화·공예·실내 조각 — 소장처 실내,Y,2.0
보물,황남대총 남분 은제 팔뚝가리개,경북,경주시,국립경주박물관,12,37,0006320000000,N,1123706320000,129.227912382125,35.8293874259588,유물,생활공예,금속공예,장신구,"<![CDATA[경북 경주시 일정로 186, 국립경주박물관 (인왕동,국립경주박물관)]]>",신라시대(6∼7세기),EXCLUDE,회화·공예·실내 조각 — 소장처 실내,Y,2.0
보물,경주 황남동 금제 드리개,경북,경주시,국립경주박물관,12,37,0006330000000,N,1123706330000,129.227912382125,35.8293874259588,유물,생활공예,금속공예,장신구,"<![CDATA[경북 경주시 일정로 186, 국립경주박물관 (인왕동,국립경주박물관)]]>",신라시대(5∼6세기),EXCLUDE,회화·공예·실내 조각 — 소장처 실내,Y,2.0
보물,경주 황남동 상감 유리구슬,경북,경주시,국립경주박물관,12,37,0006340000000,N,1123706340000,129.227912382125,35.8293874259588,유물,생활공예,금속공예,장신구,"<![CDATA[경북 경주시 일정로 186, 국립경주박물관 (인왕동,국립경주박물관)]]>",신라시대(5∼6세기),EXCLUDE,회화·공예·실내 조각 — 소장처 실내,Y,2.0
보물,경주 계림로 보검,경북,경주시,국립경주박물관,12,37,0006350000000,N,1123706350000,129.227912382125,35.8293874259588,유물,생활공예,금속공예,장신구,"<![CDATA[경상북도 경주시 일정로 186 (인왕동, 국립경주박물관)]]>",신라시대(5∼6세기),EXCLUDE,회화·공예·실내 조각 — 소장처 실내,Y,2.0
보물,도기 서수형 명기,경북,경주시,국립경주박물관,12,37,0006360000000,N,1123706360000,129.227912382125,35.8293874259588,유물,생활공예,토도자공예,토기,"<![CDATA[경상북도 경주시 일정로 186 (인왕동, 국립경주박물관)]]>",신라시대(5∼6세기),EXCLUDE,회화·공예·실내 조각 — 소장처 실내,Y,2.0
보물,경주 낭산 마애보살삼존좌상,경북,경주시,경주시,12,37,0006650000000,N,1123706650000,129.239561682412,35.8284387467592,유물,불교조각,석조,불상,<![CDATA[경북 경주시 배반동 산18-3번지]]>,통일신라시대,B2,야외 석불·마애불·암각화,Y,2.0
보물,경주 남산 삼릉계 석조여래좌상,경북,경주시,경주시,12,37,0006660000000,N,1123706660000,129.218216183403,35.7953372205579,유물,불교조각,석조,불상,<![CDATA[경상북도 경주시 배동 산 72-6]]>,통일신라시대,B2,야외 석불·마애불·암각화,Y,2.0
보물,영덕 유금사 삼층석탑,경북,영덕군,유금사,12,37,0006740000000,N,1123706740000,129.365674732919,36.6458020811009,유적건조물,종교신앙,불교,탑,<![CDATA[경북 영덕군 병곡면 유금길 213-26 (금곡리)]]>,통일신라시대,B2,석조물,Y,2.0
보물,울진 불영사 응진전,경북,울진군,불영사,12,37,0007300000000,N,1123707300000,129.273021100354,36.9411349436265,유적건조물,종교신앙,불교,불전,"<![CDATA[경상북도 울진군 불영사길 48 (금강송면, 불영사)]]>",조선시대,B1,사찰·불전·교회 등 경내 건축,Y,2.0
보물,경주 기림사 대적광전,경북,경주시,기림사,12,37,0008330000000,N,1123708330000,129.403487443075,35.838127733896,유적건조물,종교신앙,불교,불전,<![CDATA[경상북도 경주시 기림로  437-17(문무대왕면) ]]>,조선 인조 7년(1629년),B1,사찰·불전·교회 등 경내 건축,Y,2.0
보물,삼안총,경북,경주시,국립경주박물관,12,37,0008840000000,N,1123708840000,129.227912382125,35.8293874259588,유물,과학기술,무기병기류,병장기류,"<![CDATA[경북 경주시 일정로 186, 국립경주박물관 (인왕동,국립경주박물관)]]>",조선시대,EXCLUDE,회화·공예·실내 조각 — 소장처 실내,Y,2.0
보물,경주 남사리 삼층석탑,경북,경주시,경주시,12,37,0009070000000,N,1123709070000,129.133267613727,35.8992637275624,유적건조물,종교신앙,불교,탑,<![CDATA[경북 경주시 현곡면 남사리 234-2번지]]>,통일신라시대 9세기,B2,석조물,Y,2.0
보물,경주 용명리 삼층석탑,경북,경주시,경주시,12,37,0009080000000,N,1123709080000,129.12176454421,35.8694877907166,유적건조물,종교신앙,불교,탑,<![CDATA[경북 경주시 건천읍 용명리 856-7번지]]>,통일신라시대 8세기,B2,석조물,Y,2.0
보물,경주 남간사지 당간지주,경북,경주시,경주시,12,37,0009090000000,N,1123709090000,129.217055218399,35.8137131835561,유적건조물,종교신앙,불교,당간,<![CDATA[경북 경주시 탑동 858-6번지]]>,통일신라시대,B2,석조물,Y,2.0
보물,경주 보문사지 연화문 당간지주,경북,경주시,경주시,12,37,0009100000000,N,1123709100000,129.25334834083,35.8288780908243,유적건조물,종교신앙,불교,당간,<![CDATA[경북 경주시 보문동 752-2번지]]>,통일신라시대,B2,석조물,Y,2.0
보물,경주 석굴암 삼층석탑,경북,경주시,불국사,12,37,0009110000000,N,1123709110000,129.350936449045,35.795394936334,유적건조물,종교신앙,불교,탑,<![CDATA[경북 경주시 불국로 873-243 (진현동)]]>,통일신라시대 8세기,B2,석조물,Y,2.0
보물,경주 마동 삼층석탑,경북,경주시,경주시,12,37,0009120000000,N,1123709120000,129.322059481032,35.7903098836586,유적건조물,종교신앙,불교,탑,"<![CDATA[경북 경주시 마동 101-2, 101-3]]>",통일신라시대 8세기,B2,석조물,Y,2.0
보물,경주 남산 용장사지 마애여래좌상,경북,경주시,경주시,12,37,0009130000000,N,1123709130000,129.222892015881,35.7808587396864,유물,불교조각,석조,불상,<![CDATA[경북 경주시 내남면 용장리 산1-1번지]]>,통일신라시대 8세기,B2,야외 석불·마애불·암각화,Y,2.0
보물,경주 기림사 소조비로자나삼불좌상,경북,경주시,기림사,12,37,0009580000000,N,1123709580000,0,0,유물,불교조각,소조,불상,"<![CDATA[경상북도 경주시 기림로  437-17(문무대왕면, 기림사) ]]>",조선시대,EXCLUDE,회화·공예·실내 조각 — 소장처 실내,N,2.0
보물,경주 기림사 소조비로자나불 복장전적,경북,경주시,기림사,12,37,0009590000000,N,1123709590000,0,0,기록유산,전적류,필사본,사본류,"<![CDATA[경상북도 경주시 기림로  437-17(문무대왕면, 기림사) ]]>",,EXCLUDE,서책·문서 — 실내 소장품,N,2.0
보물,영덕 장륙사 건칠관음보살좌상,경북,영덕군,장륙사,12,37,0009930000000,N,1123709930000,129.3011088,36.5986763,유물,불교조각,건칠조,보살상,"<![CDATA[경북 영덕군 창수면 장육사1길 172, 장육사 (갈천리)]]>",조선 태조 4년(1395),EXCLUDE,회화·공예·실내 조각 — 소장처 실내,Y,2.0
보물,청동 옻칠 발걸이,경북,경주시,국립경주박물관,12,37,0011510000000,N,1123711510000,129.227912382125,35.8293874259588,유물,생활공예,금속공예,청동용구,"<![CDATA[경북 경주시 일정로 186, 국립경주박물관 (인왕동,국립경주박물관)]]>",통일신라시대,EXCLUDE,회화·공예·실내 조각 — 소장처 실내,Y,2.0
보물,경주 죽동리 청동기 일괄,경북,경주시,국립경주박물관,12,37,0011520000000,N,1123711520000,129.227912382125,35.8293874259588,유물,생활공예,금속공예,청동용구,"<![CDATA[경북 경주시 일정로 186, 국립경주박물관 (인왕동,국립경주박물관)]]>",초기철기(원삼국시대),EXCLUDE,회화·공예·실내 조각 — 소장처 실내,Y,2.0
보물,경주 남산 천룡사지 삼층석탑,경북,경주시,경주시,12,37,0011880000000,N,1123711880000,129.221404823633,35.7647998570026,유적건조물,종교신앙,불교,탑,<![CDATA[경북 경주시 내남면 용장리 875-2번지]]>,통일신라시대,B2,석조물,Y,2.0
보물,울진 불영사 대웅보전,경북,울진군,불영사,12,37,0012010000000,N,1123712010000,129.273843544247,36.9411227229164,유적건조물,종교신앙,불교,불전,"<![CDATA[경상북도 울진군 불영사길 48 (금강송면, 불영사)]]>",조선시대,B1,사찰·불전·교회 등 경내 건축,Y,2.0
보물,불영사 영산회상도,경북,울진군,불영사,12,37,0012720000000,N,1123712720000,129.2736077,36.9409496,유물,불교회화,탱화,불도,"<![CDATA[경상북도 울진군 불영사길 48 (금강송면, 불영사)]]>","조선 영조9년(1733,雍正11)",EXCLUDE,회화·공예·실내 조각 — 소장처 실내,Y,2.0
보물,포항 오어사 동종,경북,포항시,오어사,12,37,0012800000000,N,1123712800000,129.3688714,35.9263094,유물,불교공예,의식법구,의식법구,"<![CDATA[경북 포항시 남구 오천읍 오어로 1, 오어사 (항사리)]]>",고려 고종3년(1216),EXCLUDE,회화·공예·실내 조각 — 소장처 실내,Y,2.0
보물,임신서기석,경북,경주시,국립경주박물관,12,37,0014110000000,N,1123714110000,129.227912382125,35.8293874259588,기록유산,서각류,금석각류,명문류,"<![CDATA[경북 경주시 일정로 186, 국립경주박물관 (인왕동,국립경주박물관)]]>",신라시대(552 또는 612년),EXCLUDE,서책·문서 — 실내 소장품,Y,2.0
보물,경주 원성왕릉 석상 및 석주일괄,경북,경주시,경주시,12,37,0014270000000,N,1123714270000,129.320294969665,35.7587896250924,유물,기타종교조각,유교조각,유교조각,"<![CDATA[경북 경주시 외동읍 괘릉리 산17, 611-4]]>",통일신라시대(9세기 전후),EXCLUDE,회화·공예·실내 조각 — 소장처 실내,Y,2.0
보물,경주 원원사지 동·서 삼층석탑,경북,경주시,경주시,12,37,0014290000000,N,1123714290000,129.349795646177,35.6978297767357,유적건조물,종교신앙,불교,탑,<![CDATA[경북 경주시 외동읍 모화리 산12-3번지]]>,통일신라시대(8세기 중기),B2,석조물,Y,2.0
보물,여주이씨 옥산문중 고문서,경북,경주시,이＊＊＊,12,37,0014730000000,N,1123714730000,0,0,기록유산,문서류,문서류,문서류,<![CDATA[경상북도  경주시]]>,1509~1614년,EXCLUDE,서책·문서 — 실내 소장품,N,2.0
보물,경주이씨 양월문중 고문서 및 향안,경북,경주시,국립경주박물관,12,37,0014740000100,N,1123714740100,129.227912382125,35.8293874259588,기록유산,문서류,문서류,문서류,"<![CDATA[경북 경주시 일정로 186, 국립경주박물관 (인왕동,국립경주박물관)]]>",15~17세기,EXCLUDE,서책·문서 — 실내 소장품,Y,2.0
보물,안압지 출토 금동판 불상 일괄,경북,경주시,국립경주박물관,12,37,0014750000000,N,1123714750000,129.227912382125,35.8293874259588,유물,불교조각,금속조,불상,"<![CDATA[경북 경주시 일정로 186, 국립경주박물관 (인왕동,국립경주박물관)]]>",7세기 말,EXCLUDE,회화·공예·실내 조각 — 소장처 실내,Y,2.0
보물,경주 불국사 석조,경북,경주시,불국사,12,37,0015230000000,N,1123715230000,129.332455776048,35.7895399154854,유적건조물,종교신앙,불교,기타,<![CDATA[경북 경주시 진현동 13-5번지]]>,통일신라시대,B1,사찰·불전·교회 등 경내 건축,Y,2.0
보물,포항 보경사 괘불탱,경북,포항시,보경사,12,37,0016090000000,N,1123716090000,129.3569438,36.2288542,유물,불교회화,괘불화,,"<![CDATA[경상북도 포항시 북구 보경로 523 (송라면, 보경사)]]>",,EXCLUDE,회화·공예·실내 조각 — 소장처 실내,Y,2.0
보물,경주 기림사 비로자나삼불회도,경북,경주시,기림사,12,37,0016110000000,N,1123716110000,129.3971458,35.8391182,유물,불교회화,,,"<![CDATA[경상북도 경주시 기림로  437-17(문무대왕면, 기림사) ]]>",조선 숙종 44년(1718년),EXCLUDE,회화·공예·실내 조각 — 소장처 실내,Y,2.0
보물,경주 왕룡사원 목조아미타여래좌상,경북,경주시,윤＊＊＊,12,37,0016150000000,N,1123716150000,0,0,유물,불교조각,목조,불상,"<![CDATA[경북 경주시 강동면 국당길 283, 왕룡사원 (국당리)]]>",,EXCLUDE,회화·공예·실내 조각 — 소장처 실내,N,2.0
보물,경주향교 대성전,경북,경주시,경북향교재단,12,37,0017270000000,N,1123717270000,129.216838286799,35.8315914831381,유적건조물,교육문화,교육기관,향교,"<![CDATA[경상북도 경주시 교촌안길  27-20(교동, 경주향교) ]]>",조선시대,B1,가옥·누정·서원·향교,Y,2.0
보물,경주 불국사 대웅전,경북,경주시,불국사,12,37,0017440000000,N,1123717440000,129.332064298536,35.7901542005641,유적건조물,종교신앙,불교,불전,"<![CDATA[경상북도 경주시 불국로  385(진현동, 불국사) ]]>",조선시대,B1,사찰·불전·교회 등 경내 건축,Y,2.0
보물,경주 불국사 가구식 석축,경북,경주시,불국사,12,37,0017450000000,N,1123717450000,129.331767,35.789798,유적건조물,종교신앙,불교,기타,"<![CDATA[경상북도 경주시 불국로  385(진현동, 불국사) ]]>",통일신라시대,B1,사찰·불전·교회 등 경내 건축,Y,2.0
보물,경주 불국사 영산회상도 및 사천왕 벽화,경북,경주시,불국사,12,37,0017970000000,N,1123717970000,0,0,유물,불교회화,,,"<![CDATA[경상북도 경주시 불국로  385(진현동, 불국사) ]]>",1769년(조선 영조 45년),EXCLUDE,회화·공예·실내 조각 — 소장처 실내,N,2.0
보물,경주 월지 금동초심지가위,경북,경주시,국립경주박물관,12,37,0018440000000,N,1123718440000,0,0,유물,생활공예,금속공예,생활용구,"<![CDATA[경상북도 경주시 일정로 186 (인왕동, 국립경주박물관)]]>",통일신라 8세기,EXCLUDE,회화·공예·실내 조각 — 소장처 실내,N,2.0
보물,경주 남산 창림사지 삼층석탑,경북,경주시,경주시,12,37,0018670000000,N,1123718670000,129.216059,35.810290,유적건조물,종교신앙,불교,탑,<![CDATA[경상북도 경주시 배동 산 6-1]]>,통일신라시대,B2,석조물,Y,2.0
보물,포항 보경사 적광전,경북,포항시,보경사,12,37,0018680000000,N,1123718680000,129.317807418524,36.2522403474434,유적건조물,종교신앙,불교,사찰,<![CDATA[경상북도 포항시 북구 보경로 523 (송라면)]]>,조선시대,B1,사찰·불전·교회 등 경내 건축,Y,2.0
보물,경주 황룡사 구층목탑 금동찰주본기,경북,경주시,국립경주박물관,12,37,0018700000000,N,1123718700000,0,0,유물,불교공예,기타,기타,"<![CDATA[경상북도 경주시 일정로 186 (인왕동, 국립경주박물관)]]>",,EXCLUDE,회화·공예·실내 조각 — 소장처 실내,N,2.0
보물,경주 미탄사지 삼층석탑,경북,경주시,경주시,12,37,0019280000000,N,1123719280000,129.23433800149,35.8335929863765,유적건조물,종교신앙,불교,탑,"<![CDATA[경상북도 경주시 구황동 433-4 외 2필지(436-3,441)]]>",신라시대,B2,석조물,Y,2.0
보물,경주 불국사 삼장보살도,경북,경주시,불국사,12,37,0019330000000,N,1123719330000,0,0,유물,불교회화,탱화,보살도,"<![CDATA[경상북도 경주시 불국로 385 (진현동, 불국사)]]>",1739년(조선 영조 15년),EXCLUDE,회화·공예·실내 조각 — 소장처 실내,N,2.0
보물,경주 남산 용장계 지곡 제3사지 삼층석탑,경북,경주시,경주시,12,37,0019350000000,N,1123719350000,129.232802451491,35.770590299373,유적건조물,종교신앙,불교,탑,<![CDATA[경상북도 경주시 남산동 산 36-4]]>,통일신라시대,B2,석조물,Y,2.0
보물,포항 보경사 비로자나불도,경북,포항시,대한불교조계종 보경사,12,37,0019960000000,N,1123719960000,0,0,유물,불교회화,탱화,,"<![CDATA[경상북도 포항시 북구 보경로 523 (송라면, 보경사) ]]>",1742년(영조 18),EXCLUDE,회화·공예·실내 조각 — 소장처 실내,N,2.0
보물,경주 얼굴무늬 수막새,경북,경주시,국립경주박물관,12,37,0020100000000,N,1123720100000,0,0,유물,생활공예,토도자공예,,"<![CDATA[경상북도 경주시 일정로 186 (인왕동, 국립경주박물관)]]>",,EXCLUDE,회화·공예·실내 조각 — 소장처 실내,N,2.0
보물,도기 연유인화문 항아리 일괄,경북,경주시,국립경주박물관,12,37,0020280000000,N,1123720280000,0,0,유물,생활공예,토도자공예,도기,"<![CDATA[경상북도 경주시 일정로 186 (인왕동, 국립경주박물관)]]>",통일신라 8세기 추정,EXCLUDE,회화·공예·실내 조각 — 소장처 실내,N,2.0
보물,경주부사선생안,경북,경주시,국립경주박물관,12,37,0020380000000,N,1123720380000,0,0,기록유산,전적류,필사본,,"<![CDATA[경상북도 경주시 일정로 186 (인왕동, 국립경주박물관)]]>","구안: 1523년(중종 18), 신안: 1741년(영조 17)",EXCLUDE,서책·문서 — 실내 소장품,N,2.0
보물,경상도영주제명기,경북,경주시,국립경주박물관,12,37,0020390000000,N,1123720390000,0,0,기록유산,전적류,필사본,,"<![CDATA[경상북도 경주시 일정로 186 (인왕동, 국립경주박물관) 등]]>","당하제명기: 1426년(세종 8), 도선생안: 1622년(광해군 14)",EXCLUDE,서책·문서 — 실내 소장품,N,2.0
보물,경주 귀래정,경북,경주시,여＊＊＊,12,37,0020520000000,N,1123720520000,129.246141,36.048946,유적건조물,주거생활,조경건축,누정,<![CDATA[경상북도 경주시 천서길 7 (강동면)]]>,조선시대,B1,가옥·누정·서원·향교,Y,2.0
보물,경주 남산 장창곡 석조미륵여래삼존상,경북,경주시,국립경주박물관,12,37,0020710000000,N,1123720710000,0,0,유물,불교조각,석조,불상,"<![CDATA[경상북도 경주시 일정로 186 (인왕동, 국립경주박물관) ]]>",신라 7세기,B2,야외 석불·마애불·암각화,N,2.0
보물,경주향교 명륜당,경북,경주시,경주향교,12,37,0020970000000,N,1123720970000,129.216862,35.831560,유적건조물,교육문화,교육기관,향교,"<![CDATA[경상북도 경주시 교촌안길 27-20 (교동, 경주향교)]]>",조선시대(1614년 중건),B1,가옥·누정·서원·향교,Y,2.0
보물,경주향교 동무‧서무‧신삼문,경북,경주시,경주향교,12,37,0020980000000,N,1123720980000,129.217044,35.831086,유적건조물,교육문화,교육기관,향교,"<![CDATA[경상북도 경주시 교촌안길 27-20 (교동, 경주향교)]]>",조선시대(동무‧서무 1604년 중건/신삼문 1602년 중건),B1,가옥·누정·서원·향교,Y,2.0
보물,울진 불영사 불연,경북,울진군,불영사성보박물관,12,37,0021270000000,N,1123721270000,0,0,유물,불교공예,의식법구,의식법구,"<![CDATA[경상북도 울진군 불영사길 48 (금강송면, 불영사) ]]>",1670년(현종 11년),EXCLUDE,회화·공예·실내 조각 — 소장처 실내,N,2.0
보물,경주 분황사 당간지주,경북,경주시,경주시,12,37,0021430000000,N,1123721430000,0,0,유적건조물,종교신앙,불교,당간,<![CDATA[경상북도 경주시 구황동 315-2 ]]>,통일신라시대,B2,석조물,N,2.0
보물,경주 분황사 금동약사여래입상,경북,경주시,대한불교조계종 분황사,12,37,0021620000000,N,1123721620000,0,0,유물,불교조각,금속조,,"<![CDATA[경상북도 경주시 분황로 94-11 (구황동, 분황사)]]>","1609년(광해군 1) 조성, 1775년(영조 51) 개금보수",EXCLUDE,회화·공예·실내 조각 — 소장처 실내,N,2.0
보물,경주 옥산서원 무변루,경북,경주시,옥산서원,12,37,0021720000000,N,1123721720000,0,0,유적건조물,교육문화,교육기관,서원,<![CDATA[경상북도 경주시 옥산서원길 216-27 (안강읍)]]>,조선시대(16세기),B1,가옥·누정·서원·향교,N,2.0
보물,포항 상달암,경북,포항시,경주손씨대종회,12,37,0021920000000,N,1123721920000,0,0,유적건조물,종교신앙,제사유적,제사터,<![CDATA[경상북도 포항시 남구 새마을로766번길 21 (연일읍)]]>,조선시대,B1,사찰·불전·교회 등 경내 건축,N,2.0
보물,경주 (전)염불사지 동·서 삼층석탑,경북,경주시,경주시,12,37,0021940000000,N,1123721940000,0,0,유적건조물,종교신앙,불교,탑,<![CDATA[경상북도 경주시 남산동 1129-3]]>,통일신라시대,B2,석조물,N,2.0
보물,포항 보경사 천왕문,경북,포항시,보경사,12,37,0022570000000,N,1123722570000,0,0,유적건조물,종교신앙,불교,문,"<![CDATA[경상북도 포항시 북구 보경로 523 (송라면, 보경사) ]]>",조선시대,B1,사찰·불전·교회 등 경내 건축,N,2.0
보물,영덕 장륙사 영산회상도,경북,영덕군,대한불교조계종 장륙사,12,37,0022630000000,N,1123722630000,0,0,유물,불교회화,탱화,기타,"<![CDATA[경상북도 영덕군 장육사1길 172 (창수면, 장륙사)]]>",1764년(조선 영조 40),EXCLUDE,회화·공예·실내 조각 — 소장처 실내,N,2.0
보물,영덕 장륙사 지장시왕도,경북,영덕군,대한불교조계종 장륙사,12,37,0022640000000,N,1123722640000,0,0,유물,불교회화,탱화,기타,<![CDATA[경상북도 영덕군 장육사1길 172 (창수면) 대한불교조계종 장륙사]]>,1764년(조선 영조 40),EXCLUDE,회화·공예·실내 조각 — 소장처 실내,N,2.0
보물,포항 용계정,경북,포항시,여＊＊＊,12,37,0022720000000,N,1123722720000,0,0,유적건조물,주거생활,조경건축,누정,<![CDATA[경상북도 포항시 북구 기북면 오덕리 180 ]]>,조선시대(1696년),B1,가옥·누정·서원·향교,N,2.0
보물,포항 분옥정,경북,포항시,경＊＊＊,12,37,0022730000000,N,1123722730000,0,0,유적건조물,주거생활,조경건축,누정,<![CDATA[경상북도 포항시 북구 기계면 봉계리 735 ]]>,조선시대(1820년),B1,가옥·누정·서원·향교,N,2.0
보물,포항 보경사 오층석탑,경북,포항시,보경사,12,37,0022740000000,N,1123722740000,0,0,유적건조물,종교신앙,불교,탑,"<![CDATA[경상북도 포항시 북구 보경로 523 (송라면, 보경사) ]]>",고려시대(1023년),B2,석조물,N,2.0
보물,경주 기림사 응진전,경북,경주시,대한불교조계종 기림사,12,37,0023290000000,N,1122607070006,0,0,유적건조물,종교신앙,불교,불전,<![CDATA[경상북도 경주시 기림로  437-17(문무대왕면) ]]>,조선시대,B1,사찰·불전·교회 등 경내 건축,N,2.0
사적,경주 포석정지,경북,경주시,경주시,13,37,0000010000000,N,1333700010000,129.212833300472,35.8072408285395,유적건조물,인물사건,역사사건,역사사건,<![CDATA[경북 경주시 배동 454-3번지]]>,통일신라시대,B3,탄생지·생활유적 등 터,Y,2.0
사적,경주 황룡사지,경북,경주시,경주시,13,37,0000060000000,N,1333700060000,129.2307733,35.83572849,유적건조물,종교신앙,불교,사찰,<![CDATA[경북 경주시 구황동 320-1번지]]>,신라 진흥왕 14년(553),B1,사찰·불전·교회 등 경내 건축,Y,2.0
사적,경주 망덕사지,경북,경주시,경주시,13,37,0000070000000,N,1333700070000,129.24383198761,35.8170225886885,유적건조물,종교신앙,불교,사찰,<![CDATA[경북 경주시 배반동 956번지]]>,통일신라 신문왕4년(684),B1,사찰·불전·교회 등 경내 건축,Y,2.0
사적,경주 사천왕사지,경북,경주시,경주시,13,37,0000080000000,N,1333700080000,129.242754851173,35.8194455262962,유적건조물,종교신앙,불교,사찰,<![CDATA[경북 경주시 배반동 935-2번지]]>,통일신라 문무왕19년(679),B1,사찰·불전·교회 등 경내 건축,Y,2.0
사적,경주 흥륜사지,경북,경주시,경주시,13,37,0000150000000,N,1333700150000,129.206965660819,35.8284344285037,유적건조물,종교신앙,불교,사찰,"<![CDATA[경상북도 경주시 국당3길  5(사정동, 흥륜사) ]]>",신라,B1,사찰·불전·교회 등 경내 건축,Y,2.0
사적,경주 월성,경북,경주시,경주시,13,37,0000160000000,N,1333700160000,129.223004059861,35.8318014319246,유적건조물,정치국방,성,성곽,<![CDATA[경북 경주시 인왕동 387-1번지]]>,신라 파사왕 22년( 101),B3,성곽·성지,Y,2.0
사적,경주 남고루,경북,경주시,경주시,13,37,0000170000000,N,1333700170000,129.220170989464,35.840647859731,유적건조물,정치국방,성,성곽시설,"<![CDATA[경북 경주시 원효로207번길 28-1, ,황남동, 인왕동,성동동 (황오동)]]>",,B3,성곽·성지,Y,2.0
사적,경주 동궁과 월지,경북,경주시,경주시,13,37,0000180000000,N,1333700180000,129.226486463902,35.83471758976,유적건조물,정치국방,궁궐·관아,궁궐터,<![CDATA[경북 경주시 인왕동 517 번지 일대]]>,통일신라시대,B1,관아 건물,Y,2.0
사적,경주 계림,경북,경주시,경주시,13,37,0000190000000,N,1333700190000,129.218356521634,35.8322250736519,유적건조물,종교신앙,구비전승지,구비전승지,<![CDATA[경북 경주시 교동 1번지]]>,신라 탈해왕,B1,사찰·불전·교회 등 경내 건축,Y,2.0
사적,경주 무열왕릉,경북,경주시,경주시,13,37,0000200000000,N,1333700200000,129.187876707128,35.8251520779403,유적건조물,무덤,왕실무덤,고대,<![CDATA[경북 경주시 서악동 842번지]]>,신라(서기 661년경),B3,고분·유적지·가마·봉수,Y,2.0
사적,경주 김유신묘,경북,경주시,경주시,13,37,0000210000000,N,1333700210000,129.191472432783,35.8451408198327,유적건조물,무덤,무덤,기타,<![CDATA[경북 경주시 충효동 산7-1번지 림]]>,통일신라 문무왕13년(673),B3,고분·유적지·가마·봉수,Y,2.0
사적,경주 남산신성,경북,경주시,경주시,13,37,0000220000000,N,1333700220000,129.228795883341,35.7937052372563,유적건조물,정치국방,성,성곽,<![CDATA[경북 경주시 인왕동 산56번지 외 10필]]>,신라 진평왕 13년(591),B3,성곽·성지,Y,2.0
사적,경주 경덕왕릉,경북,경주시,경주시,13,37,0000230000000,N,1333700230000,129.187374849255,35.7628086871034,유적건조물,무덤,왕실무덤,고대,<![CDATA[경북 경주시 내남면 부지리 산8번지 덕천리 산7]]>,통일신라 (서기 765년경),B3,고분·유적지·가마·봉수,Y,2.0
사적,경주 진덕여왕릉,경북,경주시,경주시,13,37,0000240000000,N,1333700240000,129.201662,35.886935,유적건조물,무덤,왕실무덤,고대,<![CDATA[경북 경주시 현곡면 오류리 산48번지 임야]]>,신라 진덕여왕,B3,고분·유적지·가마·봉수,Y,2.0
사적,경주 부산성,경북,경주시,경주시,13,37,0000250000000,N,1333700250000,129.054809570547,35.8450385368466,유적건조물,정치국방,성,성곽,<![CDATA[경북 경주시 건천읍 송선리 산195-2번지]]>,통일신라 문무왕3년(663),B3,성곽·성지,Y,2.0
사적,경주 원성왕릉,경북,경주시,경주시,13,37,0000260000000,N,1333700260000,129.320216,35.759664,유적건조물,무덤,왕실무덤,고대,<![CDATA[경북 경주시 외동읍 괘능리 산17번지]]>,통일신라시대,B3,고분·유적지·가마·봉수,Y,2.0
사적,경주 구정동 방형분,경북,경주시,경주시,13,37,0000270000000,N,1333700270000,129.29691633254,35.7784354901655,유적건조물,무덤,무덤,봉토묘,<![CDATA[경북 경주시 구정동 산41번지]]>,통일신라시대,B3,고분·유적지·가마·봉수,Y,2.0
사적,경주 성덕왕릉,경북,경주시,경주시,13,37,0000280000000,N,1333700280000,129.281121,35.787106,유적건조물,무덤,왕실무덤,고대,<![CDATA[경북 경주시 조양동 산8번지]]>,통일신라시대,B3,고분·유적지·가마·봉수,Y,2.0
사적,경주 헌덕왕릉,경북,경주시,경주시,13,37,0000290000000,N,1333700290000,129.244716705121,35.8437432577728,유적건조물,무덤,왕실무덤,고대,<![CDATA[경북 경주시 동천동 80번지]]>,통일신라시대,B3,고분·유적지·가마·봉수,Y,2.0
사적,경주 흥덕왕릉,경북,경주시,경주시,13,37,0000300000000,N,1333700300000,129.207524750499,36.0190387798418,유적건조물,무덤,왕실무덤,고대,<![CDATA[경북 경주시 안강읍 육통리 산42번지]]>,통일신라시대,B3,고분·유적지·가마·봉수,Y,2.0
사적,경주 감은사지,경북,경주시,경주시,13,37,0000310000000,N,1333700310000,129.476790715219,35.7482038583058,유적건조물,종교신앙,불교,사찰,<![CDATA[경상북도 경주시 문무대왕면 용당리 55-1]]>,통일신라 신문왕,B1,사찰·불전·교회 등 경내 건축,Y,2.0
사적,경주 금척리 고분군,경북,경주시,경주시,13,37,0000430000000,N,1333700430000,129.121668545736,35.8331401492965,유적건조물,무덤,무덤,고분군,<![CDATA[경북 경주시 건천읍 금척리 192-1번지]]>,,B3,고분·유적지·가마·봉수,Y,2.0
사적,경주 장항리 사지,경북,경주시,경주시,13,37,0000450000000,N,1333700450000,129.372923659458,35.7749555570279,유적건조물,종교신앙,불교,사찰,<![CDATA[경북 경주시 양북면 장항리 1081번지]]>,통일신라시대,B1,사찰·불전·교회 등 경내 건축,Y,2.0
사적,경주 원원사지,경북,경주시,경주시,13,37,0000460000000,N,1333700460000,129.348575282105,35.6996296974009,유적건조물,종교신앙,불교,사찰,<![CDATA[경북 경주시 외동읍 모화리 2번지]]>,신라시대,B1,사찰·불전·교회 등 경내 건축,Y,2.0
사적,경주 명활성,경북,경주시,경주시,13,37,0000470000000,N,1333700470000,129.262627049995,35.8403470821553,유적건조물,정치국방,성,성곽,<![CDATA[경북 경주시 보문동 ]]>,신라시대,B3,성곽·성지,Y,2.0
사적,관문성,경북,경주시,경주시/울산시,13,37,0000480000000,N,1333700480000,129.328831147056,35.662851154341,유적건조물,정치국방,성,성곽,"<![CDATA[경북 경주시 외동읍 산업로 1739-6, 울산 북구 달천동,중산동,천곡동및 범서면 (모화리)]]>",통일신라 성덕왕,B3,성곽·성지,Y,2.0
사적,경주 천군동 사지,경북,경주시,경주시,13,37,0000820000000,N,1333700820000,129.281144968856,35.8317706220081,유적건조물,종교신앙,불교,사찰,<![CDATA[경북 경주시 천군동 548-1번지]]>,,B1,사찰·불전·교회 등 경내 건축,Y,2.0
사적,경주 성동동 전랑지,경북,경주시,경주시,13,37,0000880000000,N,1333700880000,129.2240377,35.84434141,유적건조물,주거생활,주거건축,건물지,<![CDATA[경북 경주시 성동동 4번지]]>,통일신라시대,B1,가옥·누정·서원·향교,Y,2.0
사적,경주읍성,경북,경주시,경주시,13,37,0000960000000,N,1333700960000,129.2136191,35.8472607,유적건조물,정치국방,성,성지,<![CDATA[경북 경주시 북부동 1번지]]>,1378년(고려 우왕 4년) 개축,B3,성곽·성지,Y,2.0
사적,경주 서출지,경북,경주시,경주시,13,37,0001380000000,N,1333701380000,129.242333246543,35.7964295626636,,,,,,,REVIEW,미매핑 대분류: (공란),Y,2.0
사적,경주 서악동 고분군,경북,경주시,경주시,13,37,0001420000000,N,1333701420000,129.185051414643,35.8255340819754,유적건조물,무덤,무덤,고분군,<![CDATA[경북 경주시 서악동 750번지]]>,삼국시대(신라 6세기초∼7세기중엽),B3,고분·유적지·가마·봉수,Y,2.0
사적,경주 옥산서원,경북,경주시,옥산서원,13,37,0001540000000,N,1333701540000,129.163367122061,36.0117666684586,유적건조물,교육문화,교육기관,서원,<![CDATA[경북 경주시 안강읍 옥산서원길 216-27 (옥산리)]]>,조선 선조 5년(1572),B1,가옥·누정·서원·향교,Y,2.0
사적,경주 문무대왕릉,경북,경주시,경주시,13,37,0001580000000,N,1333701580000,129.484385,35.738140,유적건조물,무덤,왕실무덤,고대,<![CDATA[경북 경주시 양북면 봉길리 앞 해중(대왕암)]]>,신라시대,B3,고분·유적지·가마·봉수,Y,2.0
사적,경주 이견대,경북,경주시,경주시,13,37,0001590000000,N,1333701590000,129.483839795457,35.7442788140985,유적건조물,종교신앙,구비전승지,구비전승지,<![CDATA[경북 경주시 감포읍 대본리 661번지]]>,통일신라 신문왕,B1,사찰·불전·교회 등 경내 건축,Y,2.0
사적,경주 동부 사적지대,경북,경주시,경주시,13,37,0001610000000,N,1333701610000,129.220842324628,35.8342991358295,유적건조물,유물산포지유적산포지,유적분포지,유적분포지,<![CDATA[경북 경주시 황남동 104-1번지]]>,삼국시대,B3,고분·유적지·가마·봉수,Y,2.0
사적,경주 낭산 일원,경북,경주시,경주시,13,37,0001630000000,N,1333701630000,129.241817754164,35.8281250251555,유적건조물,유물산포지유적산포지,유적분포지,유적분포지,<![CDATA[경북 경주시 보문동 214-2번지]]>,미상,B3,고분·유적지·가마·봉수,Y,2.0
사적,경주 오릉,경북,경주시,경주시,13,37,0001720000000,N,1333701720000,129.208462122044,35.8230687425109,유적건조물,무덤,왕실무덤,고대,<![CDATA[경북 경주시 탑동 67번지]]>,신라시대(서기 3~111년경),B3,고분·유적지·가마·봉수,Y,2.0
사적,경주 일성왕릉,경북,경주시,경주시,13,37,0001730000000,N,1333701730000,129.221705394322,35.8137623243267,,,,,,,REVIEW,미매핑 대분류: (공란),Y,2.0
사적,경주 탈해왕릉,경북,경주시,경주시,13,37,0001740000000,N,1333701740000,129.232368,35.852199,유적건조물,무덤,왕실무덤,고대,<![CDATA[경북 경주시 동천동 산17번지]]>,신라 탈해왕(서기 80년경),B3,고분·유적지·가마·봉수,Y,2.0
사적,경주 미추왕릉,경북,경주시,경주시,13,37,0001750000000,N,1333701750000,129.213419149019,35.836935024129,유적건조물,무덤,왕실무덤,고대,<![CDATA[경북 경주시 황남동 89-2번지]]>,신라 미추왕,B3,고분·유적지·가마·봉수,Y,2.0
사적,경주 법흥왕릉,경북,경주시,경주시,13,37,0001760000000,N,1333701760000,129.163501840117,35.8246255863327,유적건조물,무덤,왕실무덤,고대,<![CDATA[경북 경주시 효현동 63번지]]>,신라 법흥왕(서기 540년경),B3,고분·유적지·가마·봉수,Y,2.0
사적,경주 진흥왕릉,경북,경주시,경주시,13,37,0001770000000,N,1333701770000,129.183936623461,35.8291611848934,유적건조물,무덤,왕실무덤,고대,<![CDATA[경북 경주시 서악동 산92-2번지]]>,신라 진흥왕,B3,고분·유적지·가마·봉수,Y,2.0
사적,경주 헌안왕릉,경북,경주시,경주시,13,37,0001790000000,N,1333701790000,129.184074621094,35.8282127080473,유적건조물,무덤,왕실무덤,고대,<![CDATA[경북 경주시 서악동 산92-2번지]]>,통일신라 헌안왕(서기 861년경),B3,고분·유적지·가마·봉수,Y,2.0
사적,경주 진평왕릉,경북,경주시,경주시,13,37,0001800000000,N,1333701800000,129.25061713624,35.8321844643858,유적건조물,무덤,왕실무덤,고대,<![CDATA[경북 경주시 보문동 608번지]]>,신라 진평왕(서기 632년경),B3,고분·유적지·가마·봉수,Y,2.0
사적,경주 신문왕릉,경북,경주시,경주시,13,37,0001810000000,N,1333701810000,129.246198047564,35.817831379351,유적건조물,무덤,왕실무덤,고대,<![CDATA[경북 경주시 배반동 453-1번지]]>,통일신라 신문왕(692년경),B3,고분·유적지·가마·봉수,Y,2.0
사적,경주 선덕여왕릉,경북,경주시,경주시,13,37,0001820000000,N,1333701820000,129.242387511399,35.8234805031646,유적건조물,무덤,왕실무덤,고대,<![CDATA[경북 경주시 보문동 산79-2번지]]>,신라 선덕여왕,B3,고분·유적지·가마·봉수,Y,2.0
사적,경주 효공왕릉,경북,경주시,경주시,13,37,0001830000000,N,1333701830000,129.249749017833,35.8215231811109,유적건조물,무덤,왕실무덤,고대,<![CDATA[경북 경주시 배반동 산14번지]]>,통일신라 효공왕,B3,고분·유적지·가마·봉수,Y,2.0
사적,경주 효소왕릉,경북,경주시,경주시,13,37,0001840000000,N,1333701840000,129.279923566448,35.7873622077827,유적건조물,무덤,왕실무덤,고대,<![CDATA[경북 경주시 조양동 산8번지]]>,통일신라 효소왕,B3,고분·유적지·가마·봉수,Y,2.0
사적,경주 신무왕릉,경북,경주시,경주시,13,37,0001850000000,N,1333701850000,129.259524342663,35.8126080219237,유적건조물,무덤,왕실무덤,고대,<![CDATA[경북 경주시 동방동 660번지]]>,통일신라 신무왕,B3,고분·유적지·가마·봉수,Y,2.0
사적,경주 정강왕릉,경북,경주시,경주시,13,37,0001860000000,N,1333701860000,129.240279205587,35.7994610241397,유적건조물,무덤,왕실무덤,고대,<![CDATA[경북 경주시 남산동 산53번지]]>,통일신라 정강왕,B3,고분·유적지·가마·봉수,Y,2.0
사적,경주 헌강왕릉,경북,경주시,경주시,13,37,0001870000000,N,1333701870000,129.240097478222,35.802205189815,유적건조물,무덤,왕실무덤,고대,<![CDATA[경북 경주시 남산동 산55번지]]>,통일신라 헌강왕,B3,고분·유적지·가마·봉수,Y,2.0
사적,경주 내물왕릉,경북,경주시,경주시,13,37,0001880000000,N,1333701880000,129.218419,35.833176,유적건조물,무덤,왕실무덤,고대,<![CDATA[경북 경주시 교동 14번지]]>,신라 내물왕,B3,고분·유적지·가마·봉수,Y,2.0
사적,경주 전 민애왕릉,경북,경주시,경주시,13,37,0001900000000,N,1333701900000,129.174269316132,35.7921691775888,유적건조물,무덤,왕실무덤,고대,<![CDATA[경북 경주시 내남면 망성리 산40번지]]>,통일신라 민애왕,B3,고분·유적지·가마·봉수,Y,2.0
사적,경주 배동 삼릉,경북,경주시,경주시,13,37,0002190000000,N,1333702190000,129.209083753045,35.797435444011,유적건조물,무덤,왕실무덤,고대,<![CDATA[경북 경주시 배동 73-1번지]]>,신라시대,B3,고분·유적지·가마·봉수,Y,2.0
사적,경주 희강왕릉,경북,경주시,경주시,13,37,0002200000000,N,1333702200000,129.17796275748,35.7899570653301,유적건조물,무덤,왕실무덤,고대,<![CDATA[경북 경주시 내남면 망성리 34번지]]>,통일신라 희강왕,B3,고분·유적지·가마·봉수,Y,2.0
사적,경주 지마왕릉,경북,경주시,경주시,13,37,0002210000000,N,1333702210000,129.211459663096,35.8043309206463,유적건조물,무덤,왕실무덤,고대,<![CDATA[경북 경주시 배동 30번지]]>,신라 지마왕,B3,고분·유적지·가마·봉수,Y,2.0
사적,경주 경애왕릉,경북,경주시,경주시,13,37,0002220000000,N,1333702220000,129.208373841976,35.7961128662214,유적건조물,무덤,왕실무덤,고대,<![CDATA[경북 경주시 배동 산73-1번지]]>,통일신라 경애왕,B3,고분·유적지·가마·봉수,Y,2.0
사적,경주 화산리 회유토기 요지,경북,경주시,경주시,13,37,0002410000000,N,1333702410000,129.274748014221,35.9244524758416,유적건조물,산업생산,요업,토기가마,<![CDATA[경상북도 경주시 천북면 화산리 945]]>,통일신라시대,B3,고분·유적지·가마·봉수,Y,2.0
사적,경주 나정,경북,경주시,경주시,13,37,0002450000000,N,1333702450000,129.212631019677,35.8158751249518,유적건조물,주거생활,주거건축,주거시설,<![CDATA[경북 경주시 탑동 700-1번지]]>,신라,B1,가옥·누정·서원·향교,Y,2.0
사적,경주 재매정,경북,경주시,경주시,13,37,0002460000000,N,1333702460000,129.212953568583,35.8289114098921,유적건조물,주거생활,주거건축,주거시설,<![CDATA[경북 경주시 교동 89-7번지]]>,삼국시대,B1,가옥·누정·서원·향교,Y,2.0
사적,경주 동방동 와요지,경북,경주시,경주시,13,37,0002630000000,N,1333702630000,129.258785057631,35.8097098920138,유적건조물,산업생산,요업,도자기가마,<![CDATA[경북 경주시 동방동 343-4번지]]>,고려시대 ∼ 조선후기,B3,고분·유적지·가마·봉수,Y,2.0
사적,경주 남산 일원,경북,경주시,경주시,13,37,0003110000000,N,1333703110000,129.225621969664,35.7814480777656,유적건조물,유물산포지유적산포지,유적분포지,유적분포지,"<![CDATA[경북 경주시 인왕동 외4개동,경주군내남면용장리외2개리]]>",삼국시대,B3,고분·유적지·가마·봉수,Y,2.0
사적,경주 용강동 고분,경북,경주시,경주시,13,37,0003280000000,N,1333703280000,129.224337662425,35.8614145642072,유적건조물,무덤,무덤,봉토묘,<![CDATA[경북 경주시 용강동 1130-2번지 3필]]>,7c후반~8c전반,B3,고분·유적지·가마·봉수,Y,2.0
사적,경주 천관사지,경북,경주시,경주시,13,37,0003400000000,N,1333703400000,129.215279688401,35.8244798960823,유적건조물,종교신앙,불교,사찰,<![CDATA[경상북도 경주시 교동 243]]>,신라시대,B1,사찰·불전·교회 등 경내 건축,Y,2.0
사적,경주 구정동 고분군,경북,경주시,경주시,13,37,0003500000000,N,1333703500000,129.301630986462,35.7821055671004,유적건조물,무덤,무덤,고분군,<![CDATA[경북 경주시 불국로 61 (구정동)]]>,3c말~4c초,B3,고분·유적지·가마·봉수,Y,2.0
사적,포항 장기읍성,경북,포항시,포항시,13,37,0003860000000,N,1333703860000,129.488821,35.896304,유적건조물,정치국방,성,성지,<![CDATA[경북 포항시 남구 장기면 읍내리 127-2번지 외]]>,세종 21년(1439),B3,성곽·성지,Y,2.0
사적,경주 보문동 사지,경북,경주시,경주시,13,37,0003900000000,N,1333703900000,129.254283,35.825505,유적건조물,종교신앙,불교,사찰,<![CDATA[경북 경주시 보문동 848-6번지 외]]>,통일신라시대,B1,사찰·불전·교회 등 경내 건축,Y,2.0
사적,경주 용강동 원지 유적,경북,경주시,경주시,13,37,0004190000000,N,1333704190000,129.221977618124,35.8665535496799,유적건조물,주거생활,조경건축,원,"<![CDATA[경북 경주시 황성동 251-28번지 , 용강동181외]]>",통일신라시대,B1,가옥·누정·서원·향교,Y,2.0
사적,경주 손곡동과 물천리 유적,경북,경주시,경주시,13,37,0004300000000,N,1333704300000,129.289924294781,35.8652678478689,유적건조물,유물산포지유적산포지,유적분포지,유적분포지,<![CDATA[경북 경주시 천북면 물천리 일원]]>,신라시대,B3,고분·유적지·가마·봉수,Y,2.0
사적,경주 춘양교지와 월정교지,경북,경주시,경주시,13,37,0004570000000,N,1333704570000,129.221844810706,35.829237247077,유적건조물,교통통신,교통,교량,"<![CDATA[경북 경주시 인왕동 921-1번지 외, 교동 274 등]]>",경덕왕 19년(760),B3,고분·유적지·가마·봉수,Y,2.0
사적,경주 황성동 고분,경북,경주시,경주시,13,37,0004760000000,N,1333704760000,129.211523157721,35.8670704607418,유적건조물,무덤,무덤,봉토묘,<![CDATA[경북 경주시 황성동 906-5번지]]>,7세기 중반,B3,고분·유적지·가마·봉수,Y,2.0
사적,포항 법광사지,경북,포항시,포항시,13,37,0004930000000,N,1333704930000,129.243232,36.147241,유적건조물,종교신앙,불교,사찰,<![CDATA[경북 포항시 북구 신광면 상읍리 967번지 일원]]>,통일신라시대,B1,사찰·불전·교회 등 경내 건축,Y,2.0
사적,경주 불국사,경북,경주시,불국사,13,37,0005020000000,N,1333705020000,129.332056,35.79015651,유적건조물,종교신앙,불교,사찰,"<![CDATA[경북 경주시 불국로 385, 등 (진현동)]]>",통일신라시대,B1,사찰·불전·교회 등 경내 건축,Y,2.0
사적,경주 대릉원 일원,경북,경주시,경주시,13,37,0005120000000,N,1333705120000,129.215781,35.835486,유적건조물,무덤,무덤,고분군,<![CDATA[경북 경주시 노동동 261 등]]>,신라시대,B3,고분·유적지·가마·봉수,Y,2.0
사적,경주 진지왕릉,경북,경주시,경주시,13,37,0005170000000,N,1333705170000,129.184022041931,35.828862580412,유적건조물,무덤,왕실무덤,고대,<![CDATA[경상북도 경주시 서악4길 80-100 (서악동)]]>,,B3,고분·유적지·가마·봉수,Y,2.0
사적,경주 문성왕릉,경북,경주시,경주시,13,37,0005180000000,N,1333705180000,129.18437609151,35.8283386223206,유적건조물,무덤,왕실무덤,고대,<![CDATA[경상북도 경주시 서악4길 80-100 (서악동)]]>,,B3,고분·유적지·가마·봉수,Y,2.0
사적,경주 인왕동 사지,경북,경주시,경주시,13,37,0005330000000,N,1333705330000,129.22262638312,35.8288373451312,유적건조물,종교신앙,불교,사찰,<![CDATA[경상북도 경주시 인왕동 342]]>,통일신라,B1,사찰·불전·교회 등 경내 건축,Y,2.0
사적,경주 분황사지,경북,경주시,경주시,13,37,0005480000000,N,1333705480000,129.233647482743,35.8408943467962,유적건조물,종교신앙,불교,사찰,"<![CDATA[경상북도 경주시 분황로 94-11 (구황동, 분황사)]]>",신라시대,B1,사찰·불전·교회 등 경내 건축,Y,2.0
사적,경주 구황동 원지 유적 일원,경북,경주시,경주시,13,37,0005490000000,N,1333705490000,129.235379052613,35.8407966275241,유적건조물,주거생활,조경건축,원,<![CDATA[경상북도 경주시 구황동]]>,신라시대,B1,가옥·누정·서원·향교,Y,2.0
사적,경주 금강산 표암봉 일원(2022),경북,경주시,경주시,13,37,0005640000000,N,1333705640000,0,0,유적건조물,유물산포지유적산포지,유적분포지,유적분포지,<![CDATA[경상북도 경주시 동천동 산 7-6 일원]]>,삼국(신라)시대,B3,고분·유적지·가마·봉수,N,2.0
사적,제2로 직봉 - 경주 접포현 봉수 유적,경북,경주시,경주시,13,37,0005680000700,N,1333705680700,0,0,유적건조물,교통통신,통신,봉수,<![CDATA[경상북도 경주시 광명동 산 18 일원]]>,조선시대,B3,고분·유적지·가마·봉수,N,2.0
명승,울진 불영사계곡 일원,경북,울진군,울진군,15,37,0000060000000,N,1353700060000,129.300081750168,36.9519121658749,자연유산,명승,문화경관,,<![CDATA[경북 울진군 근남면 수곡리 산121번지 외 855필]]>,미상,ANCHOR,명승은 정답(앵커) — 특징 사용 금지,Y,1.0
명승,포항 용계정과 덕동숲,경북,포항시,포항시,15,37,0000810000000,N,1353700810000,129.1859789,36.16596336,자연유산,명승,역사문화경관,,"<![CDATA[경북 포항시 북구 기북면 덕동문화길 26, 등 (오덕리)]]>",-,ANCHOR,명승은 정답(앵커) — 특징 사용 금지,Y,1.0
명승,포항 보경사 내연산 폭포,경북,포항시,포＊＊＊,15,37,0001250000000,N,1353701250000,0,0,자연유산,명승,자연경관,지형지질경관,<![CDATA[경상북도  포항시]]>,,ANCHOR,명승은 정답(앵커) — 특징 사용 금지,N,1.0
명승,영덕 옥계 침수정 일원,경북,영덕군,영덕군,15,37,0001320000000,N,1353701320000,0,0,자연유산,명승,역사문화경관,,<![CDATA[경상북도 영덕군 팔각산로 794 (달산면)]]>,조선시대,ANCHOR,명승은 정답(앵커) — 특징 사용 금지,N,1.0
천연기념물,경주 오류리 등나무,경북,경주시,경주시,16,37,0000890000000,N,1363700890000,129.195568129908,35.8785180695801,자연유산,천연기념물,문화역사기념물,민속,<![CDATA[경북 경주시 현곡면 오류리 527번지]]>,,NATURE,"자연유산 — v1 뷰포인트 전용 (점수 미반영, 지질명소 앵커와 중복 주의)",Y,2.0
천연기념물,울진 수산리 굴참나무,경북,울진군,울진군,16,37,0000960000000,N,1363700960000,129.397359225584,36.9674361102787,자연유산,천연기념물,생물과학기념물,대표성,<![CDATA[경북 울진군 근남면 수산리 381-1번지]]>,,NATURE,"자연유산 — v1 뷰포인트 전용 (점수 미반영, 지질명소 앵커와 중복 주의)",Y,2.0
천연기념물,경주 독락당 조각자나무,경북,경주시,경주시,16,37,0001150000000,N,1363701150000,129.159817557062,36.0167494975964,자연유산,천연기념물,문화역사기념물,종교,<![CDATA[경상북도 경주시 옥산서원길  300-3(안강읍) ]]>,,NATURE,"자연유산 — v1 뷰포인트 전용 (점수 미반영, 지질명소 앵커와 중복 주의)",Y,2.0
천연기념물,울진 성류굴,경북,울진군,울진군,16,37,0001550000000,N,1363701550000,129.378928,36.957440,자연유산,천연기념물,지구과학기념물,천연동굴,<![CDATA[경상북도 울진군 근남면 구산리 산 30 외]]>,고생대,NATURE,"자연유산 — v1 뷰포인트 전용 (점수 미반영, 지질명소 앵커와 중복 주의)",Y,2.0
천연기념물,울진 후정리 향나무,경북,울진군,울진군,16,37,0001580000000,N,1363701580000,129.416945712454,37.0573014973753,자연유산,천연기념물,문화역사기념물,민속,<![CDATA[경북 울진군 죽변면 후정리 297-2번지]]>,,NATURE,"자연유산 — v1 뷰포인트 전용 (점수 미반영, 지질명소 앵커와 중복 주의)",Y,2.0
천연기념물,울진 화성리 향나무,경북,울진군,울진군,16,37,0003120000000,N,1363703120000,129.381311823119,37.042361330369,자연유산,천연기념물,생물과학기념물,대표성,<![CDATA[경북 울진군 죽변면 산190번지 외 1필]]>,,NATURE,"자연유산 — v1 뷰포인트 전용 (점수 미반영, 지질명소 앵커와 중복 주의)",Y,2.0
천연기념물,월성 육통리 회화나무,경북,경주시,경주시,16,37,0003180000000,N,1363703180000,129.21516909417,36.0200746139117,자연유산,천연기념물,문화역사기념물,민속,<![CDATA[경북 경주시 안강읍 육통리 1428외 3필]]>,,NATURE,"자연유산 — v1 뷰포인트 전용 (점수 미반영, 지질명소 앵커와 중복 주의)",Y,2.0
천연기념물,포항 발산리 모감주나무와 병아리꽃나무군락,경북,포항시,포항시,16,37,0003710000000,N,1363703710000,129.517654072492,36.0449245980292,자연유산,천연기념물,생물과학기념물,분포학,<![CDATA[경상북도 포항시 남구 호미로2122번길 60 (동해면)]]>,,NATURE,"자연유산 — v1 뷰포인트 전용 (점수 미반영, 지질명소 앵커와 중복 주의)",Y,2.0
천연기념물,울진 쌍전리 산돌배나무,경북,울진군,울진군,16,37,0004080000000,N,1363704080000,129.117725877662,36.960450359488,자연유산,천연기념물,생물과학기념물,유전학,<![CDATA[경상북도 울진군 금강송면 쌍전리 산 146-1]]>,,NATURE,"자연유산 — v1 뷰포인트 전용 (점수 미반영, 지질명소 앵커와 중복 주의)",Y,2.0
천연기념물,울진 행곡리 처진소나무,경북,울진군,울진군,16,37,0004090000000,N,1363704090000,129.36842159727,36.9727400620354,자연유산,천연기념물,문화역사기념물,기념,<![CDATA[경북 울진군 근남면 행곡리 672번지]]>,,NATURE,"자연유산 — v1 뷰포인트 전용 (점수 미반영, 지질명소 앵커와 중복 주의)",Y,2.0
천연기념물,포항 달전리 주상절리,경북,포항시,포항시,16,37,0004150000000,N,1363704150000,129.295733972098,36.0285908577761,자연유산,천연기념물,지구과학기념물,지질지형,<![CDATA[경상북도 포항시 남구 연일읍 달전리 산 19-3 외]]>,신생대,NATURE,"자연유산 — v1 뷰포인트 전용 (점수 미반영, 지질명소 앵커와 중복 주의)",Y,2.0
천연기념물,포항 북송리 북천수,경북,포항시,포항시,16,37,0004680000000,N,1363704680000,129.323398737692,36.1171288424686,자연유산,천연기념물,문화역사기념물,생활,<![CDATA[경북 포항시 북구 흥해읍 북송길 63 (북송리)]]>,수령 50~200여년,NATURE,"자연유산 — v1 뷰포인트 전용 (점수 미반영, 지질명소 앵커와 중복 주의)",Y,2.0
천연기념물,영덕 도천리 도천숲,경북,영덕군,영덕군,16,37,0005140000000,N,1363705140000,129.352584607262,36.3068437294459,자연유산,천연기념물,문화역사기념물,민속,<![CDATA[경북 영덕군 남정면 도천리 75번지]]>,,NATURE,"자연유산 — v1 뷰포인트 전용 (점수 미반영, 지질명소 앵커와 중복 주의)",Y,2.0
천연기념물,경주 양남 주상절리군,경북,경주시,경주시,16,37,0005360000000,N,1363705360000,129.474295,35.686190,자연유산,천연기념물,지구과학기념물,지질지형,<![CDATA[ 경상북도 경주시 양남면 일원 공유수면]]>,신생대,NATURE,"자연유산 — v1 뷰포인트 전용 (점수 미반영, 지질명소 앵커와 중복 주의)",Y,2.0
천연기념물,경주개 동경이,경북,경주시,경주시,16,37,0005400000000,N,1363705400000,0,0,자연유산,천연기념물,생물과학기념물,특수성,<![CDATA[경상북도 경주시 용명공단길 138-14 (건천읍)]]>,,NATURE,"자연유산 — v1 뷰포인트 전용 (점수 미반영, 지질명소 앵커와 중복 주의)",N,2.0
천연기념물,포항 뇌성산 뇌록산지,경북,포항시,포항시,16,37,0005470000000,N,1363705470000,129.510263935818,35.9331134413295,자연유산,천연기념물,지구과학기념물,지질지형,<![CDATA[경상북도 포항시 남구 장기면 학계리 산 7-2 ]]>,,NATURE,"자연유산 — v1 뷰포인트 전용 (점수 미반영, 지질명소 앵커와 중복 주의)",Y,2.0
천연기념물,포항 흥해향교 이팝나무군락,경북,포항시,포＊＊＊,16,37,0005610000000,N,1363705610000,0,0,자연유산,천연기념물,문화역사기념물,생활,<![CDATA[경상북도  포항시]]>,,NATURE,"자연유산 — v1 뷰포인트 전용 (점수 미반영, 지질명소 앵커와 중복 주의)",N,2.0
천연기념물,포항 오도리 주상절리,경북,포항시,포항시,16,37,0005750000000,N,1363705750000,0,0,자연유산,천연기념물,지구과학기념물,지질지형,<![CDATA[경상북도 포항시 북구 흥해읍 오도리 산 91 일원]]>,신생대,NATURE,"자연유산 — v1 뷰포인트 전용 (점수 미반영, 지질명소 앵커와 중복 주의)",N,2.0
천연기념물,포항 금광동층 신생대 화석산지,경북,포항시,포항시,16,37,0005770000000,N,1363705770000,0,0,자연유산,천연기념물,지구과학기념물,지질지형,<![CDATA[경상북도  포항시]]>,신생대,NATURE,"자연유산 — v1 뷰포인트 전용 (점수 미반영, 지질명소 앵커와 중복 주의)",N,2.0
국가무형유산,경주교동법주,경북,경주시,,17,37,0000860000300,N,1273700860300,0,0,무형유산,전통 생활관습,식생활,,<![CDATA[경상북도 경주시 ]]>,,EXCLUDE,무형유산 — 장소 경험 아님,N,1.0
국가민속문화유산,경주 양동마을 송첨종택,경북,경주시,손＊＊＊,18,37,0000230000000,N,1483700230000,129.253587171607,36.0038121610546,유적건조물,주거생활,주거건축,가옥,<![CDATA[경상북도 경주시 양동마을안길  75-6(강동면) ]]>,조선시대 초기,B1,가옥·누정·서원·향교,Y,2.0
국가민속문화유산,경주 최부자댁,경북,경주시,학교법인 영남학원,18,37,0000270000000,N,1483700270000,129.216209959668,35.8308808318693,,,,,,,REVIEW,미매핑 대분류: (공란),Y,2.0
국가민속문화유산,경주 월암종택,경북,경주시,이＊＊＊,18,37,0000340000000,N,1483700340000,129.218750860627,35.8195691528182,유적건조물,주거생활,주거건축,가옥,<![CDATA[경북 경주시 식혜골길 35 (탑동)]]>,조선시대,B1,가옥·누정·서원·향교,Y,2.0
국가민속문화유산,경주 양동마을 낙선당 고택,경북,경주시,손＊＊＊,18,37,0000730000000,N,1483700730000,129.253299181052,36.0045460514442,유적건조물,주거생활,주거건축,가옥,<![CDATA[경북 경주시 강동면 양동마을안길 75-24 (양동리)]]>,미상,B1,가옥·누정·서원·향교,Y,2.0
국가민속문화유산,경주 양동마을 사호당 고택,경북,경주시,박＊＊＊,18,37,0000740000000,N,1483700740000,129.254780241462,36.0031084222101,유적건조물,주거생활,주거건축,가옥,<![CDATA[경북 경주시 강동면 양동마을안길 83-8 (양동리)]]>,조선 헌종 6년(1840),B1,가옥·누정·서원·향교,Y,2.0
국가민속문화유산,경주 양동마을 상춘헌 고택,경북,경주시,백＊＊＊,18,37,0000750000000,N,1483700750000,129.255165277401,36.0027966221647,유적건조물,주거생활,주거건축,가옥,<![CDATA[경북 경주시 강동면 양동마을안길 85-7 (양동리)]]>,조선 영조 6년(1730),B1,가옥·누정·서원·향교,Y,2.0
국가민속문화유산,경주 양동마을 근암고택,경북,경주시,이＊＊＊,18,37,0000760000000,N,1483700760000,129.255719511932,36.002659728975,유적건조물,주거생활,주거건축,가옥,<![CDATA[경북 경주시 강동면 양동리 214-1번지]]>,조선 정조 4년(1780),B1,가옥·누정·서원·향교,Y,2.0
국가민속문화유산,경주 양동마을 두곡고택,경북,경주시,이＊＊＊,18,37,0000770000000,N,1483700770000,129.256114277338,36.0013464878699,유적건조물,주거생활,주거건축,가옥,<![CDATA[경북 경주시 강동면 양동마을길 152-9 (양동리)]]>,조선 영조 49년(1733),B1,가옥·누정·서원·향교,Y,2.0
국가민속문화유산,경주 양동마을 수졸당 고택,경북,경주시,정＊＊＊,18,37,0000780000000,N,1483700780000,129.253987,36.002344,유적건조물,주거생활,주거건축,가옥,<![CDATA[경북 경주시 강동면 양동리 212번지]]>,조선 광해군 12년(1620),B1,가옥·누정·서원·향교,Y,2.0
국가민속문화유산,경주 양동마을 이향정 고택,경북,경주시,이＊＊＊,18,37,0000790000000,N,1483700790000,129.254461456466,35.9991150984747,,,,,,,REVIEW,미매핑 대분류: (공란),Y,2.0
국가민속문화유산,경주 양동마을 수운정,경북,경주시,손＊＊＊,18,37,0000800000000,N,1483700800000,129.249654,36.004030,유적건조물,주거생활,조경건축,누정,<![CDATA[경북 경주시 강동면 양동마을안길 45-20 (양동리)]]>,조선 선조 13년(1580),B1,가옥·누정·서원·향교,Y,2.0
국가민속문화유산,경주 양동마을 심수정,경북,경주시,이＊＊＊,18,37,0000810000000,N,1483700810000,129.255001622845,36.000161508763,유적건조물,주거생활,조경건축,누정,<![CDATA[경북 경주시 강동면 양동마을길 138-5 (양동리)]]>,조선 명종 15년(1560),B1,가옥·누정·서원·향교,Y,2.0
국가민속문화유산,경주 양동마을 안락정,경북,경주시,이＊＊＊,18,37,0000820000000,N,1483700820000,129.255212982279,35.9973516516887,유적건조물,주거생활,조경건축,누정,<![CDATA[경북 경주시 강동면 양동마을길 92-19 (양동리)]]>,조선 영조 52년(1776),B1,가옥·누정·서원·향교,Y,2.0
국가민속문화유산,경주 양동마을 강학당,경북,경주시,정＊＊＊,18,37,0000830000000,N,1483700830000,129.255019336298,35.9995618581543,유적건조물,주거생활,주거건축,가옥,<![CDATA[경북 경주시 강동면 양동마을길 138-9 (양동리)]]>,조선 고종 7년(1870),B1,가옥·누정·서원·향교,Y,2.0
국가민속문화유산,영덕 충효당 종택,경북,영덕군,이＊＊＊,18,37,0001680000000,N,1483701680000,129.36544970007,36.5536893188868,유적건조물,주거생활,주거건축,가옥,<![CDATA[경북 영덕군 창수면 인량6길 48 (인량리)]]>,조선 선조,B1,가옥·누정·서원·향교,Y,2.0
국가민속문화유산,모포줄,경북,포항시,모포리마을,18,37,0001870000000,N,1483701870000,129.5183175,35.9305148,유물,기타종교공예,,,<![CDATA[경상북도 포항시 남구 동해안로 4002-7 (장기면)]]>,조선시대 초기,EXCLUDE,회화·공예·실내 조각 — 소장처 실내,Y,2.0
국가민속문화유산,경주 양동마을,경북,경주시,경주시,18,37,0001890000000,N,1483701890000,129.253888519109,36.0029049594657,유적건조물,주거생활,주거건축,마을,<![CDATA[경북 경주시 강동면 양동리]]>,조선시대 초기,B4,전통마을 (이름 기준),Y,2.0
국가민속문화유산,영덕 안동권씨 옥천재사,경북,영덕군,권＊＊＊,18,37,0002600000000,N,1483702600000,129.321978646258,36.5972739682846,유적건조물,주거생활,조경건축,누정,<![CDATA[경상북도 영덕군 장육사길  363(창수면) ]]>,,B1,가옥·누정·서원·향교,Y,2.0
국가민속문화유산,영덕 난고종택,경북,영덕군,남＊＊＊,18,37,0002710000000,N,1483702710000,129.376234462458,36.5413659243507,유적건조물,주거생활,주거건축,가옥,"<![CDATA[경상북도 영덕군 원구1길 13-11 (영해면, 영해난종가)]]>",,B1,가옥·누정·서원·향교,Y,2.0
국가민속문화유산,영덕 무안박씨 무의공파 종택,경북,영덕군,무＊＊＊,18,37,0002860000000,N,1483702860000,129.409175988936,36.5101345162193,유적건조물,주거생활,주거건축,가옥,"<![CDATA[경상북도 영덕군 도곡길 17-4 (축산면, 영덕 무안박씨 무의공파 종택)]]>",,B1,가옥·누정·서원·향교,Y,2.0
국가민속문화유산,영덕 괴시마을,경북,영덕군,영덕군,18,37,0003010000000,N,1483703010000,0,0,유적건조물,주거생활,주거건축,마을,<![CDATA[경상북도 영덕군 호지마을1길 18-3 (영해면)]]>,조선시대,B4,전통마을 (이름 기준),N,2.0
국가민속문화유산,영덕 무안박씨 희암재사,경북,영덕군,무＊＊＊,18,37,0003040000000,N,1483703040000,0,0,유적건조물,주거생활,주거건축,가옥,"<![CDATA[경상북도 영덕군 숯골4길 248 (창수면, 덕후루)]]>",조선시대,B1,가옥·누정·서원·향교,N,2.0
시도유형문화유산,손소선생분재기,경북,경주시,손＊＊＊,21,37,0000140000000,N,2113700140000,129.2535866,36.0038098,기록유산,문서류,민간문서,분재기류,<![CDATA[경상북도  경주시]]>,,EXCLUDE,서책·문서 — 실내 소장품,Y,1.5
시도유형문화유산,삼릉계곡마애관음보살상,경북,경주시,경주시,21,37,0000190000000,N,2113700190000,129.2212157,35.7962058,유물,불교조각,석조,보살상,<![CDATA[경북 경주시 남산순환로 341-126 (배동)]]>,,B2,야외 석불·마애불·암각화,Y,1.5
시도유형문화유산,삼릉계곡선각육존불,경북,경주시,경주시,21,37,0000210000000,N,2113700210000,129.2212157,35.7962058,유물,불교조각,석조,불상,<![CDATA[경북 경주시 남산순환로 341-126 (배동)]]>,,B2,야외 석불·마애불·암각화,Y,1.5
시도유형문화유산,경주남산입곡석불두,경북,경주시,경주시,21,37,0000940000000,N,2113700940000,129.2096793,35.7938044,유물,불교조각,석조,불상,<![CDATA[경북 경주시 배동 산86-3번지]]>,,B2,야외 석불·마애불·암각화,Y,1.5
시도유형문화유산,경주동천동사방불탑신석,경북,경주시,경주시,21,37,0000950000000,N,2113700950000,129.224765122941,35.8570595521637,유적건조물,종교신앙,불교,탑,<![CDATA[경북 경주시 동천동 770-3번지]]>,,B2,석조물,Y,1.5
시도유형문화유산,성덕왕릉귀부,경북,경주시,경주시,21,37,0000960000000,N,2113700960000,129.2804117,35.7864155,유물,불교조각,석조,귀부이수,<![CDATA[경북 경주시 조양동 666번지]]>,,B2,야외 석불·마애불·암각화,Y,1.5
시도유형문화유산,분황사화쟁국사비부,경북,경주시,분황사,21,37,0000970000000,N,2113700970000,129.2371812,35.8367299,기록유산,서각류,금석각류,비,<![CDATA[경북 경주시 구황동 313번지]]>,,EXCLUDE,서책·문서 — 실내 소장품,Y,1.5
시도유형문화유산,경주침식곡석불좌상,경북,경주시,경주시,21,37,0001120000000,N,2113701120000,129.232287,35.765412,유물,불교조각,석조,불상,<![CDATA[경북 경주시 내남면 노곡리 산125-1번지]]>,,B2,야외 석불·마애불·암각화,Y,1.5
시도유형문화유산,경주열암곡석불좌상,경북,경주시,경주시,21,37,0001130000000,N,2113701130000,129.2347093,35.7647416,유물,불교조각,석조,불상,<![CDATA[경북 경주시 내남면 노곡리 산123번지]]>,,B2,야외 석불·마애불·암각화,Y,1.5
시도유형문화유산,경주약수계곡마애입불상,경북,경주시,경주시,21,37,0001140000000,N,2113701140000,129.2215651,35.777584,유물,불교조각,석조,불상,<![CDATA[경북 경주시 내남면 용장리 산1-1번지]]>,,B2,야외 석불·마애불·암각화,Y,1.5
시도유형문화유산,불영사삼층석탑,경북,울진군,대한불교조계종 불영사,21,37,0001350000000,N,2113701350000,129.2736077,36.9409496,유적건조물,종교신앙,불교,탑,"<![CDATA[경상북도 울진군 불영사길 48 (금강송면, 불영사)]]>",,B2,석조물,Y,1.5
시도유형문화유산,장육사대웅전,경북,영덕군,장육사,21,37,0001380000000,N,2113701380000,129.301142701632,36.5987731616863,유적건조물,종교신앙,불교,불전,<![CDATA[경북 영덕군 창수면 장육사1길 172 (갈천리)]]>,,B1,사찰·불전·교회 등 경내 건축,Y,1.5
시도유형문화유산,영해난고종가문서,경북,영덕군,한국국학진흥원,21,37,0001480000000,N,2113701480000,129.376225,36.541351,기록유산,문서류,,,<![CDATA[경북 영덕군 영해면 원구1길 13-11 (원구리)]]>,,EXCLUDE,서책·문서 — 실내 소장품,Y,1.5
시도유형문화유산,삼릉계곡마애석가여래좌상,경북,경주시,경주시,21,37,0001580000000,N,2113701580000,129.2212157,35.7962058,유물,불교조각,석조,불상,<![CDATA[경북 경주시 남산순환로 341-126 (배동)]]>,,B2,야외 석불·마애불·암각화,Y,1.5
시도유형문화유산,삼릉계곡선각여래좌상,경북,경주시,경주시,21,37,0001590000000,N,2113701590000,129.2212157,35.7962058,유물,불교조각,석조,불상,<![CDATA[경북 경주시 남산순환로 341-126 (배동)]]>,,B2,야외 석불·마애불·암각화,Y,1.5
시도유형문화유산,경주향교,경북,경주시,경주향교,21,37,0001910000000,N,2113701910000,129.2169491,35.8313223,유적건조물,교육문화,교육기관,향교,<![CDATA[경북 경주시 교동 17-1번지]]>,,B1,가옥·누정·서원·향교,Y,1.5
시도유형문화유산,보리사마애석불,경북,경주시,보리사,21,37,0001930000000,N,2113701930000,129.2364752,35.8120411,유물,불교조각,석조,불상,<![CDATA[경북 경주시 배반동 산66-1번지]]>,,B2,야외 석불·마애불·암각화,Y,1.5
시도유형문화유산,경주동천동마애삼존불좌상,경북,경주시,백률사,21,37,0001940000000,N,2113701940000,129.232461299622,35.8601783268398,유물,불교조각,석조,불상,<![CDATA[경북 경주시 동천동 산4번지]]>,,B2,야외 석불·마애불·암각화,Y,1.5
시도유형문화유산,경주배리윤을곡마애불좌상,경북,경주시,경주시,21,37,0001950000000,N,2113701950000,129.225741,35.8054943,유물,불교조각,석조,불상,<![CDATA[경북 경주시 배동 산72-1번지]]>,,B2,야외 석불·마애불·암각화,Y,1.5
시도유형문화유산,영지석불좌상,경북,경주시,경주시,21,37,0002040000000,N,2113702040000,129.307087041811,35.7630378632382,유물,불교조각,석조,불상,<![CDATA[경북 경주시 외동읍 괘릉리 1297-1번지]]>,,B2,야외 석불·마애불·암각화,Y,1.5
시도유형문화유산,기림사삼층석탑,경북,경주시,기림사,21,37,0002050000000,N,2113702050000,129.3971458,35.8391182,유적건조물,종교신앙,불교,탑,<![CDATA[경북 경주시 양북면 호암리 419번지]]>,,B2,석조물,Y,1.5
시도유형문화유산,백운대마애불입상,경북,경주시,경주시,21,37,0002060000000,N,2113702060000,129.243505207843,35.7378926872121,유물,불교조각,석조,불상,<![CDATA[경북 경주시 내남면 내외로 1090-80 (명계리)]]>,,B2,야외 석불·마애불·암각화,Y,1.5
시도유형문화유산,이씨삼강묘비,경북,경주시,이＊＊＊,21,37,0002230000000,N,2113702230000,129.252185530976,36.0441726781853,기록유산,서각류,금석각류,비,<![CDATA[경북 경주시 강동면 다산리 산58-1번지]]>,,EXCLUDE,서책·문서 — 실내 소장품,Y,1.5
시도유형문화유산,익재집책판,경북,경주시,이＊＊＊,21,37,0002330000000,N,2113702330000,129.209137,36.0099051,기록유산,서각류,목판각류,판목류,<![CDATA[경상북도  경주시]]>,,EXCLUDE,서책·문서 — 실내 소장품,Y,1.5
시도유형문화유산,영일 칠포리 암각화군,경북,포항시,포항시,21,37,0002490000000,N,2113702490000,129.388692965051,36.1413498757332,유물,일반조각,암벽조각,암각화,<![CDATA[경북 포항시 북구 흥해읍 칠포리 201번지 외]]>,청동기,B2,야외 석불·마애불·암각화,Y,1.5
시도유형문화유산,육의당,경북,경주시,최＊＊＊,21,37,0002630000000,N,2113702630000,129.279856657449,35.7296204064691,유적건조물,주거생활,주거건축,가옥,<![CDATA[경북 경주시 외동읍 제내길 245 (제내리)]]>,,B1,가옥·누정·서원·향교,Y,1.5
시도유형문화유산,삼괴정,경북,경주시,청안이씨문중,21,37,0002680000000,N,2113702680000,129.251781435931,36.0446715409157,유적건조물,주거생활,조경건축,누정,<![CDATA[경북 경주시 강동면 삼괴정길 14-19 (다산리)]]>,,B1,가옥·누정·서원·향교,Y,1.5
시도유형문화유산,최진립전적및유품,경북,경주시,최＊＊＊,21,37,0002800000000,N,2113702800000,129.1960088,35.7528654,기록유산,,,,<![CDATA[경상북도  경주시]]>,,EXCLUDE,서책·문서 — 실내 소장품,Y,1.5
시도유형문화유산,경수당종택,경북,영덕군,박＊＊＊,21,37,0002970000000,N,2113702970000,129.376547421101,36.5399930237082,유적건조물,주거생활,주거건축,가옥,<![CDATA[경북 영덕군 영해면 원구길 28-13 (원구리)]]>,,B1,가옥·누정·서원·향교,Y,1.5
시도유형문화유산,남성재,경북,포항시,영일정씨형양공파,21,37,0003020000000,N,2113703020000,129.35267164742,35.9735691414665,유적건조물,주거생활,주거건축,가옥,<![CDATA[경상북도 포항시 남구 남성안길 18-16 (대송면)]]>,,B1,가옥·누정·서원·향교,Y,1.5
시도유형문화유산,감산사석조비로자나불좌상,경북,경주시,감＊＊＊,21,37,0003180000000,N,2113703180000,129.3370834,35.766406,유물,불교조각,석조,불상,<![CDATA[경북 경주시 외동읍 괘릉리 6-2번지]]>,미상,B2,야외 석불·마애불·암각화,Y,1.5
시도유형문화유산,영해인량리주씨종택고문서,경북,영덕군,주경호,21,37,0003470000000,N,2113703470000,129.3677202,36.55377,기록유산,문서류,문서류,문서류,<![CDATA[경북 영덕군 창수면 인량5길 45-4 (인량리)]]>,,EXCLUDE,서책·문서 — 실내 소장품,Y,1.5
시도유형문화유산,평해북천교비,경북,울진군,울진군,21,37,0003610000000,N,2113703610000,129.464713035362,36.7486375939334,기록유산,서각류,금석각류,비,<![CDATA[경상북도 울진군 기성면 구산리 366-1 기성로 59-1 옆]]>,선조36년(1603년),EXCLUDE,서책·문서 — 실내 소장품,Y,1.5
시도유형문화유산,김언신 관련 고문서,경북,포항시,한국국학진흥원,21,37,0003640000000,N,2113703640000,129.2080958,36.069989,기록유산,문서류,민간문서,명문류,"<![CDATA[경상북도 안동시 퇴계로 1997 (도산면, 한국국학진흥원)]]>",,EXCLUDE,서책·문서 — 실내 소장품,Y,1.5
시도유형문화유산,포항 보경사 서운암 후불탱화 및 신중탱화,경북,포항시,보＊＊＊,21,37,0003670000000,N,2113703670000,129.3154907,36.2527123,유물,불교회화,탱화,기타,<![CDATA[경상북도  포항시]]>,,EXCLUDE,회화·공예·실내 조각 — 소장처 실내,Y,1.5
시도유형문화유산,영덕 우계당 소장 고지도,경북,영덕군,박＊＊＊,21,37,0003750000000,N,2113703750000,0,0,유물,과학기술,천문지리기구,지리,<![CDATA[경상북도  영덕군]]>,,EXCLUDE,회화·공예·실내 조각 — 소장처 실내,N,1.5
시도유형문화유산,문원공 회재 이언적 신도비,경북,경주시,옥＊＊＊,21,37,0003760000100,N,2113703760100,0,0,기록유산,서각류,금석각류,비,<![CDATA[경상북도  경주시]]>,,EXCLUDE,서책·문서 — 실내 소장품,N,1.5
시도유형문화유산,문원공 회재 이언적 신도비,경북,포항시,여강이씨존모회,21,37,0003760000200,N,2113703760200,129.2872626,36.0416729,기록유산,서각류,금석각류,비,<![CDATA[경상북도 포항시 남구 연일읍 달전리 산 81]]>,조선시대,EXCLUDE,서책·문서 — 실내 소장품,Y,1.5
시도유형문화유산,"양민공 손소 및 정부인 류씨의 묘비, 석인상",경북,포항시,경주손씨종친회,21,37,0003900000000,N,2113703900000,129.2854508,36.0416598,유물,일반조각,능묘조각,기타,<![CDATA[경상북도 포항시 남구 연일읍 달전리 산 80-3]]>,조선시대,EXCLUDE,회화·공예·실내 조각 — 소장처 실내,Y,1.5
시도유형문화유산,"경절공 손중돈 및 정부인 최씨의 묘비, 석인상",경북,포항시,경주손씨종친회,21,37,0003910000100,N,2113703910100,0,0,유적건조물,무덤,무덤,기타,<![CDATA[경상북도 포항시 남구 자명로321번길 104-12 (연일읍)]]>,조선시대,B3,고분·유적지·가마·봉수,N,1.5
시도유형문화유산,"경절공 손중돈 정부인 홍씨의 묘갈, 석인상",경북,포항시,경주손씨종친회,21,37,0003910000200,N,2113703910200,129.2897164,36.0445155,유물,일반조각,능묘조각,기타,<![CDATA[경상북도 포항시 남구 연일읍 달전리 산 84]]>,,EXCLUDE,회화·공예·실내 조각 — 소장처 실내,Y,1.5
시도유형문화유산,울진장씨고산성파소장고문서,경북,울진군,한＊＊＊,21,37,0003950000000,N,2113703950000,129.4002612,36.9937061,기록유산,문서류,문서류,문서류,<![CDATA[경상북도  울진군]]>,,EXCLUDE,서책·문서 — 실내 소장품,Y,1.5
시도유형문화유산,장백손교지,경북,울진군,한＊＊＊,21,37,0003960000000,N,2113703960000,129.400381,36.9934982,기록유산,문서류,관부문서,증빙류,<![CDATA[경상북도  울진군]]>,,EXCLUDE,서책·문서 — 실내 소장품,Y,1.5
시도유형문화유산,울진 불영사 불패,경북,울진군,대한불교조계종 불영사,21,37,0003980000000,N,2113703980000,129.2724853,36.9403295,유물,불교조각,목조,,"<![CDATA[경상북도 울진군 불영사길 48 (금강송면, 불영사)]]>",숙종 4년(1678년),EXCLUDE,회화·공예·실내 조각 — 소장처 실내,Y,1.5
시도유형문화유산,경주이씨 양월문중 소장고문서 및 전적,경북,경주시,경＊＊＊,21,37,0004010000000,N,2113704010000,0,0,기록유산,문서류,관부문서,소지류,<![CDATA[경상북도  경주시]]>,,EXCLUDE,서책·문서 — 실내 소장품,N,1.5
시도유형문화유산,포항 대성사 소장 금동여래좌상,경북,포항시,대성사,21,37,0004090000000,N,2113704090000,129.3493496,36.0355264,유물,불교조각,금속조,불상,"<![CDATA[경상북도 포항시 북구 용흥로 95-17 (용흥동, 대성사)]]>",,EXCLUDE,회화·공예·실내 조각 — 소장처 실내,Y,1.5
시도유형문화유산,신라 경순왕 영정,경북,경주시,신라숭혜전보존회,21,37,0004100000000,N,2113704100000,0,0,유물,일반회화,인물화,초상화,"<![CDATA[경상북도 경주시 포석로 1050 (황남동, (국립경주박물관 보관)) 39-11]]>",,EXCLUDE,회화·공예·실내 조각 — 소장처 실내,N,1.5
시도유형문화유산,포항 합천이씨 전서공파 소장 유물,경북,포항시,이＊＊＊,21,37,0004140000000,N,2113704140000,129.3201929,36.0076374,기록유산,전적류,전적류,전적류,<![CDATA[경상북도  포항시]]>,,EXCLUDE,서책·문서 — 실내 소장품,Y,1.5
시도유형문화유산,울진 불영사 신중탱화,경북,울진군,대한불교조계종 불영사,21,37,0004230000000,N,2113704230000,129.2724853,36.9403295,유물,불교회화,탱화,기타,"<![CDATA[경상북도 울진군 불영사길 48 (금강송면, 불영사)]]>",11년(1860년),EXCLUDE,회화·공예·실내 조각 — 소장처 실내,Y,1.5
시도유형문화유산,울진 대풍헌 현판 일괄,경북,울진군,구＊＊＊,21,37,0004410000000,N,2113704410000,0,0,기록유산,서각류,목판각류,현판류,<![CDATA[경상북도  울진군]]>,1851-1906,EXCLUDE,서책·문서 — 실내 소장품,N,1.5
시도유형문화유산,불국사 당간지주,경북,경주시,불국사,21,37,0004460000000,N,2113704460000,129.331727672155,35.7894333924639,유적건조물,종교신앙,불교,당간,"<![CDATA[경상북도 경주시 불국로 385 (진현동, 불국사)]]>",,B2,석조물,Y,1.5
시도유형문화유산,경주남산 국사곡 제4사지 삼층석탑,경북,경주시,경주시,21,37,0004470000000,N,2113704470000,129.234309944177,35.7945750805116,유적건조물,종교신앙,불교,탑,<![CDATA[경상북도 경주시 남산동 산 37-1]]>,,B2,석조물,Y,1.5
시도유형문화유산,경주남산 비파곡 제2사지 삼층석탑,경북,경주시,경주시,21,37,0004480000000,N,2113704480000,129.213827142392,35.7842208480674,유적건조물,종교신앙,불교,탑,<![CDATA[]]>,,B2,석조물,Y,1.5
시도유형문화유산,경주남산 지암곡 제3사지 삼층석탑,경북,경주시,경주시,21,37,0004490000000,N,2113704490000,129.229828185623,35.7892189878972,유적건조물,종교신앙,불교,탑,<![CDATA[경상북도 경주시 남산동 산 35]]>,,B2,석조물,Y,1.5
시도유형문화유산,포항 흥해향교 대성전,경북,포항시,경북향교재단,21,37,0004510000000,N,2113704510000,129.343072731668,36.1096345974298,유적건조물,교육문화,교육기관,향교,"<![CDATA[경상북도 포항시 북구 동해대로1530번길 1-3 (흥해읍, 흥해향교)]]>",,B1,가옥·누정·서원·향교,Y,1.5
시도유형문화유산,포항 오어사 대웅전,경북,포항시,오어사,21,37,0004520000000,N,2113704520000,129.368947272324,35.9263590247363,유적건조물,종교신앙,불교,불전,<![CDATA[경상북도 포항시 남구 오어로 1 (오천읍)]]>,조선시대,B1,사찰·불전·교회 등 경내 건축,Y,1.5
시도유형문화유산,포항 보경사 대웅전,경북,포항시,보경사,21,37,0004610000000,N,2113704610000,129.317830537739,36.2524683628791,유적건조물,종교신앙,불교,불전,"<![CDATA[경상북도 포항시 북구 보경로 523 (송라면, 보경사)]]>",,B1,사찰·불전·교회 등 경내 건축,Y,1.5
시도유형문화유산,포항 우각리 여주이씨 고택,경북,포항시,이＊＊＊,21,37,0004620000000,N,2113704620000,129.258123123912,36.115333851674,유적건조물,주거생활,주거건축,가옥,<![CDATA[경상북도 포항시 북구 비학로696번길 15 (신광면)]]>,,B1,가옥·누정·서원·향교,Y,1.5
시도유형문화유산,포항 보경사 서운암 부도군,경북,포항시,보경사,21,37,0004780000000,N,2113704780000,129.315425967794,36.2531522691087,유적건조물,종교신앙,불교,탑,<![CDATA[경상북도 포항시 북구 보경로 521 (송라면)]]>,,B2,석조물,Y,1.5
시도유형문화유산,울진 광흥사  소장 명양경,경북,울진군,대한불교조계종 광흥사,21,37,0004800000000,N,2113704800000,0,0,기록유산,전적류,목판본,사찰본,<![CDATA[경상북도 울진군 온정면 덕산리 1135]]>,,EXCLUDE,서책·문서 — 실내 소장품,N,1.5
시도유형문화유산,경주 숭덕전 제기,경북,경주시,신＊＊＊,21,37,0004860000000,N,2113704860000,0,0,유물,기타종교공예,유교공예,의례용구,<![CDATA[경상북도  경주시]]>,,EXCLUDE,회화·공예·실내 조각 — 소장처 실내,N,1.5
시도유형문화유산,포항 오어사 목조석가여래삼불좌상,경북,포항시,,21,37,0004980000000,N,2113704980000,0,0,유물,불교조각,목조,불상,<![CDATA[경상북도 포항시 남구 오어로 1 (오천읍)]]>,,EXCLUDE,회화·공예·실내 조각 — 소장처 실내,N,1.5
시도유형문화유산,여주이씨 수졸당파 문중 전적 및 고문서,경북,경주시,이동진,21,37,0004990000000,N,2113704990000,0,0,기록유산,전적류,전적류,전적류,<![CDATA[경상북도 경주시 단구안계길 164-8 (강동면)]]>,,EXCLUDE,서책·문서 — 실내 소장품,N,1.5
시도유형문화유산,포항 보경사 적광전 소조비로자나삼존불좌상,경북,포항시,,21,37,0005140000000,N,2113705140000,0,0,유물,불교조각,소조,불상,"<![CDATA[경상북도 포항시 북구 보경로 523 (송라면, 보경사)]]>",,EXCLUDE,회화·공예·실내 조각 — 소장처 실내,N,1.5
시도유형문화유산,경주 송선리 마애불,경북,경주시,경주시,21,37,0005150000000,N,2113705150000,0,0,유적건조물,종교신앙,불교,기타,<![CDATA[경상북도 경주시 건천읍 송선리 산 44]]>,,B1,사찰·불전·교회 등 경내 건축,N,1.5
시도유형문화유산,경주 알천제방수개기,경북,경주시,경주시,21,37,0005160000000,N,2113705160000,0,0,유적건조물,산업생산,농업,관개시설,<![CDATA[경상북도 경주시 동천동 988]]>,,B3,고분·유적지·가마·봉수,N,1.5
시도유형문화유산,울진광흥사 대웅전 판벽화 및 기타부재,경북,울진군,대한불교조계종 광흥사,21,37,0005200000000,N,2113705200000,0,0,등록문화유산,기타,동산,,"<![CDATA[경상북도 울진군 원덕산길 392 (온정면, 광흥사)]]>",,B1,근대 건축물 다수,N,1.5
시도유형문화유산,최벽 관련 고문헌,경북,경주시,최＊＊＊,21,37,0005500000000,N,2113705500000,0,0,기록유산,전적류,,,"<![CDATA[경기도 수원시 팔달구 창룡대로 21 (매향동, 수원화성박물관) 기탁보관]]>",조선시대 중기,EXCLUDE,서책·문서 — 실내 소장품,N,1.5
시도유형문화유산,포항 죽림사 육경합부,경북,포항시,죽＊＊＊,21,37,0005530000000,N,2113705530000,0,0,기록유산,전적류,목판본,사찰본,<![CDATA[경상북도  포항시]]>,1464년(세조 10) 조성,EXCLUDE,서책·문서 — 실내 소장품,N,1.5
시도유형문화유산,경주 남산 포석곡 제6사지 오층석탑,경북,경주시,경＊＊＊,21,37,0005550000000,N,2113705550000,0,0,유적건조물,종교신앙,불교,탑,<![CDATA[경상북도  경주시]]>,통일신라 후기에서 고려시대로 넘어가는 즈음에 제작된 과도기적 양식,B2,석조물,N,1.5
시도유형문화유산,경주 길상사 소장 칠성도,경북,경주시,길＊＊＊,21,37,0005610000000,N,2113705610000,0,0,유물,불교회화,탱화,기타,<![CDATA[경상북도  경주시]]>,조선후기(19세기),EXCLUDE,회화·공예·실내 조각 — 소장처 실내,N,1.5
시도유형문화유산,영덕 장육사 대웅전 벽화,경북,영덕군,장육사,21,37,0005630000000,N,2113705630000,0,0,유물,불교회화,벽화,판벽화,<![CDATA[경상북도 영덕군 장육사1길 172 (창수면)]]>,조선시대,EXCLUDE,회화·공예·실내 조각 — 소장처 실내,N,1.5
시도유형문화유산,포항 광덕사 소장 선종영가집,경북,포항시,광＊＊＊,21,37,0005640000000,N,2113705640000,0,0,기록유산,전적류,목판본,사간본,<![CDATA[경상북도  포항시]]>,조선 중기,EXCLUDE,서책·문서 — 실내 소장품,N,1.5
시도유형문화유산,경주 최진립 신도비,경북,경주시,월＊＊＊,21,37,0005660000000,N,2113705660000,0,0,유적건조물,,,,<![CDATA[경상북도  경주시]]>,조선시대,REVIEW,미매핑 중분류: (공란),N,1.5
시도유형문화유산,경주 최진립 정려비,경북,경주시,월＊＊＊,21,37,0005670000000,N,2113705670000,0,0,유적건조물,,,,<![CDATA[경상북도  경주시]]>,조선시대,REVIEW,미매핑 중분류: (공란),N,1.5
시도유형문화유산,포항 원법사 소장 대혜보각선사서,경북,포항시,원＊＊＊,21,37,0005760000000,N,2113705760000,0,0,기록유산,전적류,목판본,사찰본,<![CDATA[경상북도  포항시]]>,조선시대,EXCLUDE,서책·문서 — 실내 소장품,N,1.5
시도유형문화유산,포항 원법사 소장 사리불아비담론 권제30,경북,포항시,대＊＊＊,21,37,0005780000000,N,2113705780000,0,0,기록유산,전적류,목판본,사찰본,<![CDATA[경상북도  포항시]]>,조선시대,EXCLUDE,서책·문서 — 실내 소장품,N,1.5
시도유형문화유산,포항 법광사지 삼층석탑,경북,포항시,포항시,21,37,0005820000000,N,2113705820000,0,0,유적건조물,종교신앙,불교,탑,<![CDATA[경상북도 포항시 북구 신광면 상읍리 874-3]]>,통일신라,B2,석조물,N,1.5
시도유형문화유산,경주 방어리 상동계 문서,경북,경주시,상＊＊＊,21,37,0005830000000,N,2113705830000,0,0,기록유산,문서류,문서류,문서류,<![CDATA[경상북도  경주시]]>,조선,EXCLUDE,서책·문서 — 실내 소장품,N,1.5
시도유형문화유산,울진 수진사 신중도,경북,울진군,수＊＊＊,21,37,0005900000000,N,2113705900000,0,0,유물,불교회화,탱화,기타,<![CDATA[경상북도  울진군]]>,1803년(순조 3년),EXCLUDE,회화·공예·실내 조각 — 소장처 실내,N,1.5
시도유형문화유산,경주 백운암 목조보살좌상 및 복장유물,경북,경주시,이＊＊＊,21,37,0005920000000,N,2113705920000,0,0,유물,,,,<![CDATA[경상북도  경주시]]>,조선,EXCLUDE,회화·공예·실내 조각 — 소장처 실내,N,1.5
시도유형문화유산,경주 백운암 소장 묘법연화경,경북,경주시,이＊＊＊,21,37,0005930000000,N,2113705930000,0,0,기록유산,전적류,,,<![CDATA[경상북도  경주시]]>,조선,EXCLUDE,서책·문서 — 실내 소장품,N,1.5
시도유형문화유산,경주 이요당,경북,경주시,임＊＊＊,21,37,0005980000000,N,2113705980000,0,0,유적건조물,주거생활,주거건축,가옥,<![CDATA[경상북도  경주시]]>,조선,B1,가옥·누정·서원·향교,N,1.5
시도유형문화유산,지장시왕도,경북,경주시,박＊＊＊,21,37,0005990000000,N,2113705990000,0,0,유물,불교회화,,,<![CDATA[경상북도  경주시]]>,조선,EXCLUDE,회화·공예·실내 조각 — 소장처 실내,N,1.5
시도유형문화유산,대방광원각수다라요의경,경북,경주시,대＊＊＊,21,37,0006000000000,N,2113706000000,0,0,기록유산,전적류,,,<![CDATA[경상북도  경주시]]>,조선,EXCLUDE,서책·문서 — 실내 소장품,N,1.5
시도유형문화유산,대불정여래밀인수증요의제 보살만행수능엄경,경북,경주시,대＊＊＊,21,37,0006010000000,N,2113706010000,0,0,기록유산,전적류,,,<![CDATA[경상북도  경주시]]>,조선,EXCLUDE,서책·문서 — 실내 소장품,N,1.5
시도유형문화유산,경주 남산 탑곡 제2사지 삼층석탑,경북,경주시,경＊＊＊,21,37,0006030000000,N,2113706030000,0,0,유적건조물,종교신앙,불교,탑,<![CDATA[경상북도  경주시]]>,통일신라시대,B2,석조물,N,1.5
시도유형문화유산,경주 불국사 극락전 앞 석등과 봉로대,경북,경주시,대＊＊＊,21,37,0006070000000,N,2113706070000,0,0,유적건조물,종교신앙,불교,석등,"<![CDATA[경상북도 경주시 불국로 385 (진현동, 불국사)]]>",통일신라시대,B1,사찰·불전·교회 등 경내 건축,N,1.5
시도유형문화유산,경주 사천왕사지 당간지주,경북,경주시,경＊＊＊,21,37,0006080000000,N,2113706080000,0,0,유적건조물,종교신앙,불교,당간,<![CDATA[경상북도 경주시 배반동 949-2]]>,통일신라시대,B2,석조물,N,1.5
시도유형문화유산,경주 마석산 삼층석탑,경북,경주시,경＊＊＊,21,37,0006220000000,N,2112603240001,0,0,유적건조물,종교신앙,불교,탑,<![CDATA[경상북도 경주시 내남면 노곡리 산 75 ]]>,통일신라,B2,석조물,N,1.5
시도무형유산,영덕별신굿,경북,영덕군,,22,37,0000030000000,N,2223700030000,0,0,무형유산,전통 놀이·무예,놀이,,<![CDATA[경상북도  영덕군]]>,,EXCLUDE,무형유산 — 장소 경험 아님,N,1.0
시도무형유산,가야금병창,경북,경주시,,22,37,0000190000000,N,2223700190000,0,0,무형유산,,,,<![CDATA[경상북도  경주시]]>,,EXCLUDE,무형유산 — 장소 경험 아님,N,1.0
시도무형유산,영덕 옹기장,경북,영덕군,,22,37,0000250000200,N,2223700250200,0,0,무형유산,전통기술,공예,,<![CDATA[경상북도  영덕군]]>,,EXCLUDE,무형유산 — 장소 경험 아님,N,1.0
시도무형유산,가곡,경북,경주시,,22,37,0000280000000,N,2223700280000,0,0,무형유산,,,,<![CDATA[경상북도  경주시]]>,,EXCLUDE,무형유산 — 장소 경험 아님,N,1.0
시도무형유산,판소리흥보가,경북,경주시,,22,37,0000340000000,N,2223700340000,0,0,무형유산,,,,<![CDATA[경상북도  경주시]]>,,EXCLUDE,무형유산 — 장소 경험 아님,N,1.0
시도무형유산,영덕 월월이청청,경북,영덕군,,22,37,0000360000000,N,2223700360000,0,0,무형유산,전통 놀이·무예,놀이,,<![CDATA[경상북도  영덕군]]>,,EXCLUDE,무형유산 — 장소 경험 아님,N,1.0
시도무형유산,경주 와장,경북,경주시,,22,37,0000430000000,N,2223700430000,0,0,무형유산,전통기술,건축,,<![CDATA[경상북도  경주시]]>,,EXCLUDE,무형유산 — 장소 경험 아님,N,1.0
시도무형유산,포항 궁시장,경북,포항시,,22,37,0000440000000,N,2223700440000,0,0,무형유산,전통기술,공예,,<![CDATA[경상북도  포항시]]>,,EXCLUDE,무형유산 — 장소 경험 아님,N,1.0
시도무형유산,경주 석장,경북,경주시,,22,37,0000490000000,N,2223700490000,0,0,무형유산,전통기술,공예,,<![CDATA[경상북도  경주시]]>,,EXCLUDE,무형유산 — 장소 경험 아님,N,1.0
시도무형유산,영덕 토염,경북,영덕군,,22,37,0000500000000,N,2223700500000,0,0,무형유산,전통지식,생산지식,,<![CDATA[경상북도  영덕군]]>,,EXCLUDE,무형유산 — 장소 경험 아님,N,1.0
시도무형유산,경주 숭덕전 제례,경북,경주시,,22,37,0000510000000,N,2223700510000,0,0,무형유산,의례·의식,그 밖의 의식·의례,,<![CDATA[경상북도  경주시]]>,,EXCLUDE,무형유산 — 장소 경험 아님,N,1.0
시도무형유산,포항 침선장,경북,포항시,,22,37,0000520000000,N,2223700520000,0,0,무형유산,전통기술,공예,,<![CDATA[경상북도  포항시]]>,,EXCLUDE,무형유산 — 장소 경험 아님,N,1.0
시도무형유산,포항 흥해농요,경북,포항시,,22,37,0000530000000,N,2222501060001,0,0,무형유산,전통 공연·예술,음악,,<![CDATA[경상북도 포항시 ]]>,,EXCLUDE,무형유산 — 장소 경험 아님,N,1.0
시도기념물,서악서원,경북,경주시,서악서원,23,37,0000190000000,N,2333700190000,129.188605075996,35.8275688619606,유적건조물,교육문화,교육기관,서원,<![CDATA[경북 경주시 서악2길 23 (서악동)]]>,,B1,가옥·누정·서원·향교,Y,1.5
시도기념물,경주간묘,경북,경주시,경주시,23,37,0000310000000,N,2333700310000,129.2149157,35.8644778,유적건조물,무덤,무덤,기타,<![CDATA[경북 경주시 황성동 471번지]]>,,B3,고분·유적지·가마·봉수,Y,1.5
시도기념물,김인문묘,경북,경주시,경주시,23,37,0000320000000,N,2333700320000,129.1895626,35.8249435,유적건조물,무덤,무덤,기타,<![CDATA[경북 경주시 서악동 1006-1번지]]>,,B3,고분·유적지·가마·봉수,Y,1.5
시도기념물,김양묘,경북,경주시,경주시,23,37,0000330000000,N,2333700330000,129.1895626,35.8249435,유적건조물,무덤,무덤,기타,<![CDATA[경북 경주시 서악동 1006-1번지]]>,,B3,고분·유적지·가마·봉수,Y,1.5
시도기념물,경주능지탑지,경북,경주시,중생사,23,37,0000340000000,N,2333700340000,0,0,유적건조물,인물사건,역사사건,역사사건,<![CDATA[경북 경주시 배반동 621-1번지]]>,,B3,탄생지·생활유적 등 터,N,1.5
시도기념물,영덕대소산봉수대,경북,영덕군,영덕군,23,37,0000370000000,N,2333700370000,129.432460060846,36.5183883963264,유적건조물,교통통신,통신,봉수,<![CDATA[경북 영덕군 축산면 도곡리 산20번지 외 3필]]>,,B3,고분·유적지·가마·봉수,Y,1.5
시도기념물,호미곶 등대,경북,포항시,포항지방해양항만청,23,37,0000390000000,N,2333700390000,129.569176755945,36.0773278737595,유적건조물,교통통신,근대교통·통신시설,해운,<![CDATA[경상북도 포항시 남구 호미곶길 99 (호미곶면)]]>,대한제국,B3,고분·유적지·가마·봉수,Y,1.5
시도기념물,상서장,경북,경주시,최치원유적보존회,23,37,0000460000000,N,2333700460000,129.2247576,35.8246562,유적건조물,인물사건,인물기념,사우,"<![CDATA[경북 경주시 서라벌대로 105-12, 외 임야 11필 (인왕동)]]>",,B1,사우 건물,Y,1.5
시도기념물,경주표암,경북,경주시,경주이씨표암화수회,23,37,0000540000000,N,2333700540000,129.231197554639,35.8529858531539,유적건조물,인물사건,역사사건,역사사건,<![CDATA[경북 경주시 동천동 507-7번지 49필]]>,,B3,탄생지·생활유적 등 터,Y,1.5
시도기념물,입암서원 일원,경북,포항시,입암서원,23,37,0000700000000,N,2333700700000,129.103267401529,36.1640761662027,유적건조물,교육문화,교육기관,서원,<![CDATA[경상북도 포항시 북구 죽장로 87 (죽장면)]]>,,B1,가옥·누정·서원·향교,Y,1.5
시도기념물,석탈해왕탄강유허,경북,경주시,한국수력원자력㈜,23,37,0000790000000,N,2333700790000,129.468735483726,35.7055081787951,유적건조물,인물사건,인물기념,순절지,<![CDATA[경북 경주시 양남면 나아리 538-1번지 7필]]>,,B3,탄생지·생활유적 등 터,Y,1.5
시도기념물,갈암종택,경북,영덕군,이＊＊＊,23,37,0000840000000,N,2333700840000,129.368193083489,36.5514455465228,유적건조물,인물사건,인물기념,생활유적,<![CDATA[경북 영덕군 창수면 인량6길 12-23 (인량리)]]>,,B3,탄생지·생활유적 등 터,Y,1.5
시도기념물,종오정일원,경북,경주시,문효공자희옹선생유적보존회,23,37,0000850000000,N,2333700850000,129.293602026383,35.8618790860687,유적건조물,인물사건,역사사건,역사사건,<![CDATA[경북 경주시 손곡동 375외 5필]]>,,B3,탄생지·생활유적 등 터,Y,1.5
시도기념물,신돌석장군생가지,경북,영덕군,영＊＊＊,23,37,0000870000000,N,2333700870000,129.394698776668,36.5140127213433,유적건조물,인물사건,인물기념,탄생지,<![CDATA[경북 영덕군 축산면 도곡리 528-1번지]]>,,B3,탄생지·생활유적 등 터,Y,1.5
시도기념물,용산서원,경북,경주시,최＊＊＊,23,37,0000880000000,N,2333700880000,129.208731807724,35.7527706294447,유적건조물,교육문화,교육기관,서원,<![CDATA[경북 경주시 내남면 이조리 659외 2필]]>,,B1,가옥·누정·서원·향교,Y,1.5
시도기념물,영일 냉수리 고분,경북,포항시,포항시,23,37,0000950000000,N,2333700950000,129.250801442948,36.0870711690784,유적건조물,무덤,무덤,고분군,<![CDATA[경북 포항시 북구 신광면 냉수리 산78-3번지 외 5필]]>,삼국시대,B3,고분·유적지·가마·봉수,Y,1.5
시도기념물,남미질부성,경북,포항시,"포항시,법인,개인",23,37,0000960000000,N,2333700960000,129.350602874721,36.1056587122968,유적건조물,정치국방,성,성곽,"<![CDATA[경북 포항시 북구 흥해읍 남성리, 망천리, 중성리 일원]]>",,B3,성곽·성지,Y,1.5
시도기념물,경주석장동암각화,경북,경주시,경주시,23,37,0000980000000,N,2333700980000,129.200425641165,35.8612832137205,유물,일반조각,암벽조각,암각화,<![CDATA[경북 경주시 석장동 산38-1번지]]>,,B2,야외 석불·마애불·암각화,Y,1.5
시도기념물,수봉정,경북,경주시,이＊＊＊,23,37,0001020000000,N,2333701020000,129.32329706416,35.7633630476988,유적건조물,주거생활,조경건축,누정,<![CDATA[경북 경주시 외동읍 괘릉리]]>,,B1,가옥·누정·서원·향교,Y,1.5
시도기념물,동강서원,경북,경주시,손＊＊＊,23,37,0001140000000,N,2333701140000,129.291934834275,35.9990632350644,유적건조물,교육문화,교육기관,서원,"<![CDATA[경북 경주시 강동면 유금강정길 40-25, 3필 (유금리)]]>",,B1,가옥·누정·서원·향교,Y,1.5
시도기념물,경주손순유허,경북,경주시,월성손씨세번공파후손종중,23,37,0001150000000,N,2333701150000,129.179151911152,35.8923199360642,유적건조물,인물사건,인물기념,순절지,<![CDATA[경북 경주시 현곡면 소현리 623번지]]>,,B3,탄생지·생활유적 등 터,Y,1.5
시도기념물,영일 일월지,경북,포항시,해병대제1사단,23,37,0001200000000,N,2333701200000,129.425933099116,35.9774200857678,유적건조물,종교신앙,구비전승지,구비전승지,<![CDATA[경북 포항시 남구 오천읍 용덕리 일원]]>,-,B1,사찰·불전·교회 등 경내 건축,Y,1.5
시도기념물,전홍유후설총묘,경북,경주시,경주순창설씨대종회,23,37,0001300000000,N,2333701300000,129.255396502909,35.8317600826299,유적건조물,무덤,무덤,기타,<![CDATA[경북 경주시 보문동 423번지]]>,,B3,고분·유적지·가마·봉수,Y,1.5
시도기념물,울진죽변등대,경북,울진군,포항지방해양수산청,23,37,0001540000000,N,2333701540000,129.429494680868,37.0582023970297,유적건조물,교통통신,근대교통·통신시설,해운,<![CDATA[경상북도 울진군 등대길 52 (죽변면)]]>,1910년,B3,고분·유적지·가마·봉수,Y,1.5
시도기념물,울진 대풍헌,경북,울진군,울진군,23,37,0001650000000,N,2333701650000,129.470255399292,36.7612272892711,유적건조물,주거생활,주거건축,주거시설,"<![CDATA[경상북도 울진군 구산봉산로 105-2 (기성면, 대풍헌 기성구산동회관)]]>",2년(1851년) 중수,B1,가옥·누정·서원·향교,Y,1.5
시도기념물,경주부 관아건물,경북,경주시,경주시,23,37,0001770000000,N,2333701770000,0,0,유적건조물,정치국방,궁궐·관아,관아,"<![CDATA[경상북도 경주시 중앙로 67-12 (동부동, 경주문화원)]]>",조선시대 중기~후기,B1,관아 건물,N,1.5
시도기념물,영덕 광산봉수,경북,영덕군,영＊＊＊,23,37,0001850000000,N,2333701850000,0,0,유적건조물,교통통신,통신,봉수,<![CDATA[경상북도 영덕군 영해면 대리 산 154-1]]>,조선,B3,고분·유적지·가마·봉수,N,1.5
시도기념물,경주 동학 발상지,경북,경주시,재＊＊＊,23,37,0001860000000,N,2333701860000,0,0,유적건조물,종교신앙,민족종교,천도교,<![CDATA[경상북도 경주시 현곡면 가정리 산 63-1 ]]>,근대,B1,사찰·불전·교회 등 경내 건축,N,1.5
시도민속문화유산,양동대성헌,경북,경주시,이＊＊＊,24,37,0000340000000,N,2443700340000,129.2519545,36.0024641,,,,,<![CDATA[경북 경주시 강동면 양동마을안길 32-11 (양동리)]]>,,REVIEW,미매핑 대분류: (공란),Y,1.5
시도민속문화유산,인양리용암종택,경북,영덕군,김＊＊＊,24,37,0000610000000,N,2443700610000,129.374367779801,36.5540386116769,유적건조물,주거생활,주거건축,가옥,<![CDATA[경북 영덕군 창수면 인량1길 11-4 (인량리)]]>,,B1,가옥·누정·서원·향교,Y,1.5
시도민속문화유산,목조문무인상,경북,경주시,윤＊＊＊,24,37,0000730000000,N,2443700730000,129.2966905,35.990154,유물,기타종교조각,민간신앙조각,목조,<![CDATA[경북 경주시 강동면 국당길 283 (국당리)]]>,조선후기,EXCLUDE,회화·공예·실내 조각 — 소장처 실내,Y,1.5
시도민속문화유산,영양남씨괴시파종택,경북,영덕군,남＊＊＊,24,37,0000750000000,N,2443700750000,129.41680177689,36.5433641158165,유적건조물,주거생활,주거건축,가옥,<![CDATA[경북 영덕군 영해면 호지마을1길 18-3 (괴시리)]]>,,B1,가옥·누정·서원·향교,Y,1.5
시도민속문화유산,포항 오덕리 애은당 고택,경북,포항시,이동우,24,37,0000800000000,N,2443700800000,129.186113174173,36.1667954928445,유적건조물,주거생활,주거건축,가옥,<![CDATA[경북 포항시 북구 기북면 덕동문화길 31 (오덕리)]]>,조선시대,B1,가옥·누정·서원·향교,Y,1.5
시도민속문화유산,포항 오덕리 사우정 고택,경북,포항시,이희태,24,37,0000810000000,N,2443700810000,129.186287012704,36.1684569661828,유적건조물,주거생활,주거건축,가옥,<![CDATA[경북 포항시 북구 기북면 덕동문화길 48-5 (오덕리)]]>,조선시대,B1,가옥·누정·서원·향교,Y,1.5
시도민속문화유산,영덕도곡동충효당,경북,영덕군,박＊＊＊,24,37,0000830000000,N,2443700830000,129.412130773804,36.5106281729318,유적건조물,주거생활,주거건축,가옥,"<![CDATA[경상북도 영덕군 도곡길 41-4 (축산면, 도곡동충효당)]]>",조선 중기 (광해군 12년) 주택,B1,가옥·누정·서원·향교,Y,1.5
시도민속문화유산,면운재고택 및 별묘,경북,영덕군,이인희,24,37,0000960000000,N,2443700960000,129.322580804657,36.6115725222298,유적건조물,주거생활,주거건축,가옥,<![CDATA[경북 영덕군 창수면 오촌3길 3 (오촌리)]]>,,B1,가옥·누정·서원·향교,Y,1.5
시도민속문화유산,충의당,경북,경주시,최＊＊＊,24,37,0000990000000,N,2443700990000,129.196015789342,35.75289786591,유적건조물,주거생활,주거건축,가옥,<![CDATA[경북 경주시 내남면 이조3길 28-17 (이조리)]]>,,B1,가옥·누정·서원·향교,Y,1.5
시도민속문화유산,경주김씨눌곡종택,경북,영덕군,김인식,24,37,0001190000000,N,2443701190000,129.286157272001,36.4341773960213,유적건조물,주거생활,주거건축,가옥,<![CDATA[경북 영덕군 지품면 눌곡길 145-5 (눌곡리)]]>,1600년경,B1,가옥·누정·서원·향교,Y,1.5
시도민속문화유산,곡강고택,경북,영덕군,권＊＊＊,24,37,0001230000000,N,2443701230000,129.36406110742,36.5417058303838,유적건조물,주거생활,주거건축,가옥,"<![CDATA[경북 영덕군 영해면 창수영해로 188-1, 외 (원구리)]]>",조선시대,B1,가옥·누정·서원·향교,Y,1.5
시도민속문화유산,포항 달전재사,경북,포항시,여＊＊＊,24,37,0001430000000,N,2443701430000,129.288920999004,36.0420473822037,유적건조물,주거생활,주거건축,가옥,<![CDATA[경상북도 포항시 남구 새마을로766번길 59 (연일읍)]]>,,B1,가옥·누정·서원·향교,Y,1.5
시도민속문화유산,포항 하학재,경북,포항시,경주손씨대종회,24,37,0001440000000,N,2443701440000,129.290053364214,36.0288263780671,유적건조물,주거생활,주거건축,가옥,<![CDATA[경상북도 포항시 남구 자명로321번길 88-57 (연일읍)]]>,1660년,B1,가옥·누정·서원·향교,Y,1.5
시도민속문화유산,울진 평해황씨 해월종택,경북,울진군,황의석,24,37,0001560000000,N,2443701560000,129.439853743761,36.8299850360171,유적건조물,주거생활,주거건축,가옥,"<![CDATA[경상북도 울진군 해월헌길 70 (기성면, 해월헌)]]>",,B1,가옥·누정·서원·향교,Y,1.5
시도민속문화유산,포항 여연당 고택,경북,포항시,이＊＊＊,24,37,0001580000000,N,2443701580000,129.18602685953,36.1683605723702,유적건조물,주거생활,주거건축,가옥,<![CDATA[경상북도 포항시 북구 덕동문화길 48-3 (기북면)]]>,조선시대,B1,가옥·누정·서원·향교,Y,1.5
시도민속문화유산,영덕 괴시동 대남댁,경북,영덕군,남＊＊＊,24,37,0001680000000,N,2443701680000,129.417178591125,36.5444829421647,유적건조물,주거생활,주거건축,가옥,<![CDATA[경상북도 영덕군 영해면 괴시리 353]]>,조선시대 가옥,B1,가옥·누정·서원·향교,Y,1.5
시도민속문화유산,영덕 괴시동 물소와고택,경북,영덕군,남인대,24,37,0001690000000,N,2443701690000,129.416506978625,36.5434751796346,유적건조물,주거생활,주거건축,가옥,<![CDATA[경상북도 영덕군 영해면 괴시리 334]]>,,B1,가옥·누정·서원·향교,Y,1.5
시도민속문화유산,영덕 괴시동 해촌고택,경북,영덕군,남병태,24,37,0001700000000,N,2443701700000,129.417179851976,36.5442360203471,유적건조물,주거생활,주거건축,가옥,<![CDATA[경상북도 영덕군 영해면 괴시리 352]]>,,B1,가옥·누정·서원·향교,Y,1.5
시도민속문화유산,영덕 우계종택,경북,영덕군,이혁희,24,37,0001840000000,N,2443701840000,129.366561689626,36.5526854282764,유적건조물,주거생활,주거건축,가옥,<![CDATA[경상북도 영덕군 인량6길 32 (창수면)]]>,조선 선조40년(1607년),B1,가옥·누정·서원·향교,Y,1.5
시도민속문화유산,영덕 송천세려고택,경북,영덕군,권종걸,24,37,0001890000000,N,2443701890000,129.404014481865,36.5567439501527,유적건조물,주거생활,주거건축,가옥,"<![CDATA[경상북도 영덕군 송천1길 22-16 (병곡면, 송천세려고택)]]>",,B1,가옥·누정·서원·향교,Y,1.5
시도민속문화유산,영덕 삼벽당,경북,영덕군,이원창,24,37,0001900000000,N,2443701900000,129.374640521938,36.5548513832482,유적건조물,주거생활,주거건축,가옥,"<![CDATA[경상북도 영덕군 인량1길 21-2 (창수면, 영덕삼벽당)]]>",,B1,가옥·누정·서원·향교,Y,1.5
시도민속문화유산,영덕 동애고택,경북,영덕군,이＊＊＊,24,37,0001930000000,N,2443701930000,0,0,유적건조물,주거생활,주거건축,가옥,<![CDATA[경상북도  영덕군]]>,조선시대,B1,가옥·누정·서원·향교,N,1.5
시도등록문화유산,경주 산구의원,경북,경주시,경＊＊＊,25,37,0000050000000,N,4422604150001,0,0,등록문화유산,기타,의료시설,,<![CDATA[경상북도 경주시 중앙로  68(동부동) ]]>,1930년대,B1,근대 건축물 다수,N,1.0
문화유산자료,영덕 경렴정,경북,영덕군,무＊＊＊,31,37,0000000000000,N,3412607020001,0,0,유적건조물,주거생활,주거건축,가옥,<![CDATA[경상북도 영덕군 도곡길  41-21(축산면) ]]>,조선시대 정자,B1,가옥·누정·서원·향교,N,1.0
문화유산자료,연일향교 대성전,경북,포항시,연일향교,31,37,0000010000000,N,3413700010000,129.323576052334,36.0065815998926,유적건조물,교육문화,교육기관,향교,<![CDATA[경북 포항시 남구 유동길48번길 5 (효자동)]]>,조선시대,B1,가옥·누정·서원·향교,Y,1.0
문화유산자료,경주사마소,경북,경주시,경주시,31,37,0000020000000,N,3413700020000,129.21417286165,35.8293641328026,유적건조물,정치국방,궁궐·관아,관아,<![CDATA[경북 경주시 재매정길 47 (교동)]]>,,B1,관아 건물,Y,1.0
문화유산자료,동경관,경북,경주시,경주시,31,37,0000030000000,N,3413700030000,129.212394380259,35.8456466371558,유적건조물,정치국방,궁궐·관아,관아,<![CDATA[경북 경주시 중앙로 64 (동부동)]]>,,B1,관아 건물,Y,1.0
문화유산자료,백률사대웅전,경북,경주시,백률사,31,37,0000040000000,N,3413700040000,129.231422187479,35.8588737042551,유적건조물,종교신앙,불교,불전,<![CDATA[경북 경주시 산업로 4214-110 (동천동)]]>,,B1,사찰·불전·교회 등 경내 건축,Y,1.0
문화유산자료,경주벽도산석불입상,경북,경주시,경주시,31,37,0000050000000,N,3413700050000,129.164890197464,35.8052960881285,유물,불교조각,석조,불상,<![CDATA[경북 경주시 율동 산73번지]]>,,B2,야외 석불·마애불·암각화,Y,1.0
문화유산자료,경주남산동석조감실,경북,경주시,화랑교육원,31,37,0000060000000,N,3413700060000,0,0,유적건조물,종교신앙,불교,불전,"<![CDATA[경상북도 경주시 새남산길 62 (남산동, 화랑교육원/화랑의집)]]>",통일신라 추정,B1,사찰·불전·교회 등 경내 건축,N,1.0
문화유산자료,경주남사리북삼층석탑,경북,경주시,경주시,31,37,0000070000000,N,3413700070000,129.138698676412,35.9047398200153,유적건조물,종교신앙,불교,탑,<![CDATA[경북 경주시 현곡면 남사리 313-4번지]]>,,B2,석조물,Y,1.0
문화유산자료,경주황오동삼층석탑,경북,경주시,경주역,31,37,0000080000000,N,3413700080000,129.217717262144,35.844596367373,유적건조물,종교신앙,불교,탑,<![CDATA[경북 경주시 성동동 41-1번지]]>,,B2,석조물,Y,1.0
문화유산자료,분황사석정,경북,경주시,분황사,31,37,0000090000000,N,3413700090000,129.2339424,35.8402548,유적건조물,주거생활,주거건축,주거시설,<![CDATA[경북 경주시 구황동 314-5번지]]>,,B1,가옥·누정·서원·향교,Y,1.0
문화유산자료,경주교동석등,경북,경주시,최＊＊＊,31,37,0000100000000,N,3413700100000,129.215931193192,35.8297819261738,유적건조물,종교신앙,불교,석등,<![CDATA[경북 경주시 교촌안길 15-3 (교동)]]>,,B1,사찰·불전·교회 등 경내 건축,Y,1.0
문화유산자료,경주노서동석불입상,경북,경주시,경주시,31,37,0000110000000,N,3413700110000,129.201695293776,35.8410221137572,유물,불교조각,석조,불상,<![CDATA[경북 경주시 노서동 156-8번지]]>,,B2,야외 석불·마애불·암각화,Y,1.0
문화유산자료,경주서부동석불좌상,경북,경주시,국립경주박물관,31,37,0000120000000,N,3413700120000,129.2279177,35.8291677,유물,불교조각,석조,불상,"<![CDATA[경북 경주시 일정로 186, 국립경주박물관 (인왕동)]]>",,B2,야외 석불·마애불·암각화,Y,1.0
문화유산자료,남간사지석정,경북,경주시,경주시,31,37,0000130000000,N,3413700130000,129.218495671086,35.8155628607796,유적건조물,주거생활,주거건축,주거시설,<![CDATA[경북 경주시 남간안길 7 (탑동)]]>,,B1,가옥·누정·서원·향교,Y,1.0
문화유산자료,웅수사지석불입상,경북,경주시,국립경주박물관,31,37,0000140000000,N,3413700140000,129.2279177,35.8291677,유물,불교조각,석조,불상,"<![CDATA[경북 경주시 일정로 186, 국립경주박물관 (인왕동)]]>",,B2,야외 석불·마애불·암각화,Y,1.0
문화유산자료,익재영정,경북,경주시,이＊＊＊,31,37,0000900000000,N,3413700900000,129.2178664,36.0023148,유물,일반회화,인물화,초상화,<![CDATA[경북 경주시 안강읍 양월리 777-1번지]]>,,EXCLUDE,회화·공예·실내 조각 — 소장처 실내,Y,1.0
문화유산자료,종덕재정당,경북,경주시,창녕조씨대종회,31,37,0000910000000,N,3413700910000,129.224067672727,36.0296254269241,유적건조물,주거생활,주거건축,가옥,<![CDATA[경북 경주시 안강읍 초제길 32-18 (노당리)]]>,,B1,가옥·누정·서원·향교,Y,1.0
문화유산자료,경주안계리석조석가여래좌상,경북,경주시,경주시,31,37,0000920000000,N,3413700920000,129.26150398127,36.0320224421136,유물,불교조각,석조,불상,<![CDATA[경북 경주시 강동면 안계리 산8-4번지]]>,,B2,야외 석불·마애불·암각화,Y,1.0
문화유산자료,경주오야리삼층석탑,경북,경주시,경주시,31,37,0000930000000,N,3413700930000,129.260085489388,35.9378972885625,유적건조물,종교신앙,불교,탑,<![CDATA[경북 경주시 천북면 오야리 산31번지]]>,,B2,석조물,Y,1.0
문화유산자료,숭복사지삼층석탑,경북,경주시,경주시,31,37,0000940000000,N,3413700940000,129.3346729,35.7474442,유적건조물,종교신앙,불교,탑,<![CDATA[경북 경주시 외동읍 말방리 산23-1번지]]>,,B2,석조물,Y,1.0
문화유산자료,감산사지삼층석탑,경북,경주시,경주시,31,37,0000950000000,N,3413700950000,129.337015322128,35.7662319011937,유적건조물,종교신앙,불교,탑,<![CDATA[경북 경주시 외동읍 괘릉리 5번지]]>,,B2,석조물,Y,1.0
문화유산자료,경주활성리석불입상,경북,경주시,연지암,31,37,0000960000000,N,3413700960000,129.327835,35.7538254,유물,불교조각,석조,불상,<![CDATA[경북 경주시 외동읍 활성리 385-2번지]]>,,B2,야외 석불·마애불·암각화,Y,1.0
문화유산자료,금곡사지원광법사부도탑,경북,경주시,경주시,31,37,0000970000000,N,3413700970000,129.17693917072,35.9346166943387,유적건조물,종교신앙,불교,탑,<![CDATA[경북 경주시 안강읍 두류리 9-1번지]]>,,B2,석조물,Y,1.0
문화유산자료,경주근계리입불상,경북,경주시,경주시,31,37,0000980000000,N,3413700980000,129.1914748,35.9774135,유물,불교조각,석조,불상,<![CDATA[경상북도 경주시 곤실길 188-168 (안강읍)]]>,,B2,야외 석불·마애불·암각화,Y,1.0
문화유산자료,울진향교 대성전,경북,울진군,울진향교,31,37,0001590000000,N,3413701590000,129.398586042607,36.9944397517486,유적건조물,교육문화,교육기관,향교,<![CDATA[경북 울진군 울진읍 읍내리 653-1번지]]>,9년(1872년),B1,가옥·누정·서원·향교,Y,1.0
문화유산자료,평해향교 대성전,경북,울진군,평해향교,31,37,0001600000000,N,3413701600000,129.441957733761,36.7286894615182,유적건조물,교육문화,교육기관,향교,<![CDATA[경북 울진군 평해읍 평해리 901번지]]>,40년(1764년),B1,가옥·누정·서원·향교,Y,1.0
문화유산자료,불영사 부도,경북,울진군,대한불교조계종 불영사,31,37,0001620000000,N,3413701620000,129.2740533,36.9403501,유물,불교조각,석조,,<![CDATA[경상북도 울진군 금강송면 하원리 산 34]]>,22년(1696년),B2,야외 석불·마애불·암각화,Y,1.0
문화유산자료,수재정,경북,경주시,정＊＊＊,31,37,0001660000000,N,3413701660000,129.134276626151,36.0005266729572,유적건조물,주거생활,조경건축,누정,<![CDATA[경북 경주시 안강읍 하곡리 29번지]]>,,B1,가옥·누정·서원·향교,Y,1.0
문화유산자료,성산서당,경북,경주시,영일정씨쌍봉공파,31,37,0001670000000,N,3413701670000,129.133505349236,36.0004078797711,유적건조물,교육문화,교육기관,서당,<![CDATA[경북 경주시 안강읍 하곡리 11번지]]>,,B1,가옥·누정·서원·향교,Y,1.0
문화유산자료,구강서원,경북,경주시,경＊＊＊,31,37,0001880000000,N,3413701880000,129.208198526536,36.0104387169894,유적건조물,교육문화,교육기관,서원,<![CDATA[경북 경주시 안강읍 양월리 679번지]]>,,B1,가옥·누정·서원·향교,Y,1.0
문화유산자료,봉강재,경북,포항시,파평윤씨문중,31,37,0002010000000,N,3413702010000,129.164633695398,36.0777772468959,유적건조물,주거생활,주거건축,가옥,<![CDATA[경북 포항시 북구 기계면 기남길253번길 74 (봉계리)]]>,,B1,가옥·누정·서원·향교,Y,1.0
문화유산자료,영일 기천고택,경북,포항시,김＊＊＊,31,37,0002050000000,N,3413702050000,129.206060019898,36.0731152114134,유적건조물,주거생활,주거건축,가옥,<![CDATA[경북 포항시 북구 기계면 협동길 50-1 (현내리)]]>,,B1,가옥·누정·서원·향교,Y,1.0
문화유산자료,영덕만괴헌,경북,영덕군,신＊＊＊,31,37,0002090000000,N,3413702090000,129.368078348015,36.5546155666525,유적건조물,주거생활,주거건축,가옥,<![CDATA[경북 영덕군 창수면 인량4길 41-8 (인량리)]]>,,B1,가옥·누정·서원·향교,Y,1.0
문화유산자료,영덕수정재,경북,영덕군,평산신씨 영덕파 문중,31,37,0002100000000,N,3413702100000,129.355043574352,36.4382030100863,유적건조물,주거생활,주거건축,가옥,<![CDATA[경북 영덕군 영덕읍 구미2길 35-26 (구미리)]]>,,B1,가옥·누정·서원·향교,Y,1.0
문화유산자료,모고재,경북,영덕군,영＊＊＊,31,37,0002210000000,N,3413702210000,129.30214746293,36.3860966637103,유적건조물,주거생활,조경건축,누정,<![CDATA[경북 영덕군 달산면 팔각산로 1659-6 (용평리)]]>,,B1,가옥·누정·서원·향교,Y,1.0
문화유산자료,장기척화비,경북,포항시,,31,37,0002240000000,N,3413702240000,129.49268821418,35.8959137637905,기록유산,서각류,금석각류,비,<![CDATA[경북 포항시 남구 장기면 읍내리 107번지]]>,,EXCLUDE,서책·문서 — 실내 소장품,Y,1.0
문화유산자료,제남헌,경북,포항시,포항시,31,37,0002500000000,N,3413702500000,129.347196905449,36.1108302687721,유적건조물,정치국방,궁궐·관아,관아,<![CDATA[경북 포항시 북구 흥해읍 한동로 51 (성내리)]]>,,B1,관아 건물,Y,1.0
문화유산자료,기림사진남루,경북,경주시,기림사,31,37,0002510000000,N,3413702510000,129.3971458,35.8391182,유적건조물,종교신앙,불교,각루,<![CDATA[경북 경주시 양북면 호암리 419번지]]>,,B1,사찰·불전·교회 등 경내 건축,Y,1.0
문화유산자료,기림사약사전,경북,경주시,기림사,31,37,0002520000000,N,3413702520000,129.3971458,35.8391182,유적건조물,종교신앙,불교,불전,<![CDATA[경북 경주시 양북면 호암리 419번지]]>,,B1,사찰·불전·교회 등 경내 건축,Y,1.0
문화유산자료,숭덕전,경북,경주시,신라오릉보존회,31,37,0002540000000,N,3413702540000,129.2095667,35.8221456,유적건조물,인물사건,인물기념,사우,<![CDATA[경북 경주시 탑동 77번지]]>,,B1,사우 건물,Y,1.0
문화유산자료,숭신전,경북,경주시,석탈해왕릉보존회,31,37,0002550000000,N,3413702550000,129.2328075,35.8514721,유적건조물,인물사건,인물기념,사우,<![CDATA[경북 경주시 동천중리길 9-1 (동천동)]]>,,B1,사우 건물,Y,1.0
문화유산자료,숭혜전,경북,경주시,신라숭혜전릉보존회,31,37,0002560000000,N,3413702560000,129.21375708751,35.8352022708377,유적건조물,인물사건,인물기념,사우,<![CDATA[경북 경주시 포석로1050번길 39-11 (황남동)]]>,,B1,사우 건물,Y,1.0
문화유산자료,손종로정충비각,경북,경주시,손창준,31,37,0002610000000,N,3413702610000,129.2529367,35.9992407,기록유산,서각류,금석각류,비,<![CDATA[경북 경주시 강동면 양동리 84번지]]>,,EXCLUDE,서책·문서 — 실내 소장품,Y,1.0
문화유산자료,지족당,경북,영덕군,권＊＊＊,31,37,0002740000000,N,3413702740000,129.367203036725,36.5544267656356,유적건조물,주거생활,주거건축,가옥,<![CDATA[경북 영덕군 창수면 인량5길 49-12 (인량리)]]>,,B1,가옥·누정·서원·향교,Y,1.0
문화유산자료,대은종택,경북,영덕군,권＊＊＊,31,37,0002780000000,N,3413702780000,129.423709169858,36.5566998683711,유적건조물,주거생활,주거건축,가옥,<![CDATA[경북 영덕군 영해면 괴시리 581번지]]>,,B1,가옥·누정·서원·향교,Y,1.0
문화유산자료,존재종택및명서암.우헌정,경북,영덕군,재령이씨 존재파종회,31,37,0002930000000,N,3413702930000,129.324010938927,36.6109923604126,유적건조물,주거생활,주거건축,가옥,"<![CDATA[경북 영덕군 창수면 오촌리 318-1번지 ,336-1.232]]>",,B1,가옥·누정·서원·향교,Y,1.0
문화유산자료,울진 소광리 황장봉계 표석,경북,울진군,울진군,31,37,0003000000000,N,3413703000000,129.20758131,36.9841078157284,기록유산,서각류,금석각류,석각류,<![CDATA[경상북도 울진군 금강송면 소광리 산 262]]>,,EXCLUDE,서책·문서 — 실내 소장품,Y,1.0
문화유산자료,경주기림사소장유물,경북,경주시,함월전시관,31,37,0003010000000,N,3413703010000,129.4045115,35.8326433,유물,,,,<![CDATA[경북 경주시 양북면 호암리 420번지 함월전시관]]>,,EXCLUDE,회화·공예·실내 조각 — 소장처 실내,Y,1.0
문화유산자료,사암재,경북,영덕군,이용태,31,37,0003060000000,N,3413703060000,129.300782007511,36.5633620793505,유적건조물,주거생활,주거건축,가옥,<![CDATA[경북 영덕군 창수면 신기4길 125 (신기리)]]>,조선 명종20년(1565년),B1,가옥·누정·서원·향교,Y,1.0
문화유산자료,울진 내성행상 불망비,경북,울진군,두천리동회,31,37,0003100000000,N,3413703100000,129.2903233,37.0345891,기록유산,서각류,금석각류,비,<![CDATA[경북 울진군 북면 두천리 206-1번지]]>,27년경(1890년경),EXCLUDE,서책·문서 — 실내 소장품,Y,1.0
문화유산자료,경주안심리암각화,경북,경주시,경주시,31,37,0003120000000,N,3413703120000,129.172544674164,35.7378002182909,유물,일반조각,암벽조각,암각화,<![CDATA[경북 경주시 내남면 안심리 14번지]]>,,B2,야외 석불·마애불·암각화,Y,1.0
문화유산자료,덕봉정사,경북,경주시,경주이씨덕봉공파문중,31,37,0003130000000,N,3413703130000,129.313886720172,35.7838712588723,유적건조물,주거생활,주거건축,가옥,<![CDATA[경북 경주시 정자3길 11-6 (마동)]]>,,B1,가옥·누정·서원·향교,Y,1.0
문화유산자료,돈수재,경북,영덕군,김＊＊＊,31,37,0003160000000,N,3413703160000,129.25240086665,36.4305439289565,유적건조물,인물사건,인물기념,사우,<![CDATA[경북 영덕군 지품면 묵방길 302-16 (송천리)]]>,,B1,사우 건물,Y,1.0
문화유산자료,영덕 농아당 종택,경북,영덕군,박＊＊＊,31,37,0003200000000,N,3413703200000,129.366142493057,36.4982669851901,유적건조물,주거생활,주거건축,가옥,<![CDATA[경북 영덕군 축산면 칠성1길 5-10 (칠성리)]]>,"1722년 건립, 이건년대 미상",B1,가옥·누정·서원·향교,Y,1.0
문화유산자료,장기향교,경북,포항시,,31,37,0003270000000,N,3413703270000,129.487918567125,35.896614945089,유적건조물,교육문화,교육기관,향교,<![CDATA[경북 포항시 남구 장기면 읍성길 92 (읍내리)]]>,,B1,가옥·누정·서원·향교,Y,1.0
문화유산자료,청하향교,경북,포항시,,31,37,0003280000000,N,3413703280000,129.338606470068,36.2006260278532,유적건조물,교육문화,교육기관,향교,<![CDATA[경북 포항시 북구 청하면 청하로233번길 16-5 (덕성리)]]>,,B1,가옥·누정·서원·향교,Y,1.0
문화유산자료,경주단고사강당,경북,경주시,손창준,31,37,0003290000000,N,3413703290000,129.2005416359,35.9370208888399,유적건조물,교육문화,교육기관,서당,<![CDATA[경상북도 경주시 안강읍 검단리 788 ]]>,,B1,가옥·누정·서원·향교,Y,1.0
문화유산자료,운암공부조묘,경북,경주시,경주최씨강정파종중,31,37,0003440000000,N,3413703440000,129.280058752504,35.8984532781122,유적건조물,무덤,무덤,기타,<![CDATA[경북 경주시 천북면 강정1길 13-6 (성지리)]]>,,B3,고분·유적지·가마·봉수,Y,1.0
문화유산자료,경주유연정,경북,경주시,권운곡,31,37,0003450000000,N,3413703450000,129.301781518157,35.9400015132747,유적건조물,주거생활,조경건축,누정,<![CDATA[경북 경주시 강동면 왕신리 310번지]]>,,B1,가옥·누정·서원·향교,Y,1.0
문화유산자료,강파헌정침,경북,영덕군,권＊＊＊,31,37,0003580000000,N,3413703580000,129.368526520059,36.5533112403131,유적건조물,주거생활,주거건축,가옥,<![CDATA[경북 영덕군 창수면 인량5길 38 (인량리)]]>,1650년,B1,가옥·누정·서원·향교,Y,1.0
문화유산자료,포항 수원김씨 남계공파 종중 문적,경북,포항시,한국국학진흥원,31,37,0003680000000,N,3413703680000,129.366759,36.0189747,기록유산,전적류,전적류,전적류,"<![CDATA[경상북도 안동시 퇴계로 1997 (도산면, 한국국학진흥원)]]>",조선시대,EXCLUDE,서책·문서 — 실내 소장품,Y,1.0
문화유산자료,칠인정,경북,포항시,인동장씨문중,31,37,0003690000000,N,3413703690000,129.31089323042,36.0888292191114,유적건조물,주거생활,조경건축,누정,"<![CDATA[경북 포항시 북구 흥해읍 초곡길316번길 2, 외 (초곡리)]]>",조선시대 누정,B1,가옥·누정·서원·향교,Y,1.0
문화유산자료,영덕 괴시리 내앞댁,경북,영덕군,남석중,31,37,0003780000000,N,3413703780000,129.416098443656,36.5432370309664,유적건조물,주거생활,주거건축,가옥,<![CDATA[경북 영덕군 영해면 호지마을1길 17 (괴시리)]]>,,B1,가옥·누정·서원·향교,Y,1.0
문화유산자료,영덕번호댁,경북,영덕군,권기항,31,37,0003790000000,N,3413703790000,129.42396078767,36.5564384006474,유적건조물,주거생활,주거건축,가옥,<![CDATA[경북 영덕군 영해면 관어대길 24-6 (괴시리)]]>,,B1,가옥·누정·서원·향교,Y,1.0
문화유산자료,정담정려비,경북,영덕군,정재홍,31,37,0003800000000,N,3413703800000,129.370028242603,36.5511427386948,기록유산,서각류,금석각류,비,<![CDATA[경북 영덕군 창수면 인량리 255-1번지]]>,,EXCLUDE,서책·문서 — 실내 소장품,Y,1.0
문화유산자료,대봉재사,경북,영덕군,안동권씨 부정공파 영해문중,31,37,0003810000000,N,3413703810000,129.338333181025,36.5705981983996,유적건조물,주거생활,주거건축,가옥,<![CDATA[경북 영덕군 창수면 미곡길 44 (미곡리)]]>,,B1,가옥·누정·서원·향교,Y,1.0
문화유산자료,월성주사댁,경북,경주시,손정호,31,37,0003830000000,N,3413703830000,129.259778163916,36.0588589865758,유적건조물,주거생활,주거건축,가옥,<![CDATA[경북 경주시 강동면 단구부흥길 95-4 (단구리)]]>,조선시대,B1,가옥·누정·서원·향교,Y,1.0
문화유산자료,영해입천정,경북,영덕군,영양남씨 괴시파종중,31,37,0003920000000,N,3413703920000,129.42104592542,36.5416065400199,유적건조물,주거생활,조경건축,누정,<![CDATA[경북 영덕군 영해면 호지마을길 45-10 (괴시리)]]>,조선 고종(1888),B1,가옥·누정·서원·향교,Y,1.0
문화유산자료,영해주곡댁,경북,영덕군,남＊＊＊,31,37,0003930000000,N,3413703930000,129.415948198659,36.5430125505592,유적건조물,주거생활,주거건축,가옥,<![CDATA[경북 영덕군 영해면 호지마을1길 11-2 (괴시리)]]>,일제시대(1919),B1,가옥·누정·서원·향교,Y,1.0
문화유산자료,물소와서당,경북,영덕군,남＊＊＊,31,37,0003940000000,N,3413703940000,129.416773532278,36.5431004436903,유적건조물,교육문화,교육기관,서당,<![CDATA[경북 영덕군 영해면 호지마을1길 18-4 (괴시리)]]>,조선 철종(1849),B1,가옥·누정·서원·향교,Y,1.0
문화유산자료,영해경주댁,경북,영덕군,남＊＊＊,31,37,0003950000000,N,3413703950000,129.416654797015,36.5436836095635,유적건조물,주거생활,주거건축,가옥,<![CDATA[경북 영덕군 영해면 호지마을1길 24 (괴시리)]]>,조선 순조(1830),B1,가옥·누정·서원·향교,Y,1.0
문화유산자료,영해구계댁,경북,영덕군,이＊＊＊,31,37,0003960000000,N,3413703960000,129.417131978716,36.5440367486951,유적건조물,주거생활,주거건축,가옥,<![CDATA[경북 영덕군 영해면 호지마을1길 28 (괴시리)]]>,조선 순조(1805),B1,가옥·누정·서원·향교,Y,1.0
문화유산자료,괴시리괴정,경북,영덕군,영양남씨 괴시공파 종친회,31,37,0003970000000,N,3413703970000,129.416787652847,36.5442892113803,유적건조물,주거생활,주거건축,가옥,<![CDATA[경북 영덕군 영해면 호지마을1길 29 (괴시리)]]>,조선 영조(1766),B1,가옥·누정·서원·향교,Y,1.0
문화유산자료,각리언곡재,경북,영덕군,안동권씨 부정공파 영해문중,31,37,0003980000000,N,3413703980000,129.378513602303,36.5716111114599,유적건조물,주거생활,주거건축,가옥,<![CDATA[경북 영덕군 병곡면 각리2길 170-5 (각리리)]]>,조선 영조(1750),B1,가옥·누정·서원·향교,Y,1.0
문화유산자료,오촌리갈암고택,경북,영덕군,이＊＊＊,31,37,0003990000000,N,3413703990000,129.32334394759,36.6121373012981,유적건조물,주거생활,주거건축,가옥,<![CDATA[경북 영덕군 창수면 오촌3길 12-6 (오촌리)]]>,1693년 창건 추정,B1,가옥·누정·서원·향교,Y,1.0
문화유산자료,월동재,경북,포항시,수원김씨남계공파종중,31,37,0004060000000,N,3413704060000,129.358788667453,35.96094673193,유적건조물,주거생활,주거건축,가옥,<![CDATA[경북 포항시 남구 대송면 홍계길147번길 17-41 (장동리)]]>,,B1,가옥·누정·서원·향교,Y,1.0
문화유산자료,화재및육영루,경북,영덕군,영양남씨 송정공파 종친회,31,37,0004160000000,N,3413704160000,129.346385741986,36.5032212512477,유적건조물,주거생활,주거건축,가옥,<![CDATA[경북 영덕군 축산면 칠성리 606번지]]>,조선 영조 50년(1774년),B1,가옥·누정·서원·향교,Y,1.0
문화유산자료,영덕괴시리영감댁,경북,영덕군,남＊＊＊,31,37,0004240000000,N,3413704240000,129.415830107638,36.5426921591537,유적건조물,주거생활,주거건축,가옥,<![CDATA[경북 영덕군 영해면 호지마을1길 9 (괴시리)]]>,,B1,가옥·누정·서원·향교,Y,1.0
문화유산자료,영덕괴시리사곡댁,경북,영덕군,남＊＊＊,31,37,0004250000000,N,3413704250000,129.416605383951,36.5429766370426,유적건조물,주거생활,주거건축,가옥,<![CDATA[경북 영덕군 영해면 호지마을1길 16-3 (괴시리)]]>,,B1,가옥·누정·서원·향교,Y,1.0
문화유산자료,영덕괴시리영은고택,경북,영덕군,남영국,31,37,0004590000000,N,3413704590000,129.417170762596,36.5446697045877,유적건조물,주거생활,주거건축,가옥,<![CDATA[경북 영덕군 영해면 호지마을1길 34 (괴시리)]]>,,B1,가옥·누정·서원·향교,Y,1.0
문화유산자료,영덕괴시리스므나골재사,경북,영덕군,영양남씨 괴정공파 종친회,31,37,0004600000000,N,3413704600000,129.425636882727,36.5373135249635,유적건조물,주거생활,주거건축,가옥,<![CDATA[경북 영덕군 영해면 괴시사진길 121 (괴시리)]]>,,B1,가옥·누정·서원·향교,Y,1.0
문화유산자료,단계서당,경북,경주시,안동권씨오모재문중,31,37,0004640000000,N,3413704640000,129.249034703623,36.0440692143019,유적건조물,교육문화,교육기관,서당,<![CDATA[경북 경주시 강동면 단구안계길 164-18 (다산리)]]>,조선시대 중기~후기,B1,가옥·누정·서원·향교,Y,1.0
문화유산자료,배잠사지 당간지주,경북,울진군,울진군,31,37,0004720000000,N,3413704720000,129.37074318574,36.9406496081343,유적건조물,종교신앙,불교,당간,<![CDATA[경상북도 울진군 왕피천로 129 (근남면)]]>,,B2,석조물,Y,1.0
문화유산자료,영덕오촌리냉천고택,경북,영덕군,이병탁,31,37,0004840000000,N,3413704840000,129.322844758364,36.6114457715383,유적건조물,주거생활,주거건축,가옥,"<![CDATA[경상북도 영덕군 오촌3길 6 (창수면, 영덕오촌리냉천고택)]]>",,B1,가옥·누정·서원·향교,Y,1.0
문화유산자료,영덕운산서원강당,경북,영덕군,대흥백씨 문중,31,37,0004850000000,N,3413704850000,129.389906243061,36.5701003078615,유적건조물,교육문화,교육기관,서원,<![CDATA[경상북도 영덕군 병곡면 원황리 944]]>,,B1,가옥·누정·서원·향교,Y,1.0
문화유산자료,울진 매화리 윤광수 가옥,경북,울진군,남옥이,31,37,0004940000000,N,3413704940000,129.375914341477,36.9271319876108,유적건조물,주거생활,주거건축,가옥,<![CDATA[경상북도 울진군 매화매실길 307-3 (매화면)]]>,,B1,가옥·누정·서원·향교,Y,1.0
문화유산자료,경주도봉서당,경북,경주시,평해황씨경주파문중,31,37,0004970000000,N,3413704970000,129.184640742252,35.8274722047678,유적건조물,,,,"<![CDATA[경상북도 경주시 서악4길 58 (서악동, 도봉서당)]]>",,REVIEW,미매핑 중분류: (공란),Y,1.0
문화유산자료,울진 대풍헌 소장 문서,경북,울진군,구＊＊＊,31,37,0005110000000,N,3413705110000,129.4702395,36.7612225,기록유산,문서류,문서류,문서류,<![CDATA[경상북도  울진군]]>,,EXCLUDE,서책·문서 — 실내 소장품,Y,1.0
문화유산자료,영덕영해향교,경북,영덕군,영해향교,31,37,0005130000000,N,3413705130000,129.413828523826,36.538311254566,유적건조물,교육문화,교육기관,향교,<![CDATA[경상북도 영덕군 영해면 성내리 24-1]]>,,B1,가옥·누정·서원·향교,Y,1.0
문화유산자료,포항 대성사 석조관음보살좌상,경북,포항시,대성사,31,37,0005150000000,N,3413705150000,129.3493496,36.0355264,유물,불교조각,석조,보살상,"<![CDATA[경상북도 포항시 북구 용흥로 95-17 (용흥동, 대성사)]]>",조선시대,B2,야외 석불·마애불·암각화,Y,1.0
문화유산자료,경주 주사암 영산전 석조삼존불좌상,경북,경주시,주＊＊＊,31,37,0005220000000,N,3413705220000,0,0,유물,불교조각,석조,불상,<![CDATA[경상북도  경주시]]>,,B2,야외 석불·마애불·암각화,N,1.0
문화유산자료,영덕 초수재사,경북,영덕군,무안박씨 무의공파 종친회,31,37,0005260000000,N,3413705260000,0,0,유적건조물,주거생활,주거건축,가옥,"<![CDATA[경상북도 영덕군 임실길 129 (영해면, 영덕초주재사)]]>",,B1,가옥·누정·서원·향교,N,1.0
문화유산자료,영덕 사존재,경북,영덕군,평산신씨 사존재종중,31,37,0005280000000,N,3413705280000,0,0,유적건조물,인물사건,인물기념,사우,<![CDATA[경상북도 영덕군 지품면 신안리 23-1]]>,,B1,사우 건물,N,1.0
문화유산자료,영덕 오봉종택,경북,영덕군,권장호,31,37,0005380000000,N,3413705380000,0,0,유적건조물,주거생활,주거건축,가옥,"<![CDATA[경상북도 영덕군 인량5길 45-6 (창수면, 영덕오봉종택)]]>",,B1,가옥·누정·서원·향교,N,1.0
문화유산자료,포항 경주이씨 익재공파 석동문중 소장 판목,경북,포항시,경＊＊＊,31,37,0005480000000,N,3413705480000,129.4586434,35.988453,기록유산,전적류,목판본,사간본,<![CDATA[경상북도  포항시]]>,일제강점기(1922년),EXCLUDE,서책·문서 — 실내 소장품,Y,1.0
문화유산자료,포항 김해김씨 유수공파 소동문중 소장 판목,경북,포항시,,31,37,0005490000000,N,3413705490000,129.3558234,36.1637756,기록유산,전적류,목판본,사간본,"<![CDATA[경상북도 안동시 퇴계로 1997 (도산면, 한국국학진흥원)]]>",,EXCLUDE,서책·문서 — 실내 소장품,Y,1.0
문화유산자료,영덕 만송당,경북,영덕군,권기탁,31,37,0005510000000,N,3413705510000,129.423241894899,36.556381972789,유적건조물,주거생활,주거건축,가옥,<![CDATA[경상북도 영덕군 영해면 괴시리 579-0]]>,,B1,가옥·누정·서원·향교,Y,1.0
문화유산자료,포항 덕동 여주이씨 문중 소장 고문서,경북,포항시,이＊＊＊,31,37,0005520000000,N,3413705520000,129.1857221,36.1662113,기록유산,전적류,필사본,기타류,<![CDATA[경상북도  포항시]]>,조선시대,EXCLUDE,서책·문서 — 실내 소장품,Y,1.0
문화유산자료,영덕 시암고택,경북,영덕군,남병수,31,37,0005760000000,N,3413705760000,0,0,유적건조물,주거생활,주거건축,가옥,<![CDATA[경상북도 영덕군 창수영해로 305 (영해면)]]>,,B1,가옥·누정·서원·향교,N,1.0
문화유산자료,경주남산 지암곡 제2사지 삼층석탑,경북,경주시,경주시,31,37,0006000000000,N,3413706000000,129.230765201207,35.7854154270461,유적건조물,종교신앙,불교,탑,<![CDATA[경상북도 경주시 남산동 산 36-1]]>,,B2,석조물,Y,1.0
문화유산자료,경주남산 포석계 기암곡 제2사지 동삼층석탑,경북,경주시,경주시,31,37,0006010000000,N,3413706010000,129.218503273533,35.8001497014832,유적건조물,종교신앙,불교,탑,<![CDATA[경상북도 경주시 배동 산 42]]>,,B2,석조물,Y,1.0
문화유산자료,경주 두산서당,경북,경주시,김해김씨부호군거공문옹공파,31,37,0006040000000,N,3413706040000,129.427584718835,35.7634328489837,유적건조물,교육문화,교육기관,서당,<![CDATA[경상북도 경주시 양북면 송전리 149-1]]>,,B1,가옥·누정·서원·향교,Y,1.0
문화유산자료,경주 북산서사,경북,경주시,경주이씨호계공문중,31,37,0006130000000,N,3413706130000,0,0,유적건조물,인물사건,인물기념,사우,"<![CDATA[경상북도 경주시 호명큰골길 33-40 (강동면, 북산서사)]]>",,B1,사우 건물,N,1.0
문화유산자료,영덕 이전재,경북,영덕군,남석규,31,37,0006160000000,N,3413706160000,0,0,유적건조물,주거생활,주거건축,가옥,<![CDATA[경상북도 영덕군 칠성길 471-24 (축산면)]]>,,B1,가옥·누정·서원·향교,N,1.0
문화유산자료,영덕 덕흥사 제석탱화,경북,영덕군,덕＊＊＊,31,37,0006170000000,N,3413706170000,0,0,유물,불교회화,탱화,불도,<![CDATA[경상북도  영덕군]]>,조선시대,EXCLUDE,회화·공예·실내 조각 — 소장처 실내,N,1.0
문화유산자료,경주 귀후재,경북,경주시,여주이씨소파중귀후재문중,31,37,0006180000000,N,3413706180000,129.159487519615,36.0161211685032,유적건조물,교육문화,교육기관,서당,<![CDATA[경상북도 경주시 옥산서원길 301-4 (안강읍)]]>,,B1,가옥·누정·서원·향교,Y,1.0
문화유산자료,영덕 흥교당,경북,영덕군,무안박씨 도화공파 종회,31,37,0006270000000,N,3413706270000,0,0,유적건조물,주거생활,주거건축,주거시설,<![CDATA[경상북도 영덕군 도곡길 41-21 (축산면)]]>,,B1,가옥·누정·서원·향교,N,1.0
문화유산자료,영덕 상의당,경북,영덕군,대흥백씨 문중,31,37,0006280000000,N,3413706280000,0,0,유적건조물,주거생활,주거건축,주거시설,<![CDATA[경상북도 영덕군 원구길 30-1 (영해면)]]>,,B1,가옥·누정·서원·향교,N,1.0
문화유산자료,영덕 백회재고택,경북,영덕군,남＊＊＊,31,37,0006290000000,N,3413706290000,0,0,유적건조물,주거생활,주거건축,가옥,<![CDATA[경상북도 영덕군 호지마을1길 16-1 (영해면)]]>,,B1,가옥·누정·서원·향교,N,1.0
문화유산자료,포항 노동재사,경북,포항시,여강이씨무첨당파종회,31,37,0006300000000,N,3413706300000,0,0,유적건조물,주거생활,주거건축,주거시설,<![CDATA[경상북도 포항시 남구 희망대로 500 (대잠동)]]>,,B1,가옥·누정·서원·향교,N,1.0
문화유산자료,포항 오덕리 덕계서당,경북,포항시,이＊＊＊,31,37,0006390000000,N,3413706390000,129.186120479611,36.1681069257122,유적건조물,교육문화,교육기관,서당,<![CDATA[경상북도 포항시 북구 덕동문화길 48-2 (기북면)]]>,,B1,가옥·누정·서원·향교,Y,1.0
문화유산자료,영덕 난고종택 영산가학 및 가고,경북,영덕군,한국국학진흥원,31,37,0006480000000,N,3413706480000,0,0,기록유산,문서류,민간문서,기타류,"<![CDATA[경상북도 영덕군 원구1길 13-11 (영해면, 영양남씨 난고종택)]]>",조선시대,EXCLUDE,서책·문서 — 실내 소장품,N,1.0
문화유산자료,포항 고석사 석조여래의좌상,경북,포항시,고석사,31,37,0006510000000,N,3413706510000,0,0,유물,불교조각,석조,불상,<![CDATA[경상북도 포항시 남구 장기면 방산리 888]]>,통일신라시대,B2,야외 석불·마애불·암각화,N,1.0
문화유산자료,포항 천곡사 관음전 석조보살좌상,경북,포항시,천곡사,31,37,0006600000000,N,3413706600000,0,0,유물,불교조각,석조,불상,"<![CDATA[경상북도 포항시 북구 도음로 476 (흥해읍, 천곡사)]]>",,B2,야외 석불·마애불·암각화,N,1.0
문화유산자료,울진 광도사 신중도,경북,울진군,대한불교조계종 광도사,31,37,0006620000000,N,3413706620000,0,0,유물,불교회화,,,"<![CDATA[경상북도 울진군 후포6길 133 (후포면, 광도사)]]>",19세기 중반 경,EXCLUDE,회화·공예·실내 조각 — 소장처 실내,N,1.0
문화유산자료,영덕 우경고택,경북,영덕군,무안박씨 경사당파 우경종회,31,37,0006650000000,N,3413706650000,0,0,유적건조물,주거생활,주거건축,가옥,<![CDATA[경상북도 영덕군 원구길 28-8 (영해면)]]>,,B1,가옥·누정·서원·향교,N,1.0
문화유산자료,영덕 처인당,경북,영덕군,영양남씨 송정공파 종친회,31,37,0006660000000,N,3413706660000,129.373136412353,36.5550736344181,유적건조물,주거생활,주거건축,가옥,<![CDATA[경상북도 영덕군 인량2길 36 (창수면)]]>,,B1,가옥·누정·서원·향교,Y,1.0
문화유산자료,포항 원각사 소장 아미타불회도,경북,포항시,원＊＊＊,31,37,0006870000000,N,3413706870000,0,0,유물,불교회화,탱화,불도,<![CDATA[경상북도  포항시]]>,조선시대,EXCLUDE,회화·공예·실내 조각 — 소장처 실내,N,1.0
문화유산자료,경주 남산 탑곡 제1사지 마애조상군,경북,경주시,경＊＊＊,31,37,0006950000000,N,3413706950000,0,0,유적건조물,,,,<![CDATA[경상북도  경주시]]>,통일신라시대,REVIEW,미매핑 중분류: (공란),N,1.0
문화유산자료,포항 남덕재,경북,포항시,경＊＊＊,31,37,0007080000000,N,3412501150001,0,0,유적건조물,교육문화,교육기관,서당,<![CDATA[경상북도 포항시 북구 기계면 봉계리 776 ]]>,조선시대(1768년),B1,가옥·누정·서원·향교,N,1.0
문화유산자료,경주 길상사 석조여래좌상,경북,경주시,대＊＊＊,31,37,0007160000000,N,3412509020001,0,0,유물,불교조각,석조,불상,<![CDATA[경상북도 경주시 팔조수제길  42(감포읍) ]]>,조선,B2,야외 석불·마애불·암각화,N,1.0
문화유산자료,포항 임허사 석조보살좌상,경북,포항시,대＊＊＊,31,37,0007210000000,N,3412604060001,0,0,유물,불교조각,석조,보살상,<![CDATA[경상북도 포항시 북구 흥해읍 옥성리 131 임허사 ]]>,조선후기,B2,야외 석불·마애불·암각화,N,1.0
시도자연유산,양동의향나무,경북,경주시,손＊＊＊,55,37,0000020000000,N,2553700020000,0,0,자연유산,천연기념물,생물과학기념물,생물상,<![CDATA[경북 경주시 강동면 양동리 223번지]]>,,NATURE,"자연유산 — v1 뷰포인트 전용 (점수 미반영, 지질명소 앵커와 중복 주의)",N,1.5
시도자연유산,포항 보경사 탱자나무,경북,포항시,,55,37,0000030000000,N,2553700030000,0,0,자연유산,천연기념물,생물과학기념물,생물상,<![CDATA[경북 포항시 북구 송라면 보경로 523 (중산리)]]>,,NATURE,"자연유산 — v1 뷰포인트 전용 (점수 미반영, 지질명소 앵커와 중복 주의)",N,1.5
시도자연유산,영일 우각동 향나무,경북,포항시,여강이씨문중,55,37,0000080000000,N,2553700080000,0,0,자연유산,천연기념물,생물과학기념물,생물상,<![CDATA[경북 포항시 북구 신광면 우각길 94-7 (우각리)]]>,조선시대,NATURE,"자연유산 — v1 뷰포인트 전용 (점수 미반영, 지질명소 앵커와 중복 주의)",N,1.5
시도자연유산,경주동부동은행나무,경북,경주시,경주시,55,37,0000100000000,N,2553700100000,0,0,자연유산,천연기념물,생물과학기념물,생물상,<![CDATA[경북 경주시 동부동 193외 3필]]>,,NATURE,"자연유산 — v1 뷰포인트 전용 (점수 미반영, 지질명소 앵커와 중복 주의)",N,1.5
시도자연유산,영해경수당향나무,경북,영덕군,박＊＊＊,55,37,0000240000000,N,2553700240000,0,0,자연유산,천연기념물,생물과학기념물,생물상,<![CDATA[경북 영덕군 영해면 원구길 28-13 (원구리)]]>,,NATURE,"자연유산 — v1 뷰포인트 전용 (점수 미반영, 지질명소 앵커와 중복 주의)",N,1.5
시도자연유산,울진 주인리의 황금소나무,경북,울진군,울진군,55,37,0000280000000,N,2553700280000,0,0,자연유산,,,,"<![CDATA[경상북도 울진군 주인3길 412-5 (북면, 옆) ]]>","약 50년(수령, 2006년 기준)",NATURE,"자연유산 — v1 뷰포인트 전용 (점수 미반영, 지질명소 앵커와 중복 주의)",N,1.5
국가등록문화유산,포항 구 삼화제철소 고로,경북,포항시,포＊＊＊,79,37,0002170000000,N,4413702170000,129.388843862393,35.9966650120685,등록문화유산,기타,산업시설,산업시설,<![CDATA[경북 포항시 남구 동해안로6213번길 15-15 (동촌동)]]>,1943년경,B1,근대 건축물 다수,Y,1.0
국가등록문화유산,울진 행곡교회,경북,울진군,재＊＊＊,79,37,0002860000000,N,4413702860000,129.377607266965,36.9705884197547,등록문화유산,기타,종교시설,,<![CDATA[경북 울진군 근남면 행곡리 102-1번지]]>,1934년경,B1,근대 건축물 다수,Y,1.0
국가등록문화유산,울진 용장교회,경북,울진군,재＊＊＊,79,37,0002870000000,N,4413702870000,129.384179728009,37.0589864645274,등록문화유산,기타,종교시설,종교시설,<![CDATA[경북 울진군 죽변면 용장길 151-7 (화성리)]]>,1936년경,B1,근대 건축물 다수,Y,1.0
국가등록문화유산,영덕 송천예배당,경북,영덕군,재＊＊＊,79,37,0002880000000,N,4413702880000,129.405187725193,36.5564643097817,등록문화유산,기타,종교시설,종교시설,"<![CDATA[경상북도 영덕군 내륙순환길  4(병곡면, 송천교회) ]]>",1950년대초,B1,근대 건축물 다수,Y,1.0
국가등록문화유산,경주 구 서경사,경북,경주시,경주시,79,37,0002900000000,N,4413702900000,129.208564182368,35.8461267021605,등록문화유산,기타,종교시설,종교시설,<![CDATA[경상북도 경주시 금성로318번길  15(서부동) ]]>,1932년경,B1,근대 건축물 다수,Y,1.0
국가등록문화유산,경주 우안양수장,경북,경주시,한＊＊＊,79,37,0002920000000,N,4413702920000,129.301548242304,35.9946340840044,등록문화유산,기타,산업시설,,"<![CDATA[경상북도 경주시 강동면 국당리 산 1-8 외 2필지(산1-12, 산1530-1)]]>",1919년,B1,근대 건축물 다수,Y,1.0
국가등록문화유산,포항 오덕리 근대 한옥,경북,포항시,덕＊＊＊,79,37,0003730000000,N,4413703730000,129.186558055008,36.1686155366791,등록문화유산,기타,주거숙박시설,,<![CDATA[경북 포항시 북구 기북면 덕동문화길 48-7 (오덕리)]]>,1947년,B1,근대 건축물 다수,Y,1.0
국가등록문화유산,영덕 영해장터거리 근대역사문화공간,경북,영덕군,영덕군,79,37,0007620000000,N,4413707620000,0,0,등록문화유산,기타,기타 시설물,,<![CDATA[경상북도 영덕군 예주2길 10 (영해면)]]>,근대,B1,근대 건축물 다수,N,1.0
국가등록문화유산,영덕 구 영해금융조합,경북,영덕군,영덕군,79,37,0007620000100,N,4413707620100,0,0,등록문화유산,기타,업무시설,,<![CDATA[경상북도 영덕군 예주2길 10 (영해면)]]>,,B1,근대 건축물 다수,N,1.0
국가등록문화유산,영덕 영해양조장 및 사택,경북,영덕군,영＊＊＊,79,37,0007620000200,N,4413707620200,0,0,등록문화유산,기타,업무시설,,"<![CDATA[경상북도 영덕군 예주길 40-1 (영해면) 및 성내리 675-15, 675-16]]>",,B1,근대 건축물 다수,N,1.0
국가등록문화유산,영덕 구 영해의용소방대,경북,영덕군,영＊＊＊,79,37,0007620000300,N,4413707620300,0,0,등록문화유산,기타,업무시설,,<![CDATA[경상북도 영덕군 예주2길 11-8 (영해면)]]>,,B1,근대 건축물 다수,N,1.0
국가등록문화유산,영덕 영해장터거리 근대상가주택1,경북,영덕군,영＊＊＊,79,37,0007620000400,N,4413707620400,0,0,등록문화유산,기타,상업시설,,<![CDATA[경상북도 영덕군 예주2길 19 (영해면) 경상북도 영덕군 영해면 예주2길 17-2]]>,,B1,근대 건축물 다수,N,1.0
국가등록문화유산,영덕 영해장터거리 근대상가주택2,경북,영덕군,영＊＊＊,79,37,0007620000500,N,4413707620500,0,0,등록문화유산,기타,상업시설,,<![CDATA[경상북도 영덕군 예주2길 22-1 (영해면)]]>,,B1,근대 건축물 다수,N,1.0
국가등록문화유산,영덕 영해장터거리 근대상가주택3,경북,영덕군,영＊＊＊,79,37,0007620000600,N,4413707620600,0,0,등록문화유산,기타,상업시설,,<![CDATA[경상북도 영덕군 예주2길 25 (영해면)]]>,,B1,근대 건축물 다수,N,1.0
국가등록문화유산,영덕 구 영해언론인협회 및 구 대구매일신문 지국,경북,영덕군,영＊＊＊,79,37,0007620000700,N,4413707620700,0,0,등록문화유산,기타,업무시설,,<![CDATA[경상북도 영덕군 예주2길 26-1 (영해면)]]>,,B1,근대 건축물 다수,N,1.0
국가등록문화유산,영덕 구 영해공소,경북,영덕군,영＊＊＊,79,37,0007620000800,N,4413707620800,0,0,등록문화유산,기타,종교시설,,<![CDATA[경상북도 영덕군 예주2길 28 (영해면)]]>,,B1,근대 건축물 다수,N,1.0
국가등록문화유산,영덕 영해장터거리 근대상가주택4,경북,영덕군,영＊＊＊,79,37,0007620000900,N,4413707620900,0,0,등록문화유산,기타,상업시설,,<![CDATA[경상북도 영덕군 예주2길 33-1 (영해면)]]>,,B1,근대 건축물 다수,N,1.0
국가등록문화유산,영덕 영해장터거리 근대상가주택5,경북,영덕군,영＊＊＊,79,37,0007620001000,N,4413707621000,0,0,등록문화유산,기타,상업시설,,<![CDATA[경상북도 영덕군 예주길 76 (영해면)]]>,,B1,근대 건축물 다수,N,1.0
국가등록문화유산,영덕 구 영해버스터미널,경북,영덕군,영＊＊＊,79,37,0007620001100,N,4413707621100,0,0,등록문화유산,기타,업무시설,,<![CDATA[경상북도 영덕군 예주길 42 (영해면)]]>,일제강점기,B1,근대 건축물 다수,N,1.0
