u,v,length_m,highway
3759566193,9251915286,104.7,tertiary
9251915286,10831436205,169.6,tertiary
10831436205,10831436210,100.5,tertiary
10831436210,10831435204,34.7,tertiary
10831435204,529458552,16.3,tertiary
12421695069,436736922,6.1,secondary
10828161895,529792245,139.4,tertiary
530287011,529483789,40.5,tertiary
529483789,529483793,85.3,tertiary
529483793,13108208353,75.0,tertiary
13108208353,530286855,81.6,tertiary
530286855,4154289515,30.3,tertiary
4154289515,5373440850,148.3,tertiary
5373440850,529470376,49.9,tertiary
529470140,3759567183,10.2,tertiary
3759567183,5373391856,2.4,tertiary
436597949,436597950,51.8,primary
436597950,13061816136,3.5,primary
13061816136,436597951,39.9,primary
436597951,13061816119,16.7,primary
13061816119,3759566206,11.2,primary
3759566206,13061816090,77.2,primary
13061816090,2817930573,9.5,primary
2817930573,3759566222,7.7,primary
3759566222,13061816074,107.2,primary
13061816074,13061816053,15.5,primary
13061816053,3759566240,33.6,primary
3759566240,13061816015,105.1,primary
13061816015,3759566247,12.8,primary
3759566247,436597952,28.9,primary
436597952,436597953,19.6,primary
436597953,6479769507,32.9,primary
6479769507,529470105,62.3,primary
2259058206,2259057988,4.4,tertiary_link
2259057988,2259058011,4.2,tertiary_link
2259058011,2259057959,17.7,tertiary_link
2259057959,2259058314,16.3,tertiary_link
2259058314,2259058504,12.7,tertiary_link
2259058504,2259058548,10.0,tertiary_link
2259058610,312197992,18.4,tertiary
530286887,530286863,45.3,tertiary
530286863,530282340,55.0,tertiary
530282340,530286858,68.0,tertiary
530286858,530282331,92.6,tertiary
529483709,11079771522,39.7,residential
11079771522,13108208362,28.1,residential
13108208362,530286854,43.0,residential
530286854,530287010,91.2,residential
530287010,529483803,44.6,residential
529483803,529483791,40.0,residential
529483791,13108208356,14.3,residential
13108208356,530290137,18.2,residential
530290137,13108208354,20.1,residential
13108208354,529483793,28.7,residential
5373440846,10264358427,20.2,tertiary
10264358427,13108208344,21.7,tertiary
13108208344,530287001,20.8,tertiary
530287001,13108208323,39.2,tertiary
13108208323,4148023414,22.1,tertiary
4148023414,13108208331,59.9,tertiary
13108208331,530290070,6.0,tertiary
530290070,13108208342,34.0,tertiary
13108208342,529483796,38.9,tertiary
529483796,530290075,57.8,tertiary
530290075,530290073,33.1,tertiary
530290073,530290113,20.7,tertiary
530290113,530290111,23.2,tertiary
530290111,530290112,34.2,tertiary
530290112,530290120,25.3,tertiary
530290120,530290118,30.2,tertiary
529483798,530290030,34.4,tertiary
530290030,5373440849,31.8,tertiary
5373440849,529483799,27.4,tertiary
529483799,529483801,29.3,tertiary
529483801,7478900363,15.3,tertiary
7478900363,530290069,41.1,tertiary
530290069,11079771531,24.4,tertiary
11079771531,11079771533,67.0,tertiary
11079771533,530290105,13.4,tertiary
530290105,530290110,24.4,tertiary
530290110,530290109,24.0,tertiary
529483796,530287009,72.3,residential
530287009,530290136,41.7,residential
530290136,529483803,39.0,residential
2911126377,3972492219,122.9,tertiary
3972492219,13147463230,76.2,tertiary
13147463230,790705642,70.1,tertiary
790705642,790705515,146.1,tertiary
790705515,10855840667,85.1,tertiary
10855840667,790705614,86.0,tertiary
790705614,3972492218,95.8,tertiary
3972492218,2911126352,62.2,tertiary
2911126349,3972492221,31.6,tertiary
3972492221,790705515,100.1,tertiary
790705515,13585929643,53.7,tertiary
13585929643,13585929645,29.3,tertiary
13585929645,790705488,60.9,tertiary
790705488,904958832,41.5,tertiary
904958832,904958836,56.7,tertiary
904958836,12995205408,10.0,tertiary
12995205408,2818013373,122.7,tertiary
436666869,529470303,39.7,tertiary
529470303,6699605862,62.9,tertiary
6699605862,529470301,13.9,tertiary
529470301,529470299,54.4,tertiary
529470299,13602507946,63.3,tertiary
13602507946,529470297,25.1,tertiary
529470297,529470295,24.1,tertiary
529470295,529470293,36.1,tertiary
529470293,529470211,54.8,tertiary
529470211,529470209,55.8,tertiary
529470209,529470206,42.0,tertiary
529470206,529470204,42.7,tertiary
529470204,529470202,28.7,tertiary
529470202,529470200,41.0,tertiary
529470200,904021097,5.2,tertiary
904021097,11063244796,7.4,tertiary
11063244796,529470226,20.8,tertiary
529470226,903877051,12.9,tertiary
903877051,529470224,48.0,tertiary
4161735409,13065355402,154.7,tertiary
13065355402,13065355407,69.8,tertiary
13065355407,4627767700,75.3,tertiary
3017451146,790705488,146.5,tertiary
790705488,12785063530,26.8,tertiary
12785063530,12785063531,22.8,tertiary
12785063531,12995205406,4.1,tertiary
12995205406,12267530777,21.7,tertiary
12267530777,790705495,90.7,tertiary
436597966,13603975368,45.3,residential
13603975368,529778381,19.5,residential
529778381,529778405,19.6,residential
529778405,13588234977,8.2,residential
13588234977,529778404,58.7,residential
529778404,529778402,147.3,residential
529778402,10857622004,69.6,residential
10857622004,13065343618,24.9,residential
13065343618,4800629739,5.7,residential
4800629739,13584911660,63.5,residential
13584911660,12385823587,25.1,residential
12385823587,13584911621,13.7,residential
13584911621,529778409,17.3,residential
529778409,529778410,27.5,residential
529778406,12203555259,8.8,residential
12203555259,10857621955,54.7,residential
10857621955,13603718461,14.9,residential
13603718461,529778402,66.5,residential
529778402,529778403,22.8,residential
529778403,12385823578,68.2,residential
12385823578,13583188211,21.6,residential
13583188211,529778411,15.2,residential
529778411,529778412,10.7,residential
529778412,13584911717,0.9,residential
13584911717,10244156896,7.0,residential
10244156896,529778413,7.6,residential
529778413,529778414,10.3,residential
529778414,529778415,5.9,residential
10831435199,12342937702,111.8,residential
12342937702,13588441077,15.5,residential
13588441077,529778396,58.3,residential
529778396,13610551923,15.6,residential
13610551923,13588440997,14.4,residential
13588440997,529778367,27.2,residential
529778367,13588441007,6.3,residential
13588441007,529778363,38.9,residential
529778363,12525943411,2.7,residential
12525943411,529778364,20.9,residential
529778364,529778365,28.8,residential
529778365,529778366,16.8,residential
529778405,13588235084,88.1,residential
13588235084,6015522828,3.1,residential
6015522828,529778398,84.6,residential
529778416,529778417,85.8,residential
529778417,529778392,59.1,residential
529778381,529778417,88.6,residential
529778393,13604051855,75.9,residential
13604051855,13604051979,36.3,residential
13604051979,8477883187,3.4,residential
529778383,13604115221,45.8,residential
13604115221,13603977829,4.9,residential
13603977829,13604115195,30.0,residential
13604115195,13603977906,1.9,residential
13603977906,13604115124,15.0,residential
13604115124,13603977905,6.0,residential
13603977905,13603977938,18.2,residential
13603977938,790705527,32.3,residential
790705527,529778372,51.0,residential
529778394,13610559489,41.6,residential
13610559489,6015522826,26.3,residential
6015522826,4309985013,47.6,residential
4309985013,529778377,53.2,residential
529778377,529778368,55.3,residential
529778373,4309985013,60.5,residential
4309985013,12525943412,6.1,residential
12525943412,529778376,31.8,residential
529778376,529778375,36.7,residential
529778375,529778374,36.9,residential
529778374,529778360,100.5,residential
6015522825,529778374,47.3,residential
529778375,790705682,53.9,residential
790705682,529778370,53.5,residential
529778376,790705548,53.0,residential
790705548,529778371,54.9,residential
529778377,790705548,37.9,residential
790705548,790705682,36.0,residential
790705682,529778378,37.7,residential
529778395,6015486605,52.2,residential
6015486605,13610551921,55.3,residential
13610551921,529778396,108.1,residential
529778367,529778361,162.5,residential
529778421,12338947513,32.8,residential
12338947513,529778427,47.8,residential
529778427,12342880600,60.3,residential
12342880600,13588441364,10.1,residential
13588441364,13588441042,25.7,residential
13588441042,529778422,30.8,residential
2122131931,12342361411,10.0,unclassified
12342361411,529792241,48.8,unclassified
529792241,529792227,59.2,unclassified
529792227,3801759613,65.8,unclassified
3801759613,790705687,58.4,unclassified
790705687,790705589,81.2,unclassified
790705589,13582999497,29.0,unclassified
13582999497,529778431,47.0,unclassified
790705506,529792243,75.4,residential
529792243,790705562,82.5,residential
790705562,529778429,59.8,residential
529778429,790705556,62.8,residential
790705556,10855840683,42.3,residential
10855840683,13588441390,1.0,residential
13588441390,12342361441,6.2,residential
12342361441,13588441399,1.2,residential
13588441399,12342361438,32.6,residential
12342361438,529778425,10.9,residential
529778449,790705527,79.7,residential
790705527,13604115121,23.1,residential
13604115121,529778387,107.7,residential
529778387,13604051976,80.8,residential
13604051976,529778390,121.9,residential
529778460,13577620343,50.1,residential
13577620343,13577620341,9.2,residential
13577620341,529778458,18.0,residential
529778458,3756798917,13.1,residential
3756798917,13577620346,25.0,residential
13577620346,529778455,41.9,residential
529778455,13583273073,43.8,residential
13583273073,13583273074,13.4,residential
13583273074,13583273075,4.7,residential
13583273075,529778457,5.9,residential
529778458,13577620350,33.9,residential
13577620350,529778459,15.0,residential
529778459,13577620355,12.4,residential
13577620355,13577620360,23.1,residential
13577620360,13577620357,37.1,residential
13577620357,529778450,13.0,residential
529778450,4296547667,29.7,residential
4296547667,8721333057,32.6,residential
8721333057,529778451,48.7,residential
529778452,13603201699,6.3,residential
13603201699,529778450,29.2,residential
529778450,13577620365,32.3,residential
13577620365,13577620367,35.7,residential
13577620367,13094906952,18.9,residential
13094906952,13577620375,18.6,residential
13577620375,13577620373,9.0,residential
13577620373,529778453,33.9,residential
2911126356,529804021,98.3,residential
529804021,8477883191,53.5,residential
529792240,529792242,53.3,residential
529792242,790705556,45.5,residential
790705556,12342361381,85.0,residential
12342361381,529792227,29.3,residential
529792227,903866902,79.9,residential
903866902,529792228,23.9,residential
529792228,529792224,60.8,residential
529792241,903866853,82.2,residential
529792226,529792224,60.0,residential
529792224,529792229,32.5,residential
529792229,529792236,68.1,residential
529792236,529792232,26.6,residential
529792232,529792234,21.9,residential
529792234,790705564,134.2,residential
529792228,3801759612,67.1,residential
3801759612,790705482,59.0,residential
790705482,529792237,79.9,residential
529792237,13585896916,40.7,residential
13585896916,790705470,35.8,residential
529792238,11507998133,53.8,residential
11507998133,8477883189,13.4,residential
529792233,11507998127,31.8,residential
11507998127,529792231,42.9,residential
529792229,529792230,60.6,residential
529792230,529792222,24.7,residential
529792233,529792235,49.2,residential
529792235,529792230,68.0,residential
529792233,11507998126,38.4,residential
11507998126,529792234,23.2,residential
529792235,529792236,61.1,residential
790705533,790705465,158.2,residential
790705465,529792242,121.3,residential
529792243,790705589,107.5,residential
529792244,790705538,103.9,residential
529792248,11507998034,3.9,residential
11507998034,13585867912,42.3,residential
13585867912,2911126370,18.4,residential
2911126370,11507997966,44.0,residential
11507997966,10855907071,59.5,residential
10855907071,10855907072,10.8,residential
10855907072,529792238,29.5,residential
529470221,529803959,24.3,residential
529803959,529803943,20.1,residential
529803943,3759586198,13.8,residential
3759586198,529803944,14.7,residential
529803944,529803946,22.2,residential
529803946,529803947,13.7,residential
529803947,529803948,8.7,residential
529803948,11063244787,21.6,residential
11063244787,529803949,3.3,residential
529803949,529803950,15.6,residential
529803950,529803951,24.2,residential
529803951,529803952,18.4,residential
529803952,529803953,24.6,residential
529803953,529803954,28.9,residential
529803954,529803982,14.4,residential
529803982,529803989,9.4,residential
529803955,11063244784,22.2,path
11063244784,529803956,41.4,path
529803956,529803957,6.1,path
529803957,529803958,36.6,path
529803958,529803985,31.7,path
529803985,12311524226,19.9,path
12311524226,12311524236,12.9,path
12311524236,529803986,1.6,path
529803986,529803987,19.7,path
529803987,529803988,49.2,path
529803988,529803998,41.5,path
529803998,529803999,39.4,path
529803999,529804000,52.3,path
529804000,529804001,32.3,path
529804001,529804002,36.1,path
529803989,12311524238,7.5,residential
12311524238,12311524237,11.2,residential
12311524237,529803990,31.0,residential
529803990,12311524230,13.4,residential
12311524230,529803991,6.9,residential
529803991,529803992,13.3,residential
529803992,529803993,18.2,residential
529803993,529803994,12.0,residential
529803994,12311483268,17.3,residential
12311483268,529803995,3.1,residential
529803995,529803996,12.0,residential
529803996,529803997,19.0,residential
529803997,529804003,19.4,residential
529804003,529804004,14.9,residential
529804004,12311524239,16.8,residential
12311524239,529804005,4.2,residential
529804005,529804006,16.0,residential
529804006,529803973,18.5,residential
529803973,529803974,17.3,residential
529803974,529803975,15.4,residential
529803975,529803976,7.5,residential
529803976,529803977,12.2,residential
529803977,529803978,14.0,residential
529803978,12311524205,9.1,residential
12311524205,529803979,1.4,residential
529803979,529803980,20.0,residential
529803980,12311524251,24.7,residential
12311524251,529803981,7.5,residential
529803981,12311483274,25.3,residential
12311483274,529504113,13.5,residential
2122131955,2122131962,9.3,residential
2122131962,2122131943,4.6,residential
2122131943,436666871,5.4,residential
436666871,529804008,14.9,residential
529804008,529804009,36.8,residential
529804009,5224663706,42.1,residential
5224663706,529804010,16.9,residential
529804010,529804011,24.5,residential
2911126353,529804025,81.3,residential
529804014,529804018,46.6,residential
529804018,529804021,103.9,residential
529804015,10857999959,46.2,residential
10857999959,529804017,12.8,residential
529804017,529804018,37.4,residential
10828161857,529804019,6.0,residential
529804019,529804023,149.9,residential
529803960,529803961,84.1,residential
529803961,7437065253,6.6,residential
7437065253,7437065249,78.4,residential
9657906542,10857999971,5.2,tertiary
10857999971,9657906541,30.4,tertiary
9657906541,9657906540,9.7,tertiary
9657906540,9657906538,10.0,tertiary
9657906538,9657906537,24.4,tertiary
9657906537,9657906536,5.8,tertiary
9657906536,9657906535,6.0,tertiary
9657906535,9657906534,7.0,tertiary
9657906534,10857705866,16.4,tertiary
10857705866,10857705854,40.0,tertiary
10857705854,5342836245,14.9,tertiary
5342836245,10857691484,26.1,tertiary
10857691484,529804022,31.9,tertiary
529804022,10857691483,47.6,tertiary
10857691483,529780911,96.5,tertiary
529804458,2911126374,134.4,residential
2911126374,529804457,17.5,residential
529804457,13147446275,29.1,residential
13147446275,529804452,59.0,residential
529804452,2911126371,60.1,residential
2911126371,529804449,20.7,residential
529804449,529804450,84.1,residential
529804464,10857621944,6.7,residential
10857621944,7437065248,56.6,residential
7437065248,529804469,35.5,residential
529804469,529804465,21.7,residential
529804465,10857999932,13.9,residential
10857999932,529804462,48.3,residential
529804462,10857998377,29.7,residential
10857998377,10857998383,34.2,residential
10857998383,11507998100,12.0,residential
11507998100,529804461,30.3,residential
529804461,11507998149,38.7,residential
11507998149,529804460,22.4,residential
529804461,11507998098,27.0,residential
11507998098,11507998097,19.9,residential
11507998097,529804453,20.6,residential
529804453,11507998101,23.5,residential
11507998101,2911126361,45.3,residential
529804453,529804454,62.4,residential
529804465,529804466,74.1,residential
529804467,529804471,33.9,residential
529804471,529804468,51.6,residential
529804470,529804471,73.7,residential
529807851,529807852,43.8,residential
529807852,529807853,37.5,residential
529807853,529807854,37.1,residential
529807854,529807855,36.4,residential
529807855,529807856,30.0,residential
529807856,529807824,37.5,residential
529807824,529807825,26.3,residential
529807825,529807826,23.7,residential
529807826,529807827,17.9,residential
529807827,529807828,16.7,residential
529807828,699849915,17.9,residential
529807761,699849865,75.3,residential
699849865,699850078,75.0,residential
699850078,699849945,69.8,residential
699849945,699850076,71.1,residential
699850076,529807812,76.2,residential
529807812,699850051,110.4,residential
699850051,699850223,64.2,residential
699850223,529807833,57.9,residential
529807833,529807834,20.7,residential
529807834,529807835,14.8,residential
529807835,529807836,19.6,residential
529807836,529807837,24.3,residential
10831436508,10831436506,94.8,footway
10831436506,1780115793,34.1,footway
1780115793,10831436507,233.9,footway
10831436507,2818004362,66.2,footway
2818004362,3657648701,134.9,footway
3657648701,11174881775,4.6,footway
11174881775,2818004364,9.4,footway
529807747,529807748,62.7,residential
529807748,529807752,24.7,residential
529807752,529807753,49.8,residential
529807753,529807754,40.7,residential
699849885,10857705901,16.0,residential
10857705901,699850051,18.2,residential
699850051,4309889227,63.7,residential
4309889227,529807801,125.9,residential
699850135,10857705900,14.6,residential
10857705900,699850223,18.6,residential
699850223,529807810,33.3,residential
529807810,529807802,53.6,residential
529807810,529807838,135.0,residential
529807768,699850078,82.3,residential
699850078,10857705905,19.5,residential
10857705905,699850098,15.2,residential
699850098,529807778,91.6,residential
529807778,699849814,51.6,residential
529807769,699849945,104.3,residential
699849945,10857705904,16.6,residential
10857705904,699849916,19.3,residential
699849916,11116533456,75.4,residential
11116533456,529807776,45.1,residential
529807777,699850137,51.6,living_street
699850120,699850183,114.6,living_street
699850183,699849865,34.7,living_street
699849865,529807771,59.8,living_street
699850127,10857621942,6.4,living_street
10857621942,699849818,49.2,living_street
699849818,699849838,40.1,living_street
699849838,699850017,37.6,living_street
699850017,699850088,39.2,living_street
699850088,699850103,43.9,living_street
699850103,699849824,42.1,living_street
699849824,699849847,41.8,living_street
699849847,529807754,37.6,living_street
699849818,529807780,90.3,living_street
529807780,529807766,68.2,living_street
699849838,2911126369,90.3,living_street
2911126369,529807767,78.3,living_street
699850017,2911126368,90.3,living_street
2911126368,529807764,86.2,living_street
699850103,2911126366,90.3,living_street
2911126366,529807749,93.0,living_street
699849824,2911126365,90.3,living_street
2911126365,529807750,92.2,living_street
699849847,2911126364,90.2,living_street
2911126364,529807751,89.3,living_street
2911126365,2911126366,42.1,living_street
529807811,10857705902,19.4,residential
10857705902,529807812,14.1,residential
529807812,529807809,27.8,residential
529807809,11507998155,48.4,residential
11507998155,11507998156,31.4,residential
11507998156,529807800,45.0,residential
529470224,903876985,37.3,footway
903876985,529815704,13.9,footway
529815704,529815705,15.5,footway
529815705,529815682,18.2,footway
529815682,529815683,14.8,footway
529815683,529815684,14.2,footway
529815684,529815685,15.1,footway
529815685,529815686,15.3,footway
529815686,529815687,20.2,footway
529815687,529815688,24.0,footway
529815688,903877056,36.7,footway
903877056,529815694,16.0,footway
529815694,529815695,4.9,footway
529815695,529815700,27.3,footway
529815700,904021049,59.9,footway
904021049,529815696,33.6,footway
529815696,529815697,35.1,footway
529815697,529815698,30.2,footway
529815698,904021044,10.6,footway
904021044,529815699,33.7,footway
529815699,529815753,58.5,footway
529815753,3756931474,35.0,footway
3756931474,529815754,19.7,footway
529815754,529815755,82.3,footway
529815755,529815756,46.3,footway
529815756,13096041038,45.6,footway
13096041038,529815767,43.7,footway
529815767,10968489027,17.2,footway
10968489027,3756931465,12.1,footway
529815679,904021110,29.3,path
904021110,529815733,67.8,path
529815733,529815745,28.7,path
529815745,529815746,23.5,path
529815746,529815747,37.9,path
529815747,904021084,20.5,path
904021084,529815750,17.8,path
529815750,529815751,29.3,path
529815751,529815752,34.5,path
529815752,903877053,61.6,path
903877053,529815760,31.8,path
529815760,529815761,42.7,path
529815761,904020989,24.1,path
904020989,529815762,14.1,path
529815762,529815769,42.4,path
529815769,3756931462,23.3,path
529815692,3759567231,14.8,footway
3759567231,529815693,36.1,footway
529815693,529815680,57.6,footway
529815680,13096041012,27.4,footway
13096041012,529815681,27.7,footway
529815681,529815672,46.7,footway
10861820176,10861820175,93.8,service
10861820175,10861820174,8.2,service
10861820174,10861820173,76.6,service
10861820173,6021663239,13.3,service
6021663239,6021663240,3.4,service
6021663240,6021663241,4.9,service
6021663241,6021663242,4.4,service
6021663242,6021663243,6.0,service
6021663243,6021663244,34.9,service
2911126387,3756931686,10.0,residential
3756931686,530278084,16.7,residential
530278084,6021663245,78.4,residential
6021663245,530278091,27.0,residential
530278091,530278164,49.8,residential
530278164,530278165,102.1,residential
530278102,530278101,17.9,residential
530278101,530278100,17.9,residential
530278100,530278099,16.6,residential
530278099,530278098,10.8,residential
530278098,530278095,11.2,residential
530278095,13094912442,15.8,residential
13094912442,530278096,10.1,residential
530278096,530278097,18.4,residential
530278097,530278169,20.2,residential
530278169,530278170,16.4,residential
530278170,530278171,25.7,residential
530278171,530278172,20.1,residential
530278172,530278173,22.0,residential
530278173,530278174,12.1,residential
530278174,10861820172,39.4,residential
10861820177,530278178,54.4,residential
530278178,530278179,49.0,residential
530278179,530278180,12.6,residential
530278180,530278183,18.9,residential
530278183,530278105,23.5,residential
530278105,530278106,36.1,residential
530278106,530278107,31.0,residential
530278107,530278104,38.3,residential
530278133,530278127,90.5,residential
530278127,530278122,27.0,residential
530278122,530278123,71.5,residential
8481047435,3724906527,65.2,service
3724906527,3724906526,27.1,service
3724906526,3724906525,25.2,service
3724906525,530278124,9.8,service
530278135,530278129,65.0,residential
530278129,530278131,27.6,residential
530278131,530278126,24.4,residential
530278126,530278125,11.8,residential
530278127,530278128,73.2,residential
530278130,3724906527,37.0,residential
530278136,530278147,70.1,residential
530278147,530278138,91.6,residential
530278138,530278137,48.9,residential
530278138,530278139,31.0,service
530278139,11079771521,36.1,service
530278140,530278139,65.5,service
530278139,530278141,49.1,service
530278134,530278143,141.3,service
7456158870,530278149,57.5,residential
530278149,530278150,51.9,residential
530278150,2911126344,37.4,residential
2911126344,530278151,35.9,residential
530278151,530278155,87.7,residential
530278155,530278154,16.1,residential
530278154,530278159,220.0,residential
530278187,5408960990,86.7,residential
5408960990,530278188,54.4,residential
530278189,13060930776,3.0,residential
13060930776,530278190,68.4,residential
530278190,530278196,69.6,residential
530278214,530278219,124.2,residential
530278219,530278193,17.2,residential
530278193,530278198,99.7,residential
530278198,529470358,53.4,residential
530278193,530278216,14.3,residential
530278216,530278217,14.5,residential
530278217,13060930723,4.2,residential
13060930723,530278194,9.1,residential
530278194,530278195,15.4,residential
530278195,530278196,24.1,residential
530278196,530278188,43.6,residential
530278188,530278145,66.6,residential
530278145,530278143,44.0,residential
530278143,530278136,38.4,residential
530278219,4309925785,91.3,residential
4309925785,530278232,64.8,residential
530278199,530278203,58.8,residential
530278203,530278201,37.6,residential
530278201,530278202,29.3,residential
530278202,13060768111,18.1,residential
13060768111,530278232,24.0,residential
530278232,530278234,28.2,residential
530278234,530278235,35.9,residential
530278235,530278236,67.2,residential
530278218,4309925785,129.8,residential
4309925785,13060768112,25.4,residential
13060768112,530278197,34.2,residential
530278197,5408960991,18.1,residential
5408960991,4309642478,35.3,residential
4309642478,13060930261,45.1,residential
13060930261,530278185,11.1,residential
530278198,4309642478,101.2,residential
4309642478,530278203,52.9,residential
6225822119,530278204,42.4,service
530278270,10883977439,8.9,tertiary
10883977439,530278271,65.9,tertiary
530278271,530278272,82.2,tertiary
530278272,530278273,115.6,tertiary
530278273,1470477179,28.8,tertiary
1470477179,530278274,33.3,tertiary
530278274,436666885,54.0,tertiary
530278275,530278210,126.7,residential
530278210,530278211,85.5,residential
530278211,13099201856,10.4,residential
13099201856,530278212,29.7,residential
530278212,530278213,59.9,residential
530278213,5373391896,82.9,residential
530278244,530278249,41.1,residential
530278249,530278250,24.5,residential
530278250,11079771515,22.4,residential
11079771515,530278248,5.0,residential
530278248,11079771516,11.0,residential
11079771516,11079771517,56.1,residential
11079771517,11079771518,31.6,residential
530278153,1882541521,39.0,residential
1882541521,530278148,47.2,residential
530278148,2911126344,33.2,residential
530278227,530278228,64.1,residential
530278149,530278230,96.5,residential
530278253,530278254,35.6,service
530278254,530278255,10.8,service
530278255,530278256,14.2,service
530278256,530278257,91.2,service
530278155,530278156,87.5,residential
530278156,530278157,17.9,residential
530278157,530278158,54.0,residential
530278114,530278119,31.2,residential
530278119,530278113,41.0,residential
530278113,530278094,77.7,residential
7437065257,530287017,53.0,residential
530287017,530287022,38.6,residential
530287022,530287021,35.6,residential
530287021,530287020,36.6,residential
530287020,7456175745,37.8,residential
7456175745,530287034,37.4,residential
530287034,530287033,36.5,residential
530287033,530282391,38.1,residential
530282391,530287030,36.5,residential
530287030,530287031,35.9,residential
530287031,530287032,36.8,residential
530287032,7456175744,37.8,residential
7456175744,530282380,37.9,residential
530282380,530282379,36.5,residential
530282379,530282378,34.4,residential
530282378,7456175743,34.3,residential
7456175743,530282382,94.9,residential
530282382,530282383,39.5,residential
530282383,530282384,31.4,residential
530282384,530282356,53.9,residential
530282356,530282357,10.9,residential
530282357,530282358,69.5,residential
530282358,530282352,56.2,residential
530282352,530282353,7.3,residential
530282353,530282354,25.8,residential
530282354,530282355,44.0,residential
530282355,530282341,70.7,residential
530282341,530282342,17.8,residential
530282342,530282348,46.3,residential
530282348,530282344,26.0,residential
530282344,530282347,16.8,residential
530282347,530282346,43.5,residential
530282346,530282345,39.9,residential
530282345,530282351,36.6,residential
530282351,530282330,36.7,residential
530282330,530282334,37.4,residential
530282334,530282335,38.7,residential
530282335,530282336,39.2,residential
530282336,530282331,38.6,residential
530282331,530286862,41.6,residential
530286862,530286856,53.9,residential
530286856,530282337,25.8,residential
530282337,5373440850,32.4,residential
530282359,530282362,66.9,residential
530282362,530282361,34.1,residential
530282361,530282342,68.0,residential
530282370,4310023320,47.2,residential
4310023320,530282349,26.8,residential
530282349,530282346,108.5,residential
7456175743,7456175742,34.7,residential
7456175742,3969210070,80.0,residential
3969210070,530282367,47.6,residential
530282367,530282368,25.6,residential
530282368,530282376,60.3,residential
530282376,530282330,102.7,residential
530282385,530282386,40.1,residential
530282386,530282360,34.9,residential
530282360,530282359,37.2,residential
530282386,4309857132,101.0,living_street
4309857132,530282347,114.2,living_street
530282360,4309949312,101.0,living_street
4309949312,530282348,92.5,living_street
530282367,4310023320,98.5,residential
530282368,530282369,30.9,living_street
530282369,530282350,34.1,living_street
530282350,530282349,33.8,living_street
530282350,11507258919,59.4,living_street
11507258919,530282345,67.5,living_street
530282369,11507258920,60.1,living_street
11507258920,530282351,84.7,living_street
530282377,3969210073,37.4,residential
7456175741,530282371,15.4,service
530282371,530282388,17.3,service
530282388,530282372,22.6,service
530282372,530282373,11.4,service
7456175741,530282385,18.3,service
7456175742,530282389,97.5,living_street
530282378,3969210071,115.4,living_street
3969210071,3969210067,133.5,living_street
3969210067,530282334,116.0,living_street
530282379,3969210072,115.8,living_street
3969210072,3969210068,133.5,living_street
3969210068,530282335,131.2,living_street
530282380,3969210073,115.9,living_street
3969210073,3969210069,132.8,living_street
3969210069,530282336,147.6,living_street
530282340,3969210069,36.9,living_street
530286880,12511769042,18.2,residential
12511769042,530286881,7.8,residential
530286881,12525941089,9.7,residential
12525941089,530286882,13.6,residential
530286882,530286883,14.2,residential
530286883,12525922273,17.9,residential
12525922273,530286884,1.8,residential
530286884,530286885,21.4,residential
530286885,530286886,30.5,residential
530286886,530286897,27.8,residential
530286897,530286898,15.0,residential
530286898,530286899,13.3,residential
530286899,530286905,3.6,residential
530286905,530286900,13.7,residential
530286900,530286901,19.1,residential
530286901,530286902,20.3,residential
530286902,530286903,20.8,residential
530286903,530286904,17.2,residential
530286904,530286918,20.9,residential
530286918,530286951,15.3,residential
530286951,530286952,15.2,residential
530286952,530286953,17.4,residential
530286953,530286954,17.7,residential
530286954,530286955,12.4,residential
530286955,530286956,11.4,residential
530286956,530286957,9.1,residential
530286957,530286958,8.3,residential
530286958,530286959,12.0,residential
530286959,530286960,17.8,residential
530286960,530286961,11.9,residential
530286961,530286962,11.0,residential
530286962,530286970,17.4,residential
530286970,530286971,5.3,residential
530286971,530286972,15.2,residential
530286972,530286973,19.2,residential
530286973,530286974,13.9,residential
530286974,530286975,12.6,residential
530286975,12525941081,7.5,residential
12525941081,530286976,7.5,residential
530286976,8481047426,28.6,residential
530286952,530286963,75.6,residential
530286963,530286964,15.1,residential
530286964,530286945,42.3,residential
530286945,530286946,50.4,residential
530286946,530286965,36.2,residential
530286965,530286966,20.5,residential
530286966,530286977,23.5,residential
530286977,530286983,8.1,residential
530286983,530286984,27.5,residential
530286984,530286985,12.9,residential
530286985,530286967,15.2,residential
530286967,530286968,11.7,residential
530286968,530286969,14.6,residential
530286905,530286906,90.8,residential
530286906,530286907,20.8,residential
530286907,530286908,13.8,residential
530286908,530286909,8.0,residential
530286909,530286910,14.3,residential
530286910,530286911,10.0,residential
530286911,530286912,10.6,residential
530286912,12525922286,6.1,residential
12525922286,530286913,7.3,residential
530286913,12525922285,8.0,residential
12525922285,530286914,6.3,residential
530286914,530286915,8.0,residential
530286915,12525922284,13.9,residential
12525922284,530286917,12.8,residential
530286917,530286916,4.2,residential
530286916,530286924,5.4,residential
530286924,12525922288,14.7,residential
12525922288,12525922289,4.0,residential
12525922289,12525922290,2.9,residential
12525922290,530286889,3.6,residential
530286889,12525922291,6.8,residential
12525922291,530286890,8.0,residential
530286890,530286891,18.0,residential
530286891,12525922293,6.4,residential
12525922293,12525922292,10.4,residential
12525922292,12525922299,7.2,residential
12525922299,12525922297,7.1,residential
12525922297,12525922298,7.6,residential
12525922298,12525922296,4.7,residential
12525922296,12525922295,4.8,residential
12525922295,12525922294,16.2,residential
12525922294,530286892,16.0,residential
530286892,12525922300,18.6,residential
12525922300,12525941001,8.1,residential
12525941001,12525941002,13.8,residential
12525941002,530286893,21.3,residential
530286893,530286894,8.6,residential
530286894,12525941003,4.5,residential
12525941003,530286895,7.3,residential
530286895,12525941005,6.9,residential
12525941005,12525941004,4.8,residential
12525941004,530286896,9.5,residential
530286896,530286873,18.2,residential
530286873,530286874,19.3,residential
530286874,530286875,9.0,residential
530286875,530286876,17.4,residential
530286876,530286877,13.3,residential
530286877,530286878,14.4,residential
530286878,12525941006,16.0,residential
12525941006,12525941007,10.8,residential
12525941007,12525941008,15.9,residential
12525941008,530286879,17.1,residential
530286924,530286925,6.2,residential
530286925,530286926,24.8,residential
530286926,530286927,17.3,residential
530286927,530286928,10.7,residential
530286928,530286929,8.8,residential
530286929,530286933,8.3,residential
530286933,530286934,7.2,residential
530286934,530286935,5.1,residential
530286935,530286936,7.4,residential
530286936,530286937,9.0,residential
530286937,530286938,9.9,residential
530286938,530286939,6.4,residential
530286939,530286948,9.7,residential
530286948,530286949,16.7,residential
530286939,530286940,7.5,residential
530286940,12525922287,15.4,residential
12525922287,530286941,12.8,residential
530286941,530286942,18.0,residential
530286942,530286943,12.0,residential
530286943,530286944,9.8,residential
530286944,530286930,20.3,residential
530286930,530286931,27.4,residential
530286944,530286947,24.7,residential
530286945,530286932,51.9,residential
530287011,530287018,49.6,residential
530287018,530287023,41.7,residential
530287023,3969210080,35.2,residential
3969210080,3969210078,36.1,residential
3969210078,3969210077,37.8,residential
3969210077,3969210076,39.0,residential
3969210076,3969210075,37.1,residential
3969210075,3969210074,35.3,residential
3969210074,11507258896,18.4,residential
11507258896,530286867,19.4,residential
530286867,530286868,35.5,residential
530286868,530286888,35.7,residential
530286888,530286887,39.7,residential
530287018,530287019,16.0,residential
530287019,530287016,63.6,residential
530287016,530287015,33.4,residential
530287015,530287014,49.7,residential
530287014,530286864,48.5,residential
530286864,530286872,54.5,residential
530286872,530286857,96.4,residential
530286857,530286860,45.7,residential
530286860,530286856,34.9,residential
530282391,3969210074,149.0,residential
3969210074,530286866,42.6,residential
530286866,530286869,52.0,residential
530286869,530286865,73.9,residential
530286865,530286857,73.4,residential
7456175745,3969210077,148.3,residential
3969210077,530286864,143.8,residential
530286865,530286859,35.0,residential
530286859,530286861,75.1,residential
530286861,530286858,39.0,residential
530286859,11507258897,73.9,residential
11507258897,530286860,29.6,residential
530286861,530286862,108.4,residential
530286866,11507258895,18.4,residential
11507258895,530286863,129.9,residential
530287030,530286867,148.3,residential
530287031,530286868,148.9,residential
530287032,530286888,148.6,residential
530286872,4154289515,51.2,residential
4154289515,11507258914,53.4,residential
11507258914,530286852,14.7,residential
530286852,530286853,53.7,residential
530286853,13108208368,7.9,residential
13108208368,530282339,36.1,residential
530287033,3969210075,149.7,residential
3969210075,11507258885,102.7,residential
11507258885,530286870,33.5,residential
530287034,3969210076,148.2,residential
3969210076,530286872,179.5,residential
530287020,3969210078,148.7,residential
3969210078,530287014,111.9,residential
530287021,3969210080,148.9,residential
3969210080,530287015,79.4,residential
530287022,530287023,149.0,residential
530287016,529483793,51.8,residential
4148023414,3969210079,40.2,residential
3969210079,530287006,36.4,residential
530287006,8462375098,37.2,residential
530286855,13108208350,115.6,residential
13108208350,13108208361,28.9,residential
13108208361,529483803,25.0,residential
530286998,10264358426,22.2,residential
10264358426,530286999,19.5,residential
530286999,530290059,10.1,residential
530290059,14091919767,38.3,residential
14091919767,530290060,29.2,residential
530290060,530290061,25.1,residential
530290061,530290062,15.6,residential
530290062,530290063,14.0,residential
530290063,530290064,8.4,residential
530290064,7478900363,34.1,residential
530287010,530287005,112.0,residential
530290170,530290158,49.7,residential
530290158,8738513380,6.1,residential
8738513380,3879912702,42.3,residential
3879912702,530290155,48.0,residential
530290155,8462375099,30.6,residential
8462375099,530290138,11.9,residential
529483789,530290144,53.8,residential
530290144,530290139,2.3,residential
530290139,530290146,36.5,residential
530290146,530290145,36.5,residential
530290145,11079771525,15.8,residential
11079771525,8462375100,23.0,residential
8462375100,530290138,9.8,residential
530290139,530290142,29.7,residential
530290142,530290143,38.9,residential
530290143,530287013,34.9,residential
530287013,530290141,36.2,residential
530290141,529483796,36.5,residential
530290142,529483791,108.9,residential
530290143,530290135,92.4,residential
530290135,530290136,23.3,residential
530290139,530290137,108.5,residential
530287024,3969210082,100.0,residential
530290147,3969210082,49.3,residential
3969210082,530290157,36.9,residential
530290157,8738513376,21.0,residential
8738513376,530290156,14.6,residential
530290156,3879912702,36.5,residential
3879912702,530290149,58.6,residential
530290150,530290152,46.1,residential
530290152,530290151,44.7,residential
530290152,530290154,75.6,residential
530290154,530290155,35.0,residential
530290156,530290145,99.5,residential
530290157,530290146,107.2,residential
699849774,530290089,70.2,residential
530290089,11079771532,9.8,residential
11079771532,530290051,63.9,residential
530290051,4309965755,28.2,residential
4309965755,530290048,1.0,residential
530290048,530290044,25.2,residential
530290044,530290031,64.9,residential
11079771528,530290107,19.7,residential
530290107,530290119,104.7,residential
530290119,530290118,42.5,residential
530290120,530290121,45.0,residential
530290121,530290122,38.3,residential
530290122,530290108,58.7,residential
530290108,530290109,75.3,residential
530290112,530290110,217.6,residential
530290073,530290076,78.9,residential
530290076,530287007,71.6,residential
530290069,3969210081,66.8,residential
3969210081,530290074,66.5,residential
530290074,530290075,79.6,residential
530290070,530290071,43.8,residential
530290071,530290074,78.7,residential
530290113,530290114,70.9,residential
530290114,530290103,96.2,residential
530290103,530290104,33.9,residential
530290105,530290106,17.3,residential
530290106,13108208380,8.0,residential
13108208380,530290090,8.1,residential
530290090,530290091,29.5,residential
530290091,530290092,19.2,residential
530290092,530290093,33.9,residential
530290093,13108208369,2.9,residential
13108208369,699849774,17.3,residential
699849774,530290094,22.2,residential
530290030,14091919766,61.3,residential
14091919766,530290059,29.0,residential
4309965755,530290032,32.4,residential
530290032,530290043,27.0,residential
530290043,530290033,15.4,residential
530290033,530290042,9.1,residential
530290042,530290077,15.3,residential
530290077,530290078,24.0,residential
530290078,530290079,6.3,residential
530290079,530290080,32.5,residential
530290080,530290081,17.8,residential
530290081,699849961,20.5,residential
699849961,530290017,48.7,residential
530290017,530290018,53.6,residential
530290034,530290035,12.2,residential
530290035,530290036,7.4,residential
530290036,530290037,7.2,residential
530290037,530290038,6.2,residential
530290038,530290039,13.9,residential
530290039,530290040,10.0,residential
530290040,530290041,9.0,residential
530290041,530290042,10.7,residential
530290051,530290052,11.7,service
530290052,530290053,11.2,service
530290053,530290054,10.7,service
530290054,530290043,19.4,service
530290089,530290088,54.7,residential
530290088,699850149,88.3,residential
699850149,699849961,64.7,residential
699849961,530290019,28.9,residential
530290020,12338850260,10.1,residential
12338850260,12338850261,6.4,residential
12338850261,530290021,14.2,residential
530290088,530290084,11.3,residential
530290084,530290085,19.0,residential
530290085,530290086,11.0,residential
530290086,530290087,15.3,residential
530290087,530290079,23.3,residential
530981026,5224589591,9.5,service
5224589591,530981029,10.3,service
530981029,530981027,16.3,service
530981027,530981028,16.0,service
530981028,530981017,75.2,service
530981017,530981018,7.3,service
530981018,530981019,129.6,service
530981019,530981021,22.2,service
530981021,530981022,11.3,service
530981022,530981023,17.2,service
530981006,5224589595,3.3,service
5224589595,530981007,12.2,service
530981007,530981008,13.8,service
530981008,530981009,4.3,service
530981009,530981010,6.5,service
530981010,530981011,4.7,service
530981011,530981012,8.3,service
530981012,530980995,9.7,service
530980995,530980996,21.9,service
530980996,530980997,3.4,service
530980997,530980998,6.8,service
530980998,530980999,10.1,service
530980999,530981000,9.8,service
530981000,530981002,21.7,service
530981002,5224589602,7.0,service
5224589602,530981003,7.2,service
530981003,530981004,11.7,service
530981004,5224589596,10.5,service
5224589596,530981013,3.7,service
530981024,6146988068,12.9,residential
6146988068,5224589587,5.6,residential
5224589587,530981035,145.3,residential
530981035,530981036,13.6,residential
530981036,530981037,12.2,residential
530981037,530981038,13.2,residential
530981038,530981039,117.5,residential
530981039,6146988071,11.4,residential
6146988071,530981034,11.8,residential
530981037,530981040,150.2,residential
530981040,530981041,11.4,residential
529470249,530990666,58.8,tertiary
530990666,530990653,69.4,tertiary
530990653,13109953804,51.9,tertiary
13109953804,530990654,19.5,tertiary
530990654,530990655,17.3,tertiary
530990655,13109953803,13.6,tertiary
13109953803,530990656,18.2,tertiary
530990656,13109890699,23.8,tertiary
13109890699,530990657,9.9,tertiary
530990657,530990649,62.2,tertiary
530990649,13584766594,18.0,tertiary
13584766594,530990650,11.6,tertiary
530990650,13584766592,4.4,tertiary
13584766592,5372387405,22.7,tertiary
5372387405,530990651,21.7,tertiary
530990651,530990652,22.6,tertiary
530990652,530990590,24.6,tertiary
530990590,530990591,18.2,tertiary
530990591,530990592,32.1,tertiary
530990592,530990593,18.5,tertiary
530990593,530990594,19.9,tertiary
530990594,530990618,16.1,tertiary
530990618,530990613,24.1,tertiary
530990613,530990610,14.0,tertiary
530990610,530990611,7.1,tertiary
530990615,530990609,76.9,tertiary
530990609,530990584,53.4,tertiary
530990584,530990583,18.1,tertiary
530990583,312198192,42.5,tertiary
312198192,312198201,67.5,tertiary
312198201,312198211,32.7,tertiary
312198211,312198223,27.3,tertiary
312198223,312198234,25.0,tertiary
312198234,5372387406,15.5,tertiary
5372387406,312198241,14.5,tertiary
312198241,312198247,20.4,tertiary
312198247,312198251,28.0,tertiary
312198251,312198257,26.8,tertiary
312198257,312198263,29.6,tertiary
312198263,312198269,39.2,tertiary
312198269,312198274,71.5,tertiary
312198274,312198281,43.2,tertiary
312198281,312198291,30.4,tertiary
312198291,312198302,25.4,tertiary
312198302,312198317,31.0,tertiary
312198317,312198334,25.8,tertiary
312198334,312198352,29.8,tertiary
312198352,5372387407,16.1,tertiary
5372387407,312198369,16.5,tertiary
530990611,530990612,27.4,tertiary
530990612,530990600,36.9,tertiary
530990600,530990579,36.2,tertiary
530990579,530990580,20.6,tertiary
530990580,530990581,11.1,tertiary
530990581,530990582,13.3,tertiary
530990582,530990572,15.4,tertiary
530990572,530990573,14.1,tertiary
530990573,530990574,19.7,tertiary
530990574,530990575,19.3,tertiary
530990575,530990576,20.4,tertiary
530990576,530990577,13.7,tertiary
530990577,530990578,14.3,tertiary
530990578,530990640,18.4,tertiary
530990640,530990641,16.1,tertiary
530990641,530990642,46.4,tertiary
530990642,5224591953,29.2,tertiary
5224591953,530990643,8.7,tertiary
530990643,530990644,62.0,tertiary
530990644,530990645,51.1,tertiary
530990645,530990646,33.9,tertiary
530990646,530990647,20.8,tertiary
530990647,530990648,19.1,tertiary
530990648,2250734744,15.4,tertiary
2250734744,2250734844,43.4,tertiary
2250734844,13109885283,20.5,tertiary
13109885283,2250734752,20.2,tertiary
2250734752,13109885284,24.7,tertiary
13109885284,11518966852,29.6,tertiary
11518966852,2250735270,14.4,tertiary
2250735270,2250735118,56.2,tertiary
2250735118,2250735470,109.2,tertiary
2250735470,2250734968,165.6,tertiary
2250734968,2250735485,63.2,tertiary
2250735485,2250735015,142.6,tertiary
2250735015,7621135952,77.9,tertiary
7621135952,2250734947,66.4,tertiary
2250734947,2250735038,76.5,tertiary
2250735038,2250734781,91.0,tertiary
2250734781,2250735569,159.9,tertiary
2250735569,2250735051,75.0,tertiary
2250735051,2250735041,81.9,tertiary
2250735041,2250735370,87.9,tertiary
2250735370,2250735039,29.9,tertiary
2250735039,2250734766,26.6,tertiary
530990628,530990633,4.5,residential
530990633,530990634,5.8,residential
530990634,530990635,5.1,residential
530990635,13584766997,1.2,residential
13584766997,530990636,2.6,residential
530990636,530990637,7.3,residential
530990637,530990638,6.1,residential
530990638,530990639,8.2,residential
530990639,530990619,4.9,residential
530990619,530990620,5.4,residential
530990620,530990621,9.6,residential
530990621,530990622,3.1,residential
530990622,530990624,5.4,residential
530990624,530990625,3.9,residential
530990625,530990626,3.9,residential
530990626,530990627,4.3,residential
530990627,530990613,9.9,residential
530990591,530990595,13.7,residential
530990595,530990583,70.6,residential
530990584,530990585,12.4,residential
530990585,530990586,9.3,residential
530990586,530990601,7.6,residential
530990601,530990602,9.9,residential
530990602,530990603,6.8,residential
530990603,530990604,3.1,residential
530990604,530990605,7.0,residential
530990605,530990579,49.7,residential
4634163411,9249577875,46.1,primary
9249577875,4634163407,10.5,primary
4634163407,6086993142,31.2,primary
6086993142,436725633,30.1,primary
436725633,4631063394,47.3,primary
4631063394,4301542629,92.4,primary
4301542629,8259383394,23.9,primary
8259383394,436725632,60.6,primary
436725632,6204708606,85.9,primary
6204708606,4301542427,35.3,primary
4301542427,436725631,112.8,primary
436725631,4301542389,52.4,primary
4301542389,436725630,52.1,primary
4717687630,4717687631,23.7,primary
4717687631,4717687632,18.8,primary
4717687632,9201416707,16.5,primary
9201416707,4738282794,8.4,primary
4738282794,436581056,10.8,primary
530981041,530981030,121.9,track
530981030,530981031,41.1,track
530981031,530981032,66.0,track
530981032,530981033,61.8,track
530981033,904021108,51.0,track
530981019,530981020,24.5,service
530981020,530981029,130.3,service
903866816,903877067,9.6,footway
903877067,903866850,19.2,footway
903866850,903866905,23.4,footway
903866905,903866860,31.4,footway
903866860,903866809,14.6,footway
903866809,903866816,23.0,footway
903866902,903866853,59.1,residential
903866850,903866862,18.2,path
903866862,903866815,26.8,path
903866815,903866867,31.2,path
903866867,903866834,32.4,path
903866864,3854432401,20.6,path
3854432401,903866831,52.7,path
903866831,903866880,28.9,path
903866880,8721337596,5.6,path
8721337596,903866843,43.5,path
903866843,8721337594,9.7,path
8721337594,903866809,14.6,path
529510435,10831435192,6.5,residential
10831435192,790705465,55.0,residential
790705465,790705562,43.1,residential
790705562,790705687,110.3,residential
790705687,790705482,103.8,residential
790705482,529792232,61.5,residential
903866894,903866834,22.2,footway
903866834,903866832,2.4,footway
903866832,903866881,37.8,footway
903866881,903866851,23.8,footway
903866851,903866907,8.4,footway
903866907,903866865,38.5,footway
903866865,903866827,29.1,footway
903866827,3854432152,16.4,footway
3854432152,903866876,12.5,footway
903866876,903866894,11.3,footway
903866843,8721337595,9.3,path
8721337595,8721337592,13.8,path
8721337592,8721337593,14.1,path
8721337593,903866829,7.9,path
903866829,903866877,8.4,path
903876974,13602472568,67.2,path
13602472568,903877065,7.3,path
903877065,13602472570,65.3,path
13602472570,903876995,12.0,path
903866832,903876983,12.5,path
903876983,903876894,16.2,path
903876894,903877006,29.4,path
903876913,903876896,40.1,path
903876896,903877009,16.7,path
903877009,13602507930,6.4,path
13602507930,903876905,21.5,path
903876905,6699605862,20.6,path
904029163,904029071,77.3,footway
904029071,904029194,58.2,footway
904029194,904029130,32.0,footway
904029130,904029095,58.4,footway
904029095,904029221,18.3,footway
904029221,904029180,35.5,footway
904029180,904029142,40.1,footway
904029142,904029105,20.8,footway
904029105,904029068,36.9,footway
904029068,5224589586,31.5,footway
5224589586,904029190,4.6,footway
903877014,903877062,10.5,path
903877062,903876956,21.5,path
903876956,903876901,83.5,path
903876901,903876970,20.7,path
903876970,903876916,15.5,path
903876916,903876994,39.9,path
903876994,903876934,30.9,path
903876934,903877020,21.6,path
903877020,903876945,13.6,path
903876945,903877039,18.6,path
903877039,903876961,20.2,path
903876961,903866907,14.3,path
903877056,903876976,73.4,footway
903876976,3756931670,46.3,footway
3756931670,3756931678,36.1,footway
3756931678,529470221,6.6,footway
903866865,903876898,19.2,path
903876898,3854432280,6.0,path
3854432280,3854432285,6.0,path
3854432285,903877012,6.1,path
903877012,3854432295,6.0,path
3854432295,3854432300,6.1,path
3854432300,903876908,6.1,path
903876908,3854432301,7.1,path
3854432301,3854432297,6.4,path
3854432297,903877032,5.5,path
903877032,3854432290,5.5,path
3854432290,3854432296,5.5,path
3854432296,903876928,5.5,path
903876928,3854432309,5.5,path
3854432309,903877041,5.5,path
903877041,3854432329,5.5,path
3854432329,3854432336,6.4,path
3854432336,903876938,8.9,path
903876938,3854432343,5.2,path
3854432343,3854432346,6.4,path
3854432346,3854432353,7.4,path
3854432353,3854432360,9.0,path
3854432360,903877059,6.0,path
903877059,3854432372,5.8,path
3854432372,3854432376,5.6,path
3854432376,903876949,13.0,path
903876949,903876969,14.6,path
903876969,903876913,15.2,path
903876913,903876992,32.4,path
903876992,903876933,22.4,path
903876933,903877017,19.0,path
903877017,903876942,20.2,path
903876942,903877036,25.9,path
903877036,903866831,35.4,path
903877067,903876959,14.3,path
903876959,903876903,49.8,path
903876903,903876975,37.3,path
903876975,903876926,19.0,path
903876926,903876999,32.5,path
903876999,903877006,6.3,path
903877006,903876935,21.0,path
903876935,903877021,46.4,path
903877021,903876974,16.5,path
903876974,903876948,16.2,path
903876948,903877040,37.3,path
903877040,903876967,32.5,path
903876967,903876995,14.9,path
903876995,903877058,15.6,path
903877058,903876988,30.9,path
903876988,903876900,54.8,path
903876900,903877014,39.8,path
903877014,903876911,9.8,path
903876911,903877034,25.4,path
903877034,11063244797,11.6,path
904021108,904021076,56.8,footway
904021076,904021031,90.0,footway
904021031,904021062,47.3,footway
6146988060,13735342842,8.3,footway
13735342842,904021020,3.4,footway
904021020,904021046,5.5,footway
13096041028,3853322431,9.2,path
3853322431,3756798862,11.2,path
3756798862,904021096,3.7,path
904021096,3853322446,19.7,path
3853322446,3853322576,27.3,path
3853322576,904021028,24.6,path
414665053,414665037,77.2,tertiary
904958852,904958846,25.2,pedestrian
904958846,529793981,21.8,pedestrian
529793981,3076736281,24.9,pedestrian
3076736281,529793987,21.6,pedestrian
529793987,6304738996,64.1,pedestrian
6304738996,6304738995,56.7,pedestrian
6304738995,904958852,7.5,pedestrian
904958833,3150330209,8.3,path
3150330209,3854432519,7.8,path
3854432519,3854432513,7.7,path
3854432513,904958851,9.3,path
904958851,3854432426,71.4,path
3854432426,3854432420,6.5,path
3854432420,904958837,5.3,path
904958837,3854432418,4.3,path
3854432418,904958831,29.4,path
904958831,904958848,33.2,path
904958848,3854432469,9.7,path
3854432469,3854432475,7.6,path
3854432475,3756799332,21.4,path
3756799332,904958841,23.3,path
904958841,904958838,53.0,path
904958828,904958844,30.0,path
904958844,904958850,28.6,path
904958850,904958842,21.6,path
904958842,3076736275,15.3,path
3076736275,904958839,17.8,path
904958839,904958835,42.1,path
904958835,3076736276,15.7,path
3076736276,904958846,16.5,path
904958846,3076736273,5.7,path
3076736273,903866885,21.6,path
903866885,3076736274,23.3,path
3076736274,903866841,21.4,path
903866841,903866873,27.4,path
903866873,903866869,27.4,path
903866869,903866886,5.3,path
903866886,903866824,4.4,path
903866824,904958838,8.4,path
904958838,3076736277,37.5,path
3076736277,903866845,39.4,path
903866845,903866884,63.6,path
903866884,3150330210,18.2,path
3150330210,904958833,14.3,path
904958833,903866840,3.0,path
903866840,903866898,3.9,path
903866898,529510434,14.2,path
904958832,529793987,65.3,footway
529793987,904958847,3.4,footway
904958847,906848496,15.8,footway
906848496,906848493,24.5,footway
906848493,904958840,38.0,footway
2250734947,6478182311,44.9,service
6478182311,2817954034,43.4,service
2817954034,2817954033,91.0,service
2817954033,2817954029,95.7,service
2817954029,6477475962,21.9,service
10857621961,1470477208,40.4,tertiary
1470477208,1470477210,27.0,tertiary
1470477210,1470477211,36.2,tertiary
1470477211,1470477212,28.9,tertiary
1470477212,11104981099,19.1,tertiary
11104981099,1470477214,19.0,tertiary
1470477214,1470477216,26.0,tertiary
1470477216,1470477217,30.2,tertiary
1470477217,1470477219,84.8,tertiary
1470477219,1470477220,84.6,tertiary
1470477220,12342937750,44.9,tertiary
12342937750,1470477222,63.5,tertiary
1470477222,1470477226,34.1,tertiary
1470477226,5199201016,32.0,tertiary
5199201016,1882541542,180.5,tertiary
1882541542,1470477228,131.9,tertiary
9314359370,1692582282,66.5,tertiary
1692582282,1470477207,124.5,tertiary
1470477207,10857621961,37.9,tertiary
1470477172,1470477174,49.8,tertiary
1470477174,1470477175,40.8,tertiary
1470477175,1470477185,72.9,tertiary
1470477185,1882566298,205.0,tertiary
4736970024,6284023511,28.0,secondary
6284023511,5158711971,100.2,secondary
5158711971,9288127490,4.2,secondary
9288127490,1494268692,81.4,secondary
1494268692,9310032720,91.3,secondary
9310032720,4636677871,20.5,secondary
1503595826,13802091089,2.8,service
13802091089,13802091077,34.0,service
13802091077,1503595831,78.1,service
1503595831,1503595833,37.8,service
259979264,13802090937,150.1,primary
1574630654,1574630656,19.2,primary
1574630656,13065119139,2.9,primary
13065119139,13089164913,17.5,primary
13089164913,13807519556,94.1,primary
13807519556,13807519571,14.5,primary
13807519571,1503595793,26.1,primary
1503595793,13807519554,23.3,primary
13807519554,13807519577,11.9,primary
13807519577,13807519555,9.5,primary
13807519555,13807519527,16.0,primary
13807519527,13807519526,52.5,primary
13807519526,13807519524,10.7,primary
13807519524,13807519525,10.1,primary
13807519525,13807519523,9.5,primary
13807519523,13807519522,11.2,primary
13807519522,13807519521,6.4,primary
13807519521,259979191,6.1,primary
259979191,1503595798,7.6,primary
1503595798,13802091162,8.5,primary
13802091162,13802091161,9.0,primary
13802091161,13802091160,13.0,primary
13802091160,13802091159,10.4,primary
13802091159,1574630658,7.8,primary
1574630658,13807520714,7.9,primary
13807520714,13802091158,7.3,primary
13802091158,1574630661,12.4,primary
1574630661,1574630662,17.8,primary
1574630662,1574630664,18.0,primary
1574630664,2984433269,144.5,primary
2984433269,13802091157,89.1,primary
13802091157,13802091156,10.4,primary
13802091156,13802091155,11.1,primary
13802091155,13802091154,11.1,primary
13802091154,13802091153,11.4,primary
13802091153,13802091152,11.5,primary
13802091152,1574630667,12.8,primary
1574630667,13802091151,11.4,primary
13802091151,1574630669,11.2,primary
1574630669,1574630671,11.8,primary
1574630671,13802091150,11.4,primary
13802091150,13802091149,11.0,primary
13802091149,1574630679,10.8,primary
1574630679,13802091148,11.6,primary
13802091148,13802091147,10.2,primary
13802091147,1574630681,10.9,primary
1574630681,1574630682,8.3,primary
1574630682,1574630684,9.7,primary
1574630684,1574630687,9.9,primary
1574630687,11725950329,9.3,primary
11725950329,1574630689,8.4,primary
1574630689,259979264,10.1,primary
1645075317,13441899638,40.2,primary
13441899638,1645075316,39.8,primary
1645075316,9310479887,70.3,primary
9310479887,4635167774,72.8,primary
4635167774,9310479889,158.0,primary
9310479889,1645075315,17.2,primary
1645075315,4635300995,26.0,primary
4635300995,13953462657,103.7,primary
13953462657,4655142521,115.4,primary
4655142521,13441908796,63.5,primary
13441908796,1831662611,53.9,primary
4641836027,4641836028,9.4,residential
4641836028,4635081380,42.2,residential
4635081380,6286283156,8.5,residential
6286283156,4635081381,8.2,residential
4635081381,4635081383,28.9,residential
4635081383,4635081384,30.5,residential
1574718096,4641836026,9.4,residential
4641836026,4635085502,76.8,residential
4635085502,1574718098,119.3,residential
1574718098,4635085544,67.8,residential
4635085544,4635085504,61.3,residential
4635085504,4635119065,59.7,residential
4635119065,4641836027,48.9,residential
12293396461,4635085538,65.2,unclassified
4635085538,4635085542,61.5,unclassified
4635085542,4634992619,61.6,unclassified
4634992619,4639822563,44.6,unclassified
4639822563,4641836012,6.6,unclassified
4641836012,12304715881,4.0,unclassified
12304715881,12304715882,4.2,unclassified
12304715882,4639824259,33.8,unclassified
4639824259,4635085525,51.2,unclassified
4635085525,4635085508,52.1,unclassified
4635085508,4635085517,59.0,unclassified
4635085517,1574718098,121.4,unclassified
1645075254,13952032182,11.7,tertiary
13952032182,6776462196,12.5,tertiary
1645075260,9310065484,20.2,tertiary
9310065484,4658402960,54.2,tertiary
4658402960,7947730307,21.8,tertiary
7947730307,4658585125,78.2,tertiary
4658585125,9342203981,73.0,tertiary
9342203981,4658585138,13.6,tertiary
4658585138,9342203980,12.4,tertiary
9342203980,4658585147,40.1,tertiary
4658585147,9276462968,54.4,tertiary
9276462968,13937823889,10.1,tertiary
13937823889,13671609575,8.3,tertiary
13671609575,13671609576,7.6,tertiary
13671609576,1645075254,19.4,tertiary
4738684377,9307356746,22.9,secondary
9307356746,4738791225,23.9,secondary
4738791225,6280676341,90.4,secondary
6280676341,5967304358,76.6,secondary
5967304358,5967304355,185.6,secondary
5967304355,1645075274,17.2,secondary
1645075274,5713479738,14.5,secondary
5713479738,1645075272,25.9,secondary
1645075272,6280676339,37.4,secondary
6280676339,4655056491,5.1,secondary
4655056491,4655056509,31.6,secondary
4655056509,4655056507,68.9,secondary
4655056507,4655056514,24.2,secondary
4655056514,6299257485,49.3,secondary
6299257485,1645075265,59.2,secondary
9313418352,9313418349,169.3,primary
9313418349,5373391826,6.3,primary
5373391826,9313418346,163.3,primary
9313418346,5373391827,1.5,primary
5373391827,436666863,76.2,primary
436666863,5373391828,45.2,primary
5373391828,5373391829,46.4,primary
5373391829,436666864,119.8,primary
436666864,5373391830,42.7,primary
5373391830,12525943408,1.9,primary
12525943408,12525918097,14.7,primary
13735342845,13325814189,9.7,tertiary
13325814189,5224566471,4.6,tertiary
5224566471,904021020,227.0,tertiary
904021020,3756931453,29.9,tertiary
3756931453,6699605840,12.5,tertiary
6699605840,5224663686,108.9,tertiary
5224663686,13462741405,325.0,tertiary
13462741405,13735342835,18.2,tertiary
13735342835,13735342836,7.3,tertiary
530286880,12525941097,70.1,tertiary
12525941097,529483768,39.4,tertiary
529483768,529483769,22.6,tertiary
529483769,529483770,30.0,tertiary
529483770,12525941098,29.0,tertiary
12525941098,12525941105,11.8,tertiary
12525941105,529483772,14.1,tertiary
529483772,529483773,43.6,tertiary
529483773,12525941099,30.0,tertiary
12525941099,529483775,25.0,tertiary
529483775,529483780,41.6,tertiary
529483780,6699605860,61.8,tertiary
6699605860,529483781,46.2,tertiary
529483781,529483820,91.3,tertiary
529483820,530287035,259.6,tertiary
530287035,5313720665,26.4,tertiary
5313720665,529483790,174.6,tertiary
5982233052,3756931691,20.6,primary
3756931691,530278090,130.2,primary
530278090,5224663699,26.6,primary
5224663699,2911126388,71.2,primary
2911126388,11063244794,17.8,primary
11063244794,436666874,39.2,primary
436666874,5224663695,61.3,primary
5224663695,2911126387,10.1,primary
2911126387,13588234349,59.7,primary
13588234349,13096041279,4.1,primary
13096041279,13588234346,24.4,primary
13588234346,436666875,64.5,primary
436666875,13192563306,48.7,primary
10861820130,10861820179,343.7,primary
529458548,13473107943,167.0,primary
13473107943,2519290395,129.9,primary
2519290395,10831436236,139.5,primary
10831436212,10831436459,33.8,tertiary
10831436459,312198519,3.2,tertiary
436737724,2519290590,16.2,tertiary
2519290590,312198119,61.7,tertiary
312198119,312198127,54.9,tertiary
312198127,312198136,46.5,tertiary
312198136,13108537636,12.2,tertiary
13108537636,312198147,31.9,tertiary
312198147,312198157,37.4,tertiary
312198157,312198166,36.0,tertiary
312198166,5372387404,24.8,tertiary
5372387404,312198172,27.1,tertiary
312198172,312198180,100.6,tertiary
312198180,5372739336,70.5,tertiary
5372739336,9285007064,184.6,tertiary
1470477208,1692582288,104.4,service
1692582288,1692582291,33.1,service
1692582278,1692582280,69.4,service
1692582280,12342937718,91.1,service
12342937718,10857621963,14.3,service
10857621963,1692582282,12.8,service
4740710075,9310043664,15.5,secondary
9310043664,4677752971,43.2,secondary
4677752971,4677752955,58.8,secondary
4677789402,9345075808,65.0,residential
9345075808,1724846503,8.0,residential
1831659739,13952032187,29.4,residential
13952032187,3659520012,22.1,residential
3659520012,13952032186,11.4,residential
13952032186,4658585766,3.3,residential
4658585766,9271029053,25.1,residential
9271029053,13952030392,7.3,residential
13952030392,436561599,17.8,residential
436561599,13989496899,20.2,residential
13989496899,13952032184,4.6,residential
13952032184,4677788817,52.2,residential
4677788817,6284023517,58.5,residential
6284023517,9271029042,105.3,residential
9271029042,4677788822,58.1,residential
4677788822,4677788820,99.2,residential
4677788820,13952032190,42.8,residential
13952032190,9271029049,22.2,residential
9271029049,13952032203,6.5,residential
13952032203,3969570780,10.8,residential
3969570780,1724846521,4.4,residential
1724846521,13952032209,9.6,residential
13952032209,4677788866,19.1,residential
4677788866,4677788841,72.7,residential
4677788841,1724846519,40.7,residential
1724846519,13989496890,32.0,residential
13989496890,4736692041,3.6,residential
4736692041,1724846518,21.3,residential
1724846518,4677788855,16.5,residential
4677788855,13989496862,13.3,residential
13989496862,13989496863,40.9,residential
13989496863,6282828788,35.8,residential
6282828788,13989496879,8.7,residential
13989496879,1724846505,83.2,residential
1724846505,13989496795,51.8,residential
13989496795,1724846504,18.8,residential
1724846504,13989496789,10.2,residential
13989496789,4057920717,7.6,residential
4057920717,9557314460,78.4,residential
9557314460,13989496784,118.1,residential
4057920717,4057921190,61.6,residential
4057921190,4057920716,118.7,residential
8591730480,4736970028,10.5,secondary
4736970028,12112182150,75.1,secondary
12112182150,4658585757,58.0,secondary
4658585757,1831658914,64.4,secondary
1831659749,1831658916,39.2,tertiary
1831658916,4756571525,23.2,tertiary
4756571525,4632583941,48.7,tertiary
4632583941,4632583942,61.7,tertiary
4632583942,4701487689,57.0,tertiary
4701487689,4658585737,78.1,tertiary
4658585737,4656644598,24.1,tertiary
4656644598,9271029066,71.0,tertiary
9271029066,4740710057,15.2,tertiary
4740710057,436561602,17.6,tertiary
4740213797,1831659745,4.6,pedestrian
1831659745,4632539452,80.8,pedestrian
4632539452,4632583937,39.2,pedestrian
4632583937,4632539461,28.1,pedestrian
4632539461,4632539450,24.8,pedestrian
4632539450,6683103008,108.5,pedestrian
6683103008,4632539424,71.2,pedestrian
4632539424,4632539431,12.0,pedestrian
4632539431,4632539436,48.6,pedestrian
4632539436,6683103007,16.7,pedestrian
6683103007,4632539418,18.9,pedestrian
4632539418,4632539414,53.8,pedestrian
4632539414,4632539406,77.5,pedestrian
4632539406,9288127491,84.3,pedestrian
9288127491,414668049,24.3,pedestrian
436911721,4756571508,72.3,tertiary
4756571508,1831662608,64.8,tertiary
1831662608,4635144380,62.7,tertiary
4635144380,9463069977,30.6,tertiary
9463069977,1831662612,25.0,tertiary
1831662612,9463069974,18.4,tertiary
9463069974,9463069973,78.7,tertiary
9463069973,9463069972,19.3,tertiary
9463069972,4635134654,8.0,tertiary
4635134654,1831662622,97.0,tertiary
1831662622,9463069968,23.9,tertiary
9463069968,7176667149,19.4,tertiary
7176667149,9463069969,17.0,tertiary
9463069969,1831662610,12.7,tertiary
1831662610,1831662603,48.4,tertiary
1831662603,7176667153,66.4,tertiary
7176667153,9307356749,57.5,tertiary
9307356749,414898268,22.2,tertiary
1882541620,1882541734,73.5,footway
1882541734,1882541648,148.8,footway
1882541648,1882541521,6.5,footway
1882541657,10857999907,17.8,path
1882541542,1882541741,98.9,residential
1882541741,1882541540,12.5,residential
529470198,13514266131,18.7,tertiary
13514266131,12385823586,10.0,tertiary
12385823586,529470175,23.2,tertiary
529470175,9239317128,14.9,tertiary
9239317128,529470181,12.4,tertiary
529470181,1253373980,12.4,tertiary
1253373980,13584911648,46.8,tertiary
13584911648,13584911643,37.7,tertiary
13584911643,529778410,3.7,tertiary
529778410,4800629748,60.0,tertiary
4800629748,529470212,2.1,tertiary
529470212,529470213,15.5,tertiary
529470213,13587969351,5.9,tertiary
13587969351,529470214,15.9,tertiary
529470214,529470224,33.8,tertiary
529470224,529470215,48.2,tertiary
529470215,529470216,41.1,tertiary
529470216,529470217,20.7,tertiary
529470217,529470220,41.4,tertiary
529470220,529470221,56.8,tertiary
529470221,3759586193,48.1,tertiary
3759586193,3759586194,44.1,tertiary
3759586194,529470222,29.8,tertiary
529470222,3759567258,43.1,tertiary
3759567258,13192563309,74.3,tertiary
436597955,436597956,7.7,primary
436597956,10866146245,3.2,primary
10866146245,436597957,5.7,primary
436597957,436597958,25.4,primary
436597958,436597959,42.6,primary
436597959,10864571475,20.3,primary
10864571475,436597960,20.9,primary
436597960,4824240277,101.3,primary
4824240277,436597961,7.7,primary
436597961,13184061814,112.2,primary
13184061814,436597962,51.3,primary
436597962,436597963,142.3,primary
436597963,436597964,101.3,primary
436597964,436597965,100.7,primary
436666866,2122131927,288.0,primary
10828183441,436736917,23.6,secondary
436736917,436736916,90.8,secondary
436736916,10828183426,7.2,secondary
10828183426,10828183425,9.5,secondary
10828183425,10828183423,21.7,secondary
10828183423,10828183422,36.9,secondary
10828183422,436736915,71.4,secondary
436736915,13062057997,63.1,secondary
13062057997,2817999125,79.7,secondary
2817999125,5192963693,107.6,secondary
5982233045,5982233047,17.5,primary_link
5982233047,5982233048,8.2,primary_link
5982233048,10828183473,5.9,primary_link
10828183473,5982233049,8.9,primary_link
5982233049,5982233050,12.0,primary_link
5982233050,10828183443,12.7,primary_link
10828183443,5982233052,37.9,primary_link
436666869,2122131928,97.9,primary
2122131928,3756798851,30.7,primary
3756798851,2122131930,17.7,primary
2122131930,529504113,18.3,primary
529504113,2122131929,15.6,primary
2122131929,2122131946,12.5,primary
2122131946,2122131955,7.7,primary
10831436500,12342880591,6.1,primary
12342880591,12342880596,14.5,primary
12342880596,13570728306,30.5,primary
13570728306,12342810163,13.8,primary
12342810163,2122131961,15.8,primary
2122131961,2122131931,68.8,primary
2122131931,2122131953,48.6,primary
2122131953,10857624527,40.6,primary
10857624527,529778425,30.7,primary
529778425,10857624521,38.5,primary
10857624521,12342361439,9.2,primary
12342361439,13588441418,1.2,primary
13588441418,3076736296,11.6,primary
2158456629,13473114050,11.2,tertiary
13473114050,2158456645,21.3,tertiary
2158456645,2158456646,34.2,tertiary
2158456646,2158456648,23.3,tertiary
2158456648,2158456607,22.9,tertiary
2158456607,2158456615,20.4,tertiary
2158456615,2158456536,19.6,tertiary
2158456536,2158456649,36.1,tertiary
2158456649,2158456650,25.8,tertiary
2158456650,2158456534,29.5,tertiary
2158456534,12525943404,4.3,tertiary
2193764876,9269451119,115.5,secondary
9269451119,9331305621,60.2,secondary
9331305621,9331305618,70.4,secondary
9331305618,4057921184,27.3,secondary
4057921184,9331305617,50.0,secondary
9331305617,2193765012,15.0,secondary
2193765012,2193764891,30.2,secondary
2193764891,4235822578,41.8,secondary
4235822578,2193764902,7.4,secondary
2193764902,2193764987,49.4,secondary
2193764987,13958219634,29.6,secondary
13958219634,2193764882,9.6,secondary
436725630,6204708591,135.3,primary
6204708591,436738023,65.1,primary
436738023,4634358006,32.8,primary
4634358006,6203794749,20.1,primary
6203794749,436738022,25.6,primary
436738022,436738021,30.2,primary
2193764943,4235824857,28.5,primary
4235824857,2193764974,38.4,primary
2193764974,2193764949,28.5,primary
2193764949,2193764920,46.0,primary
2193764920,2193764896,95.4,primary
2193764896,2193765006,26.6,primary
2193765006,2193764967,15.4,primary
2193764967,2193764879,45.3,primary
2193764879,2193764899,12.6,primary
2193764899,2193764919,10.2,primary
2193764882,13958219631,10.6,tertiary
13958219631,9271029025,15.6,tertiary
9271029025,1724846516,2.4,tertiary
1724846516,4736491994,8.1,tertiary
4736491994,9331305632,5.7,tertiary
9331305632,9271029026,2.4,tertiary
9271029026,1724846520,8.1,tertiary
1724846520,2193764914,21.8,tertiary
2193764914,13958219637,14.4,tertiary
13958219637,2193764960,5.6,tertiary
2193764960,8259370576,34.3,tertiary
8259370576,9271029027,67.9,tertiary
9271029027,2193764999,23.5,tertiary
2193764919,2193764937,13.8,primary
2193764937,2193764887,19.9,primary
2193764887,2193764933,22.1,primary
2193764933,2193764885,44.0,primary
2193764885,2193764897,20.7,primary
2193764897,2193764989,12.8,primary
2193764989,2193764950,11.5,primary
2193764950,2193764895,11.8,primary
2193764895,2193764979,15.8,primary
2193764979,2193764959,18.7,primary
2193764959,2193764975,36.6,primary
414899000,2193764972,102.6,residential
2193764972,2193764973,49.7,residential
2193764973,2193764915,31.7,residential
2193764915,2193764900,116.6,residential
2193764900,2193764966,18.8,residential
2193764966,2193764886,21.1,residential
2193764886,9319609870,34.0,residential
9319609870,2193764961,20.2,residential
2193764961,9319609871,20.9,residential
9319609871,4235824810,39.6,residential
4235824810,2193764928,42.2,residential
2193764930,2193764980,22.6,secondary
2193764980,4235824796,15.6,secondary
4235824796,2193764988,32.5,secondary
2193764988,9349894089,14.0,secondary
9349894089,2193764876,10.9,secondary
436912389,9271029038,13.3,secondary
9271029038,9271029039,86.9,secondary
9271029039,436912396,8.4,secondary
436912396,9271029041,16.6,secondary
9271029041,436912399,16.6,secondary
436912399,436912401,36.2,secondary
436912401,5158711968,38.2,secondary
5158711968,9310043711,7.4,secondary
9310043711,436912404,11.1,secondary
436912404,436912407,53.7,secondary
436912407,9350087408,41.5,secondary
9350087408,436912411,17.5,secondary
436912411,436912413,25.5,secondary
436912413,436912419,64.7,secondary
436912419,436912422,36.3,secondary
436912422,9271029059,31.0,secondary
9271029059,4740468295,21.2,secondary
2193764999,9271029030,22.8,residential
9271029030,414899000,105.7,residential
414899000,9331305637,25.7,residential
9331305637,6377833297,3.8,residential
6377833297,9269459888,11.7,residential
9269459888,2193764891,24.4,residential
2259058468,2259058020,41.7,tertiary_link
2259058020,2259058613,17.8,tertiary_link
2259058613,2259058707,13.7,tertiary_link
2259058707,10883977453,21.6,tertiary_link
2259058365,2259058025,4.3,tertiary_link
2259058025,2259058470,3.2,tertiary_link
2259058470,2259058213,4.1,tertiary_link
2259058213,2259058221,4.0,tertiary_link
2259058221,2259058662,3.8,tertiary_link
2259058662,2259058637,6.1,tertiary_link
2259058637,2259058187,4.8,tertiary_link
2259058187,2259058666,5.5,tertiary_link
2259058666,2259058111,5.6,tertiary_link
2259058111,10883977436,2.0,tertiary_link
2259057959,12525922249,12.1,tertiary
12525922249,529483752,9.4,tertiary
529483752,2259058734,25.1,tertiary
2259058734,529483750,9.8,tertiary
529483750,12525922272,12.1,tertiary
12525922272,12525922266,25.0,tertiary
12525922266,529483736,10.6,tertiary
6146988313,436737719,6.0,residential
2259058589,2259057976,15.3,tertiary_link
2259057976,2259057918,6.5,tertiary_link
2259057918,2259058352,6.4,tertiary_link
2259058352,2259058696,5.9,tertiary_link
2259058696,2259058369,5.7,tertiary_link
2259058369,2259058035,7.9,tertiary_link
2259058562,2519220383,12.2,tertiary
2519220383,2259058589,43.4,tertiary
2259058589,2259058041,31.5,tertiary
2259058041,2911126393,6.0,tertiary
2911126393,13476523354,3.5,tertiary
13476523354,9251898180,97.6,tertiary
9251898180,2259058361,36.8,tertiary
2259058361,2259057974,111.5,tertiary
2259057974,2259058570,26.8,tertiary
2259058570,2259058138,7.8,tertiary
2259058138,2259058448,7.2,tertiary
2259058448,904029224,6.0,tertiary
904029224,2519220312,9.2,tertiary
2519220312,414665053,7.3,tertiary
2259058209,2259057923,56.9,tertiary_link
2259057923,2259058589,98.9,tertiary_link
2259058446,2259058620,18.7,primary_link
2259058620,2259058722,8.1,primary_link
2259058722,11062761570,2.9,primary_link
11062761570,2259058333,4.6,primary_link
2259058333,2259058700,9.5,primary_link
2259058700,2259058704,69.4,primary_link
2259058704,2259058323,36.5,primary_link
2259057934,2259058087,43.6,primary_link
2259058087,2259058423,22.7,primary_link
2259058423,2259058024,24.7,primary_link
2259058024,2259058080,24.6,primary_link
2259058080,2259058076,158.0,primary_link
2259058076,2259058677,122.3,primary_link
2259058677,2259058323,70.4,primary_link
2259058315,2259058706,17.6,tertiary_link
2259058706,2259058276,15.0,tertiary_link
2259058276,12525922252,10.0,tertiary_link
2259058094,2259058643,35.1,tertiary_link
2259058643,9287939818,10.0,tertiary_link
9287939818,2259058468,13.2,tertiary_link
2259058610,5715698183,71.4,primary
5715698183,2259058416,36.2,primary
2259058416,2259058446,63.5,primary
530282343,5373466843,35.1,tertiary
5373466843,5373466842,34.3,tertiary
5373466842,5373466845,58.2,tertiary
5373466845,529483748,6.6,tertiary
529483748,5373466844,56.8,tertiary
5373466844,5373466847,45.6,tertiary
5373466847,530282333,10.0,tertiary
530282333,529483713,62.7,tertiary
529483713,529483716,111.8,tertiary
529483716,5373466849,46.2,tertiary
5373466849,529470376,68.5,tertiary
2260026896,2260026949,15.7,tertiary_link
2260026949,2260026926,8.7,tertiary_link
2260026926,2260026927,8.1,tertiary_link
2260026927,2260026869,9.6,tertiary_link
2260026869,2260026928,7.5,tertiary_link
2260026928,2260026886,7.8,tertiary_link
2260026886,2260026960,12.9,tertiary_link
2260026912,2260026913,9.1,residential
2260026913,2260026930,5.9,residential
2260026930,2260026963,7.4,residential
2260026963,2260026956,8.2,residential
2260026956,10862415648,36.1,residential
10862415648,10862415649,2.9,residential
10862415649,790706281,81.3,residential
790706281,529807803,134.7,residential
4519515215,10857621943,7.1,tertiary
10857621943,529804470,133.9,tertiary
529804470,11119108135,41.0,tertiary
11119108135,529807746,173.2,tertiary
529807746,529458580,44.3,tertiary
2260026948,2260026907,42.4,tertiary_link
2260026907,2260026900,41.5,tertiary_link
2260026884,2260026873,5.5,tertiary_link
2260026873,2260026872,10.7,tertiary_link
2260026900,2260026958,9.3,tertiary_link
2260026958,2260026905,3.4,tertiary_link
2260026905,2260026932,5.6,tertiary_link
2260026894,2260026874,29.3,tertiary_link
2260026874,2260026870,27.4,tertiary_link
2260026870,2260026875,20.1,tertiary_link
2260026884,10831435176,20.4,tertiary_link
10831435176,2260026887,14.6,tertiary_link
2260026887,2260026941,11.7,tertiary_link
2260026941,2260026961,14.5,tertiary_link
2375716761,2375716770,262.4,primary
2375716770,2375716674,330.4,primary
2375716674,2375716704,384.4,primary
2375716761,2375716668,23.9,primary
2375716668,2375716672,19.7,primary
2375716672,13065119192,25.5,primary
13065119192,13807621413,23.3,primary
13807621413,13807621412,23.5,primary
13807621412,2375716708,27.3,primary
2375716708,13807621411,28.1,primary
13807621411,2375716736,36.5,primary
2375716736,2375716710,23.2,primary
2375716710,2375716690,23.2,primary
2375716690,2375716775,52.3,primary
2375716775,13807621410,21.5,primary
13807621410,13807621407,31.5,primary
13807621407,13807577465,79.8,primary
13807577465,5528018523,9.9,primary
9251898175,2519220312,13.2,unclassified
2519220312,2519290332,65.8,unclassified
2519290332,13476523351,72.3,unclassified
13476523351,2519290352,84.7,unclassified
2519290352,2519290368,101.4,unclassified
2519290368,2519290371,65.9,unclassified
2519290371,9251898156,68.3,unclassified
9251898156,2519290384,38.7,unclassified
2519290384,2519236955,91.2,unclassified
2519236955,9251898165,128.1,unclassified
9251898165,2519290523,54.8,unclassified
2519290523,2519237008,80.9,unclassified
2519237008,2519290555,47.5,unclassified
2519290555,2519237043,83.1,unclassified
2519237043,9251898159,125.3,unclassified
9251898159,2519290556,55.1,unclassified
2519290556,2519290557,103.3,unclassified
2519290557,2519290563,65.9,unclassified
2519237187,2519237189,19.7,residential
2519237189,2519237196,48.0,residential
2519237196,13108511381,54.3,residential
13108511381,2519237170,26.0,residential
2519237170,2519237165,48.5,residential
2519237026,2519237024,10.8,track
2519237024,9251898162,124.6,track
9251898162,2519237000,2.2,track
2519237000,9251898173,165.2,track
9251898173,2519236955,193.7,track
2911126395,2911126394,9.0,service
2911126394,2519237241,2.0,service
2519237241,2519237236,5.1,service
2519237236,2519237230,6.8,service
2519237230,2519237214,12.8,service
2519237214,2519237196,24.2,service
2519237088,2519237082,10.7,track
2519237082,9251898161,159.9,track
9251898161,2519237075,1.3,track
2519237075,9251898171,166.1,track
9251898171,2519237014,146.6,track
2519237014,2519237008,26.5,track
2519237114,2519237108,10.8,track
2519237108,2519237091,175.7,track
2519237091,9251898170,170.1,track
9251898170,2519237046,156.5,track
2519237046,2519237043,18.0,track
2519290395,2519290400,24.2,tertiary_link
2519290400,2519290408,27.1,tertiary_link
2519290408,2519290419,32.1,tertiary_link
2519290419,2519290422,13.0,tertiary_link
2519290422,2519290421,9.1,tertiary_link
2519290421,2519290415,10.0,tertiary_link
2519290415,2519290412,4.6,tertiary_link
2519290412,2519290409,6.0,tertiary_link
2519290409,2519290391,5.9,tertiary_link
2519290563,2519290565,27.0,residential
2519290565,2519290570,54.4,residential
2519290570,2519290569,55.4,residential
2519290569,2519290566,52.7,residential
2519290566,2519290561,74.2,residential
2519290561,5224591951,71.4,residential
5224591951,2519290558,52.9,residential
2519290558,5224591955,18.7,residential
5224591955,2519290559,16.7,residential
2519290559,5224591957,10.1,residential
5224591957,2519290560,7.6,residential
2519290560,5224591956,9.1,residential
5224591956,2519290562,7.0,residential
2519290562,2519290568,24.8,residential
2519290568,2519290572,39.6,residential
2519290572,2519290578,68.4,residential
2519290578,5224591930,27.0,residential
5224591930,5224591931,58.1,residential
5224591931,5224591932,41.3,residential
5224591932,5224591948,15.0,residential
5224591948,5224591949,7.6,residential
2519290554,2519290551,21.4,service
2519290551,2519290528,49.7,service
2519290528,2519290491,94.4,service
2519290491,2519290475,39.8,service
2519290475,2519290453,34.6,service
2519290453,2519290428,25.8,service
2519290428,2519290413,19.9,service
2519290413,2519290394,20.2,service
2519290394,2519290378,45.2,service
2519290378,2519290375,24.5,service
2519290375,2519290370,50.9,service
2519290370,2519290363,38.8,service
2519290363,2519290359,18.8,service
2519290359,2817954032,67.3,service
2817954032,2817954031,19.1,service
2817954031,2817954030,31.2,service
2817954030,11282579390,29.8,service
11282579390,2817954028,25.0,service
2817954028,2817954026,33.9,service
2817954026,2817954024,22.4,service
2817954024,11282579425,8.8,service
11282579425,11282579420,2.6,service
11282579420,11282579421,19.6,service
11282579421,2817954022,14.6,service
2817954022,2817954021,12.3,service
2817954021,11282579422,49.8,service
2519290380,2519290396,43.2,footway
2519290396,2519290407,11.3,footway
2519290407,2519290410,5.9,footway
2519290410,2519290416,8.7,footway
2519290416,2519290418,7.7,footway
2519290418,2519290417,9.7,footway
2519290417,2519290411,12.0,footway
2519290411,2519290399,43.9,footway
2519290399,2519290388,24.9,footway
2519290388,2519290373,137.6,footway
2519290373,2519290323,581.6,footway
2519290323,2519290318,16.8,footway
2519290318,2519290313,11.1,footway
2519290313,9365255199,5.1,footway
312198192,2519290575,18.2,residential
2519290575,2519290571,38.2,residential
2519290571,2519290567,23.9,residential
2519290567,2519290564,10.8,residential
9313410540,13120677747,88.5,unclassified
13120677747,9313410539,92.0,unclassified
9313410539,13473114024,19.8,unclassified
13473114024,13120677746,82.7,unclassified
13120677746,13473114020,91.6,unclassified
13473114020,9313410538,12.9,unclassified
9313410538,9313410537,38.5,unclassified
9313410537,9313410536,71.5,unclassified
9313410536,13473114010,26.1,unclassified
13473114010,2817924544,10.3,unclassified
2817924544,13120677745,53.4,unclassified
13120677745,13094888878,49.0,unclassified
13094888878,9313410529,8.4,unclassified
9313410529,13094888892,204.6,unclassified
13094888892,13120677743,97.4,unclassified
13120677743,2817924542,34.8,unclassified
2817924542,2817924539,36.6,unclassified
2817924539,13120677744,14.9,unclassified
13120677744,2817924540,21.2,unclassified
2817924540,10866146239,24.0,footway
10866146239,2817924538,33.3,footway
2817924538,10864571464,13.9,footway
10864571464,2817924541,74.9,footway
2817924541,10866146240,5.9,footway
10866146240,10864571467,28.1,footway
10864571467,2817924543,31.0,footway
2817924543,436597955,121.1,footway
10831436506,2817924551,11.3,footway
2817924551,2817924550,91.0,footway
2817924550,2817924549,13.2,footway
2817924549,11174918765,38.5,footway
11174918765,2817924548,3.7,footway
2817924548,11174918762,35.0,footway
11174918762,11174918761,29.5,footway
11174918761,11174918760,70.8,footway
11174918760,2817924547,30.2,footway
2817924547,11174918759,15.7,footway
11174918759,11174918758,36.3,footway
11174918758,11174918757,38.3,footway
11174918757,2817924546,27.5,footway
2817924546,11174918756,46.8,footway
11174918756,11174918755,290.6,footway
11174918755,2817924545,117.4,footway
2817924545,11174918799,17.4,footway
11174918799,11174918754,13.7,footway
11174918754,9313410530,27.2,footway
9313410530,11174918800,24.0,footway
11174918800,9313410531,31.7,footway
9313410531,11174918801,30.8,footway
11174918801,9313410532,32.1,footway
9313410532,11174918802,25.1,footway
11174918802,9313410533,22.3,footway
9313410533,9313410534,54.9,footway
9313410534,9313410535,62.4,footway
2817930573,13061816082,53.0,residential
13061816082,13061816072,62.7,residential
13061816072,5224648432,14.2,residential
5224648432,13061816083,32.3,residential
13061816083,5224648437,102.3,residential
5224648437,5224648438,6.8,residential
530990595,5224648479,7.5,service
5224648479,5224648478,16.9,service
5224648478,5224648477,18.8,service
5224648477,5224648476,15.7,service
5224648476,5224648475,12.6,service
5224648475,5224648474,19.5,service
5224648474,5224648473,123.4,service
5224648473,5224648472,23.9,service
5224648472,5224648471,21.2,service
5224648471,5224648470,13.7,service
5224648470,5224648469,26.4,service
5224648469,5224648468,73.9,service
5224648468,5224648467,21.7,service
5224648467,5224648466,10.6,service
5224648466,5224648465,54.9,service
5224648465,5224648464,50.3,service
5224648464,5224648463,25.3,service
5224648463,10188801924,32.6,service
10188801924,5224648462,8.4,service
5224648462,13584766896,25.5,service
13584766896,5224648461,13.7,service
5224648461,5224648460,23.0,service
5224648460,5224648459,95.9,service
5224648459,5224648458,14.1,service
5224648458,5224648457,15.0,service
5224648457,5224648455,57.2,service
5224648455,2817930579,34.6,service
2817930579,5224648454,72.9,service
5224648454,2817930578,4.4,service
2817930578,2817930576,134.4,service
2817930576,5224648431,14.9,service
5224648431,2817930575,13.0,service
2817930575,2817930574,118.9,service
2817930574,13061816130,79.4,service
13061816130,312198408,23.9,service
2817954025,11518969897,26.6,path
11518969897,11518969893,16.1,path
11518969893,11518968500,29.2,path
11518968500,10281821050,7.7,path
10281821050,11518968501,28.6,path
2817954038,11518970312,15.4,steps
11518970312,2817954036,17.7,steps
2817954037,11518970306,12.2,path
11518970306,11518970287,14.8,path
11518970287,2817954035,15.5,path
2817954036,11518970307,8.0,path
11518970307,11518970308,10.2,path
11518970308,11518970316,13.6,path
11518970316,11518970309,16.0,path
11518970309,11518970321,10.4,path
11518970321,11518970317,8.4,path
11518970317,11518970318,12.9,path
11518970318,11518970320,18.2,path
11518970320,11518970319,9.1,path
11518970319,11518970329,11.0,path
11518970329,11518970322,10.4,path
11518970322,11518970327,12.9,path
11518970327,11518970326,11.7,path
11518970326,11518970328,15.4,path
11518970328,11518970324,14.3,path
11518970324,11518970325,11.7,path
11518970325,11518970323,9.0,path
11518970323,2817954042,12.9,path
2817954042,11518970330,10.1,path
11518970330,11518970331,4.2,path
11518970331,11518970332,4.6,path
11518970332,11518970333,8.9,path
11518970333,11518970340,16.8,path
11518970340,11518970334,11.9,path
11518970334,11518970339,9.0,path
11518970339,11518970338,9.7,path
11518970338,11518970335,9.6,path
11518970335,2817954043,15.2,path
2817954043,11518970336,19.7,path
11518970336,11518970341,25.5,path
11518970341,11518970337,15.7,path
11518970337,2250735485,27.8,path
530990643,5224591950,71.4,service
5224591950,13109952334,45.9,service
13109952334,2817954046,33.6,service
2817954046,5224671244,32.0,service
5224671244,5224671245,19.1,service
5224671245,11518970305,11.3,service
11518970305,5224671246,10.5,service
5224671246,5224671247,20.4,service
5224671247,11518970304,13.7,service
11518970304,2817954045,6.8,service
2817954045,5224671248,34.0,service
5224671248,11518970303,14.0,service
11518970303,5224671249,12.6,service
5224671249,11518970302,17.8,service
11518970302,2817954044,15.5,service
2817954044,11518970300,18.3,path
11518970300,11518970299,20.9,path
11518970299,11518969613,9.0,path
11518969613,11518970301,6.1,path
11518970301,11518969614,4.5,path
11518969614,11518970297,19.0,path
11518970297,11518970298,7.5,path
11518970298,11518970296,17.4,path
11518970296,11518969615,7.5,path
11518969615,2817954041,6.3,path
2817954041,11518969616,3.3,path
11518969616,11518969617,2.8,path
11518969617,11518969618,8.0,path
11518969618,11518970295,14.7,path
11518970295,11518969619,0.6,path
11518969619,11518970293,21.8,path
11518970293,11518970294,15.3,path
11518970294,11518970290,17.5,path
11518970290,11518970291,7.5,path
11518970291,11518970292,11.0,path
11518970292,2817954040,23.7,path
2817954040,11518970288,15.3,path
11518970288,11518970289,9.0,path
11518970289,2817954037,20.3,path
2817954037,11518970314,15.7,path
11518970314,11518970315,19.2,path
11518970315,11518970310,5.0,path
11518970310,11518969128,2.8,path
11518969128,11518970313,5.2,path
11518970313,11518970311,15.2,path
11518970311,2817954038,11.9,path
2817954021,2817954023,58.8,service
2817954023,11282545956,26.4,service
11282545956,11282545957,14.6,service
11282545957,11282545958,31.7,service
11282545958,11282545959,29.9,service
11282545959,11282579442,9.2,service
11282579442,11282545960,19.3,service
11282545960,11282545961,55.8,service
904029180,2817959412,68.5,footway
2817959412,2817959413,26.0,footway
2817959413,2817959414,41.5,footway
2817959414,2818013370,33.5,footway
2818013370,2817959415,39.3,footway
2817959415,2817959416,27.2,footway
2817959416,529815762,24.6,footway
4627767698,2817999125,165.9,pedestrian
3756931678,3756931682,265.0,cycleway
3756931682,3756931680,20.5,cycleway
3756931680,5224663690,28.3,cycleway
5224663690,3756931677,3.7,cycleway
3756931677,3756931673,36.1,cycleway
3756931673,3756931567,127.1,cycleway
3756931567,3756931476,121.5,cycleway
3756931476,3756931465,53.5,cycleway
3756931465,3756931462,22.7,cycleway
3756931462,5224663687,12.3,cycleway
5224663687,3756931451,115.4,cycleway
3756931451,6146988060,34.1,cycleway
6146988060,5224566472,229.7,cycleway
5224566472,3756928888,24.8,cycleway
3756928888,6146988059,5.9,cycleway
6146988059,6146988055,5.7,cycleway
6146988055,6146988056,11.1,cycleway
6146988056,2817999120,27.6,cycleway
2817999120,2817999118,54.8,cycleway
2817999118,5224589581,16.2,cycleway
5224589581,5224589582,14.1,cycleway
5224589582,5224589583,42.1,cycleway
5224589583,5224589584,27.7,cycleway
5224589584,5224589585,59.9,cycleway
5224589585,5224589586,23.5,cycleway
2817959413,2817999122,113.2,footway
2817999122,2817999123,39.8,footway
2817999123,2817999121,47.1,footway
2817999121,2817999119,25.3,footway
2817999119,5224566468,44.8,footway
5224566468,2817999120,12.3,footway
3657648719,3657648720,25.5,footway
3657648720,3657648723,296.1,footway
3657648723,3657648925,38.1,footway
3657648925,3657648927,155.9,footway
3657648927,3657648931,57.7,footway
3657648931,3657648934,68.2,footway
3657648934,2817999126,242.1,footway
2817999126,3657648942,168.1,footway
3657648942,2817999128,47.5,footway
2817999128,3657648948,16.3,footway
3657648948,3657648951,15.9,footway
3657648951,3657648954,43.9,footway
3657648954,3657648956,21.9,footway
3657648956,2817999130,18.3,footway
2817999130,3657648958,56.5,footway
3657648958,2817999133,9.9,footway
2817999133,3657648959,15.7,footway
3657648959,3657648960,34.7,footway
3657648960,2817999136,29.3,footway
2817999136,3657648962,49.1,footway
3657648962,11174878095,28.0,footway
11174881738,11174881739,12.1,footway
11174881739,11174881740,16.5,footway
11174881740,11174881741,74.2,footway
11174881741,11174881746,74.5,footway
11174881746,11174881747,53.3,footway
11174881747,11174881749,40.2,footway
11174881749,11174881750,56.3,footway
11174881750,11174881751,40.2,footway
11174881751,11174881752,53.1,footway
11174881752,11174881756,41.9,footway
11174881756,11174881757,52.0,footway
11174881757,11174881758,71.5,footway
11174881758,11174881759,118.0,footway
11174881759,11174881760,50.3,footway
11174881760,11174881765,103.8,footway
11174881765,11174881766,64.9,footway
11174881766,11174881767,12.2,footway
11174881767,11174881768,17.5,footway
11174881768,11174881769,25.4,footway
11174881769,11174881770,34.3,footway
11174881770,11174881771,56.1,footway
11174881771,11174881772,30.6,footway
11174881772,11174881773,33.3,footway
11174881773,11174881774,9.3,footway
11174881774,11174881775,7.6,footway
529807745,529807747,45.4,residential
529807747,529807751,50.1,residential
529807751,529807750,43.0,residential
529807750,529807749,42.2,residential
529807749,529807762,22.8,residential
529807762,2911126363,15.4,residential
2911126363,529807763,19.1,residential
529807763,529807764,25.1,residential
529807764,529807767,39.4,residential
529807767,529807766,40.1,residential
529807766,10857621947,51.2,residential
10857621947,529807765,7.9,residential
529815679,2818013368,56.7,footway
2818013368,2818013367,39.1,footway
2818013367,2818013365,18.9,footway
2818013365,2818013360,35.9,footway
2818013360,3756928881,16.1,footway
3756928881,2818013358,17.9,footway
2818013358,2818013357,26.4,footway
2818013357,2818013356,32.6,footway
2818013356,2818013350,41.1,footway
2818013350,3756928874,16.5,footway
3756928874,3756928872,10.9,footway
3756928872,3756928873,10.8,footway
3756928873,3756928876,13.4,footway
3756928876,2818013346,8.2,footway
2818013346,2818013351,26.5,footway
2818013351,2818013347,43.9,footway
2818013347,2818013349,32.2,footway
2818013349,2818013345,27.2,footway
2818013345,2818013355,39.4,footway
2818013355,2818013361,105.0,footway
2818013361,2818013363,19.1,footway
2818013363,2818013364,22.8,footway
2818013364,2818013369,54.6,footway
2818013369,904029163,106.0,footway
529815762,2818013372,19.0,footway
2818013372,2818013371,10.2,footway
2818013371,3756931445,20.2,footway
529815672,2818013366,20.3,residential
2818013366,3756928885,18.4,residential
3756928885,6699604133,52.2,residential
3972492244,7437065251,64.6,residential
7437065251,2911126345,61.1,residential
2911126345,529803960,26.8,residential
529803960,2911126346,27.2,residential
2911126346,2911126348,102.6,residential
2911126384,2911126380,22.0,residential
2911126380,13184061824,21.7,residential
13184061824,2911126381,19.7,residential
2911126381,2911126382,57.8,residential
2911126382,3759567191,34.7,residential
3759567191,12385816085,14.2,residential
12385816085,12203536661,5.6,residential
12203536661,2911126383,6.8,residential
2911126383,2818013352,19.1,residential
2818013352,2818013353,39.2,residential
2818013353,2818013348,32.1,residential
2818013348,2911126385,10.7,residential
2911126385,2818013354,14.9,residential
2818013354,8954116268,48.1,residential
8954116268,13603310985,12.2,residential
13603310985,2818013362,48.9,residential
2818013362,2911126386,15.5,residential
2911126386,2818013366,16.0,residential
13802091183,13802091185,5.6,unclassified
13802091185,13802091184,5.5,unclassified
13802091184,12202899657,5.5,unclassified
12202899657,12202899656,30.2,unclassified
12202899656,12202899655,8.0,unclassified
12202899655,13802091186,4.1,unclassified
13802091186,13802091187,3.6,unclassified
13802091187,13802091188,3.8,unclassified
13802091188,12202899654,86.9,unclassified
12202899654,12202899653,15.9,unclassified
12202899653,13802091189,40.0,unclassified
13802091189,12202899652,11.4,unclassified
12202899652,13802091190,12.1,unclassified
13802091190,12202899651,38.3,unclassified
12202899651,13802091191,23.9,unclassified
13802091191,13802091192,31.9,unclassified
13802091192,12202899650,15.3,unclassified
12202899650,13802091193,12.3,unclassified
13802091193,13802091194,10.9,unclassified
13802091194,13802091195,17.9,unclassified
13802091195,13802091196,9.0,unclassified
13802091196,13802091197,29.0,unclassified
13802091197,13802091198,10.6,unclassified
13802091198,13802091199,9.7,unclassified
13802091199,13802091262,10.9,unclassified
13802091262,12202899649,10.3,unclassified
12202899649,13802091263,47.3,unclassified
13802091263,12202899648,51.0,unclassified
12202899648,13802091264,17.4,unclassified
13802091264,12202899647,28.2,unclassified
12202899647,13802091249,20.7,unclassified
13802091249,13802091265,35.9,unclassified
13802091265,13802091266,5.3,unclassified
1831659722,5531321193,12.3,tertiary
3076736285,3756799330,4.0,unclassified
3076736290,3076736285,29.2,residential
3076736285,529510434,50.9,residential
529510434,3756799335,156.6,residential
3076736290,3076736291,97.7,residential
3076736294,3076736293,28.8,tertiary_link
3076736293,3076736292,19.6,tertiary_link
10831435193,10855840684,11.3,primary_link
10855840684,3076736295,11.1,primary_link
3076736295,10857624522,22.4,primary_link
10857624522,3076736296,12.9,primary_link
3076736297,3076736298,31.2,primary_link
3076736298,3076736294,33.4,primary_link
3076736296,3076736299,28.8,tertiary_link
3076736299,10831435194,22.7,tertiary_link
3649885025,12855618625,11.3,residential
12855618625,3649885029,44.2,residential
3649885029,10033789058,56.7,residential
10033789058,436911697,97.1,residential
1645075246,13937823883,9.0,residential
13937823883,6132178379,14.9,residential
6132178379,4638163769,112.7,residential
4638163769,12855618624,92.3,residential
12855618624,3649885025,11.3,residential
3649885028,10033789060,27.3,service
10033789060,3649885029,164.7,service
3649885029,6132178412,53.0,living_street
6132178412,6132178410,41.1,living_street
6132178410,6132178362,52.0,living_street
6132178362,436911694,131.1,living_street
2818004364,3657648704,34.2,cycleway
3657648704,11174881763,29.1,cycleway
11174881763,11174881764,24.7,cycleway
11174881764,11174881762,27.9,cycleway
11174881762,11174881761,25.0,cycleway
11174881761,3657648708,16.1,cycleway
3657648708,3657648712,19.9,cycleway
3657648712,3657648718,25.6,cycleway
3657648718,2818004365,36.5,cycleway
2818004365,2818004366,264.7,cycleway
2818004366,11174881755,106.1,cycleway
11174881755,2818004367,69.9,cycleway
2818004367,11174881754,62.4,cycleway
11174881754,2818004368,39.8,cycleway
2818004368,11174881753,32.0,cycleway
11174881753,11174881745,56.9,cycleway
11174881745,2818004369,62.2,cycleway
2818004369,11174881743,91.8,cycleway
11174881743,11174881744,37.6,cycleway
11174881744,11174881742,26.5,cycleway
11174881742,3657648961,28.1,cycleway
3657648714,3657648710,54.6,cycleway
2818004369,3657648949,80.9,path
3657648719,3657648716,19.6,footway
11174878088,11174878087,19.5,cycleway
3657648693,3657648692,8.4,cycleway
5373391894,3657648710,9.1,cycleway
3657648710,3657648707,48.4,cycleway
3657648941,3657648943,26.5,cycleway
3657648943,529470324,24.0,cycleway
11174878087,11174878093,30.0,cycleway
11174878093,11174878092,25.5,cycleway
11174878092,11174878091,30.7,cycleway
11174878091,11174878090,29.9,cycleway
11174878090,2260026970,32.9,cycleway
2260026970,3657648957,20.1,cycleway
3657648957,3657648955,43.4,cycleway
3657648955,3657648953,25.1,cycleway
3657648953,3657648950,40.9,cycleway
3657648950,3657648947,14.8,cycleway
3657648947,3657648946,15.9,cycleway
3657648946,3657648944,19.7,cycleway
3657648944,3657648941,21.6,cycleway
3657648941,3657648940,27.8,cycleway
3657648940,3657648939,17.6,cycleway
3657648939,3657648938,26.8,cycleway
3657648938,3657648937,24.5,cycleway
3657648937,3657648936,147.1,cycleway
3657648936,3657648935,137.4,cycleway
3657648935,3657648933,42.8,cycleway
3657648933,3657648932,25.2,cycleway
3657648932,3657648930,27.3,cycleway
3657648930,3657648929,32.8,cycleway
3657648929,3657648926,149.1,cycleway
3657648926,3657648724,45.0,cycleway
3657648724,3657648721,57.3,cycleway
3657648721,5373391891,129.8,cycleway
5373391891,5373391892,111.3,cycleway
5373391892,3657648716,81.6,cycleway
3657648716,3657648714,67.0,cycleway
3657648714,3657648711,52.8,cycleway
3657648711,3657648707,48.9,cycleway
3657648707,3657648706,72.2,cycleway
3657648706,3657648703,120.3,cycleway
3657648703,5373391903,76.5,cycleway
5373391903,3657648702,11.3,cycleway
3657648702,3657648700,112.9,cycleway
3657648700,3657648699,65.4,cycleway
3657648699,3657648698,54.7,cycleway
3657648698,3657648697,37.6,cycleway
3657648697,3657648696,27.8,cycleway
3657648696,3657648695,30.1,cycleway
3657648695,3657648694,119.4,cycleway
3657648694,3657648693,1.4,cycleway
3657648715,5373391893,12.6,tertiary
5373391893,5373391897,89.6,tertiary
5373391897,5373391896,13.7,tertiary
1645075246,13937823874,13.8,residential
13937823874,6132178382,20.1,residential
6132178382,6132178406,19.0,residential
6132178406,9310065475,32.5,residential
9310065475,13937823868,3.1,residential
13937823868,436561616,26.5,residential
436912366,9271029033,19.7,secondary
9271029033,4235824804,106.9,secondary
4235824804,2125439274,77.6,secondary
2125439274,5158711980,62.6,secondary
5158711980,4057921208,88.3,secondary
4057921208,4636677867,72.8,secondary
4636677867,13952032216,77.0,secondary
13952032216,9271029047,2.5,secondary
9271029047,414898548,10.8,secondary
414898548,8591741631,6.3,secondary
8591741631,13952032196,8.6,secondary
13952032196,9271029048,3.4,secondary
9271029048,1724846521,9.2,secondary
414898314,1831659747,149.5,tertiary
1831659747,4632583675,97.1,tertiary
4632583675,1831662616,80.5,tertiary
1831662616,4632583911,41.7,tertiary
4632583911,4632583677,116.4,tertiary
4632583677,4632583920,146.7,tertiary
4632583920,4632583918,113.1,tertiary
4632583918,4632583914,111.5,tertiary
4632583914,12308854831,55.0,tertiary
12308854831,1831662624,43.2,tertiary
1645075246,13937823880,16.6,residential
13937823880,6132178407,40.3,residential
6132178407,1645075248,32.1,residential
1645075248,1645075249,21.6,residential
1645075249,13947240074,12.6,residential
13947240074,13947240075,15.1,residential
13947240075,4658585265,31.2,residential
4658585265,9310065481,57.4,residential
9310065481,12855618622,10.6,residential
12855618622,1645075250,14.8,residential
529470105,3759567170,4.7,primary
3759567170,436597955,84.5,primary
529815695,11063319830,11.1,footway
11063319830,3756798900,13.2,footway
3756798900,3756798904,10.0,footway
3756798904,3756798907,9.1,footway
3756798907,3756798909,11.7,footway
3756798909,3756798911,11.8,footway
3756798911,3756798912,13.0,footway
3756798912,3756798910,21.1,footway
3756798910,3756798908,16.9,footway
3756798908,13096041220,8.8,footway
13096041220,3756798906,7.0,footway
3756798906,13096041221,13.0,footway
13096041221,3756798905,16.8,footway
3756798905,3756798901,19.2,footway
3756798901,3756798900,8.2,footway
529815690,3756798869,5.5,footway
2122131936,13577620283,47.0,unclassified
13577620283,3756798917,37.5,unclassified
3756799330,3076736286,60.4,path
3076736286,3076736287,10.8,path
3076736287,12342361459,54.2,path
12342361459,3076736288,12.8,path
3756928917,3756928913,20.0,footway
3756928913,3756928907,10.4,footway
3756928907,3756928908,9.9,footway
3756928908,3756928909,13.0,footway
3756928909,3756928914,11.3,footway
3756928914,3756928916,10.3,footway
3756928916,3756928919,5.7,footway
3756928919,3756928921,12.1,footway
3756928921,3756928923,7.1,footway
3756928923,3756931428,5.3,footway
3756931428,3756931431,6.0,footway
3756931431,3756931432,4.9,footway
3756931432,3756931435,3.7,footway
3756931435,3756931438,5.0,footway
3756931438,3756931440,10.9,footway
3756931440,3756931439,14.3,footway
3756931439,3756931436,7.2,footway
3756931436,3756931433,5.5,footway
3756931433,3756931437,6.5,footway
3756931437,3756931442,9.6,footway
3756931442,3756931443,6.8,footway
3756931443,3756931446,5.3,footway
3756931446,3756931447,7.7,footway
3756931447,3756931444,6.9,footway
3756931444,3756931441,15.6,footway
3756931441,3756931434,9.0,footway
3756931434,3756931430,10.2,footway
3756931430,3756931429,8.6,footway
3756931429,3756931427,11.2,footway
3756931427,3756928924,13.3,footway
3756928924,3756931425,21.9,footway
3756931425,529815691,13.1,footway
3756798884,3756798878,12.7,footway
3756798878,3756798873,11.9,footway
3756798873,3756798868,14.7,footway
3756798868,3756798866,5.6,footway
3756798866,3756798861,8.7,footway
3756798861,3756798859,8.6,footway
3756798859,3756798857,13.8,footway
529815753,3756798899,8.3,footway
904958841,3756799331,19.7,path
3756799331,3756799328,21.7,path
3756799328,3756799327,10.5,path
3756799327,3756798924,10.2,path
3756798924,3756798922,5.6,path
3756798922,3756798923,10.1,path
3756798923,3756799326,27.1,path
3756799326,3756799329,28.8,path
3756931474,3756931477,17.1,footway
3756931477,3756931481,22.3,footway
3756931481,3756931511,17.8,footway
3756931511,3756931558,22.3,footway
3756931558,3756931598,17.4,footway
3756931598,3756931653,26.6,footway
3756931653,3756931665,7.3,footway
3756931665,3756931669,5.7,footway
3756931669,3756931673,20.9,footway
3756931507,3756931531,11.8,footway
3756931531,3756931545,9.5,footway
3756931545,3756931559,10.6,footway
3756931559,3756931563,4.8,footway
3756931563,3756931556,8.5,footway
3756931556,3756931550,5.1,footway
3756931550,3756931543,4.6,footway
3756931543,3756931537,4.7,footway
3756931537,3756931535,2.5,footway
3756931523,3756931501,10.1,footway
3756931501,3756931495,7.3,footway
3756931495,3756931494,9.3,footway
3756931494,3756931500,6.2,footway
3756931500,3756931510,7.6,footway
3756931510,3756931520,6.8,footway
3756931520,3756931534,5.1,footway
3756931534,3756931542,4.3,footway
3756931542,3756931547,4.2,footway
3756931547,3756931548,5.0,footway
3756931531,3756931523,7.9,footway
3756931523,3756931524,8.0,footway
3756931524,3756931533,7.5,footway
3756931533,3756931543,11.4,footway
3756931543,3756931548,6.9,footway
3756931548,3756931557,8.1,footway
3756931557,3756931564,6.7,footway
3756931564,3756931573,7.3,footway
3756931573,3756931589,6.7,footway
3756931589,3756931619,13.8,footway
3756931513,3756931506,5.3,footway
3756931506,3756931499,2.8,footway
3756931499,3756931491,2.5,footway
3756931491,3756931485,2.8,footway
3756931485,3756931483,3.4,footway
3756931483,3756931480,2.4,footway
3756931480,3756931482,3.5,footway
3756931482,3756931484,2.2,footway
3756931484,3756931486,2.0,footway
3756931486,3756931488,2.0,footway
3756931512,3756931505,8.5,footway
3756931505,3756931497,7.6,footway
3756931497,3756931502,7.5,footway
3756931502,3756931508,7.5,footway
3756931508,3756931513,5.2,footway
3756931513,3756931526,5.7,footway
3756931526,3756931541,6.0,footway
3756931541,3756931546,4.9,footway
3756931546,3756931554,4.6,footway
3756931554,3756931571,7.2,footway
3756931571,3756931587,10.6,footway
3756931652,3756931649,4.9,footway
3756931649,3756931646,2.8,footway
3756931646,3756931638,5.4,footway
3756931638,3756931634,4.1,footway
3756931634,3756931632,4.9,footway
3756931632,3756931631,8.7,footway
3756931631,3756931627,8.3,footway
3756931627,3756931629,6.8,footway
3756931629,3756931630,4.7,footway
3756931630,3756931636,4.5,footway
3756931636,3756931642,4.2,footway
3756931642,3756931651,5.5,footway
3756931521,3756931528,13.7,footway
3756931528,3756931536,13.3,footway
3756931536,3756931552,23.9,footway
3756931552,3756931565,7.9,footway
3756931565,3756931574,8.1,footway
3756931574,3756931579,4.8,footway
3756931579,3756931593,7.1,footway
3756931593,3756931598,13.8,footway
3756931598,3756931600,25.9,footway
3756931600,3756931592,39.6,footway
3756931592,3756931588,10.0,footway
3756931588,3756931585,12.5,footway
3756931585,3756931580,58.8,footway
3756931580,3756931587,8.5,footway
3756931613,3756931610,5.8,footway
3756931610,3756931614,8.4,footway
3756931614,3756931612,5.0,footway
3756931612,3756931607,3.8,footway
3756931607,3756931601,2.8,footway
3756931601,3756931604,3.7,footway
3756931604,3756931603,5.1,footway
3756931603,3756931605,3.6,footway
3756931605,3756931611,8.0,footway
3756931611,3756931616,11.3,footway
3756931616,3756931617,5.7,footway
3756931617,3756931615,4.5,footway
3756931615,3756931609,3.7,footway
3756931609,3756931602,3.3,footway
3756931602,3756931590,5.3,footway
3756931590,3756931577,5.0,footway
904029190,10821084546,53.5,tertiary
10821084546,529470234,18.0,tertiary
3756928885,10821084555,52.7,residential
10821084555,3756928887,6.3,residential
3756931563,3756931533,16.5,footway
3756928916,3756928905,20.3,footway
529815697,3756931492,9.1,footway
3756931492,3756931507,4.8,footway
3756931507,3756931512,6.5,footway
3756931512,3756931522,6.3,footway
3756931522,3756931539,10.7,footway
3756931539,3756931561,11.3,footway
3756931561,3756931577,9.1,footway
3756931577,3756931587,10.1,footway
3756931587,3756931608,8.4,footway
3756931608,3756931635,13.0,footway
3756931635,3756931648,7.8,footway
3756931648,3756931660,6.8,footway
3756931660,3756931668,6.4,footway
3756931668,3756931671,13.3,footway
3756931671,3756931672,7.8,footway
3756931672,3756931674,11.2,footway
3756931674,3756931675,25.8,footway
3756931675,3756931679,25.6,footway
3756931679,3756931680,28.4,footway
3756928924,3756928922,9.6,footway
3756928922,3756928918,18.6,footway
3756928918,3756928904,24.3,footway
3756928904,3756928897,13.6,footway
3756928897,3756928895,12.1,footway
3756928895,3756928894,7.4,footway
3756928894,3756928899,9.7,footway
3756928899,3756928910,12.0,footway
3756928910,3756928912,7.6,footway
3756928912,3756928911,9.3,footway
3756928911,3756928903,8.9,footway
3756928903,3756928901,6.2,footway
3756928901,3756928902,8.0,footway
3756928902,3756928906,4.9,footway
3756928906,3756928905,4.9,footway
3756928905,3756928900,8.5,footway
3756928900,3756928896,8.3,footway
3756928896,3756928893,8.6,footway
3756928893,3756928891,35.6,footway
3756931455,3756931458,8.6,footway
3756931458,529816499,10.7,footway
529816499,10968489019,5.3,footway
10968489019,904021017,25.3,footway
904021017,3759585349,11.4,footway
3759585349,3759585354,23.0,footway
3759585354,13096041054,43.7,footway
13096041054,13096041055,3.3,footway
13096041055,904021101,29.5,footway
904021101,3759586163,40.3,footway
3759586163,904021059,12.2,footway
904021059,6699605826,55.0,footway
6699605826,3759586175,8.2,footway
3759586175,3759586188,45.7,footway
3759586188,904020980,8.6,footway
904020980,3759586192,38.1,footway
3759586192,3759586191,9.9,footway
3759586191,904021071,11.0,footway
904021071,904021094,15.4,footway
904021094,904021026,6.9,footway
904021026,3759586183,42.6,footway
3759586183,10968489018,15.7,footway
10968489018,904021104,13.0,footway
904021104,3759586184,15.6,footway
3759586184,904021042,9.1,footway
904021042,3759586182,7.5,footway
3759586182,3759586177,9.8,footway
3759586177,904021064,11.7,footway
904021064,3759586171,17.7,footway
3759586171,904020988,19.8,footway
904020988,3759586165,7.9,footway
3759586165,904021081,15.1,footway
904021081,904021011,18.3,footway
904021011,3759586160,16.7,footway
3759586160,904021099,22.9,footway
904021099,904021030,18.6,footway
904021030,3759585352,10.3,footway
3759585352,904021112,19.3,footway
904021112,10968489010,9.3,footway
10968489010,3759585347,4.6,footway
3759585347,904021047,6.0,footway
904021047,10968489026,24.5,footway
10968489026,904021069,36.1,footway
904021069,904020991,3.9,footway
904020991,904021017,51.4,footway
3756931516,3756931519,5.1,footway
3756931519,3756931520,8.3,footway
3756931570,3756931566,5.1,footway
3756931566,3756931549,6.3,footway
3756928894,3756928892,8.7,footway
3756928892,529815680,15.7,footway
529470249,529470250,61.8,tertiary
529470250,529470252,35.3,tertiary
529470252,529470254,41.7,tertiary
529470254,529470256,33.9,tertiary
529470256,529470229,26.4,tertiary
529470229,529470230,23.5,tertiary
529470230,529470232,30.7,tertiary
529470232,529470150,32.1,tertiary
529470150,529470152,25.0,tertiary
529470152,8954116263,17.3,tertiary
8954116263,529470155,13.4,tertiary
529470155,529470157,34.3,tertiary
529470157,529470159,59.2,tertiary
529470159,2911126379,40.0,tertiary
2911126379,6699604177,18.2,tertiary
6699604177,529470161,43.7,tertiary
529470161,8954116264,24.1,tertiary
8954116264,6699604150,5.8,tertiary
6699604150,529470163,44.2,tertiary
529470163,6699605788,36.6,tertiary
3756931503,3756931496,2.4,footway
3756931496,3756931490,2.7,footway
3756931490,3756931487,2.5,footway
3756931487,3756931489,3.1,footway
3756931489,3756931493,3.4,footway
3756931493,3756931504,3.7,footway
3756931504,3756931516,6.3,footway
3756931516,3756931529,4.9,footway
3756931529,3756931538,4.5,footway
3756931538,3756931544,4.2,footway
3756931544,3756931551,3.7,footway
3756931551,3756931560,4.5,footway
3756931560,3756931569,3.9,footway
3756931569,3756931578,5.4,footway
3756931578,3756931589,4.3,footway
3756931589,3756931599,5.2,footway
3756931599,3756931606,5.7,footway
3756931606,3756931613,5.1,footway
3756931613,3756931624,6.9,footway
3756931624,3756931637,6.6,footway
3756931637,3756931644,6.7,footway
3756931644,3756931650,5.7,footway
3756931650,3756931652,4.4,footway
3756931652,3756931658,5.5,footway
3756931658,3756931663,4.0,footway
3756931663,3756931667,3.5,footway
3756931667,3756931666,4.6,footway
3756931666,3756931659,6.1,footway
3756931659,3756931662,5.7,footway
3756931662,3756931664,5.4,footway
3756931664,3756931661,5.2,footway
3756931661,3756931656,8.6,footway
3756931656,3756931654,5.5,footway
3756931654,3756931651,3.4,footway
3756931651,3756931655,4.3,footway
3756931655,3756931660,5.5,footway
904021121,904021062,35.9,footway
904021062,5224591928,65.7,footway
5224591928,5224591929,36.6,footway
5224591929,904020983,23.2,footway
904020983,904021076,16.4,footway
3756931594,3756931591,5.4,footway
3756931591,3756931586,5.6,footway
3756931586,3756931576,6.6,footway
529815699,3756931585,72.0,footway
3756931585,3756931676,83.9,footway
3756931676,3756931680,12.0,footway
3756931433,3756931426,13.8,footway
3756931426,3756928920,16.0,footway
3756928920,3756928915,14.1,footway
3756928915,3756928910,10.5,footway
3756928908,3756928898,10.2,footway
3756928898,3756928891,41.2,footway
3756928891,3756928890,18.2,footway
3756928890,3756928887,12.7,footway
3756931561,3756931555,5.2,footway
3756931555,3756931549,5.1,footway
3756931549,3756931540,7.6,footway
3756931540,3756931507,16.6,footway
529815755,3756931498,61.4,footway
3756931498,3756931521,11.9,footway
3756931521,3756931567,25.6,footway
3756931614,3756931620,2.9,footway
3756931620,3756931625,3.3,footway
3756931625,3756931628,2.2,footway
3756931628,3756931626,2.0,footway
3756931626,3756931621,2.2,footway
3756931621,3756931618,1.7,footway
3756931659,3756931638,16.5,footway
3756931638,3756931623,9.9,footway
3756931623,3756931612,6.9,footway
3756931612,3756931597,6.0,footway
3756931597,3756931581,5.4,footway
3756931581,3756931572,5.1,footway
3756931572,3756931556,7.6,footway
3756931559,3756931568,4.1,footway
3756931568,3756931575,4.4,footway
3756931575,3756931583,4.6,footway
3756931583,3756931594,4.0,footway
3756931594,3756931605,4.2,footway
3756931605,3756931622,8.0,footway
3756931622,3756931632,5.5,footway
3756931629,3756931633,3.7,footway
3756931633,3756931639,2.5,footway
3756931639,3756931641,2.5,footway
3756931641,3756931645,2.6,footway
3756931645,3756931647,2.7,footway
3756931647,3756931643,2.9,footway
3756931643,3756931640,2.7,footway
3756931545,3756931553,5.1,footway
3756931553,3756931562,4.8,footway
3756931562,3756931570,4.5,footway
3756931570,3756931576,4.3,footway
3756931576,3756931584,4.2,footway
3756931584,3756931595,4.6,footway
3756931595,3756931616,7.6,footway
3756931616,3756931627,5.5,footway
3756931502,3756931517,7.4,footway
3756931517,3756931527,4.2,footway
3756931527,3756931532,2.9,footway
3756931532,3756931530,2.6,footway
3756931530,3756931525,2.8,footway
3756931525,3756931518,2.9,footway
3756931518,3756931514,1.8,footway
3756931514,3756931515,2.5,footway
529815696,3756931469,58.9,footway
3756931469,3756931464,23.4,footway
3756931464,904021106,19.5,footway
904021106,3756931463,24.6,footway
3756931463,3756931468,24.9,footway
3756931468,3756931470,15.5,footway
3756931470,3756931471,18.1,footway
3756931471,3756798899,6.6,footway
3756931681,3756940976,8.7,footway
3756940976,3756940986,26.9,footway
3756940986,13462741408,2.6,footway
13462741408,3756940981,5.9,footway
3756940981,3756940973,4.8,footway
3756940973,3756940982,12.2,footway
3756940982,3756940984,18.0,footway
3756940984,3756940979,20.5,footway
3756940979,3756940971,16.9,footway
3756940971,3756940970,4.0,footway
3756940956,3756940953,12.1,footway
3756940953,3756940950,18.2,footway
3756940950,3756940954,21.1,footway
3756940954,3756940963,6.8,footway
3756940963,3756940968,3.6,footway
3756940968,3756940974,9.0,footway
3756940974,3756940978,2.1,footway
3756940978,3756940996,8.8,footway
3756941136,3756941138,21.1,footway
3756941138,3756941139,9.9,footway
3756941139,3756941141,7.0,footway
3756941141,3756941143,8.8,footway
3756941143,3756941150,8.4,footway
3756941150,3756941152,5.9,footway
3756941152,3756941149,9.8,footway
3756941149,3756941147,8.5,footway
3756941147,3756941148,15.0,footway
3756941148,3756941151,13.3,footway
3756940953,3756940945,6.2,footway
3756940945,3756940943,7.1,footway
3756940943,3756940939,14.9,footway
3756940939,3756940937,5.5,footway
3756940937,3756940935,10.8,footway
3756940935,3756940934,4.9,footway
3756940934,3756940933,3.3,footway
3756940933,3756940932,5.5,footway
3756940932,3756940929,13.0,footway
3756941011,3756941013,58.5,footway
3756940939,3756940938,43.1,footway
3756941163,3756941023,24.6,footway
3756941005,3756940958,31.0,footway
3756941010,3756941167,32.1,footway
3756941146,3756941156,39.3,footway
3756941156,3756941158,19.4,footway
3756941158,3756941160,4.9,footway
3756941160,3756941162,9.4,footway
3756941162,3756941163,13.9,footway
3756941163,3756941164,41.6,footway
3756941164,3756941166,77.3,footway
3756941166,3756941167,4.7,footway
3756941167,3756941168,54.6,footway
3756941168,3756941171,66.1,footway
3756941171,3756941173,25.7,footway
3756941173,3756941174,5.5,footway
3756941174,3756941172,4.3,footway
3756941172,3756941170,4.4,footway
3756941170,3756941169,4.9,footway
3756941169,3756941151,23.8,footway
3756941151,3756941013,15.6,footway
3756941013,3756940973,19.6,footway
3756940973,3756940966,10.6,footway
3756940966,3756940952,6.4,footway
3756940952,3756940942,18.5,footway
3756940952,3756940951,32.0,footway
3756940951,3756940948,14.3,footway
3756940948,3756940946,10.6,footway
3756940946,3756940947,6.9,footway
3756940947,3756940949,4.0,footway
3756940949,3756940956,4.0,footway
3756940956,3756940969,8.4,footway
3756940969,3756940972,9.0,footway
3756940972,3756940977,2.2,footway
3756940977,3756940983,3.0,footway
3756940983,3756940987,26.4,footway
3756940987,3756940991,10.9,footway
3756940991,3756940996,11.2,footway
3756940996,3756940999,3.9,footway
3756940999,3756940998,11.3,footway
3756940998,3756941000,13.5,footway
3756941000,3756941002,6.5,footway
3756941002,3756941005,17.3,footway
3756941005,3756941007,15.2,footway
3756941007,3756941009,6.4,footway
3756941009,3756941012,3.5,footway
3756941164,3756941154,12.6,footway
3756941154,3756941125,13.4,footway
3756940966,3756940962,41.1,footway
3756940962,3756940957,10.4,footway
3756940957,3756940955,7.6,footway
3756940955,3756940959,4.7,footway
3756940959,3756940965,4.9,footway
3756940965,3756940970,9.2,footway
3756940970,3756940988,11.0,footway
3756940988,3756940994,31.5,footway
3756940994,3756940995,12.1,footway
3756940995,3756941001,7.4,footway
3756941001,3756941003,5.4,footway
3756941003,3756941008,12.8,footway
3756941008,3756941004,7.7,footway
3756941004,3756941006,5.7,footway
3756941006,3756941010,6.2,footway
3756941010,3756941014,23.2,footway
3756941014,3756941015,13.0,footway
3756941015,3756941016,3.4,footway
3756941016,3756941020,3.3,footway
3756941020,3756941021,4.5,footway
3756941021,3756941017,4.9,footway
3756941017,3756941024,7.1,footway
3756941024,3756941129,5.2,footway
3756941129,3756941132,3.7,footway
3756941132,3756941127,6.3,footway
3756941127,3756941125,6.6,footway
3756941125,3756941128,5.8,footway
3756941128,3756941131,6.2,footway
3756941131,3756941130,5.9,footway
3756941130,3756941022,8.1,footway
3756941022,3756941018,7.2,footway
3756941018,3756941019,5.0,footway
3756941019,3756941023,5.8,footway
3756941023,3756941133,8.3,footway
3756941133,3756941135,4.2,footway
3756941135,3756941145,7.6,footway
3756941145,3756941160,13.1,footway
3756940991,3756940980,4.3,footway
3756940980,3756940975,3.6,footway
3756940975,3756940974,4.0,footway
3756941168,3756941161,9.9,footway
3756941161,3756941136,18.0,footway
3756941136,3756940994,17.5,footway
3756941006,3756941000,3.5,footway
3756941000,3756940985,9.0,footway
3756940985,3756940960,18.4,footway
3756941014,3756941140,9.2,footway
3756941140,3756941153,8.7,footway
3756941153,3756941157,11.6,footway
3756941157,3756941166,7.5,footway
3756939922,3756939924,21.4,footway
3756939924,3756940925,16.8,footway
3756940925,3756940931,24.4,footway
3756940931,3756940941,22.9,footway
3756940941,3756940964,24.9,footway
3756940963,3756940964,12.1,footway
3756940964,3756940960,18.5,footway
3756940960,3756940958,24.6,footway
3756940958,3756940961,13.2,footway
3756940961,3756940967,23.4,footway
3756941143,3756941134,5.1,footway
3756941134,3756941011,7.5,footway
3756941011,3756940997,8.0,footway
3756940997,3756940993,2.6,footway
3756940993,3756940992,2.7,footway
3756940992,3756940990,6.5,footway
3756940990,3756940988,7.5,footway
3756940954,3756940944,7.9,footway
3756940944,3756940938,22.9,footway
3756940938,3756940928,25.1,footway
3756940928,3756940927,5.3,footway
3756940927,3756940926,7.4,footway
3756940926,3756939923,28.1,footway
3756941008,3756941126,7.4,footway
3756941126,3756941137,5.4,footway
3756941137,3756941142,6.9,footway
3756941142,3756941144,4.8,footway
3756941144,3756941155,9.4,footway
3756941155,3756941159,8.3,footway
3756941159,3756941161,5.7,footway
3759567207,3759567211,36.7,path
3759567211,3759567213,27.0,path
3759567213,3759567215,20.8,path
3759567215,3759567216,9.2,path
3759567216,3759567218,8.1,path
3759567218,3759567221,16.8,path
3759567221,3759567222,20.7,path
3759567222,3759567223,14.0,path
3759567223,3759567224,10.7,path
3759567224,3759567225,11.9,path
3759567225,3759567226,8.8,path
3759567226,3759567227,11.5,path
3756798869,3756798870,7.5,footway
3756798870,3756798871,7.0,footway
3756798871,3756798874,7.3,footway
3756798874,3756798875,12.1,footway
3756798875,3756798881,35.2,footway
3756798881,3756798883,18.6,footway
3756798883,3756798884,12.5,footway
3756798884,3756798886,19.1,footway
3756798886,3756798888,18.0,footway
3756798888,904021028,14.6,footway
904021028,3756798891,17.9,footway
3756798891,3756798895,26.1,footway
3756798895,3756798896,21.5,footway
3756798896,3756798897,20.5,footway
3756798897,3756798898,8.1,footway
3759566239,3759566242,30.3,footway
3759566242,8721378711,18.2,footway
8721378711,3759566243,69.2,footway
3759566243,3759566246,114.2,footway
3759566246,3759566235,97.8,footway
3759566235,3759566232,10.6,footway
3759566232,3759566230,22.8,footway
3759566230,3759566224,70.7,footway
3759566224,3759566219,22.7,footway
3759566219,3759566217,8.8,footway
3759566217,3759566218,48.0,footway
529458552,529458553,81.6,tertiary
529815691,3759567234,7.0,footway
3756798899,3759567254,9.3,footway
904021028,904021106,8.5,footway
3759566217,3759566216,49.8,footway
904021106,904021044,56.2,footway
3759567261,3759567260,27.2,footway
3759567260,3759567259,14.2,footway
529458553,10866146237,13.3,tertiary
10866146237,9313410591,66.1,tertiary
9313410591,4824240265,41.9,tertiary
4824240265,4824240257,94.5,tertiary
4824240257,4824240269,59.1,tertiary
4824240269,4055395297,576.6,tertiary
3759566230,3759566229,47.0,footway
3759566229,3759566228,4.1,footway
3759566228,3759566226,12.6,footway
3759566231,3759566233,74.6,pedestrian
3759566233,3759566234,143.2,pedestrian
3759566234,3759566232,12.4,pedestrian
3759567191,3759567196,41.5,path
3759567196,3759567199,13.1,path
3759567195,3759567200,19.6,path
3759567200,3759567202,5.4,path
3759567202,3759567203,6.1,path
3759567203,3759567198,45.5,path
3759566189,13147505123,32.2,service
13147505123,3759566186,12.6,service
3759566186,13147505125,14.1,service
13147505125,3759566187,16.9,service
3759566187,3759566188,20.4,service
3759566188,13147505124,18.3,service
13147505124,3759566191,23.4,service
3759567219,3759567217,6.4,residential
3759567217,2818013359,39.5,residential
2818013359,3759567204,9.7,residential
3759567204,3756928879,19.7,residential
3756928879,2911126383,31.9,residential
3759566192,3759566195,18.7,footway
3759566195,3759566204,18.3,footway
3759566204,3759566214,43.4,footway
3759566214,3759566238,202.7,footway
3759566238,3759566253,144.6,footway
3759567213,3759567210,5.8,path
3759567210,3759567208,6.3,path
3759567208,3759567209,10.0,path
3759567209,3759567214,60.7,path
3759567214,3759567217,36.0,path
3759567204,3759567199,39.1,path
3759567199,3759567197,14.7,path
3759567197,3759567195,31.3,path
3759567195,3759567194,46.7,path
3759567194,3759567192,7.4,path
436597955,3759567173,40.1,footway
3759567173,3759567175,81.6,footway
3759567175,3759567179,154.3,footway
3759567179,3759567182,118.8,footway
3759567182,3759567184,150.0,footway
3759567254,3756798898,2.7,footway
3756798898,3756798894,17.4,footway
3756798894,3756798892,8.4,footway
3759567198,3759567201,7.7,path
3759567201,3759567211,35.4,path
3759566206,3759566207,5.9,unclassified
3759566207,3759566201,60.1,unclassified
3759566201,3759566191,83.9,unclassified
3759566191,10866175896,31.8,unclassified
10866175896,3759566189,88.0,unclassified
3759566189,3759566190,34.5,unclassified
3759566190,3759566192,59.7,unclassified
3759566192,3759566193,38.0,unclassified
3759567234,3756798857,47.4,footway
3756798857,3756798858,22.9,footway
3756798858,3756798865,29.2,footway
3756798865,3853322446,45.9,footway
3759567183,3759567181,28.8,footway
3759567181,3759567180,64.0,footway
3759567180,3759567177,91.4,footway
3759567177,3759567176,82.2,footway
3759567176,3759567174,84.5,footway
3759567174,3759567172,47.6,footway
3759567172,3759567170,134.0,footway
529470105,3759567167,31.8,unclassified
3759567167,3759567163,114.2,unclassified
3759567163,3759567159,72.0,unclassified
3759567159,8721394118,13.0,unclassified
8721394118,3759566254,36.5,unclassified
3759566254,3759566255,97.4,unclassified
3759566255,3759567157,12.0,unclassified
3759567157,3759566253,12.7,unclassified
3759566253,10831435204,13.7,unclassified
529470105,3759567169,12.9,footway
3759567169,3759567165,39.4,footway
3759567165,6479769507,10.5,footway
6479769507,3759567162,25.9,footway
3759567162,3759567160,17.9,footway
3759567160,3759566249,35.1,footway
3759566249,3759566244,80.6,footway
3759566244,3759566221,197.3,footway
3759566221,3759566207,91.0,footway
3759567258,3759567261,47.5,footway
3759567261,3759567262,5.0,footway
3759567262,3759567263,4.6,footway
3759567263,3759567264,3.4,footway
3759567264,3759567265,4.8,footway
3759567265,3759567266,3.2,footway
3759567266,3759567267,3.4,footway
3759567267,3759567268,16.9,footway
3759586193,3759586200,68.6,footway
3759586194,3759586201,73.6,footway
3759586201,3759586203,67.5,footway
3759586201,4634075704,14.3,footway
4634075704,3759586200,26.1,footway
3759586200,4634075703,16.7,footway
4634075703,3759586199,11.9,footway
3759586199,3759586198,40.2,footway
3759585349,3759585348,49.0,footway
3759585348,3759586157,65.5,footway
3759586157,3759586158,5.1,footway
3759586158,3759586163,29.7,footway
530278273,3793075176,15.8,path
3793075176,3793075177,133.5,path
3793075177,3793075178,122.3,path
3793075178,3793075179,23.9,path
3793075179,6225821722,25.8,path
6225821722,6225821723,7.7,path
6225821723,6225821724,5.9,path
6225821724,6225821725,186.5,path
3793075180,3793075181,19.5,path
3793075181,3793075182,23.7,path
3793075182,3793075183,20.7,path
3793075183,3793075184,31.4,path
3793075184,3793075185,37.9,path
3793075185,3793075186,15.7,path
3793075186,3793075187,6.5,path
3793075187,3793075188,18.0,path
3793075188,3793075189,21.6,path
312198041,3793075191,91.7,unclassified
3793075191,3793075192,96.4,unclassified
3793075192,3793075193,68.1,unclassified
3793075193,3793075194,75.6,unclassified
3793075194,11518968626,53.4,unclassified
11518968626,3793075195,52.3,unclassified
3793075202,3793075203,32.4,unclassified
3972492218,10855840672,24.0,residential
10855840672,10855840679,82.1,residential
10855840679,790705597,28.7,residential
790705597,2122131928,121.1,residential
3793932636,3793932637,14.4,residential
3793932637,13583188083,19.9,residential
13583188083,3793932638,2.7,residential
3793932638,3793932639,38.5,residential
3801759612,3801759613,103.1,residential
4740205172,12310457820,16.4,tertiary
12310457820,4677735372,45.2,tertiary
4677735372,4677735374,50.0,tertiary
4677735374,3956007621,7.6,tertiary
3956007621,3956007622,7.0,tertiary
3956007622,12313953895,5.9,tertiary
12313953895,12313953898,6.5,tertiary
12313953898,3956007623,7.3,tertiary
3956007623,12313953899,8.5,tertiary
12313953899,12313953900,9.2,tertiary
12313953900,4677735376,10.5,tertiary
4677735376,3956007624,10.7,tertiary
3956007624,12313959001,11.6,tertiary
12313959001,12313959002,12.5,tertiary
12313959002,12315455157,3.3,tertiary
12315455157,12313959003,9.0,tertiary
12313959003,12313959004,10.6,tertiary
12313959004,12313959025,8.4,tertiary
12313959025,12315455154,5.4,tertiary
12315455154,3956007625,5.0,tertiary
3956007625,3956007626,4.3,tertiary
3956007626,12315455151,6.8,tertiary
12315455151,12315455152,7.5,tertiary
12315455152,12315455153,7.7,tertiary
12315455153,3956007627,8.0,tertiary
3956007627,12315455156,6.7,tertiary
12315455156,12315455155,18.4,tertiary
12315455155,3956007628,193.1,tertiary
3956007628,4677674495,12.1,tertiary
4677674495,12315455220,9.1,tertiary
12315455220,12315455223,11.0,tertiary
12315455223,12315455224,10.7,tertiary
12315455224,12315455230,11.3,tertiary
12315455230,9208701575,7.7,tertiary
9208701575,3956007629,11.6,tertiary
3956007629,12315455239,10.5,tertiary
12315455239,12315455240,10.9,tertiary
12315455240,12315455241,9.8,tertiary
12315455241,3956007630,11.1,tertiary
3956007630,9208701581,24.5,tertiary
9208701581,3956007631,21.3,tertiary
3956007631,3956007632,17.7,tertiary
3956007632,12318706820,13.2,tertiary
12318706820,12318706821,10.0,tertiary
12318706821,12318706822,7.9,tertiary
12318706822,12318706823,7.5,tertiary
12318706823,12318706824,8.4,tertiary
12318706824,12318706825,8.6,tertiary
12318706825,12318706826,10.6,tertiary
12318706826,3956007633,46.5,tertiary
3956007633,13142408644,40.0,tertiary
13142408644,4647047815,8.4,tertiary
6200369594,4677735230,60.2,tertiary
4677735230,4663562465,42.5,tertiary
4663562465,4663562466,108.6,tertiary
4663562466,4663562455,111.9,tertiary
4663562455,3956007604,96.6,tertiary
3956007604,12438050046,71.0,tertiary
12438050046,4677735306,67.6,tertiary
4677735306,4658585801,9.2,tertiary
4658585801,4658585803,120.1,tertiary
4658585803,4677735321,113.8,tertiary
4677735321,4658585812,106.5,tertiary
4658585812,12327802101,87.7,tertiary
12327802101,4658585814,39.7,tertiary
4658585814,12327752199,32.2,tertiary
12327752199,4740205168,67.0,tertiary
13989496918,4658585789,118.1,secondary
4658585789,4658585786,62.5,secondary
4658585786,4658585785,62.3,secondary
529470376,3657648715,204.5,tertiary
3969570778,4677788861,136.2,residential
4677788861,436561593,59.7,residential
3969570779,4677788830,172.8,residential
4677788830,4677788836,128.1,residential
4677788836,4677788847,125.1,residential
4677788847,4677788844,115.8,residential
4677788844,13989496889,107.0,residential
13989496889,3969570780,18.4,residential
436725659,436725657,70.3,primary
436725657,436725655,96.6,primary
436725655,8795770889,56.7,primary
8795770889,9382980476,23.6,primary
9382980476,436725652,59.2,primary
436725652,9201335379,113.3,primary
9201335379,9306379018,25.1,primary
9306379018,7384405184,13.6,primary
7384405184,436725651,28.2,primary
436725651,9201335388,9.2,primary
9201335388,436725650,62.9,primary
436725650,9198974075,103.8,primary
9198974075,9382980361,46.3,primary
9382980361,9382980362,20.2,primary
9382980362,436725649,42.6,primary
436725649,9306379022,129.0,primary
9306379022,4641123713,13.5,primary
4641123713,436725648,162.1,primary
436725648,9215179027,222.2,primary
9215179027,436725647,4.2,primary
436725647,436725646,78.6,primary
436725646,9306379024,55.7,primary
9306379024,12949883779,8.1,primary
12949883779,4636672250,14.9,primary
4636672250,436725645,47.7,primary
436725645,436725644,138.6,primary
436725644,12949883786,151.7,primary
12949883786,436725643,16.5,primary
530278165,13094912430,25.7,primary
13094912430,10861820170,76.1,primary
10861820170,10861820172,30.2,primary
10861820172,10861820176,108.1,primary
10861820176,10861820177,17.8,primary
10861820177,10861820130,34.2,primary
4704828724,3972492232,15.2,tertiary_link
3972492232,10857999943,8.9,tertiary_link
10857999943,3972492224,25.5,tertiary_link
3972492219,3972492225,101.1,residential
3972492225,3972492234,31.5,residential
3972492235,10828161868,4.1,tertiary_link
10828161868,3972492237,6.5,tertiary_link
3972492237,3972492239,18.7,tertiary_link
3972492239,3972492241,10.8,tertiary_link
3972492241,3972492243,16.2,tertiary_link
3972492242,3972492240,18.8,tertiary_link
3972492240,3972492238,14.6,tertiary_link
3972492238,10828161870,12.0,tertiary_link
3972492227,3972492229,17.4,tertiary_link
3972492229,3972492231,15.1,tertiary_link
3972492231,3972492233,9.2,tertiary_link
3972492233,10828161866,13.8,tertiary_link
2122131941,3972492222,33.5,residential
3972492222,3972492223,17.9,residential
3972492223,13612860400,11.5,residential
13612860400,3972492225,86.9,residential
3972492225,3972492226,75.8,residential
3972492226,3972492229,37.9,residential
12293396438,4756571389,29.2,unclassified
4756571389,12293396437,35.9,unclassified
12293396437,12293396436,6.7,unclassified
12293396436,3985387272,6.7,unclassified
3985387272,3985387271,8.3,unclassified
3985387271,3985387270,60.4,unclassified
3985387270,3985387269,9.6,unclassified
3985387269,9201303503,8.7,unclassified
9201303503,12293396426,8.3,unclassified
12293396426,12293396425,9.6,unclassified
12293396425,12293396424,47.5,unclassified
12293396424,12293396423,5.7,unclassified
12293396423,3985387267,5.4,unclassified
3985387267,4635128303,4.8,unclassified
4635128303,3985387266,4.6,unclassified
3985387266,12293396429,53.4,unclassified
12293396429,12293396418,3.5,unclassified
12293396418,3985387265,8.2,unclassified
3985387265,4756571473,8.7,unclassified
4756571473,12293396355,74.5,unclassified
12293396355,12293396399,8.1,unclassified
12293396399,12293396398,4.5,unclassified
12293396398,12293396354,4.5,unclassified
12293396354,12293396353,44.9,unclassified
12293396353,12293396352,6.8,unclassified
12293396352,12293396351,6.2,unclassified
12293396351,9201303447,16.5,unclassified
9201303447,3985387263,7.1,unclassified
3985387263,5154495836,7.9,unclassified
5154495836,3985387262,8.2,unclassified
3985387262,3985387283,11.5,unclassified
3985387283,12293394900,10.8,unclassified
12293394900,12293394899,51.0,unclassified
12293394899,12293394898,6.9,unclassified
12293394898,12293394897,6.8,unclassified
12293394897,12293394896,6.7,unclassified
12293394896,3985387261,20.4,unclassified
3985387261,12293394894,7.2,unclassified
12293394894,3985387260,6.9,unclassified
3985387260,12293394893,7.8,unclassified
12293394893,12293394892,8.7,unclassified
12293394892,12293394890,7.5,unclassified
12293394890,4740525280,7.0,unclassified
4740525280,3985387259,4.6,unclassified
3985387259,4740525279,4.2,unclassified
4740525279,12293394838,4.8,unclassified
12279574852,5313933086,8.3,unclassified
5313933086,3985386251,10.0,unclassified
3985386251,3985386175,49.6,unclassified
3793932639,13583188099,46.1,residential
13583188099,13583188100,6.5,residential
13583188100,13583188168,95.0,residential
13583188168,4006840309,6.3,residential
1724846503,6377749475,23.1,primary
6377749475,9271029018,46.4,primary
9271029018,5533858105,8.6,primary
4057921148,4057921188,75.3,service
4057921188,4057921147,120.9,service
4057921147,4057921146,115.7,service
4057921150,4057921151,15.8,steps
4057921152,4057921153,14.4,steps
4057921151,4057921152,27.6,footway
4057921154,4057921152,10.5,steps
4057921155,4057921151,14.0,steps
4057921156,9349894054,8.7,residential
9349894054,4057921182,67.3,residential
4057921182,4057921167,70.3,residential
4057921167,4057921147,66.4,residential
4057921147,4057921210,73.8,residential
4057921210,4057921204,78.4,residential
4057921204,6282828790,77.3,residential
6282828790,13989496817,68.3,residential
13989496817,414898551,9.2,residential
4235824804,4235824793,95.9,residential
4235824793,6282827177,21.8,residential
6282827177,4235822588,37.0,residential
4235822588,4235822585,54.3,residential
4235822585,4057921164,51.5,residential
4057921164,4057921165,101.4,residential
4057921165,4057921166,77.0,residential
4057921183,4057921182,118.5,residential
4057921182,4057921181,113.8,residential
4057921189,13989497058,10.7,residential
13989497058,6282828791,72.1,residential
6282828791,4057921205,76.3,residential
4057921205,4057921209,73.5,residential
4057921209,4057921188,79.0,residential
4057921188,4057921187,62.4,residential
4057921187,4057921183,73.0,residential
4057921183,9349894056,64.0,residential
9349894056,4235822580,6.8,residential
4057921191,4057921192,118.6,residential
14026238386,13989496768,0.5,service
13989496768,4057921202,8.4,service
4057921202,14026238387,33.7,service
14026238387,14026238388,8.8,service
14026238388,9222527305,10.0,service
9222527305,14026238389,7.7,service
14026238389,13958219625,40.2,service
13958219625,4057921203,15.8,service
4057921203,13958219622,12.3,service
13958219622,14026238390,2.8,service
14026238390,4057921204,96.7,service
4057921204,4057921205,120.2,service
4057921205,4057921206,74.0,service
4057921209,4057921210,119.8,service
4057921210,4057921211,112.5,service
4057921146,4057921213,116.1,residential
4057921213,9345098217,67.2,residential
9345098217,4736696564,8.3,residential
4057921215,4149909482,37.0,secondary
4149909482,5158711942,8.1,secondary
5158711942,9331305594,1.4,secondary
9331305594,9331305602,14.8,secondary
9331305602,9331305604,60.5,secondary
9331305604,4057921216,88.4,secondary
4057921216,9331305605,20.6,secondary
4235824862,4235824865,26.7,primary
4235824865,4235824873,89.0,primary
4235824873,4235824878,85.0,primary
4235824878,4738817577,31.5,primary
436738017,4235824879,53.5,primary
4235824879,2193764881,84.3,primary
2193764881,2193764927,89.8,primary
2193764927,2193764943,25.8,primary
4235824826,4235824829,8.4,primary
4235824829,4235824834,12.4,primary
4235824834,4235824839,35.3,primary
4235824839,4235824840,27.0,primary
4235824840,4235824841,24.2,primary
4235824841,4235824844,30.9,primary
4235824844,4235824847,110.7,primary
4235824847,4235824850,29.5,primary
2193764975,9349894080,137.9,primary
9349894080,4235822583,8.3,primary
9349894079,4235822587,38.7,primary
4235822587,4235824790,19.5,primary
4235824790,4235824791,14.1,primary
4235824791,4235824792,12.4,primary
4235824792,4235824794,10.8,primary
4235824794,4235824798,15.1,primary
4235824798,4235824799,21.1,primary
4235824799,4235824806,44.9,primary
4235824806,4235824815,20.7,primary
4235824815,4235824819,18.6,primary
4235824819,4235824826,14.4,primary
436912389,9271029037,14.1,tertiary
9271029037,4235824846,14.1,tertiary
4235824846,9311952574,45.6,tertiary
9311952574,4235824851,2.6,tertiary
4235824851,6378700709,10.3,tertiary
6378700709,9311952575,9.9,tertiary
9311952575,9311952573,9.9,tertiary
9311952573,4235824855,3.9,tertiary
4235824855,4235824858,32.1,tertiary
4235824858,9311952571,10.6,tertiary
9311952571,4235824860,7.6,tertiary
4235824860,4235824864,25.2,tertiary
4235824864,6203794777,23.5,tertiary
6203794777,4235824868,26.0,tertiary
4235824868,4235824869,19.6,tertiary
4235824869,9213074734,6.4,tertiary
9213074734,6203794776,15.3,tertiary
6203794776,4235824872,11.6,tertiary
4235824872,4235824875,59.6,tertiary
4235824875,6203795906,6.5,tertiary
6203795906,13142421144,20.8,tertiary
13142421144,4235824877,26.5,tertiary
4235824877,6203794778,22.0,tertiary
6203794778,4235824881,17.7,tertiary
4235824881,6203795933,10.9,tertiary
6203795933,4235824883,19.0,tertiary
4235824883,9331381909,30.2,tertiary
9331381909,9331381910,17.3,tertiary
9331381910,4235824887,29.0,tertiary
4235824887,4235824888,33.2,tertiary
4235824888,4235824989,23.1,tertiary
4235824797,4235822588,156.9,residential
4235822578,9331305608,32.2,residential
9331305608,9331305611,7.8,residential
9331305611,9349894069,44.7,residential
9349894069,4738419673,3.5,residential
2193764882,9331305541,137.5,secondary
9331305541,9223922021,2.4,secondary
9223922021,9331305597,43.5,secondary
9331305597,4057921215,3.4,secondary
4235824797,4235824796,15.4,residential
4235824796,9319609868,5.0,residential
9319609868,6377833298,17.0,residential
6377833298,4235824801,25.0,residential
4235824850,4235824856,38.8,primary
4235824856,4235824862,28.9,primary
4057921184,4057921185,28.3,residential
4057921185,9331305620,10.5,residential
9331305620,9331305615,9.3,residential
9331305615,9349894071,27.7,residential
9349894071,4057921186,3.4,residential
2193764928,4235824823,11.7,residential
4235824823,4235824824,12.9,residential
4235824805,4235824793,147.6,residential
4235824793,4235824789,79.6,residential
4235824789,4235822584,147.0,residential
4235822584,6282827176,66.6,residential
6282827176,4677788839,95.0,residential
4235824824,4235824821,4.7,residential
4235824821,4235824817,9.3,residential
4235824817,5983198142,9.9,residential
4057921148,4057921149,73.2,residential
4057921149,6282828786,152.9,residential
6282828786,6282827178,94.0,residential
6282827178,4235824789,19.0,residential
4235824789,2125439274,96.6,residential
4235824844,9223922033,37.9,primary_link
9223922033,4235824845,46.6,primary_link
4235824845,4235824848,40.6,primary_link
4235824848,9350114237,29.1,primary_link
9350114237,9311952572,6.6,primary_link
9311952572,4235824855,16.4,primary_link
2193764961,9319609873,16.5,residential
9319609873,4235824795,34.2,residential
4235824795,4235824801,69.0,residential
4235824801,4235824803,20.8,residential
4057921168,4057921167,114.6,residential
4057921167,4057921187,120.0,residential
4057921187,4057921166,72.6,residential
4235824837,4235824830,30.0,residential
4235824830,4235824822,18.4,residential
4235824822,5983198142,21.0,residential
5983198142,4235824812,9.6,residential
4235824812,4235824803,29.2,residential
4235824864,4235824859,27.9,primary_link
4235824859,4235824854,22.5,primary_link
4235824854,4235824852,18.4,primary_link
4235824852,4235824849,25.2,primary_link
4235824810,4235824808,17.9,service
4235824808,4235824809,11.9,service
4235824809,4235824811,12.7,service
4235824811,4235824816,12.4,service
2193764967,4235824837,38.5,residential
4235824837,4235824835,25.1,residential
4235824835,4235824831,22.0,residential
4235824831,4235824828,16.2,residential
4235824828,2193764928,21.1,residential
436738017,9223922034,14.3,primary_link
9223922034,4235824882,38.8,primary_link
4235824882,4235824876,51.5,primary_link
4235824876,4235824871,61.8,primary_link
4235824871,6203795887,32.3,primary_link
6203795887,4235824867,19.6,primary_link
4235824867,4235824863,42.2,primary_link
4235824863,9311952570,4.3,primary_link
9311952570,4235824858,14.9,primary_link
4235824855,9350114236,30.4,primary_link
9350114236,4235824861,5.4,primary_link
4235824861,4235824866,31.4,primary_link
4235824866,4235824870,52.6,primary_link
4235824870,4235824874,52.7,primary_link
4235824874,4235824880,66.3,primary_link
4235824880,4235824885,17.9,primary_link
4235824885,4738817577,10.8,primary_link
2193764961,9319609872,16.8,service
9319609872,4235824802,11.5,service
4235824802,4235824813,31.6,service
4235824813,4235824816,6.0,service
4235824816,4235824818,11.2,service
4235824818,4235824825,19.9,service
4235824825,4235824832,16.7,service
4235824832,4235824836,10.4,service
4235824836,8314858415,18.8,service
8314858415,8314858402,24.7,service
8314858402,8314858403,17.6,service
8314858403,8314858404,42.3,service
8314858404,8314858405,18.8,service
8314858405,8314858406,25.3,service
8314858406,8314858407,47.3,service
8314858407,8314858408,8.2,service
8314858408,8314858409,7.0,service
8314858409,8314858410,49.4,service
8314858410,8314858411,65.9,service
8314858411,8314858412,44.7,service
8314858412,8314858413,26.6,service
8314858413,8314858414,12.2,service
8314858414,9230022568,89.0,service
9230022568,8314858415,32.1,service
4235824803,4235824807,24.4,primary_link
4235824807,4235824814,19.1,primary_link
4235824814,4235824820,20.5,primary_link
4235824820,4235824827,14.7,primary_link
4235824827,4235824833,17.3,primary_link
4235824833,4235824838,35.3,primary_link
4235824838,4235824840,26.9,primary_link
2193764877,6282827172,55.8,primary_link
6282827172,2193764962,31.4,primary_link
2193764962,2193765003,77.4,primary_link
2193765003,2193764893,26.1,primary_link
2193764893,9349894087,7.1,primary_link
9349894087,9319609869,16.9,primary_link
9319609869,2193764938,16.9,primary_link
2193764938,4235824797,5.0,primary_link
4235824797,2193764930,29.5,primary_link
4296547663,4296547664,58.6,pedestrian
4296547664,4296547665,13.2,pedestrian
4740299288,13947240096,60.7,tertiary
13947240096,4658585426,56.1,tertiary
4658585426,1645075253,35.1,tertiary
1645075253,436561622,50.9,tertiary
436561622,13947279401,12.7,tertiary
13947279401,7947730308,13.0,tertiary
7947730308,436561621,19.1,tertiary
436561621,436561619,42.4,tertiary
436561619,9310065474,33.0,tertiary
9310065474,6378700730,11.1,tertiary
6378700730,13929640561,9.5,tertiary
12327752168,1724839204,40.7,primary
1724839204,6647012033,33.3,primary
6647012033,4677674168,85.9,primary
4677674168,4701443918,72.8,primary
4701443918,4677674172,31.3,primary
4677674172,4677674176,32.8,primary
4677674176,4701443913,40.3,primary
2918326172,2918326173,34.4,secondary
2918326173,4301540273,185.2,secondary
4301540273,4301541370,40.3,secondary
4301541370,4301541371,22.1,secondary
4301541371,4301541372,14.5,secondary
4301541372,4740205207,13.1,secondary
4740205207,4301541374,17.1,secondary
4301541374,9249579496,7.0,secondary
9249579496,4740205208,8.6,secondary
4740205208,4301542430,22.5,secondary
4301542430,4305237636,19.8,secondary
4301541377,4301541380,18.8,residential
4301541380,4301541381,27.1,residential
4301541381,4301541382,38.1,residential
4301541382,4301541383,22.7,residential
4301541383,4301541384,19.5,residential
4301541384,4301541385,16.5,residential
4301541385,4301541386,37.3,residential
4301541386,4301541387,53.6,residential
4301541387,4740205205,15.4,residential
4740205205,4301541388,7.8,residential
4301541388,4740205204,15.0,residential
4740205204,4301542389,61.2,residential
4738817581,4301542428,34.2,primary_link
4301542428,4301542429,40.2,primary_link
4301542429,4740205203,27.8,primary_link
4301542430,4301542627,15.8,primary_link
4301542627,4301542628,18.3,primary_link
4301542628,4738817582,32.0,primary_link
4305237636,4740205544,31.9,secondary
4301541377,4301541378,24.9,residential
4301541378,4301541379,34.7,residential
13092326184,13092287900,58.7,residential
13092287900,4636664263,21.3,residential
4636664263,6743435583,37.9,residential
6743435583,13092318120,48.2,residential
13092318120,13092330934,14.3,residential
13092330934,6743475485,37.6,residential
6743475485,13092321871,19.6,residential
13092321871,6743475486,116.2,residential
6743475486,4636664265,57.1,residential
4636664265,13092295184,21.7,residential
13092295184,13092282798,10.7,residential
13092282798,4636664272,88.2,residential
4636664272,9201335462,48.8,residential
9201335462,4636664237,59.8,residential
2193764981,4629515617,65.4,service
2193764983,9209187445,13.4,residential
9209187445,9299582167,7.3,residential
9299582167,9209118200,4.4,residential
9209118200,4629515617,39.8,residential
4629515617,4629515618,19.5,residential
4629515618,4629515620,34.3,residential
4629515620,4629515621,31.7,residential
4629515621,4634229443,40.9,residential
4634229443,4629515622,6.2,residential
4629515622,4629515623,18.2,residential
4629515623,9351614063,5.2,residential
9351614063,4629515624,5.6,residential
4629515624,4629515625,17.5,residential
4629515625,4629515626,25.0,residential
4629515626,4629515627,23.0,residential
4629515627,4629515628,28.8,residential
4629515628,4629515629,28.7,residential
4629515629,4629515630,21.1,residential
4629515630,9230022577,26.7,residential
9230022577,4629515631,3.1,residential
4629515631,4629515632,14.8,residential
4629515632,9230022574,13.7,residential
9230022574,4629515633,51.8,residential
4629515633,9230022575,16.6,residential
9230022575,9230022579,8.6,residential
9230022579,9230022573,82.3,residential
9230022573,4629515635,32.9,residential
4629515635,6194343293,15.5,residential
6194343293,9331305571,5.2,residential
9331305571,9331305542,64.9,residential
9331305542,6194343294,7.9,residential
436581043,9331381896,17.2,residential
9331381896,4631063396,67.0,residential
4631063396,4631039640,24.2,service
4631039640,4631039641,36.1,service
4631039641,4631039642,13.5,service
4631039642,4631039643,18.6,service
4631039643,4631039644,31.1,service
4631039644,4631056103,24.5,service
4631056103,4631039647,16.2,service
4631039647,4631039648,8.1,service
4631039648,4631039649,9.4,service
4631039649,4631039651,10.3,service
4631039651,4631039652,27.1,service
4631039652,4631039654,29.8,service
4631039654,4631039655,13.7,service
4631039655,4631039656,9.6,service
4631039656,4631039657,24.4,service
4631039657,4631039658,16.4,service
4631039658,4631039659,4.8,service
4631039659,4631039660,13.1,service
4631039660,4631039661,10.8,service
4631039661,4631039668,18.2,service
4631039668,4631039669,9.5,service
4631039669,4631039671,10.7,service
4631039659,4631039672,12.4,service
4631039672,4631039673,3.3,service
4631039673,4631039674,5.7,service
4631039674,4631039676,9.1,service
4631039676,4631039682,11.1,service
4631039682,4631056141,20.9,service
4631056141,4631039684,8.8,service
4631039684,4631039677,9.1,service
4631039677,4631039686,15.5,service
4631039686,4631056112,25.1,service
4631056112,4631039688,10.3,service
4631039688,4631040090,20.8,service
4631040090,4631056115,23.3,service
4631056115,4631040092,10.2,service
4631040092,4631040094,24.4,service
4631040094,4631056119,26.5,service
4631056119,4631039679,17.7,service
4631039679,4631056175,12.7,service
4631056175,4631039680,22.5,service
4631039674,4631039681,96.6,service
4631039682,4631039683,92.6,service
4631039684,4631039685,104.7,service
4631039686,4631039687,89.5,service
4631039688,4631040089,92.4,service
4631040090,4631040091,89.6,service
4631040092,4631040093,89.2,service
4631040094,4631040095,85.3,service
4631056103,4631056104,18.3,service
4631056104,4631056105,15.2,service
4631056105,4631056136,12.8,service
4631056136,4631056186,7.8,service
4631056186,4631056106,5.9,service
4631056106,4631056107,19.5,service
4631056107,4631056143,17.1,service
4631056143,4631056132,6.4,service
4631056132,4631056142,17.0,service
4631056142,4631056109,2.3,service
4631056109,4631056130,18.4,service
4631056130,4631056111,13.4,service
4631056111,4631056128,6.0,service
4631056128,4631056113,16.7,service
4631056113,4631056124,13.8,service
4631056124,4631056114,15.2,service
4631056114,4631056126,9.2,service
4631056126,4631056116,15.5,service
4631056116,4631056122,17.8,service
4631056122,4631056118,16.0,service
4631056118,4631056120,7.7,service
4631056120,4631056110,17.1,service
4631039686,4631056111,202.5,service
4631056112,4631056113,202.5,service
4631040090,4631056114,200.8,service
4631056115,4631056116,202.1,service
4631040094,4631056118,204.5,service
4631056119,9319609887,97.5,service
9319609887,4631056110,105.0,service
4631056120,4631056121,67.0,service
4631056122,4631056123,85.6,service
4631056124,4631056125,82.6,service
4631056126,4631056127,84.7,service
4631056128,4631056129,85.9,service
4631056130,4631056131,89.8,service
4631056132,4631056133,88.0,service
4631056107,4631056134,98.4,service
4631056136,4631056137,101.1,service
4631056139,4631056140,92.3,service
4631056141,4631056142,192.3,service
4631039682,4631056143,188.9,service
4631039680,9207546283,51.5,residential
9207546283,4631056146,14.1,residential
4631039680,4631056147,108.7,residential
4631056147,4631056148,17.8,residential
4631056148,4631056149,22.6,residential
4631056139,4631056104,20.0,service
4631056121,4631056168,19.6,service
4631056168,4631056169,21.6,service
4631056169,4631056170,13.1,service
4631056170,4631056171,73.6,service
4631056171,4631056110,15.3,service
4631056171,4631056172,6.3,service
4631056172,4631056173,10.3,service
4631056173,9319609888,98.2,service
9319609888,4631056174,32.9,service
4631056174,4631056175,64.0,service
4631039652,4631056184,27.8,service
4631056184,4631056185,90.3,service
4631056186,4631039651,31.7,service
4631039644,9331381893,64.9,service
9331381893,4631056566,16.1,service
4631056566,4631056567,18.2,service
4631056567,4631056568,31.0,service
4631056568,4631056569,23.9,service
4631056569,4631056570,77.9,service
4631056566,4631056571,29.4,service
4631056571,4631056572,15.2,service
4631056572,4631056573,82.8,service
4631056147,4631063391,11.5,residential
4631063391,4631063393,19.0,residential
4631056149,9215203930,111.8,residential
9215203930,4631063395,159.8,residential
4631063397,4631063398,88.1,residential
4631063399,9331381904,33.2,residential
9331381904,9331381900,5.5,residential
9331381900,4631063400,42.7,residential
4736692014,9198902180,6.2,service
9198902180,4632468202,6.2,service
4632468209,4632468211,10.5,service
4632468217,4632468212,23.1,service
4632468212,4632468213,14.7,service
4632468213,4632468214,14.4,service
4632468214,4632468216,32.5,service
4632468216,4632468217,21.6,service
4632468218,9198902179,6.2,service
9198902179,4736692012,6.2,service
4632468222,4632468226,22.6,service
4632468227,4632468228,43.6,service
4736692015,9209187395,7.8,service
9209187395,9216374220,3.7,service
9216374220,4632468241,33.6,service
4632468241,4632468253,22.5,service
4632468253,4632468254,34.3,service
4632468254,9218679727,12.4,service
9218679727,4632468236,18.0,service
4632468236,9218679728,6.7,service
9218679728,4632468266,19.8,service
4632468266,9218679731,37.3,service
4632468241,4632468242,91.7,service
4632468242,4632468243,6.0,service
4632468243,4632468244,7.2,service
4632468244,4632468245,9.5,service
4632468245,4632468246,4.6,service
4632468246,4632468247,5.8,service
4632468247,4632468248,5.4,service
4632468248,4632468249,7.8,service
4632468249,4632468250,7.4,service
4632468250,4632468251,6.6,service
4632468251,4632468252,4.3,service
4632468252,4632468253,92.1,service
4632468254,4632468255,46.9,service
4632468255,4632468256,15.9,service
4632468256,4632468257,3.7,service
4632468257,4632468258,3.6,service
4632468258,4632468259,4.9,service
4632468259,4632468261,4.6,service
4632468261,4632468262,4.9,service
4632468262,4632468263,3.3,service
4632468263,4632468264,7.5,service
4632468264,4632468265,5.4,service
4632468265,4632468236,57.8,service
4632468266,4632468267,33.8,service
4632468267,4632468268,8.2,service
4632468268,4632468270,12.6,service
4632468270,4632468271,11.3,service
4632468271,4632468272,4.1,service
4632468272,4632468273,6.7,service
4632468270,4632468274,4.2,service
4632468281,4632468282,29.2,service
4632468286,4632468287,35.6,service
4632468287,4632468389,3.8,service
4632468389,4632468390,5.0,service
4632468390,4632468391,5.4,service
4632468391,4632468392,2.3,service
4632468392,4632468393,3.0,service
4632468281,4632496103,16.3,service
4632496103,4632496104,6.2,service
4632496104,4632496105,4.0,service
4632496105,4632496106,1.7,service
4632496106,4632496107,2.4,service
4632500530,4632500537,26.8,service
4632500537,4632500531,3.3,service
4632500531,4632500535,40.4,service
4632500537,9198572719,19.5,service
4701487691,4632539414,56.4,residential
4632539414,4632539413,79.5,residential
4632539413,4632539412,66.5,residential
4632539406,6683103009,71.5,residential
6683103009,6683103010,8.7,residential
6683103010,4632539409,42.0,residential
4632539421,4632539420,47.4,residential
4632539420,4632539426,18.8,residential
4632539426,4632539417,43.5,residential
4632539417,4632539434,52.3,residential
4632539434,4632539418,12.4,residential
4632539418,4632539441,73.5,residential
4632539412,4632539420,62.5,residential
4632539420,4632539422,96.4,residential
4632539427,4632539428,25.8,service
4632539428,4632539429,25.9,service
4632539429,4632539430,20.7,service
4632539430,4632539431,5.5,service
4632539434,4632539435,26.2,residential
4632539439,4632539424,103.9,residential
4632539424,6683103006,11.1,residential
6683103006,4632539423,40.2,residential
4632539423,4632539422,44.1,residential
4632539422,4632539432,47.0,residential
1831658912,4738817576,100.7,secondary
4738817576,9310032722,20.2,secondary
9310032722,9201416698,3.3,secondary
9201416698,6378700729,3.7,secondary
6378700729,4738817579,8.8,secondary
4632539445,4632539446,85.6,residential
4632539448,6683103011,82.8,residential
6683103011,4632539446,1.2,residential
4632539446,4637913093,13.5,residential
4637913093,4632539455,9.7,residential
4632539455,4632539459,20.1,residential
4632539459,4632539456,18.8,residential
4632539456,4635495357,38.9,residential
4635495357,4632539447,90.7,residential
4632539449,4637913093,70.8,residential
4637913093,4632539450,84.6,residential
4632539450,4656644602,77.9,residential
436913277,4632539453,33.8,residential
4632539453,4635495357,43.3,residential
4635495357,4632539458,10.4,residential
4632539458,4632539451,73.6,residential
4632539451,4632539452,24.1,residential
4632539453,4632539454,30.9,residential
4632539454,4632539455,45.0,residential
4632539456,4632539457,33.5,service
4632539457,4632539458,31.2,service
4632539459,4632539460,56.7,service
4632539460,4632539457,26.3,service
4632539460,4632539461,34.3,service
4632539462,4632539451,83.3,residential
4632583609,4632583613,95.9,residential
4632583613,4635495549,79.9,residential
4635495549,4632583610,35.7,residential
4632583610,2918326171,44.2,residential
2918326171,4740205185,12.2,residential
4632583611,4635495549,61.4,residential
4635495549,436913277,83.9,residential
4632583611,4632583614,116.3,residential
4632583614,12686477959,37.4,residential
12686477959,12686477962,10.0,residential
12686477962,4632583612,10.8,residential
4632583613,4632583614,99.9,residential
4632583613,4632583615,34.4,residential
4632583615,4632539449,32.1,residential
4632583615,9249579470,44.3,service
9249579470,4632583616,16.0,service
4740205220,4632583663,39.5,service
4632583663,4632583661,41.9,service
4632583661,4632583655,44.1,service
4632583655,4632583657,49.8,service
4632583657,4632583654,58.2,service
4632583623,4632583624,52.3,service
4632583630,4632583625,64.9,service
4632583627,4632583628,31.5,service
4632583628,4632583629,56.1,service
4632583633,4745497362,24.7,service
4745497362,4632583653,61.4,service
4632583654,436913255,59.8,service
4632583655,4632583656,73.7,service
4632583657,4632583658,66.8,service
4632583659,4632583667,53.8,service
4632583667,13947279412,41.1,service
13947279412,4632583660,13.1,service
4632583661,4632583662,75.4,service
4632583663,4632583664,82.9,service
4632583667,4632583668,93.7,service
4632583669,4632583670,47.2,service
4632583670,4632583668,76.4,service
4632583668,9291432714,50.4,service
4632583670,2918326169,51.9,service
4632583671,4740288294,6.0,service
4740288294,4632583902,30.6,service
4632583902,7947730321,28.4,service
7947730321,4649948634,16.2,service
4740299277,4632583684,78.5,living_street
4632583684,4632583889,46.8,living_street
4632583889,7947730319,20.9,living_street
7947730319,4632583680,82.9,living_street
4632583680,4632583678,58.4,living_street
4632583679,4632583681,45.4,living_street
4632583681,4632583680,43.8,living_street
4632583680,4632583892,69.5,living_street
4632583892,4632583890,80.0,living_street
4632583890,4632583891,91.9,living_street
4632583681,7947730320,69.5,living_street
7947730320,4635435149,61.7,living_street
4635435149,4740299278,104.1,living_street
4740288278,6132178366,69.3,living_street
6132178366,4632583683,51.9,living_street
4632583683,9291432716,9.5,living_street
9291432716,4658585285,58.8,living_street
4658585285,4632583679,60.8,living_street
4632583679,4632583686,56.5,living_street
4632583889,4632583898,75.6,living_street
4632583898,4632583896,44.1,living_street
4632583896,4632583890,36.9,living_street
4632583890,4632583894,79.0,living_street
4632583892,9310065489,88.3,service
4632583687,4632583890,72.6,living_street
4632583895,4632583896,65.9,living_street
4632583897,4632583898,57.4,living_street
4740299276,4632583900,63.6,living_street
4632583891,4632583901,10.5,service
4632583901,4632583904,46.9,service
4632583904,4632583902,71.1,service
4632583660,4740288291,7.0,service
4740288291,13947279411,24.3,service
13947279411,4632583904,34.7,service
4632583905,4632583906,116.6,living_street
4632583906,4632583932,71.5,living_street
4632583932,4632583931,47.9,living_street
4632583907,4632583908,104.2,living_street
4632583908,4638163785,135.4,living_street
4632583907,4632583910,122.4,living_street
4632583910,4632583912,116.2,living_street
4632583912,4632583924,79.2,living_street
4632583924,4632583919,66.1,living_street
4632583919,4632583922,36.0,living_street
4632583922,4635279614,78.9,living_street
4635279614,4632583913,123.6,living_street
4632583914,4632583913,41.7,living_street
4632583913,4632583916,23.0,living_street
4632583916,4740700163,32.0,living_street
4632583916,3659521564,87.5,living_street
436911697,4740525319,9.5,living_street
4740525319,4635279614,85.3,living_street
4635279614,4632583918,37.7,living_street
4632583919,4632583920,37.2,living_street
13055631365,4632583921,67.3,living_street
4632583921,4632583922,22.9,living_street
4632583925,4632583926,109.9,living_street
4632583927,4632583926,29.4,living_street
4632583926,4632583910,47.9,living_street
4632583910,4632583911,33.9,living_street
4632583929,4638163786,134.3,living_street
4632583932,4632583935,52.7,living_street
4632583935,4632583933,50.9,living_street
4632583934,4632583935,79.9,living_street
4632583937,4638163783,64.7,residential
2918326174,9310065417,22.8,tertiary
9310065417,4632539448,47.8,tertiary
4632539448,4632539445,34.8,tertiary
4632539445,6683103008,17.1,tertiary
6683103008,4632539433,47.6,tertiary
4632539433,9310065494,61.2,tertiary
9310065494,436561605,6.8,tertiary
436911696,4740526321,9.4,residential
4631063393,4634163392,96.1,residential
4634163392,4634163393,51.7,residential
4634163393,9215133111,37.1,residential
9215133111,4634163394,12.1,residential
4634163394,14109121137,20.7,residential
14109121137,4634163395,9.6,residential
4634163395,4634163403,32.5,residential
4634172551,4738282803,48.4,secondary
4738282803,4634172550,58.3,secondary
4634172550,4738282802,29.2,secondary
4738282802,4634357999,36.8,secondary
4634163411,4634163410,31.7,primary_link
4634163410,4634163409,21.3,primary_link
4634163409,5833893766,20.9,primary_link
4301541379,9249577873,54.7,residential
9249577873,4634163412,34.7,residential
4634163412,4634163413,96.2,residential
4634163413,4740205206,44.7,residential
4740205206,4634163414,38.6,residential
4634163414,4634163415,41.9,residential
4634163415,4634163416,94.9,residential
4634163416,5833894203,144.0,residential
5833894203,4634163417,31.2,residential
4634163417,4634163418,77.4,residential
4634163418,4634163419,41.8,residential
4634163419,4634163420,41.3,residential
4634163420,4634163421,32.3,residential
1831662611,9307356750,12.6,residential
9307356750,6280676360,45.2,residential
6280676360,4635301000,70.1,residential
4635301000,6194459049,98.3,residential
6194459049,6280677224,17.3,residential
6280677224,4634163424,113.2,residential
4634163424,6280677231,33.1,service
6280677231,6280677225,53.6,service
4235824989,6203795957,12.2,tertiary
6203795957,4634172555,34.6,tertiary
4634172555,6203795952,27.0,tertiary
6203795952,6203795946,52.7,tertiary
6203795946,6203795931,31.3,tertiary
6203795931,6203795938,16.8,tertiary
6203795938,6203795937,24.9,tertiary
6203795937,6203795924,25.4,tertiary
6203795924,6203795930,67.3,tertiary
6203795930,4634172557,57.6,tertiary
4634172557,9215222250,8.6,tertiary
9215222250,9215222244,20.6,tertiary
9215222244,8382098048,29.1,tertiary
8382098048,8382098043,25.4,tertiary
8382098043,4634172558,14.7,tertiary
4634172558,9331381905,96.3,tertiary
9331381905,9215215124,17.5,tertiary
9215215124,9331381906,21.8,tertiary
9331381906,9198585367,33.1,tertiary
9198585367,9215211303,12.1,tertiary
9215211303,4634172559,3.8,tertiary
4634172559,8382118886,30.4,tertiary
8382118886,6203795988,97.4,tertiary
6203795988,8382118862,31.4,tertiary
8382118862,4738270428,47.6,tertiary
4738270428,4634172561,41.4,tertiary
4634172561,4738270427,80.3,tertiary
4738270427,4634172562,87.7,tertiary
4634172562,13142401448,18.2,tertiary
13142401448,13142401445,51.9,tertiary
13142401445,4738270426,59.7,tertiary
4738270426,4634172563,34.0,tertiary
4634172563,4738270425,61.1,tertiary
4738270425,9331381907,9.1,tertiary
9331381907,9331381908,23.8,tertiary
9331381908,8382118835,6.6,tertiary
8382118835,13142401420,14.3,tertiary
13142401420,4634172564,21.7,tertiary
4634172564,4738282795,21.6,tertiary
4738282795,4634172565,21.1,tertiary
4634172565,4738282796,12.9,tertiary
4738282796,4738270423,10.5,tertiary
4738270423,4634172566,19.3,tertiary
4634172566,4738282788,19.0,tertiary
4634229427,4634229428,122.4,service
4634229428,9209134936,97.7,service
9209134936,2193764940,9.5,service
2193764995,9218598694,17.2,residential
9218598694,9218598696,23.3,residential
9218598696,9223922025,57.7,residential
9223922025,4634229436,1.5,residential
4634229436,9223922024,4.1,residential
9223922024,4634229437,61.8,residential
4634229437,4634229429,52.7,residential
4634229432,9215222258,30.3,footway
9215222258,4634229433,15.4,footway
4634229433,4634229434,21.8,footway
4634229434,4634229435,18.5,footway
9223922024,9223922026,87.1,residential
9223922026,9215234640,24.5,residential
9215234640,2193764883,9.4,residential
4634229438,9209134963,6.9,residential
9209134963,4638907349,58.5,residential
4638907349,4634229437,69.8,residential
9394431177,9269479618,8.0,service
9269479618,9215222266,4.5,service
9215222266,9215222268,36.0,service
9215222268,4634229440,4.1,service
4634229440,9269459915,29.6,service
9269459915,9215222277,43.0,service
9215222277,9215222279,18.6,service
9215222279,9269459914,4.3,service
9269459914,4634229441,12.5,service
4634229442,4634229443,145.8,service
4634281936,12293396431,7.4,service
12293396431,9311952540,32.0,service
4634327350,4634327351,94.1,residential
4631063412,4634327352,93.1,residential
4634327353,436581040,103.3,residential
4634327355,4634327356,15.7,residential
4634327356,4634327357,24.9,residential
4634327357,4634327358,17.1,residential
4634327358,4634327359,12.1,residential
4634327359,4634327360,12.9,residential
4634327360,4634327361,11.5,residential
4634327361,4634327362,17.6,residential
4634327362,4634327364,28.5,residential
4634327364,4634327365,11.9,residential
4634327365,4634327366,23.7,residential
4634327366,4634327367,26.1,residential
4634327367,4634327368,9.8,residential
4634327368,4634327369,5.4,residential
4634327369,4634327371,6.8,residential
4634327371,4634327372,3.7,residential
4634327372,4634327373,2.9,residential
4634327373,4634327374,11.1,residential
4634327374,8259383392,3.8,residential
8259383392,4634327375,4.7,residential
4634327375,8259383391,14.1,residential
8259383391,4634327376,3.6,residential
4634327376,4634327377,20.2,residential
4634327357,4634327378,48.3,residential
4634327361,4634327379,34.5,residential
4634327379,4634327380,15.7,residential
4634327380,4634327362,33.9,residential
4634327360,4634327381,53.9,residential
4634327361,4634327383,56.0,residential
4634357801,4634357804,58.1,residential
4634357804,4634357802,42.4,residential
4634357802,4634357803,46.4,residential
4634357804,4634357805,46.6,residential
4631063412,4634357805,69.0,residential
4634357805,4634357806,57.7,residential
4634357807,4634357808,14.8,residential
4634357808,4634357809,31.2,residential
4634357809,4634357810,20.6,residential
4634357810,4634357811,29.6,residential
4634357811,4634357812,11.1,residential
4634357812,4634357813,36.3,residential
4634357808,4634357818,25.8,residential
4634357818,4634357814,20.9,residential
4634357814,4634357815,45.1,residential
4634357815,4634357816,19.6,residential
4634357816,4634357817,34.4,residential
4634357818,4634357819,115.0,residential
4634357815,4634357820,83.0,residential
4634357817,4634357821,80.8,residential
4631063395,4634357822,81.4,residential
4634357822,4636664283,104.8,residential
4636664283,4634357823,140.1,residential
4634357823,4634357993,58.0,residential
4634357993,8390700902,54.1,residential
8390700902,4634357826,69.9,residential
4634357826,4634357827,27.4,residential
4634357827,4634357828,15.0,residential
4634357828,4634357829,13.4,residential
4634357829,4634357830,8.6,residential
4634357830,4634357831,10.0,residential
4634357831,4634357832,11.7,residential
4634357832,4634357833,18.6,residential
4634357833,4634357834,11.0,residential
4634357834,4634357835,7.8,residential
4634357835,4634357836,8.0,residential
4634357836,4634357837,10.1,residential
4634357837,11180789474,7.9,residential
11180789474,11180789475,15.9,residential
11180789475,4634357842,31.3,residential
4634357842,9207546272,22.6,residential
9207546272,4634357843,28.1,residential
4634357843,4634357844,28.1,residential
4634357837,4634357838,12.4,service
4634357838,4634357839,12.9,service
4634357839,4634357840,10.3,service
4634357840,4634357841,10.6,service
4634357841,11180789473,8.4,service
11180789473,11180789472,13.4,service
4634357844,4634357845,21.2,track
4634357845,11180789470,15.7,track
11180789470,11180789469,9.8,track
11180789469,11180789468,4.5,track
11180789468,11180789467,12.7,track
11180789467,11180789466,24.7,track
11180789466,11180789465,25.6,track
11180789465,11180789464,29.5,track
11180789464,11180789463,28.2,track
11180789463,11180789462,32.2,track
11180789462,11180789461,11.4,track
11180789461,11180789460,6.4,track
11180789460,11180789459,31.4,track
4634357844,11180789221,2.3,residential
11180789221,4634357846,17.3,residential
4634357846,4634357847,15.2,residential
4634357847,4634357848,29.9,residential
4634357848,4634357849,15.2,residential
4634357849,4634357850,15.8,residential
4634357850,4634357851,18.4,residential
4634357851,4634357852,37.2,residential
4634357852,4634357854,19.2,residential
4634357854,4634357853,37.5,residential
4634357854,4634357855,8.5,service
4634357855,4634357856,23.7,service
4634357853,4634357857,31.2,residential
4634357857,4634357858,18.5,residential
4634357858,4634357859,21.6,residential
4634357859,4634357860,15.3,residential
4634357860,4634357861,7.6,residential
4634357861,11180789458,8.6,residential
11180789458,4634357862,28.3,residential
4634357862,4634357863,27.2,residential
4634357863,4634357864,11.1,residential
4634357864,4634357865,26.8,residential
4634357864,4634357866,27.8,track
4634357866,9207546273,24.1,track
9207546273,4634357867,17.9,track
4634357867,4634357868,21.5,track
4634357868,4634357869,23.3,track
4634357869,4634357870,25.9,track
4634357870,4634357871,19.1,track
4634357871,4634357872,16.6,track
4634357872,4634357873,10.5,track
4634357873,4634357874,17.4,track
4634357874,4634357875,14.8,track
4634357875,4634357876,12.1,track
4634357876,4634357877,16.0,track
4634357877,4634357878,15.2,track
4634357878,4634357879,23.9,track
4634357993,4634357994,34.1,residential
4634357994,4634357996,29.6,residential
4634357996,4634357997,23.7,residential
4634357997,8390700904,34.1,residential
8390700904,4634357998,26.7,residential
4634357998,4634357999,31.8,residential
4634358005,6204708593,84.9,residential
436581032,4634358036,14.1,tertiary
4634358036,9311952567,9.1,tertiary
9311952567,6203794767,18.1,tertiary
6203794767,6203794750,23.9,tertiary
6203794750,4634358011,13.4,tertiary
4634358011,6203794769,22.4,tertiary
6203794769,4634358017,50.9,tertiary
4634358017,6203794765,37.7,residential
6203794765,436738020,8.5,residential
4634358017,4634358019,52.0,service
4634358019,4634358020,22.8,service
4634358020,4634358021,9.5,service
4634358021,4634358022,19.8,service
4634358017,6203794768,20.8,residential
6203794768,4634358025,41.4,residential
4634358025,4634358037,9.9,residential
4634358037,4634358023,44.6,residential
4634358023,4634358048,59.5,residential
4634358048,4634358051,41.0,residential
4634358051,4634358024,20.6,residential
4634358025,4634358026,15.7,service
4634358026,4634358027,8.9,service
4634358027,4634358019,15.7,service
4634358019,4634358029,9.6,service
4634358029,4634358042,11.0,service
4634358042,4634358030,9.1,service
4634358030,4634358031,11.4,service
4634358031,4634358041,7.6,service
4634358041,4634358032,21.5,service
4634358032,4634358034,10.4,service
4634358034,4634358035,8.3,service
4634358035,6203794767,14.6,service
4634358037,4634358038,53.3,residential
4634358038,4634358039,5.3,residential
4634358039,4634358022,25.9,residential
4634358022,4634358040,38.6,residential
4634358040,4634358041,29.4,residential
4634358042,4634358043,25.8,service
4634358023,4634358045,29.8,residential
4634358045,4634358044,48.9,residential
4634358045,6203794770,47.1,residential
6203794770,4634358046,41.8,residential
4634358045,4634358049,57.3,residential
4634358049,436738018,46.9,residential
4634358048,4634358049,40.3,residential
3956019768,4770523005,168.8,residential
4770523005,4663112410,10.8,residential
4663112410,4655045235,42.0,residential
4635081388,12304715859,28.0,unclassified
12304715859,12304715860,8.1,unclassified
12304715860,12304715861,8.9,unclassified
12304715861,12304715862,24.1,unclassified
12304715862,12304715866,10.4,unclassified
12304715866,12304715871,44.5,unclassified
12304715871,4634992617,17.0,unclassified
4634992617,12304715872,7.6,unclassified
12304715872,12304715874,23.1,unclassified
12304715874,6286280249,54.9,unclassified
6286280249,5643722418,56.6,unclassified
5643722418,6286283172,16.8,unclassified
2193764999,9271029029,15.1,residential
9271029029,4635076503,35.0,residential
4635076492,4635076493,57.4,residential
4635076493,4635076494,10.0,residential
4635076494,4635076495,53.8,residential
4635076495,4635076496,12.5,residential
4635076496,4635076502,9.3,residential
4635076502,4635076497,14.2,residential
4635076497,4635076505,12.2,residential
4635076505,4635076498,3.2,residential
4635076498,4635076499,21.7,residential
4635076500,4635076501,66.5,service
4635076501,4635076502,14.9,service
4635076503,4635076504,85.2,residential
4635076504,4635076505,16.3,residential
4635085504,6286283172,127.4,residential
6286283172,4641836010,11.7,residential
4641836010,4635085509,58.1,residential
4635085509,4641836011,42.3,residential
4641836011,4635085508,30.8,residential
4635085509,4635085510,30.4,residential
4635085510,4635085512,39.6,residential
4635085512,4643319827,51.0,residential
4635085512,4639824259,119.2,residential
4635081384,10692613515,20.0,residential
10692613515,4635085547,49.6,residential
4635085547,6286283172,55.5,residential
6286283172,4641836007,62.3,residential
4641836007,4635085517,67.7,residential
4635085517,4635132840,49.3,residential
4635132840,4635085518,107.7,residential
4635085518,4635085519,67.4,residential
4635085521,4641836013,36.2,residential
4641836013,4635085522,46.2,residential
4635085522,4635085523,34.7,residential
4635085523,4635085527,19.8,residential
4635085527,4635085524,28.6,residential
4635085524,4635085525,42.8,residential
4643319837,4635085530,73.7,residential
4635085530,4635085528,32.4,residential
4635085528,4641836012,101.9,residential
4634992617,4643319828,19.4,residential
4643319828,4643319826,34.1,residential
4643319826,4643319827,19.4,residential
4643319827,4639586350,35.9,residential
4639586350,4643319825,26.5,residential
4643319825,4643319824,30.1,residential
4643319824,4634992619,46.4,residential
4634992619,4643319823,52.7,residential
4643319823,4635085536,69.7,residential
4635085536,4635085533,43.0,residential
4635085533,4643319822,18.1,residential
4643319822,4643319820,52.6,residential
4635085530,4635085535,21.7,residential
4635085535,4643319835,22.3,residential
4643319835,8108720650,26.9,residential
8108720650,4635085536,39.3,residential
4635085536,4635085543,59.1,residential
4635085543,4635085537,58.4,residential
4635085538,4635085537,105.7,residential
4635085537,3956019765,66.2,residential
4635085542,4635085543,116.9,residential
4635085544,4641836007,122.1,residential
4635119065,4635085547,120.5,residential
12304715900,4635144388,71.9,residential
4635144388,4663112402,23.7,residential
4663112402,4635239710,87.6,residential
4635239710,12304715905,44.7,residential
12304715905,8137686120,39.3,residential
8137686120,4756571506,20.4,residential
4663112410,4663112411,13.5,residential
4663112411,12304715895,10.4,residential
12304715895,12304715893,53.2,residential
12304715893,4740327347,24.0,residential
4770523005,4635239716,67.2,service
4635239716,4635239717,38.3,service
4635239717,4635239718,12.6,service
4635239718,4635239719,7.7,service
4635239719,4635239714,12.5,service
6289559561,4635239473,25.4,residential
4635239473,4635239474,23.0,residential
4635239474,4635239475,33.4,residential
4635239475,4635239476,54.6,residential
4635239476,4635300079,32.5,residential
4635300079,4635239477,133.6,residential
4635239477,4635239478,15.5,residential
4635239478,6271705617,23.6,residential
6271705617,6271705616,30.8,residential
6271705616,4658585883,59.6,residential
4658585883,4635239483,37.1,residential
4635134647,4635239481,68.1,residential
4635239481,4635239482,44.0,residential
4635239482,4658585885,52.3,residential
4658585885,4658585839,15.8,residential
4658585839,4635239483,52.4,residential
4635239692,4635239789,101.0,residential
4635239694,4635239802,38.2,residential
4635239802,4635239695,39.0,residential
4635239695,4635239781,49.3,residential
4635239781,4635239696,32.5,residential
4635239696,4635239697,19.6,residential
4635239697,4635239698,56.3,residential
4635239698,4635239699,36.2,residential
4635239699,4635239795,51.0,residential
4635239795,4635239789,45.9,residential
6271704383,4635239709,50.9,residential
4635156000,13055631358,9.8,service
13055631358,4635239723,17.2,service
4635239723,13055631359,13.3,service
4635239726,4635239727,34.7,residential
4635239727,4635239728,37.0,residential
4635239728,4635239729,22.3,residential
4635239729,4635239730,27.0,residential
4635239730,4635239731,19.0,residential
4635239731,4635239732,23.2,residential
4635239732,4635239733,61.4,residential
4635239733,4635239739,78.9,residential
4635239739,4635239735,112.5,residential
4635239735,4635239742,44.4,residential
4635239742,4635239737,38.9,residential
4635239739,4635239743,45.7,residential
4635239743,4635239738,41.2,residential
4635239742,4635239743,115.0,residential
4635239487,4658645840,35.9,residential
4658645840,4635300067,54.4,residential
4635300067,4635239689,45.2,residential
4635239689,4635263747,57.4,residential
4635263747,14078401220,44.6,residential
14078401220,4635239692,16.8,residential
4635239692,4635239745,154.1,residential
4635239745,4635239748,179.6,residential
5877679026,4635300080,65.1,residential
4635300080,4635239813,39.4,residential
4635239813,4635239814,6.1,residential
4635239814,4635239815,24.2,residential
4635239815,4635239817,98.8,residential
4635239817,6271705619,8.5,residential
6271705619,4635239818,16.4,residential
4635239818,6271705620,16.7,residential
6271705620,4635239819,15.5,residential
4635239819,4635239820,55.4,residential
4635239478,4635239821,34.2,residential
4635239821,4635239820,54.5,residential
4635239820,4635239825,43.4,residential
4635239825,4635239822,43.4,residential
4635239825,6271705618,44.8,residential
6271705618,4635239826,38.5,residential
4635239826,4635239827,23.4,residential
4635300067,4635263902,26.5,service
4635263902,4635263889,22.9,service
4635263889,4635263964,12.1,service
4635263964,4635263966,53.9,service
4635263966,4635263890,16.0,service
4635263890,4635263897,13.9,service
4635263897,4635263892,48.1,service
4635263892,4635263896,17.0,service
4635263896,4635263893,18.8,service
4635263893,4635263894,47.3,service
4635263894,4635263895,18.5,service
4635263895,4635263896,47.1,service
4635263895,4635263897,16.4,service
4635263902,4635263903,53.6,service
4635263964,4635263965,48.7,service
4635263965,4635263966,21.1,service
4635288890,4635288891,39.7,service
4635288891,4635288892,16.9,service
4635288892,4635288893,28.4,service
4635288893,4635288894,27.9,service
4635288894,4635288895,64.9,service
4635286688,4635288899,35.7,footway
4635288901,4635288902,45.2,tertiary
4635288902,4635288903,7.1,tertiary
4635288903,6155885326,22.0,tertiary
6155885326,4635288904,28.0,tertiary
4635288904,4635288905,111.5,tertiary
4635288905,4655045253,26.1,tertiary
4655045253,4635288907,24.4,tertiary
4635288907,4635288908,25.0,tertiary
4635288908,4635288909,20.6,tertiary
4635288909,4635308992,18.6,tertiary
4635308992,4738684382,135.8,tertiary
4635300074,4635300066,19.8,service
4635300066,4635300067,36.4,service
14039995714,4635300072,3.3,service
4635300072,4635300071,3.3,service
4635300071,14039995713,3.6,service
14039995713,14039995712,3.6,service
14039995712,4635300070,3.6,service
4635300070,4635300069,3.6,service
4635300069,14039995711,3.6,service
14039995711,14039995710,3.6,service
14039995710,4635300068,3.6,service
4635300068,4635300074,3.6,service
4635300074,14039995709,3.8,service
14039995709,14039995708,3.8,service
14039995708,14039995707,3.8,service
14039995707,4635300064,3.8,service
4635300064,4635300063,3.8,service
4635300063,4635300075,3.8,service
4635300075,14039995715,3.3,service
14039995715,14039995714,3.3,service
4635239474,4635300076,58.5,residential
4635300076,6289559571,4.7,residential
6289559571,6289559570,50.5,residential
6289559570,4635300078,69.1,residential
4635300078,4635300079,37.5,residential
4635239474,4635300080,50.5,residential
4635300079,4635239817,44.8,residential
4635239817,4635239827,26.7,residential
4635239827,4635239823,48.6,residential
6271704381,6271704380,31.5,residential
6271704380,6271704379,71.7,residential
6271704379,4635300082,116.1,residential
4635300082,4635300083,22.4,residential
4635300083,7176667150,11.2,residential
7176667150,9463069970,34.3,residential
9463069970,7176667149,17.4,residential
6271704379,4635300989,44.0,service
4635300989,4635134654,44.9,service
4635300989,4635300990,119.0,service
1645075315,9310479890,15.0,residential
9310479890,4635300993,87.5,residential
4635300993,4635301017,212.0,residential
4635300995,8825312830,19.7,service
8825312830,4635300996,15.0,service
4635300996,4635300997,16.3,service
4635300997,13953462654,10.9,service
13953462654,13953462655,11.9,service
13953462655,4635300998,9.4,service
4635300998,4635301002,32.5,service
4635301002,13953462659,38.0,service
13953462659,13953462663,23.5,service
13953462663,13953462661,26.6,service
13953462661,13953462682,21.1,service
13953462682,4635300999,45.4,service
4635300999,4635301000,100.8,service
6280676360,6280676359,48.4,service
6280676359,6280676358,31.8,service
6280676358,6280676356,26.5,service
6280676356,8825312834,17.8,service
8825312834,4635300999,27.2,service
4635300999,4635301004,100.7,service
4635301004,4635301006,96.3,service
4635301006,4634163424,71.0,service
4635301007,4635301014,37.0,service
4635301014,4635301006,43.7,service
4635301015,4635301010,81.4,service
4635301010,4635301011,41.9,service
4635301011,4635301012,82.9,service
4635301015,4635301012,40.6,service
4635301017,4635301018,41.3,residential
4635301018,6280676371,74.3,residential
6280676371,4635301019,37.2,residential
4635301019,6280676370,113.7,residential
6280676370,4635301020,17.3,residential
4635301020,4658645641,38.0,residential
4658645641,4658645720,36.5,residential
13953462843,13953462838,8.3,residential
13953462838,4658645721,15.4,residential
4658645721,4635301032,26.9,residential
4635301032,4635301033,22.0,residential
4635301033,4635301034,26.4,residential
4635301034,13953462851,103.8,residential
13953462851,4658645763,10.3,residential
4658645763,9249577877,34.9,residential
9249577877,4635301037,10.3,residential
4635301037,4635301038,32.1,residential
4635301038,13953462857,12.3,residential
13953462857,13953462864,12.2,residential
13953462864,13953462869,41.2,residential
13953462869,13953462874,7.9,residential
436912411,4635306068,55.3,residential
4635288896,4635307884,43.1,service
4635307884,4635307885,54.1,service
4635307885,4635307886,21.5,service
4635307886,4635307887,22.0,service
4635307887,4635307888,61.2,service
4635307888,4635308989,22.1,service
4635308989,4635307886,61.7,service
4635307884,4635308989,22.8,service
4635288896,4635288898,65.0,service
4635288898,6155885328,20.6,service
6155885328,6155885329,5.9,service
6155885329,6155885327,6.5,service
6155885327,4635288892,21.2,service
4635308992,4635308993,101.7,service
4635308993,6155885332,28.0,service
6155885332,4635308994,17.7,service
4635308994,4635308995,14.1,service
4635308995,4635308996,22.3,service
4635308996,4655116072,23.4,service
4655116072,4635309000,7.5,service
4635309000,4655116070,6.9,service
4655116070,4635308997,12.2,service
4635308997,4635308998,29.7,service
4635308998,4635308999,8.3,service
4635308999,4635308994,50.9,service
4635308990,4635309002,17.6,service
4635309002,4635309007,17.3,service
4635309007,4635309003,11.8,service
4635309003,4635309004,12.5,service
4635309004,4635309005,52.9,service
4635309005,4635309006,23.0,service
4635309006,4635309007,56.9,service
4635309002,4635309008,24.6,service
4635309008,4635309009,33.4,service
4635309009,4635309006,17.9,service
4635309009,4635309010,44.9,service
4635309010,4635309012,36.6,footway
4635309012,4745497360,3.2,steps
4636664267,4636664268,125.5,service
4636664268,13092314230,19.5,service
13092314230,13092309128,82.5,service
13092309128,6743435584,27.5,service
6743435584,13092322921,58.9,service
13092322921,13092321124,13.4,service
13092321124,4636664269,40.6,service
4636664237,13108382559,79.0,service
13108382559,4636664271,106.7,service
4636664274,6743435581,21.2,residential
6743435581,4636664279,15.8,residential
4636664279,4636664275,16.4,residential
4636664275,4636664276,10.4,residential
4636664279,4636664278,10.8,residential
6743435581,4636664282,12.7,residential
4636664283,4636664226,16.0,service
4636664226,4636664227,154.0,service
4636664227,4636664224,31.9,service
4636664224,4636664284,2.5,service
4636664284,4636664285,151.8,service
4636664285,4636664226,37.6,service
4634357822,4636875449,33.4,residential
4636875449,4636875452,23.9,residential
4636875452,9331381899,9.0,residential
9331381899,4636667702,14.7,residential
4740288320,12949883783,12.5,residential
12949883783,9306379025,6.6,residential
9306379025,4636672251,63.1,residential
4636672251,4636672252,21.9,residential
4636672260,4636671928,40.8,service
4636673921,4636673922,122.3,service
4636674149,9201335457,57.4,footway
9201335457,4636672260,54.0,footway
7830693605,4636677865,75.5,residential
4636677865,7830693606,57.1,residential
4636677869,9350087400,35.0,residential
9350087400,9350087402,11.3,residential
9350087402,6203796030,70.2,residential
6203796030,4636677870,83.1,residential
4636677870,5158711974,149.7,residential
5158711974,9350087406,36.0,residential
9350087406,9288127488,31.3,residential
9288127488,4636677871,10.6,residential
4636875449,4636875451,101.3,service
4636875452,4636875453,23.0,service
4636875453,4636875454,43.1,service
4636672252,11964181498,23.3,service
11964181498,9198974094,8.7,service
9198974094,4636875471,35.9,service
4636875471,9198974095,25.1,service
9198974095,4636875472,19.1,service
4636875472,4636875473,28.8,service
4636875473,4636875474,42.1,service
4636875474,4636875475,19.0,service
4636875475,4636875476,66.5,service
4636875476,9198974096,24.6,service
9198974096,3888146559,19.7,service
3888146559,9198974097,36.3,service
9198974097,4636875478,36.8,service
4636875478,9198974098,33.9,service
9198974098,4636875479,33.5,service
4636875479,4636875480,20.7,service
4636875480,9198974099,29.6,service
9198974099,4636875481,38.1,service
4636672252,4636875482,19.0,residential
4636875482,4636875483,46.7,residential
4636875483,4636875484,20.9,residential
4636875484,9211989913,85.0,residential
9211989913,4636875485,64.0,residential
4636875485,4636875486,92.2,residential
4636878986,4636878987,10.6,service
4636878987,4636878988,17.0,service
4636878988,4636878989,17.4,service
4636878989,4636878991,30.1,service
4636878991,4636878992,18.2,service
4636878992,4636878993,16.1,service
1831662624,12855608454,12.0,tertiary
12855608454,12855608466,17.9,tertiary
12855608466,12308854827,33.1,tertiary
12308854827,13055631342,9.5,tertiary
13055631342,12308854825,13.8,tertiary
12308854825,8137538293,47.7,tertiary
8137538293,12308854802,33.6,tertiary
12308854802,4637113851,22.7,tertiary
4637113851,12855618616,39.0,tertiary
4635286688,4635288890,26.8,service
4649126458,4645265872,109.3,living_street
4645791520,6642305314,43.4,living_street
4645771647,6284023497,158.7,residential
6284023497,5158711983,98.1,residential
5158711983,5158711975,141.2,residential
5158711975,1494268692,73.8,residential
4640291322,9705256443,10.2,residential
9705256443,9705256325,51.0,residential
9705256325,4651731427,0.3,residential
4651731427,4640291323,97.1,residential
4640291324,4640291325,47.0,living_street
4640291324,4640291326,148.4,living_street
4640291326,4640291327,50.7,living_street
4525705483,12949898235,19.9,living_street
12949898235,12949898233,9.7,living_street
12949898233,4640291328,4.1,living_street
4640291328,4640291337,28.4,living_street
4640291337,4640291329,39.4,living_street
4640291329,4640291330,23.7,living_street
4640291330,9311952562,20.4,living_street
9311952562,4640291336,20.4,living_street
4640291333,12949898206,17.3,residential
12949898206,4640291334,35.7,residential
4640291334,4640291335,32.6,residential
4640291335,4640291336,41.3,residential
4640291337,4640291334,103.6,living_street
4640291333,12949898203,8.7,residential
12949898203,5867016994,35.2,residential
5867016994,5863445618,45.8,residential
5863445618,9311952559,10.6,residential
9311952559,12949898164,0.4,residential
12949898164,4640291338,6.8,residential
4640291339,4640291340,146.5,living_street
9311952563,4640291342,74.5,living_street
4636875486,4640291345,37.9,residential
4640291345,4640291343,34.8,residential
4640291343,9211989912,21.5,residential
9211989912,12949898257,75.5,residential
12949898257,4640291344,10.1,residential
4640291344,12949898253,17.1,residential
12949898253,6378700742,1.2,residential
6378700742,4525705483,24.6,residential
4640291345,4640291346,94.7,residential
4640291346,4640291347,79.1,residential
4640291347,4640291348,149.4,residential
4640291348,6192249718,13.9,residential
6192249718,4640291344,100.5,residential
4640291349,12949898152,14.3,residential
12949898152,4640291348,9.1,residential
4640291344,4658585597,14.7,residential
4658585597,4658585598,73.6,residential
4658585598,4658585599,59.9,residential
4658585599,4640291354,49.1,residential
4640291354,4658585614,82.7,residential
4658585614,4640291352,12.4,residential
4640291354,4640291355,76.6,residential
4640291356,5684343423,61.0,residential
5684343423,5684338917,20.2,residential
5684338917,9307356744,9.3,residential
9307356744,1645075280,17.5,residential
4740288316,4641123713,15.8,service
4641123713,9306379021,10.9,service
9306379021,9198974063,10.9,service
9198974063,4641177949,12.6,service
4641177949,4641177871,27.8,service
4641177871,4641177946,17.2,service
4641177946,4641119502,160.5,service
4641119502,4641177872,12.7,service
4641177872,4641177917,56.7,service
4641119502,9198974064,9.4,service
9198974064,4641177766,24.1,service
4641174726,9215179035,37.0,footway
9215179035,4641174727,88.0,footway
4641177765,4641174728,30.9,footway
4641174728,9198974072,35.9,footway
9198974072,4641204001,15.5,footway
4641204001,4641177766,39.3,footway
4641177766,4641177767,14.8,footway
4641177917,4641177918,60.5,footway
4641177918,4641259001,5.3,footway
4641259001,4641258183,37.4,footway
4641258183,4641261716,30.2,footway
4641261716,4641177919,13.1,footway
4641177919,4641177920,24.8,footway
4641177871,9198974044,14.9,footway
9198974044,9198974062,154.5,footway
9198974062,4641177872,22.2,footway
4641187321,4641187325,58.2,footway
4641187325,4641187324,11.9,footway
4641187324,4641187322,28.7,footway
4641187322,4641177767,15.6,footway
4641213945,4641213946,31.1,footway
4641213946,4641177765,14.1,footway
4641177765,4641213947,5.3,footway
4641213946,9215179032,10.1,footway
9215179032,9215179105,29.6,footway
9215179105,9198974070,13.6,footway
4641236525,9198974047,8.4,footway
9198974047,4641236526,5.0,footway
4641258183,4641258184,8.6,footway
4641259001,4641259002,9.0,footway
4641261716,4641261717,7.7,footway
4646834107,4646834108,53.1,residential
4646834108,4646834109,45.3,residential
4646907778,4646907779,47.8,residential
4756571518,4701443848,8.9,service
4701443848,4701443849,5.2,service
4701443849,9208701551,90.5,service
9208701551,9208701554,30.5,service
9208701554,4677674496,125.4,service
4635239737,6609098659,79.6,residential
6609098659,4635239738,42.1,residential
4635239822,4635239823,105.2,residential
4655011913,4655011937,8.8,service
4655011937,4655011938,10.2,service
4655011938,4655142574,8.6,service
4655142574,4655011939,27.8,service
4655011939,4655011945,21.2,service
4655011945,5738518431,43.4,service
5738518431,4655011943,18.1,service
4655011943,4655011941,14.4,service
4655011941,4655011942,30.6,service
4655011943,4655011944,26.8,service
4655011945,4655011946,29.5,service
5738518431,6280676336,7.4,service
6280676336,4655011947,26.1,service
4655011947,4655011948,12.9,service
4655011948,4655011954,12.1,service
4655011954,4655011949,11.7,service
4655011949,4655011950,26.4,service
4655011950,4655011951,21.5,service
4655011951,4655011952,33.6,service
4655011952,4655011953,10.1,service
4655011954,4655011955,40.4,service
4655011955,4655011956,14.7,service
4655011955,4655011957,12.2,service
4655011957,4655011958,12.6,service
4655011948,4655011957,41.5,service
4655011949,4655011960,30.3,service
12304715910,8124792282,34.1,service
8124792282,4655045240,25.8,service
4655045240,4655075819,80.7,service
4655075819,4655075806,30.4,service
4655075806,4655045244,38.6,service
4655045244,4655045245,51.4,service
4635144380,4655045248,73.7,service
4655045248,4658402856,67.2,service
4658402856,4655045244,30.4,service
4655045248,4655045249,49.8,service
4655045250,4655045251,116.1,service
4635134654,4655045251,65.5,service
4655045251,4655045246,46.6,service
4655045246,4635288904,45.7,service
7176667149,9463069971,20.8,residential
9463069971,7176667148,44.9,residential
7176667148,7176667147,42.3,residential
7176667147,7176667146,33.0,residential
7176667146,4655045253,27.6,residential
7176667147,4655045255,68.1,service
4655045255,4655045246,72.9,service
7176667148,4655045251,137.8,service
4655045257,4635288903,56.0,unclassified
5967304358,5738518432,26.5,service
5738518432,4655056388,15.9,service
4655056388,4655056489,24.9,service
4655056489,9218530148,52.4,service
9218530148,4655056490,38.0,service
6280676339,5738437343,23.4,service
5738437343,5738437339,57.4,service
5738437339,4655056503,10.0,service
4655056503,4655056493,14.7,service
4655056493,4655056494,8.8,service
4655056494,4658585089,6.9,service
4658585089,4658585101,8.2,service
4658585101,4655056496,13.2,service
4655056496,4655056497,19.1,service
4655056497,4655056499,14.0,service
4655056499,4655056508,25.6,service
4655056508,4655056523,18.9,service
4655056523,4655056500,52.8,service
4655056500,4655056501,15.0,service
5738437343,4655056506,35.7,service
4655056506,4675572948,56.6,service
4675572948,4655056502,66.6,service
4655056509,4655056510,12.0,service
4655056510,4655056511,10.1,service
4655056511,4745497365,48.7,service
4745497365,4655056512,20.8,service
4655056512,4655056513,4.9,service
4655056513,4655056514,15.7,service
4655056512,4655056515,17.9,service
4655056515,4655056502,50.2,service
4655056500,4655056516,58.2,service
4655056516,4655056517,14.1,service
4655056517,4655056519,20.4,service
4655056507,4745497365,19.6,service
4745497365,4675572948,40.7,service
1645075272,4655062525,83.5,service
4655062525,4655056503,30.8,service
6430801151,4655075820,59.8,service
4655075820,4655075816,8.0,service
4655075816,4655075803,55.6,service
4655075803,5235049716,79.7,service
5235049716,8124792283,28.6,service
8124792283,4756570989,29.1,service
4655056501,4655126956,29.4,service
4655126956,4655075802,24.8,service
4655075802,4655075804,98.0,service
4655075804,4655075803,137.2,service
4655075804,4655126943,5.8,residential
4655126943,4655075809,75.7,residential
4655075809,9463031411,57.0,residential
4658402856,4658402861,177.8,service
4658402861,4740327358,26.1,service
5235049716,4655075809,143.9,service
4655075812,4655075818,36.9,service
4655075818,4655075813,4.5,service
4655075813,4655075814,19.7,service
4655075814,4655075815,20.5,service
4655075815,4655075804,16.5,service
4655075816,4655075817,105.9,service
4655075817,4655075818,76.3,service
4655075803,8124792720,61.8,service
8124792720,4655075819,63.2,service
4655045244,8124792719,92.9,service
8124792719,4655075820,63.1,service
4655056502,4655075821,15.7,service
4655075821,4655075822,23.3,service
4655075822,4655075823,21.6,service
4655075823,12304715963,44.6,service
4635288896,4655116060,30.3,service
4655116060,4655116061,25.4,service
4635288898,4635288904,77.2,service
4655116070,4655116071,18.5,service
4655116072,4655116073,17.1,service
4635308995,4655116074,28.9,service
4635308993,4635308990,28.8,service
4635309004,4655116075,7.2,service
4655116075,4655116076,15.6,service
4655116076,4635307887,10.6,service
4635308990,4635307885,20.2,service
4635308993,4655116078,16.0,service
4655116078,4655116081,45.3,service
4655116081,4655116077,10.6,service
4655116077,4635288896,14.1,service
4655116078,4655116079,41.0,service
4655116079,4655116080,44.3,service
4655116080,4655116081,40.8,service
4655075802,4658402908,27.3,service
4658402908,4655126957,21.0,service
4655126957,4655126955,68.9,service
4655126956,4655126957,42.8,service
4655126957,4655126958,55.2,service
4655075813,4655126960,7.1,service
4655126960,9249585236,19.9,service
9249585236,4655126961,19.1,service
4655126961,4655075802,23.5,service
9249585230,4655127611,95.9,service
4655127611,12304715960,35.2,service
6299257485,12315455319,30.1,residential
12315455319,4658402953,14.6,residential
4658402953,4658402957,79.4,residential
4740549432,4658402846,45.9,residential
4655075802,4658402887,14.2,service
4658402887,4658402888,15.8,service
4658402888,4658402889,32.7,service
4658402889,4658402890,20.7,service
4658402890,12304715942,52.5,service
12304715942,4740525295,20.9,service
4658402888,4658402892,138.3,service
4658402890,4658402893,46.3,service
4658402893,4658402894,20.5,service
4658402894,4658402895,38.0,service
4658402893,4658402896,36.5,service
4658402896,9249585229,9.8,service
9249585229,4658402897,24.7,service
4658402889,4658402898,21.5,service
4658402898,4658402899,21.1,service
4658402899,4658402900,50.0,service
4658402900,4658402901,18.7,service
4658402901,4658402898,47.6,service
4658402953,4658402954,38.1,service
4658402954,4658402955,54.7,service
4658402955,4658402956,34.8,service
4658402956,4658402968,48.4,service
4658402968,4658402957,24.2,service
4658402956,4658402958,34.1,service
4658402958,4658402961,55.4,service
4658402961,4658402959,81.7,service
4658402959,4658585126,82.2,service
4658402961,4658402970,36.3,service
4658402970,4658402962,16.3,service
4658402962,12315455329,13.9,service
12315455329,12315455330,10.6,service
12315455330,12315455331,12.8,service
4658402968,11696387663,14.4,service
11696387663,11696387662,12.6,service
11696387662,4658402969,19.7,service
4658402969,11696387661,29.9,service
11696387661,4658402970,21.8,service
4658402970,4658402971,36.6,service
4658402971,4658402972,49.7,service
4658402972,4658585130,46.7,service
4658585130,4658585131,39.9,service
4655011952,4658585094,13.4,steps
4658585095,4658585099,12.8,steps
4658585099,4658585100,9.7,steps
4658585100,4658585101,2.8,steps
4658585125,4658585642,22.5,residential
4658585642,4658585131,21.4,residential
4658585131,4658585126,87.8,residential
4658585126,4658585127,37.7,residential
4658585127,9249585231,44.4,residential
9249585231,11696387653,24.9,residential
11696387653,4658585128,2.7,residential
4658585128,13072994535,31.3,residential
13072994535,11696387664,33.9,residential
11696387664,4658585129,65.4,residential
4658585138,9342203982,14.7,service
9342203982,4658585644,38.4,service
4658585644,4658585139,22.3,service
4658585139,9342203983,6.3,service
9342203983,4658585648,15.8,service
4658585648,4658585140,33.4,service
4658585265,6132178408,77.8,living_street
6132178408,4638163769,45.5,living_street
4658585302,4658585303,68.9,residential
4658585303,6132178381,12.1,residential
6132178381,4658585304,4.9,residential
4658585304,12855480855,23.4,residential
12855480855,4658585305,19.9,residential
1645075252,13671609571,18.2,residential
13671609571,4658585302,40.9,residential
4658585302,4658585301,40.9,residential
4658585301,4658585332,62.0,residential
4658585332,4658585307,27.0,residential
4658585307,4658585333,31.6,residential
4658585333,4658585334,33.0,residential
4658585334,4658585346,68.6,residential
4658585346,9271029085,18.3,residential
9271029085,8825335928,49.7,residential
8825335928,9463070008,20.2,residential
9463070008,4658585335,45.5,residential
4658585341,4658585344,72.0,living_street
4658585344,4658585343,167.7,living_street
4658585343,13671609577,56.5,living_street
4658585302,4658585343,76.6,living_street
4658585344,4658585345,15.1,service
4658585345,4658585346,46.0,service
4738791222,4736456625,22.0,primary_link
4736456625,4736456624,16.3,primary_link
4736456624,12949883797,3.6,primary_link
12949883797,9198974091,5.3,primary_link
9198974091,4736456622,9.2,primary_link
4736456622,4740288303,19.8,primary_link
4658585427,11964192970,64.1,residential
11964192970,4658585440,26.4,residential
4658585440,4658585428,119.5,residential
4658585428,4658585443,60.9,residential
4658585443,13947240097,10.4,residential
13947240097,4658585426,10.1,residential
4658585438,4658585439,32.8,service
4658585439,4658585440,29.4,service
4740299290,4658585442,83.4,service
4658585442,4658585443,48.2,service
4658585642,4658585643,23.3,service
4658585643,4658585644,79.4,service
4658585643,4658585645,39.5,service
4658585645,4658585646,63.3,service
4658585646,4658585647,18.1,service
4658585647,4658585648,25.8,service
4658585125,4658585653,25.9,residential
4658585653,5867017048,26.3,residential
5867017048,4658585655,13.3,residential
4658585655,12855618617,32.8,residential
12855618617,4658585654,11.1,residential
4658585721,4658585724,58.1,living_street
4658585724,4658585722,19.4,living_street
4658585722,4632583934,33.3,living_street
4658585724,4658585725,20.7,service
4658585725,4658585726,37.0,service
4658585727,4658585728,30.8,service
4658585728,4658585729,36.2,service
4658585729,4658585730,43.6,service
4736970033,4658585762,51.5,secondary
4658585762,9463031381,55.3,secondary
9463031381,4658585743,14.1,secondary
4658585743,9463031382,27.8,secondary
9463031382,4658585747,13.4,secondary
4658585747,4658585733,104.6,secondary
4658585733,4658585731,64.2,secondary
4658585731,12112535272,16.4,secondary
12112535272,9310043676,23.4,secondary
9310043676,1831659722,17.0,secondary
4632583941,4658585735,31.9,residential
4235824804,6203796022,73.3,residential
6203796022,4636677864,77.2,residential
4636677864,4636677138,38.5,residential
4636677138,6203796013,14.5,residential
6203796013,4636677137,22.5,residential
4636677137,6203796006,36.9,residential
6203796006,6280676305,17.9,residential
6280676305,6203796007,16.2,residential
6203796007,9544079197,11.2,residential
9544079197,4636677869,34.5,residential
4636677869,6280676300,65.7,residential
6280676300,4636677136,25.9,residential
4636677136,4636677135,16.8,residential
4636677135,4645771647,14.9,residential
4645771647,6203796032,64.3,residential
6203796032,4635306068,62.5,residential
4635306068,9196750654,52.2,residential
9196750654,4635306067,16.3,residential
4635306067,6203796033,77.5,residential
6203796033,4740468292,25.6,residential
4658585737,4658585738,28.1,service
4740710059,6351635656,67.4,pedestrian
6351635656,6351635662,53.2,pedestrian
6351635662,6351635666,56.9,pedestrian
6351635666,6351635672,40.6,pedestrian
6351635672,6351635676,37.0,pedestrian
6351635676,4658585740,52.2,pedestrian
4658585743,4658585748,70.7,residential
4658585748,4658585754,81.8,residential
4658585754,6351635680,69.9,residential
6351635680,4658585742,74.0,residential
6351635680,6351635663,74.7,pedestrian
6351635663,9382960832,51.9,pedestrian
9382960832,4658585746,42.4,pedestrian
4658585746,9382960833,51.8,pedestrian
9382960833,4658585744,47.0,pedestrian
6351635674,4658585746,54.1,pedestrian
4658585746,4658585749,60.9,pedestrian
4658585750,9382960829,31.7,residential
9382960829,4658585751,92.9,residential
4658585752,4658585753,127.9,residential
4658585754,4740710039,82.9,service
4658585756,9350087389,62.0,residential
9350087389,4658585757,67.4,residential
4656644595,5158711987,47.7,residential
5158711987,9290335180,13.3,residential
9290335180,9290335181,11.6,residential
9290335181,5158711988,4.2,residential
5158711988,5158711986,22.7,residential
5158711986,6351635652,15.3,residential
6351635652,4656644597,21.5,residential
4656644597,9350087387,27.2,residential
9350087387,1831658914,24.6,residential
4658585743,9463031380,22.0,residential
9463031380,4658585760,91.2,residential
4658585760,4658585783,25.9,residential
4658585783,9201335486,28.3,residential
9201335486,13989496957,52.9,residential
13989496957,13952032105,10.0,residential
13952032105,13952030395,13.2,residential
4740710036,4658585764,52.3,residential
4658585764,4658585761,52.8,residential
4658585761,4658585759,43.8,residential
4658585759,9269459902,27.2,residential
9269459902,4658585760,51.6,residential
4658585743,4658585761,119.0,residential
4658585762,4658585763,66.9,residential
4658585763,4658585764,45.3,residential
4658585764,4658585765,40.7,residential
4658585765,9201335481,41.3,residential
9201335481,13952032112,67.9,residential
13952032112,4658585768,39.5,residential
4658585768,4675616024,98.8,residential
4675616024,4658585766,116.1,residential
4740710067,4658585768,49.8,residential
4658585768,4658585769,52.5,residential
4658585769,13952030398,111.7,residential
4675616024,4658585780,55.7,residential
4658585780,13952030400,67.6,residential
4658585769,4658585780,91.3,residential
4658585733,4658585784,66.8,residential
4658585784,13952032102,70.0,residential
4658585783,4658585784,107.4,residential
13952030394,4673408953,91.3,residential
4673408953,4674358997,68.6,residential
4674358997,4673367888,101.0,residential
4673367888,4658585785,112.2,residential
13952030395,13989496950,8.0,residential
13989496950,4680086110,7.2,residential
4680086110,4658585787,14.6,residential
4658585787,4670385003,66.4,residential
4670385003,4670385004,100.6,residential
4670385004,4658585791,52.9,residential
4658585791,4658585786,59.1,residential
4670385006,4670385005,49.8,residential
4670385005,4658585789,61.7,residential
13952032101,4670385005,85.4,residential
4670385005,4658585791,63.5,residential
13952030399,4670385006,54.0,residential
4670385006,4670385004,65.0,residential
4670385004,4673367888,59.6,residential
4673367888,4673449999,63.5,residential
13952030397,4670385003,61.3,residential
4670385003,4674358997,58.9,residential
4674358997,4673526643,64.4,residential
4658585787,4673408953,59.4,residential
4673408953,4658585798,62.9,residential
4658585801,4673378044,64.8,unclassified
4673378044,4674375204,60.0,unclassified
4674375204,4674375205,61.4,unclassified
4674375205,4658585809,55.7,unclassified
4658585809,4658585829,57.6,unclassified
4658585829,3956007606,66.7,unclassified
4658585803,4670431208,64.8,unclassified
4670431208,4670431209,59.4,unclassified
4670431209,4658585802,62.4,unclassified
4658585802,4670431211,28.2,unclassified
4670431211,4677735359,28.1,unclassified
4677735359,4673379679,56.4,unclassified
4673379679,12438050003,11.3,unclassified
12438050003,3956007609,51.3,unclassified
4677735321,12327752181,38.0,unclassified
12327752181,4670425242,26.5,unclassified
4670425242,4670425240,60.1,unclassified
4670425240,12327752185,32.1,unclassified
12327752185,4670425239,29.4,unclassified
4670425239,4658585825,28.5,unclassified
4658585825,4675617023,27.0,unclassified
4675617023,12327752189,22.2,unclassified
12327752189,4658585828,34.4,unclassified
4658585828,12438050002,10.2,unclassified
12438050002,12327752194,47.3,unclassified
4658585806,4658585807,58.2,residential
4658585807,12438050030,9.8,residential
12438050030,4658585811,63.0,residential
4658585811,4658585808,26.2,residential
4658585808,12327752187,6.2,residential
12327752187,12327752188,5.6,residential
12327752188,4677735363,8.6,residential
4677735363,12327752191,14.4,residential
12327752191,4675617023,46.5,residential
4675617023,4677735360,58.0,residential
4677735360,12327802121,21.5,residential
12327802121,4677735359,35.4,residential
4677735359,4658585827,77.4,residential
4658585827,4658585809,27.9,residential
4658585809,4677735354,25.7,residential
4677735354,4658585810,44.9,residential
4658585812,4670425243,65.0,unclassified
4670425243,12327802103,29.8,unclassified
12327802103,4670298521,29.9,unclassified
4670298521,12327802105,27.8,unclassified
12327802105,12327802107,27.3,unclassified
12327802107,4658585819,5.8,unclassified
4658585819,4658585823,29.1,unclassified
4658585823,4658585811,17.5,unclassified
4658585814,4670425241,65.9,unclassified
4670425241,4658585817,59.2,unclassified
4658585817,4658585806,79.0,unclassified
4658585815,4677735365,75.4,residential
4677735365,4670425241,42.3,residential
4670425241,4670425243,127.4,residential
4670425243,12327802109,54.4,residential
12327802109,12327752183,15.1,residential
12327752183,4670425242,36.7,residential
4670425242,4670431208,114.3,residential
4670431208,4673378044,115.8,residential
4673378044,4658585816,127.8,residential
4658585817,4670298521,127.5,residential
4670298521,4658585822,53.6,residential
4658585822,4670425240,52.1,residential
4670425240,4670431209,114.6,residential
4670431209,4674375204,113.0,residential
4674375204,4658585818,110.0,residential
4658585819,4658585821,53.6,residential
4658585821,4670425239,52.7,residential
4670425239,4658585802,114.7,residential
4658585802,4674375205,108.6,residential
4674375205,4658585820,91.3,residential
4658585821,4658585822,61.3,residential
4658585823,4658585825,106.0,service
4658585825,4677735356,57.4,service
4677735356,4670431211,57.2,service
4670431211,4658585826,78.1,service
4658585826,4658585827,27.5,service
4658585828,12327802124,29.0,residential
12327802124,12327802120,49.7,residential
12327802120,4673379679,35.7,residential
4673379679,4658585829,101.8,residential
4658585839,4635239732,149.5,service
4658585883,4658585884,66.6,service
4658585884,4658585885,38.1,service
4740549438,9332184003,47.5,tertiary
9332184003,9310065455,44.1,tertiary
9310065455,4663112390,37.3,tertiary
4658645650,4658645654,46.6,residential
4658645654,4658645651,17.3,residential
4658645651,4658645652,25.7,residential
4658645653,4658645654,25.7,residential
4658645655,4658645656,23.3,residential
4658645656,13953462685,18.0,residential
13953462685,13953462687,9.5,residential
13953462687,4675563359,17.9,residential
4675563359,4658645657,67.8,residential
4658645657,4658645658,23.8,residential
4635300993,4658645659,47.7,residential
4658645659,4658645660,55.1,residential
4658645659,9249585232,19.0,residential
9249585232,4658645661,12.1,residential
4658645661,4658645662,36.7,residential
4658645661,4658645663,28.1,residential
4658645663,4658645664,34.0,residential
4635300071,4658645854,20.3,service
4658645855,4658645854,9.1,service
4658645854,4658645856,11.8,service
4658645862,4658645881,42.0,residential
4658645881,4658645880,16.5,residential
4658645880,4635300069,5.6,residential
4658645867,4658645866,33.0,service
4658645870,13432283978,2.2,residential
13432283978,13432283979,2.5,residential
4663112397,12304715828,7.7,tertiary
12304715828,12304715827,8.2,tertiary
12304715827,12304715826,6.8,tertiary
12304715826,4663112398,7.1,tertiary
4663112398,4740549437,7.2,tertiary
4740549437,12304715825,8.5,tertiary
12304715825,12304715824,7.7,tertiary
12304715824,12304715823,6.2,tertiary
12304715823,4663112399,6.2,tertiary
4663112399,4663112400,7.9,tertiary
4663112400,4740327349,14.9,tertiary
4658585810,4663562462,79.1,unclassified
4663562462,4663562453,59.8,unclassified
4663562455,4663562461,80.6,unclassified
4663562461,4663562459,56.6,unclassified
4663562459,4677735203,35.2,unclassified
4677735203,4677735200,27.4,unclassified
4677735200,4677735204,27.3,unclassified
4677735204,4663562457,34.3,unclassified
4663562457,12358246775,11.8,unclassified
12358246775,4663562454,18.5,unclassified
4663562456,4674375203,78.2,unclassified
4674375203,4663562457,100.8,unclassified
4663562458,4663562463,84.5,residential
4663562463,4663562459,60.8,residential
4663562460,4663562461,125.3,residential
4663562462,4674375203,67.4,residential
4674375203,4663562463,98.4,residential
4663562465,4663562468,81.4,unclassified
4663562468,4663562469,56.9,unclassified
4663562469,4677735199,31.0,unclassified
4677735199,4677674344,29.8,unclassified
4677674344,4677674345,20.9,unclassified
4663562466,4673430371,79.8,unclassified
4673430371,4674375202,57.3,unclassified
4674375202,4677735198,33.0,unclassified
4677735198,4674375201,31.4,unclassified
4674375201,3956007600,54.1,unclassified
4663562461,4673430371,111.8,residential
4673430371,12438049993,19.5,residential
12438049993,4663562468,89.9,residential
4663562459,4674375202,110.9,residential
4674375202,12438049984,13.6,residential
12438049984,12438049986,16.2,residential
12438049986,12438049988,14.4,residential
12438049988,4663562469,66.0,residential
4677735200,4677735201,53.1,residential
4677735201,4674375201,58.8,residential
4674375201,4677674344,109.6,residential
4635288896,4663562615,9.0,service
4663562615,4663562616,47.1,service
4655011951,4663562617,4.8,service
4663562617,4663562618,16.8,service
4663562618,4663562619,38.3,service
4677674177,4677674178,58.9,residential
4677674162,4677674175,46.0,residential
4677674175,4677674179,35.0,residential
4677674180,4677674179,130.0,residential
4677674167,4677674169,20.0,residential
4677674169,4677674170,15.2,residential
4677674170,4677674171,46.8,residential
4677674179,4677674184,52.8,residential
4677674184,4677674174,40.1,residential
4677674174,4677674172,39.2,residential
4677674173,4677674174,88.5,residential
4677674175,4677674178,102.3,residential
4677674178,4677674176,40.9,residential
4677674181,4677674182,68.3,residential
4677674183,4677674166,70.6,residential
4677674166,4677674184,52.4,residential
4677674302,4677753700,64.9,residential
4677753700,4677753698,57.4,residential
4677753698,4677674303,66.2,residential
4677674303,4677674304,117.4,residential
4677674304,4677753690,60.2,residential
4677753690,4740711573,58.2,residential
4677674305,4677674319,87.5,residential
4677674319,4677674306,73.2,residential
4677674307,4677674320,90.8,residential
4677674320,4677674308,70.8,residential
4677674309,4677674321,91.0,service
4677674321,4677674310,70.1,service
4677674311,4677674322,94.6,residential
4677674322,4677674312,68.5,residential
4677674313,4677674327,48.5,service
4677674327,4677674314,46.4,service
4677674315,4677674326,47.8,residential
4677674326,4696270465,45.1,residential
4696270465,4677674316,69.4,residential
4677674317,4677674323,94.8,service
4677674323,4677674318,68.3,service
4677674326,4677674330,31.4,residential
4677674330,4677674327,30.3,residential
4677674327,4677674332,29.6,residential
4677674332,4677674328,25.6,residential
4677674329,4677674330,47.2,service
4677674330,4677674331,46.1,service
4677674332,4677674333,48.1,service
4677674334,4677674335,68.6,service
4677674336,4677674337,71.0,service
4677674338,4677674339,69.3,service
4658585795,4736692044,89.6,secondary
6200369594,4677614573,34.4,tertiary
4677614573,4677614571,30.1,tertiary
4677614571,4677614575,30.9,tertiary
4677614575,4677614547,33.2,tertiary
4677614547,4677735242,34.4,tertiary
4677735242,4677614577,35.4,tertiary
4677614577,4677614551,35.2,tertiary
4677614551,4677614581,33.5,tertiary
4677614581,4677614583,31.5,tertiary
4677614583,4677614579,33.3,tertiary
4677614579,6647012025,72.3,tertiary
4677674367,4677674315,62.1,residential
4677674367,4677674371,18.4,residential
4677674371,4677674370,15.9,residential
4677674370,4677674374,18.0,residential
4677674374,4677674376,15.1,residential
4677674376,4677674368,17.0,residential
4677674371,4677674372,37.6,service
4677674370,4677674373,36.2,service
4677674374,4677674375,36.7,service
4677674376,4677674377,37.7,service
4677674386,4677674388,20.3,residential
4677674388,5533769704,10.3,residential
5533769704,4677674389,8.6,residential
4677674389,4677674362,111.9,residential
4663562488,4677614562,62.6,residential
4677614562,12438049939,16.2,residential
12438049939,4677614526,39.5,residential
4677614526,12438049931,40.7,residential
12438049931,4677614527,21.3,residential
4677614527,4677614533,47.8,residential
4677614533,3956007573,62.8,residential
4677614527,4677614550,69.4,residential
4677614550,4677614528,38.0,residential
3956007574,4677614558,62.0,residential
4677614558,4677614533,52.1,residential
3956007577,4677614557,60.0,unclassified
4677614557,4677614526,56.3,unclassified
4677614526,9213081691,8.0,unclassified
9213081691,4677614563,80.6,unclassified
4677614563,12438050068,19.6,unclassified
12438050068,4677614564,56.9,unclassified
4663562488,4677614549,125.0,unclassified
4677614549,4677614586,32.6,unclassified
4677614586,4677614552,72.0,unclassified
4677614552,4677614543,51.0,unclassified
4677614545,4677614574,33.2,unclassified
4677614574,4677614572,31.0,unclassified
4677614572,4677614576,31.0,unclassified
4677614576,4677614548,32.6,unclassified
4677614548,12381266329,31.7,unclassified
12381266329,4677614578,41.0,unclassified
4677614578,4677614553,32.5,unclassified
4677614553,12438049896,21.4,unclassified
12438049896,4677614582,11.1,unclassified
4677614582,4677614584,32.5,unclassified
4677614584,12381266314,14.1,unclassified
12381266314,4677614580,18.7,unclassified
4677614580,3956007586,45.6,unclassified
4677614547,4677614548,65.2,residential
4677614548,12438049892,17.5,residential
12438049892,12438049894,21.5,residential
12438049894,4677614567,18.1,residential
4677614567,4677614549,56.8,residential
4677614549,12438049887,17.9,residential
12438049887,12438049890,16.5,residential
12438049890,4677614561,23.3,residential
4677614561,4677614563,56.9,residential
4677614563,12438049933,28.8,residential
12438049933,4677614550,27.3,residential
4677614553,4677614566,56.6,residential
4677614554,12438049967,58.2,residential
12438049967,12438049965,17.3,residential
12438049965,4677614555,27.3,residential
4677614555,4677614587,34.8,residential
4677614587,4677681889,38.8,residential
4677681889,4677614556,33.4,residential
4677614556,12438049946,47.7,residential
12438049946,12438049948,18.2,residential
12438049948,12438049952,35.1,residential
12438049952,4677614557,25.3,residential
4677614557,12438049977,22.8,residential
12438049977,12438049975,21.8,residential
12438049975,4677614558,58.5,residential
4677614558,12438050061,29.0,residential
12438050061,12438050065,43.9,residential
12438050065,3956007572,27.7,residential
4677614560,4677614561,117.0,residential
4677614561,4677614562,107.8,residential
4677614566,4677614585,72.0,residential
4677614585,4677614567,31.7,residential
4677614571,4677614572,64.9,service
4677614573,4677614574,64.4,service
4677614575,4677614576,64.9,service
4677614577,4677614578,64.2,service
4677614579,12381266312,32.8,residential
12381266312,12381266313,26.0,residential
12381266313,4677614580,6.0,residential
4677614581,4677614582,64.7,service
4677614583,4677614584,65.1,service
4677614585,4677614586,57.2,residential
4677614587,4677614588,76.8,residential
4677681889,4677681890,67.2,residential
4677735203,4677735206,53.3,residential
4677735206,4677735198,57.8,residential
4677735198,4677735199,110.0,residential
4677735204,4677735205,87.0,residential
4677735206,4677735201,29.7,residential
3054151399,4677735212,69.8,residential
4677735212,4677735247,51.1,residential
4677735247,4677735209,59.2,residential
4677735209,4677735218,110.3,residential
4677735213,12438049906,11.2,residential
12438049906,12438050050,15.7,residential
12438050050,12438050052,17.9,residential
12438050052,4677735210,65.6,residential
4677735210,4677735219,110.1,residential
4663562466,4677735244,72.9,unclassified
4677735244,4677735209,55.7,unclassified
4677735209,4677735249,51.1,unclassified
4677735249,12438049904,29.9,unclassified
12438049904,4677735210,25.0,unclassified
4677735210,4677735216,49.4,unclassified
4677735216,4677735211,32.3,unclassified
4663562455,4677735243,71.8,unclassified
4677735243,4677735212,56.5,unclassified
4677735212,4677735248,52.7,unclassified
4677735248,4677735213,53.5,unclassified
4677735213,4677735214,48.7,unclassified
4677735219,4677735220,48.6,unclassified
4677735220,4677735221,87.3,unclassified
4677735221,4677735223,11.4,unclassified
4677735223,12381251682,10.6,unclassified
12381251682,12381251683,6.4,unclassified
12381251683,12381251684,7.0,unclassified
12381251684,12381251685,33.9,unclassified
12381251685,12381251687,52.6,unclassified
12381251687,12381251686,10.8,unclassified
4677735230,4677735231,127.5,unclassified
4677735231,4677735241,35.4,unclassified
4677735241,4677735239,35.5,unclassified
4677735239,4677735232,35.3,unclassified
4677735232,12438049903,85.2,unclassified
12438049903,4677735235,12.2,unclassified
4677735235,4677735233,80.7,unclassified
4677735233,4677735226,34.9,unclassified
4677735226,9211959809,23.8,unclassified
9211959809,9211959810,6.0,unclassified
9211959810,9211959811,5.2,unclassified
9211959811,9211964418,22.3,unclassified
9211964418,9211959812,16.2,unclassified
9211959812,9211959813,46.2,unclassified
4677735234,4677735235,24.4,residential
4677735235,4677735237,19.3,residential
4677735237,4677614579,40.7,residential
4677735236,4677735237,75.1,service
4677735237,4677735238,64.8,service
4677735239,4677614577,60.4,service
4677735241,4677735242,60.3,service
4677735243,4677735246,51.2,residential
4677735246,4677735244,59.5,residential
4677735244,12438050059,38.5,residential
12438050059,12438050057,19.6,residential
12438050057,4677735245,51.6,residential
4677735246,4677735247,55.2,residential
4677735248,4677735249,110.7,residential
4677735249,4677735250,109.9,residential
4677735253,4677735254,88.6,service
4677735254,4677735255,34.2,service
3054151401,4677735256,62.5,service
4677735263,4677735264,32.4,unclassified
4677735264,9211959813,25.6,unclassified
9211959813,12318709189,15.1,unclassified
12318709189,12318709187,14.8,unclassified
12318709187,12318709188,29.3,unclassified
12318709188,4677735262,24.0,unclassified
4677735262,4677735261,45.5,unclassified
4677735261,4677735258,15.9,unclassified
4677735258,4677735257,185.4,unclassified
9211964418,4677735267,28.3,service
4677735267,4677735268,8.5,service
4677735268,4677735271,24.8,service
9342272155,12318709161,12.1,unclassified
12318709161,4677735293,11.6,unclassified
4677735293,4677735295,47.8,unclassified
4677735295,12318709158,125.7,unclassified
12318709158,4677735296,92.3,unclassified
4677735296,12318709150,34.2,unclassified
12318709150,12318709144,144.8,unclassified
12318709144,12318709143,8.4,unclassified
12318709143,12318709142,5.6,unclassified
12318709142,12318709141,5.5,unclassified
12318709141,12318709140,19.7,unclassified
12318709140,12318709139,7.4,unclassified
12318709139,12318709138,6.7,unclassified
12318709138,4677735297,7.7,unclassified
4677735297,12318709137,22.5,unclassified
12318709137,12318709136,8.4,unclassified
12318709136,12318709135,8.9,unclassified
12318709135,4677735299,8.5,unclassified
4677735299,12318709134,8.0,unclassified
12318709134,12318709133,14.2,unclassified
12318709133,4677735300,10.8,unclassified
4677735300,4740205165,31.8,unclassified
4677735306,4677735313,66.3,unclassified
4677735313,4677735309,101.6,unclassified
4677735309,4677735307,29.1,unclassified
4677735308,4677735309,54.8,residential
4677735309,12438050037,15.7,residential
12438050037,12438050039,19.0,residential
12438050039,12438050041,18.7,residential
12438050041,12438050036,18.8,residential
12438050036,4677735310,2.5,residential
4677735310,4677735311,19.5,residential
4677735311,12358010034,31.3,residential
12358010034,4677735312,36.5,residential
4677735313,4677735324,55.2,residential
4677735324,4677735314,72.9,residential
4677735314,4677735315,114.2,residential
4677735315,12438050008,71.5,residential
12438050008,4677735316,34.2,residential
4677735316,4677735318,128.1,residential
4677735318,4740205162,102.4,residential
4658585814,4677735318,64.9,unclassified
4677735318,12315455251,23.0,unclassified
4658585812,4677735316,65.6,unclassified
4677735316,12438050012,18.3,unclassified
12438050012,12438050014,15.6,unclassified
12438050014,12315455287,10.2,unclassified
12315455287,12315455288,2.7,unclassified
12315455288,12315455289,2.1,unclassified
12315455289,6200369422,2.5,unclassified
4677735321,4677735315,64.0,unclassified
4677735315,4677735322,51.5,unclassified
4677735322,4677735323,29.5,unclassified
4677735324,4677735308,102.9,residential
4677735308,4677735325,18.4,residential
4677735325,4677735326,13.9,residential
4677735326,4677735327,11.5,service
4677735327,4677735328,27.5,service
4677735328,4677735329,40.8,service
4677735329,4677735330,13.4,service
4677735330,9211885489,34.3,service
9211885489,9211885490,10.3,service
9211885490,4677735331,9.7,service
4677735331,4677735332,15.0,service
4677735332,4677735333,32.1,service
4677735333,4677735334,26.9,service
4658585803,12327802113,20.6,unclassified
12327802113,4677735314,44.7,unclassified
4677735314,4677735319,49.7,unclassified
4677735319,4677735320,31.5,unclassified
4677735320,12327802111,5.2,unclassified
12327802111,12327802112,4.8,unclassified
12327802112,4677735335,49.9,unclassified
4677735295,9342272154,13.8,service
9342272154,4677735336,12.9,service
4677735336,4677735337,28.0,service
4677735337,4677735338,24.7,service
4677735338,4677735339,20.1,service
4677735339,4677735326,92.3,service
4677735296,4677735340,27.6,unclassified
4677735340,12318709156,6.5,unclassified
12318709156,9342234772,9.0,unclassified
9342234772,4677735341,10.3,unclassified
4677735341,4677735342,22.3,unclassified
4677735342,4677735343,9.6,unclassified
4677735343,4677735344,9.6,unclassified
4677735344,12318709157,10.7,unclassified
12318709157,4677735335,29.5,unclassified
4677735323,9211885491,23.4,service
9211885491,4677735345,9.5,service
4677735335,4677735346,25.7,service
4677735346,4677735347,27.5,service
4677735347,4677735348,26.9,service
4677735348,4677735345,22.5,service
4677735345,4677735349,29.3,service
4677735349,4677735350,31.3,service
4677735350,12327752180,6.7,service
12327752180,12327752179,3.7,service
12327752179,12327752178,3.3,service
12327752178,12327752177,2.7,service
12327752177,12327752176,53.0,service
12327752176,12327752175,4.0,service
12327752175,4677735351,3.4,service
4677735351,6200369422,18.6,service
4677735360,4677735356,27.6,service
4677735363,3956007613,82.9,residential
4677735365,4677735368,57.3,residential
4677735368,12315451688,32.7,residential
12315451688,4677735366,27.1,residential
4677735367,4677735368,70.9,service
4677735373,12313953890,68.3,unclassified
12313953890,12313953897,8.3,unclassified
12313953897,12313953887,23.1,unclassified
12313953887,12313953894,11.2,unclassified
12313953894,4677735372,29.4,unclassified
4677735375,12313953896,60.1,unclassified
12313953896,12313953893,34.7,unclassified
12313953893,4677735374,30.0,unclassified
4677735376,4677735378,80.3,service
4677735387,4677735379,175.7,service
4677735379,7644909351,8.1,service
7644909351,7644909350,6.5,service
7644909350,7644909349,5.7,service
7644909349,4677735380,69.7,service
4677735380,13515947115,2.7,service
13515947115,13515947116,3.7,service
13515947116,13515947110,71.4,service
4677735381,4677735382,50.8,service
4677735383,4677735384,63.0,service
4677735384,4677735385,88.4,service
4677735386,9342234736,130.8,service
9342234736,9352495877,74.4,service
9352495877,4677735387,9.1,service
4677752980,4677752985,70.6,residential
4677752985,4677752952,78.5,residential
4677752981,4677752986,66.5,residential
4677752986,4677752953,80.0,residential
4677752955,4677752984,77.0,residential
4677752971,4677752983,73.6,residential
4677752980,4677752981,124.6,residential
4677752981,4677752982,59.4,residential
4677752986,4677752985,123.7,residential
4677752985,9349888777,40.5,residential
9349888777,4677752984,75.7,residential
4677752984,4677752983,59.7,residential
4677752971,4677753690,164.2,residential
4677753690,4677753695,122.0,residential
4677753695,4677753692,122.0,residential
4677753693,4677753703,62.9,residential
4677753703,4677674304,59.1,residential
4677674304,4677753701,76.1,residential
4677753701,4677752955,86.7,residential
4677752952,4677753702,86.6,residential
4677753702,4677674303,75.0,residential
4677674303,4677753704,60.9,residential
4677753704,4677753694,63.4,residential
4677674357,4677753697,63.6,residential
4677753697,4677753696,56.1,residential
4677753696,4677753694,63.5,residential
4677753694,4677753693,119.1,residential
4677753693,4677753695,59.0,residential
4677753695,4740710035,62.1,residential
4677753696,4677753698,125.1,residential
4677753698,4677753699,161.1,residential
4677752953,4677753700,162.8,residential
4677753700,4677753697,125.0,residential
4677753702,4677753701,118.1,residential
4677753703,4677753704,116.8,residential
4677753697,4691437292,116.6,residential
4691437292,4677753706,121.2,residential
4677753706,4658585785,125.5,residential
4658585786,4677753707,127.6,residential
4677753707,4698269954,119.5,residential
4698269954,4677753724,58.4,residential
4677753724,4677753696,59.2,residential
4677753694,4677753723,58.9,residential
4677753723,4691434353,59.9,residential
4691434353,4677753717,61.6,residential
4677753717,4677753708,57.7,residential
4677753708,4677753721,62.1,residential
4677753721,4658585789,65.0,residential
4677674353,4677753706,60.5,residential
4677753706,4677753707,58.0,residential
4677753707,4677753708,64.6,residential
4677753708,4677753709,119.4,residential
4677753709,4677753719,60.4,residential
4677753719,4740710069,58.6,residential
4677753717,4677753718,119.7,residential
4677753692,4677753719,119.2,residential
4677753720,4677753721,118.5,residential
4677753722,4677753725,58.3,residential
4677753725,4677753723,61.6,residential
4677753723,4677753724,64.9,residential
4677753714,4677753725,59.6,residential
6284023521,4675613901,101.0,residential
4675613901,5158711973,113.4,residential
4677788819,4677788818,100.4,residential
4677788818,4677788835,127.6,residential
4677788835,4677788827,66.2,residential
4677788827,4677788846,64.8,residential
4677788846,4677788845,111.0,residential
4677788845,13952032189,47.4,residential
4677788821,4677788825,139.0,residential
4677788825,4677788823,76.5,residential
4677788823,13952032188,88.3,residential
4677788823,4677788824,149.2,residential
4677788825,4677788826,94.7,residential
4677788826,4677753710,75.8,residential
4677788825,4677788827,59.3,residential
4677788821,4677788829,72.9,residential
4677788818,4677788830,69.7,residential
4677788830,4677788862,74.2,residential
4677788862,5158711967,36.2,residential
5158711967,4677788851,102.3,residential
4677788851,6282828794,75.6,residential
6282828794,4677788831,8.6,residential
4677788831,4677788860,11.1,residential
4677788860,4684338415,6.7,residential
4684338415,4677788833,11.9,residential
4677788833,4677788834,52.7,residential
4677788835,4677788836,73.3,residential
4677788836,4677788863,71.8,residential
4677788863,4677788852,139.6,residential
4677788852,6282828793,75.8,residential
6282828793,4677788857,69.6,residential
4677788857,4677788837,76.3,residential
4677788843,4677788854,145.9,residential
4677788854,4677788865,141.3,residential
4677788865,4677788844,67.6,residential
4677788844,4677788845,73.1,residential
4677788846,4677788847,69.3,residential
4677788847,4677788864,68.6,residential
4677788864,4677788853,141.5,residential
4677788853,6282828792,71.9,residential
6282828792,4677788856,73.8,residential
4677788856,4677788848,80.6,residential
3969570778,4677788859,79.4,residential
4677788859,4677788851,100.2,residential
4677788851,4677788852,128.0,residential
4677788852,4677788853,127.6,residential
4677788853,6282828796,56.2,residential
4677788854,4677788855,101.5,residential
4677788843,6282828795,60.7,residential
6282828795,4677788856,59.0,residential
4677788856,4677788857,129.3,residential
4677788857,4677788858,76.9,residential
4677788858,4677788832,67.3,residential
4677788832,4677788860,5.6,residential
4677788860,4677788859,135.1,residential
4677788861,4677788862,181.6,residential
4677788862,5158711965,44.6,residential
5158711965,4677788863,83.5,residential
4677788863,4677788864,126.0,residential
4677788864,6282828797,57.5,residential
6282828797,4677788865,58.5,residential
4677788865,13989496880,123.1,residential
9345075804,5533858099,7.2,service
4677674357,4696281412,48.6,residential
4696281412,4691448553,31.5,residential
4691448553,4680086101,31.8,residential
4680086101,4696278659,30.0,residential
4696278659,4680086105,30.0,residential
4680086105,4698275678,29.8,residential
4698275678,4680086106,35.5,residential
4680086106,4677674362,34.0,residential
4677674362,4677674368,60.9,residential
4677674319,4677674320,35.1,residential
4677674320,4677674321,33.2,residential
4677674321,4677674322,30.0,residential
4677674322,4677674323,28.7,residential
4677674323,4696270465,32.5,residential
4696270465,4677674331,28.9,residential
4677674331,4677674334,6.5,residential
4677674334,4677674314,23.4,residential
4677674314,4677674336,9.1,residential
4677674336,4677674333,22.0,residential
4677674333,4677674338,12.0,residential
4677674338,4680086095,27.3,residential
4677674367,4698275678,60.2,residential
4698275678,4677674386,111.1,residential
4677674307,4691448553,117.0,residential
4691448553,4680086096,122.0,residential
4677674311,4696278659,117.5,residential
4696278659,4680086097,120.0,residential
8341384636,13989496980,58.8,residential
13989496980,4686037055,8.6,residential
4686037055,13989496983,8.9,residential
13989496983,5533769645,65.0,residential
5533769645,4669474523,39.0,residential
4677674353,4680086099,45.6,residential
4680086099,4698272337,31.2,residential
4698272337,4680086102,32.8,residential
4680086102,4680086098,30.3,residential
4680086098,4680086103,29.9,residential
4680086103,5533769655,10.5,residential
5533769655,4677674410,19.9,residential
4680086097,4680086098,121.1,residential
4677674305,4696281412,117.4,service
4696281412,4696269828,122.8,service
4696269828,4680086099,120.7,service
4677674309,4680086101,115.8,service
4680086101,4696269829,123.3,service
4696269829,4680086102,121.4,service
4680086103,4680086104,123.0,service
4677674317,4680086105,121.8,service
4680086106,4677674370,58.8,service
4677674302,4677674305,45.6,residential
4677674305,4677674307,31.3,residential
4677674307,4677674309,33.5,residential
4677674309,4677674311,29.9,residential
4677674311,4677674317,30.1,residential
4677674317,4677674315,32.3,residential
4677674315,4677674329,31.7,residential
4677674329,4677674313,28.6,residential
4677674313,4677674301,41.7,residential
4677674301,4677674328,52.1,residential
4677674328,4680086095,52.0,residential
4680086095,5533769494,14.5,residential
5533769494,4736916091,16.9,residential
4736916091,4680086107,18.2,residential
4680086107,4680086108,22.4,residential
4680086094,4680086109,102.0,service
4680086109,4684280365,110.9,service
4684280365,4680086099,130.5,service
4680086111,4740710070,10.8,residential
4740710070,4677753692,58.8,residential
4677753692,4696326943,59.8,residential
4696326943,4677753714,55.2,residential
4677753714,4691434353,62.6,residential
4691434353,4698269954,63.7,residential
4698269954,4691437292,57.4,residential
4691437292,4680086112,65.1,residential
4680086112,4696269828,44.7,residential
4696269828,4680086096,33.4,residential
4680086096,4696269829,32.0,residential
4696269829,4680086097,30.5,residential
4680086097,4680086104,29.7,residential
4680086104,4677674386,30.8,residential
529778422,529778396,76.7,residential
13142408653,13142408655,4.0,footway
13142408655,12318709111,24.8,footway
12318709111,4701443850,145.8,footway
4701443850,4701443851,84.6,footway
4701443851,4701443852,43.6,footway
4701443852,4701443853,51.2,footway
4701443853,4701443854,39.2,footway
4701443854,4701443855,92.4,footway
4701443855,5237839528,22.6,footway
5237839528,5237839527,152.0,footway
5237839527,12956649972,10.1,footway
12956649972,4701443856,74.3,footway
4701443856,12956649967,124.1,footway
12956649967,4701443857,11.1,footway
4701443857,4701443858,88.9,footway
4701443858,12956649965,93.3,footway
12956649965,4701443859,40.7,footway
4701443859,4701443860,129.0,footway
4701443860,6647012007,74.3,footway
6647012007,4701443861,13.0,footway
4701443861,5237839526,12.0,footway
5237839526,6647012011,8.7,footway
6647012011,4701443862,120.4,footway
4701443862,4701443863,91.0,footway
4701443863,4701443864,49.1,footway
4701443864,4701443865,55.6,footway
4701443865,6647012020,16.1,footway
6647012020,4701443866,16.6,footway
4701443866,4701443867,13.1,footway
4701443867,12318709178,12.4,footway
12318709178,12318709179,10.0,footway
12318709179,12327752141,12.9,footway
12327752141,12327752142,10.6,footway
12327752142,12327752143,13.1,footway
4701487689,4701487288,56.4,living_street
4701487288,4656644623,55.1,living_street
4656644623,4756571537,59.6,living_street
12995923455,4709226981,4.9,service
4709226981,10857691439,5.2,service
10857691439,4709227498,33.5,service
4709227498,4709227495,33.1,service
4709227495,4709227496,4.2,service
4709227496,4709227490,33.3,service
4709227490,4709227493,3.3,service
4709227493,4709226988,32.2,service
4709226988,4709226986,34.4,service
4709226986,4709226984,40.0,service
4709226984,4709226982,58.4,service
4709226983,4709226984,93.1,service
4709226985,4709226986,91.0,service
4709226987,4709226988,92.0,service
4709226988,4709227489,74.4,service
4709227490,4709227491,93.3,service
4709227492,4709227493,75.1,service
4709227494,4709227495,90.9,service
4709227496,4709227497,76.2,service
4709227498,4709227499,91.0,service
1494218755,4632468202,20.6,primary
436581056,668469827,11.9,primary
668469827,668469828,13.6,primary
668469828,668469829,17.8,primary
668469829,4717682435,34.4,primary
4655056388,4726161280,17.4,service
4726161280,4726161281,8.3,service
4726161281,4726161282,19.8,service
4726161282,4726161283,23.1,service
4740288256,12949898111,41.2,tertiary_link
12949898111,13144923492,37.3,tertiary_link
13144923492,4738791223,13.8,tertiary_link
4738791221,12144683015,22.6,tertiary_link
12144683015,4736459447,5.1,tertiary_link
4736459447,12949898114,5.9,tertiary_link
12949898114,4736459446,4.2,tertiary_link
4736459446,12144683013,5.0,tertiary_link
12144683013,12144683012,5.0,tertiary_link
12144683012,12144683011,5.0,tertiary_link
12144683011,4736459444,19.9,tertiary_link
12144683016,12949883790,41.2,primary_link
12949883790,8795938929,7.2,primary_link
8795938929,8795938930,16.3,primary_link
8795938930,4736459450,21.3,primary_link
4736916098,12358004429,47.0,primary
12358004429,3956007576,57.7,primary
3956007576,12318709293,417.6,primary
12318709293,3956007581,26.2,primary
3956007581,12318709292,26.0,primary
12318709292,12318709291,20.9,primary
12318709291,12318709290,17.9,primary
12318709290,4677614568,19.3,primary
4677614568,3956007585,24.0,primary
3956007585,12318709280,22.7,primary
12318709280,12318709279,21.1,primary
12318709279,3956007588,24.0,primary
3956007588,12318709278,21.3,primary
12318709278,12318709277,18.6,primary
12318709277,6647012028,19.9,primary
6647012028,4736916095,17.7,primary
4736916095,12318709191,33.3,primary
12318709191,3956007592,12.7,primary
3956007592,12318709190,12.6,primary
12318709190,3956007594,12.5,primary
3956007594,12318709185,9.9,primary
12318709185,12318709184,7.6,primary
12318709184,4677674423,8.2,primary
4677674423,12318706882,9.2,primary
12318706882,3956007596,9.3,primary
3956007596,6647012013,10.3,primary
6647012013,4736916097,10.7,primary
4736916097,3956007598,12.4,primary
3956007598,4736916092,10.9,primary
4736916106,4736916107,30.9,primary
4736916107,4736916108,37.6,primary
4736916108,12358004485,6.7,primary
12358004485,4736916109,13.4,primary
4736916109,4736916100,194.5,primary
4057921168,4057921169,116.1,residential
4632583675,4632583907,34.4,tertiary
4632583907,4650075845,68.0,tertiary
4650075845,4658585727,38.0,tertiary
4658585727,4658585721,27.3,tertiary
4658585721,4632583905,53.2,tertiary
4632583905,4740526327,37.5,tertiary
4740213795,4638163783,100.5,primary
4638163783,4656644602,45.8,primary
4656644602,9310065495,68.0,primary
9310065495,436561605,25.8,primary
4736970033,4736970032,18.1,primary_link
4736970032,4736970031,14.7,primary_link
4736970031,4736970030,7.3,primary_link
4736970030,4740710038,16.0,primary_link
4740468284,4736970027,18.1,secondary_link
4736970027,4736970026,15.5,secondary_link
4736970026,4736970025,14.0,secondary_link
4736970025,4736970024,14.7,secondary_link
4738282777,4738282776,18.7,primary_link
4738282776,4738282775,15.5,primary_link
4738282775,4738282774,9.2,primary_link
4738282774,4738282773,13.9,primary_link
4738282773,436581056,20.3,primary_link
4738282782,9201416708,20.5,primary_link
9201416708,4738282781,8.9,primary_link
4738282781,4738282780,9.3,primary_link
4738282780,4738282779,8.1,primary_link
4738282779,4738282778,5.5,primary_link
4738282778,4738282777,8.1,primary_link
4738282788,4738282786,17.0,primary_link
4738282786,4738282785,6.1,primary_link
4738282785,4738282784,9.8,primary_link
4738282784,4738282783,9.7,primary_link
4738282783,4738282782,18.1,primary_link
9201416707,4738282792,32.0,primary_link
4738282792,4738282791,9.1,primary_link
4738282791,4738282790,11.9,primary_link
4738282790,4738282789,11.8,primary_link
4738282789,4738282788,15.4,primary_link
3956007617,12438049816,83.5,primary
12438049816,12318706863,163.5,primary
12318706863,12318706854,11.0,primary
12318706854,12318706853,16.4,primary
12318706853,12318706852,16.8,primary
12318706852,12318706851,16.7,primary
12318706851,4677674457,13.5,primary
4677674457,12318706850,12.8,primary
12318706850,4647047809,13.8,primary
4647047809,4647047810,12.8,primary
4647047810,12318706849,294.4,primary
12318706849,13142408656,1.7,primary
13142408656,4756571518,9.0,primary
4756571518,12318706848,10.5,primary
12318706848,4647047815,11.3,primary
4647047815,13142408641,7.4,primary
13142408641,4677735383,162.7,primary
2471221221,9312192115,7.2,residential
9312192115,9209187441,14.5,residential
9209187441,2193764954,1.2,residential
2193764954,9216374263,7.4,residential
9216374263,2193764993,18.5,residential
2193764993,2193765014,13.7,residential
2193765014,2193764935,14.5,residential
2193764935,9270975155,7.4,residential
9270975155,2193764940,4.6,residential
2193764940,6194343267,8.7,residential
6194343267,2193764964,13.3,residential
2193764964,2193764945,27.4,residential
4738419675,9349894063,6.3,secondary
9349894063,9271029023,4.8,secondary
9271029023,9331305610,47.0,secondary
9331305610,2193764882,37.3,secondary
2193764876,2193764912,31.0,primary_link
2193764912,2193764884,64.1,primary_link
2193764884,9269451120,27.8,primary_link
9269451120,9331305625,42.4,primary_link
9331305625,2193764990,18.7,primary_link
2193764990,9349894081,4.2,primary_link
9349894081,4235822583,6.6,primary_link
4738817577,4738684345,6.8,primary
4738684345,4738684344,29.4,primary
4738684344,4738684343,44.7,primary
4738684343,4738684342,22.5,primary
4738684342,4738684340,36.0,primary
4738684340,4738684339,49.0,primary
4738684339,9310032721,14.6,primary
9310032721,9201416700,7.8,primary
9201416700,9201416702,5.0,primary
9201416702,4740468299,8.0,primary
4738791223,4738684367,80.4,primary
4738684367,9311952561,189.5,primary
9311952561,12949898168,7.8,primary
12949898168,4658585445,14.5,primary
4658585445,12949898172,11.3,primary
12949898172,9311952553,36.0,primary
9311952553,9311952557,6.5,primary
9311952557,9342234719,49.5,primary
9342234719,13441910881,14.7,primary
13441910881,4738684375,397.5,primary
4738684375,4738684376,112.9,primary
4738684376,9307356745,27.8,primary
9307356745,4738684377,15.8,primary
4738684339,4738817571,17.2,primary_link
4738817571,4738817570,8.7,primary_link
4738817570,4738817569,11.7,primary_link
4738817569,4738817568,6.0,primary_link
4738817568,4740468298,7.5,primary_link
4738817576,4738817575,17.9,primary_link
4738817575,4738817574,11.4,primary_link
4738817574,4738817573,17.0,primary_link
4738817573,4738684337,12.3,primary_link
1831659759,4740205183,15.0,tertiary
4740205183,4632539447,60.4,tertiary
4632539447,4632539462,63.7,tertiary
4632539462,4740205180,14.1,tertiary
4740205180,4740213800,37.8,tertiary
4740205201,4740205192,188.3,secondary
4740205192,4740205193,36.0,secondary
4305237636,4740205194,13.5,secondary
4740205194,4740205203,9.2,secondary
4740205203,4740205195,17.8,secondary
4740205195,4740205196,17.7,secondary
4740205196,4740205197,16.0,secondary
4740205197,4740205198,12.3,secondary
4740205198,4740205199,15.0,secondary
4740205199,4740205200,20.5,secondary
4740205200,4740205201,39.8,secondary
4740710049,4740710042,14.0,tertiary_link
4740710042,4740710043,24.0,tertiary_link
4740710043,4740213793,12.5,tertiary_link
4740213793,4740213791,27.2,tertiary_link
4740213800,4740213799,10.1,tertiary_link
4740213799,4740213797,13.7,tertiary_link
4740213797,4740213795,24.9,tertiary_link
4740288320,12949883780,15.5,primary
12949883780,4740288319,58.4,primary
4740288319,4740288318,77.3,primary
4740288318,4740288317,236.1,primary
4740288317,9306379020,132.1,primary
9306379020,4740288316,21.4,primary
4740288316,4740288315,147.6,primary
4740288315,9382980360,23.4,primary
9382980360,9382980366,17.5,primary
9382980366,9198974074,60.2,primary
9198974074,414668438,15.3,primary
414668438,4740288314,92.3,primary
4740288314,4740288313,73.4,primary
4740288313,9306379019,14.4,primary
9306379019,7384405183,14.4,primary
7384405183,4740288312,140.4,primary
4740288312,4740288311,87.1,primary
4740288311,4740288310,72.1,primary
4740288310,4740288309,86.7,primary
4740288309,4740288308,72.8,primary
414668430,4740288299,32.5,tertiary
4740288299,4740288298,11.2,tertiary
4740288298,4740288296,14.1,tertiary
4740288296,4740288295,20.9,tertiary
4740288295,4740288294,38.3,tertiary
4740288294,4740288291,69.2,tertiary
4740288291,4740288289,83.4,tertiary
4740299287,13947240089,10.0,tertiary_link
13947240089,13947240090,6.6,tertiary_link
13947240090,13947240080,8.0,tertiary_link
13947240080,9198974092,7.5,tertiary_link
9198974092,4740299284,10.6,tertiary_link
4740299284,4658585441,16.2,tertiary_link
4658585441,4740299290,21.6,tertiary_link
4740299290,9310065472,10.0,tertiary_link
9310065472,13947240081,7.3,tertiary_link
13947240081,4740299288,8.8,tertiary_link
1645075260,12315455332,12.3,primary
12315455332,12315455331,14.6,primary
12315455331,4740525312,18.9,primary
4740525312,4740525311,12.6,primary
4740525311,4740525309,12.2,primary
4740525309,4740525308,14.5,primary
4740525308,12315455318,15.4,primary
12315455318,4740525306,16.3,primary
4740525306,12315455317,33.6,primary
12315455317,12315455312,43.7,primary
12315455312,12315455311,18.2,primary
12315455311,12315455310,20.1,primary
12315455310,1645075265,14.6,primary
4740468297,4740468285,16.5,secondary
4740468285,9249579469,8.9,secondary
9249579469,4740468296,8.5,secondary
4740468296,9271029060,30.9,secondary
9271029060,4740468295,15.0,secondary
4740468299,6378700728,8.5,secondary
6378700728,9201416699,2.9,secondary
9201416699,4740468298,23.6,secondary
414668430,5164536879,50.6,primary
5164536879,4740526328,70.7,primary
4740526328,4740526327,122.1,primary
1645075265,4740549428,19.9,service
4740549428,4740549429,29.8,service
4740549429,4740549430,3.1,service
4740549430,12305995640,3.9,service
12305995640,12305995641,4.5,service
12305995641,13055631363,8.8,service
13055631363,1645075261,10.1,service
4740549437,4740549436,35.3,tertiary
4740549436,4740549435,9.1,tertiary
4740549435,12296984082,9.8,tertiary
12296984082,12296984083,9.6,tertiary
12296984083,4740327348,12.6,tertiary
4672085248,4675613901,67.9,residential
4675613901,4658585767,62.9,residential
4740710075,13989497049,21.1,primary
13989497049,9310043665,108.1,primary
9310043665,4740710073,22.2,primary
4740710073,4740711573,12.7,primary
4740711573,4740710072,93.4,primary
4740710072,9310043667,26.2,primary
9310043667,4740710035,7.4,primary
4740710035,9310043670,82.8,primary
9310043670,4740710070,33.5,primary
4740710070,4740710069,120.2,primary
4740710069,9271029057,68.1,primary
9271029057,13952030325,6.4,primary
13952030325,13989496910,1.0,primary
9331305595,6377833295,34.9,cycleway
6377833295,9331305539,54.5,cycleway
9331305539,9269451129,32.8,cycleway
9269451129,4746298498,91.1,cycleway
4746298498,9331238303,6.0,cycleway
9331238303,4736491994,11.9,cycleway
4736491994,4746298499,37.8,cycleway
4746298499,9269451128,47.0,cycleway
9269451128,9331305643,43.3,cycleway
9331305643,6377833297,2.9,cycleway
6377833297,9331305645,33.3,cycleway
9331305645,4746298501,6.6,cycleway
4746298501,6378700694,65.4,cycleway
6378700694,9331305658,12.2,cycleway
9331305658,9269451127,31.2,cycleway
9269451127,4746298502,25.4,cycleway
4746298502,9331305659,20.9,cycleway
9331305659,9331305666,10.3,cycleway
9331305666,9331305662,23.0,cycleway
9331305662,6378700695,18.9,cycleway
6378700695,9331305671,28.8,cycleway
9331305671,9331305670,3.3,cycleway
9331305670,6378700696,7.4,cycleway
6378700696,9331305667,8.4,cycleway
9331305667,6378700697,16.1,cycleway
6378700697,9331305660,8.5,cycleway
9331305660,4746298503,8.1,cycleway
4746298503,9269451125,36.1,cycleway
9269451125,9331305661,9.0,cycleway
9331305661,9269451126,3.0,cycleway
9269451126,6378700698,11.8,cycleway
6378700698,9269459880,49.2,cycleway
9269459880,9269459898,6.2,cycleway
9269459898,6377833298,5.0,cycleway
6377833298,9269459881,5.4,cycleway
9269459881,6378700699,27.6,cycleway
6378700699,4746298504,31.2,cycleway
4746298504,6378700700,56.8,cycleway
6378700700,4746298505,56.2,cycleway
4746298505,6378700701,71.1,cycleway
6378700701,9331305707,23.8,cycleway
9331305707,6378700702,47.8,cycleway
6378700702,6378700703,85.0,cycleway
6378700703,9331305713,3.3,cycleway
4663112390,1645075306,57.9,tertiary
1645075306,12296984054,23.3,tertiary
12296984054,1645075312,71.9,tertiary
1645075312,12288377581,16.0,tertiary
12288377581,12288377580,10.7,tertiary
12288377580,12288377579,7.8,tertiary
12288377579,12288377578,8.5,tertiary
12288377578,9332184004,9.7,tertiary
9332184004,12296984026,4.7,tertiary
12296984026,12288377575,52.2,tertiary
12288377575,1645075314,19.7,tertiary
1645075314,12288377574,9.0,tertiary
12288377574,1645075313,7.1,tertiary
1645075313,12288377569,8.5,tertiary
12288377569,12288377568,13.7,tertiary
12288377568,9332184005,15.2,tertiary
9332184005,12288377567,10.3,tertiary
12288377567,1645075310,6.9,tertiary
1645075310,12288377540,4.1,tertiary
12288377540,12288377531,3.4,tertiary
12288377531,12288377530,6.6,tertiary
12288377530,1645075308,5.8,tertiary
1645075308,4756571394,7.1,tertiary
4756571394,12288377528,7.0,tertiary
12288377528,12288377527,9.5,tertiary
12288377527,12288377512,28.7,tertiary
12288377512,12288377493,28.6,tertiary
12288377493,12288377492,7.0,tertiary
12288377492,12288377509,3.1,tertiary
12288377509,1645075303,3.0,tertiary
1645075303,12288377491,5.9,tertiary
12288377491,12288377490,5.9,tertiary
12288377490,12288377489,7.0,tertiary
12288377489,12288377488,6.8,tertiary
12288377488,1645075302,9.2,tertiary
1645075302,1645075301,8.4,tertiary
1645075301,12288377476,8.2,tertiary
12288377476,1645075298,8.0,tertiary
1645075298,12288377470,64.4,tertiary
12288377470,12288377457,53.8,tertiary
12288377457,12288377456,7.6,tertiary
12288377456,12288377455,6.7,tertiary
12288377455,12288377454,6.3,tertiary
12288377454,12288377458,2.2,tertiary
12288377458,1645075292,4.4,tertiary
1645075292,1645075290,6.5,tertiary
1645075290,1645075291,7.5,tertiary
1645075291,12288377422,199.5,tertiary
12288377422,12288377421,14.2,tertiary
12288377421,12288377415,13.9,tertiary
12288377415,1645075297,12.3,tertiary
1645075297,12288377414,16.4,tertiary
12288377414,12288377409,11.0,tertiary
12288377409,12288377408,15.3,tertiary
12288377408,9332186121,14.6,tertiary
9332186121,1645075300,16.5,tertiary
1645075300,9332186122,68.8,tertiary
9332186122,12288377404,29.3,tertiary
12288377404,1645075296,12.8,tertiary
1645075296,12288377403,13.3,tertiary
12288377403,1645075294,16.6,tertiary
1645075294,1645075293,60.1,tertiary
1645075293,12288377392,9.5,tertiary
12288377392,12288377391,8.5,tertiary
12288377391,1645075295,8.7,tertiary
1645075295,12288377390,9.5,tertiary
12288377390,12288377389,10.6,tertiary
12288377389,12288377388,11.1,tertiary
12288377388,1645075299,9.9,tertiary
1645075299,5313933082,10.7,tertiary
5313933082,5313933083,9.6,tertiary
5313933083,12288377380,135.3,tertiary
12288377380,1645075305,12.7,tertiary
1645075305,3985386172,10.7,tertiary
3985386172,5313933084,10.6,tertiary
5313933084,3985386173,11.4,tertiary
3985386173,12288377375,186.6,tertiary
12288377375,12288377374,37.0,tertiary
12288377374,12288377373,9.0,tertiary
12288377373,12288377372,9.2,tertiary
12288377372,12288377371,8.2,tertiary
12288377371,12288377370,7.2,tertiary
12288377370,3985386174,7.2,tertiary
3985386174,12288377369,11.4,tertiary
12288377369,5313933085,79.9,tertiary
5313933085,3985386175,89.8,tertiary
3985386175,12279574848,35.0,tertiary
12279574848,12279574847,12.8,tertiary
12279574847,12279574846,10.9,tertiary
12304715934,12304715948,19.3,residential
12304715948,12304715947,8.2,residential
12304715947,12304715946,7.2,residential
12304715946,4756570998,31.4,residential
4756570998,4756570997,5.6,residential
4756571245,4756571249,8.9,service
4756571249,9213999837,17.8,service
9213999837,4756571247,10.5,service
4756571245,4756571253,8.4,service
4756571253,4756571250,13.5,service
4756571250,4756571251,27.9,service
4756571251,4756571252,14.4,service
4756571252,4756571253,26.4,service
1645075297,4756571350,21.9,footway
4756571350,10609315242,28.0,footway
10609315242,10609315241,13.4,footway
10609315241,11696368310,15.9,footway
11696368310,10609315240,19.8,footway
10609315240,4756571351,11.3,footway
4756571351,4756571352,12.2,footway
4756571352,4756571353,74.1,footway
4756571353,4756571354,10.6,footway
4756571354,9201303442,29.3,footway
9201303442,4756571355,39.7,footway
4756571355,4756571352,15.6,footway
4756571355,10609315235,16.0,footway
10609315235,4756571356,13.1,footway
4756571356,10609315234,13.8,footway
10609315234,10609315233,27.3,footway
10609315233,4756571357,7.5,footway
4756571357,11696368311,12.9,footway
11696368311,10609315239,10.5,footway
10609315239,4756571358,5.9,footway
4756571358,10609315238,7.2,footway
10609315238,10609315237,13.8,footway
10609315237,4756571359,14.4,footway
4756571359,4756571360,26.7,footway
4756571360,10609315236,12.7,footway
10609315236,9201303429,14.3,footway
9201303429,4756571351,22.3,footway
4756571358,4756571361,2.9,footway
4756571361,4756571362,11.5,footway
4756571362,10609315232,12.8,footway
10609315232,9201303430,17.5,footway
9201303430,10609315231,9.2,footway
10609315231,9201303431,10.6,footway
9201303431,10609315230,10.7,footway
10609315230,4756571364,17.2,footway
4756571364,9201303432,7.0,footway
9201303432,4756571365,46.7,footway
4756571364,10609315229,9.7,footway
10609315229,12282885345,7.9,footway
12282885345,4756571366,5.6,footway
4756571366,12282885344,6.3,footway
12282885344,9201303443,6.8,footway
9201303443,4756571367,9.5,footway
4756571367,9201303444,10.3,footway
9201303444,12282885339,8.2,footway
12282885339,12282885341,9.6,footway
12282885341,12282885340,14.4,footway
12282885340,12282885342,8.2,footway
12282885342,12282885343,5.0,footway
12282885343,4756571368,6.5,footway
4756571368,4756571369,19.6,footway
4756571369,4756571370,8.0,footway
4756571370,12282885338,9.2,footway
12282885338,12282885337,6.9,footway
12282885337,4756571371,8.3,footway
4756571371,4756571372,9.1,footway
4756571372,4756571373,8.6,footway
4756571373,9201356218,34.3,footway
9201356218,4756571374,32.8,footway
4756571374,12282885346,12.3,footway
12282885346,4756571375,11.5,footway
4756571375,4756571376,14.1,footway
4756571376,12282885347,9.8,footway
12282885347,4756571377,8.8,footway
4756571377,12282885350,8.6,footway
12282885350,12282885349,6.9,footway
12282885349,12282885348,8.1,footway
12282885348,4756571378,10.0,footway
4756571378,4756571411,22.6,footway
4756571411,4756571413,40.0,footway
4756571413,4756571380,12.7,footway
4756571380,4756571381,10.3,footway
4756571381,9201303462,18.9,footway
9201303462,4756571382,10.9,footway
4756571382,9201303463,11.6,footway
9201303463,4756571383,13.8,footway
4756571399,4756571400,5.7,service
4756571400,9201303473,4.7,service
9201303473,4756571401,4.2,service
4756571401,9201303472,5.1,service
9201303472,4643406608,30.1,service
4643406608,12296988681,3.9,service
12296988681,12296988682,4.0,service
12296988682,12296988683,3.5,service
12296988683,12296988684,4.4,service
12296988684,4643406618,55.4,service
4643406618,4643406619,7.0,service
4643406619,9918349403,5.9,service
9918349403,12296988685,6.1,service
12296988685,12296988686,6.5,service
12296988686,4756571388,8.5,service
4756571388,12296988687,8.6,service
12296988687,12296988688,8.1,service
12296988688,12296988689,8.1,service
12296988689,12296988690,8.5,service
12296988690,12296988691,101.7,service
12296988691,5154495840,6.0,service
5154495840,4756571392,10.1,service
4756571392,4756571387,13.8,service
4756571387,5154495847,103.2,service
5154495847,5154495848,5.2,service
5154495848,4756571386,5.0,service
4756571386,4756571385,7.5,service
4756571385,4756571384,28.6,service
4756571384,4756571383,132.4,service
4756571479,12207980643,11.6,service
12207980643,9201303467,7.6,service
9201303467,12207980641,6.8,service
12207980641,4756571391,8.4,service
4756571391,12207980642,28.7,service
12207980642,4756571392,27.4,service
4756571380,4756571410,20.4,steps
4756571411,4756571412,25.8,footway
4756571413,9201303477,11.0,footway
9201303477,4756571414,41.3,footway
4756571414,4756571415,31.5,footway
4756571415,9201303461,27.9,footway
9201303461,9201303460,19.8,footway
9201303460,9201303459,65.2,footway
9201303459,4756571416,10.9,footway
4756571416,4756571439,19.1,footway
4756571439,4756571446,94.5,footway
4756571446,9201303488,52.0,footway
9201303488,4756571417,41.9,footway
4756571416,4756571427,33.1,footway
12293396382,12293396381,6.1,footway
12293396381,12293396380,5.6,footway
12293396380,12293396379,5.8,footway
12293396379,12293396378,8.7,footway
12293396378,12293396377,8.0,footway
12293396377,12293396376,8.6,footway
12293396376,12293396369,7.8,footway
12293396369,4756571433,5.7,footway
4756571433,12293396363,4.8,footway
12293396363,12293396364,6.3,footway
12293396364,12293396365,36.2,footway
4756571435,4756571436,11.6,footway
4756571436,9201303456,8.0,footway
9201303456,9201303455,8.8,footway
9201303455,4756571437,27.3,footway
4756571437,4756571438,16.6,footway
4756571438,4756571439,38.5,footway
4756571437,9201303458,25.4,footway
9201303458,4756571441,11.4,footway
4756571441,4756571442,6.7,footway
4756571442,4756571426,22.5,footway
4756571438,4756571443,16.5,footway
4756571443,4756571444,45.3,footway
4756571444,9201303457,18.8,footway
9201303457,4756571445,21.1,footway
4756571445,4756571446,28.2,footway
4756571470,12293396358,84.2,service
12293396358,12293396357,15.9,service
12293396357,12293396365,2.2,service
12293396365,12293396356,2.0,service
12293396356,4756571475,3.2,service
4756571475,4756571476,3.3,service
4756571476,3985387283,10.5,service
4756571479,9201303466,23.1,footway
9201303466,4756571480,35.5,footway
4756571480,9201303465,27.6,footway
9201303465,4756571384,30.5,footway
4756571480,4756571482,22.3,footway
4756571482,4756571486,17.4,footway
4756571486,4756571483,41.8,footway
4756571483,9201303464,19.7,footway
9201303464,4756571410,18.2,footway
4756571410,4756571484,25.1,footway
4756571484,4756571485,48.3,footway
4756571485,4756571486,46.0,footway
4756571485,4756571487,13.4,footway
4756571487,4756571488,20.6,footway
4756571488,4756571482,22.8,footway
4756571482,4756571490,13.8,footway
4756571490,9201356217,10.8,footway
9201356217,4756571491,10.2,footway
4756571491,4756571492,23.5,footway
4756571492,4756571493,41.1,footway
4756571493,4756571412,7.3,footway
4756571483,4756571493,25.7,footway
4756571493,4756571494,20.9,footway
4756571494,4756571495,15.5,footway
4756571495,4756571496,25.1,footway
4756571496,4756571497,14.7,footway
4756571497,4756571492,23.0,footway
4756571486,4756571492,27.5,footway
4756571415,4756571498,33.7,footway
4756571498,12293396367,26.3,steps
4756571378,9201303478,18.2,footway
9201303478,9201303475,20.9,footway
9201303475,4756571500,22.0,footway
4756571500,4756571501,16.0,footway
4756571501,9201303476,15.1,footway
9201303476,4756571502,15.0,footway
4756571502,4756571504,16.5,footway
4635081388,12304715858,19.3,residential
12304715858,12304715857,6.9,residential
12304715857,9311952546,9.2,residential
9311952546,5643723131,9.2,residential
5643723131,12296984038,29.3,residential
12296984038,1645075312,36.1,residential
4635144379,4756571506,64.3,service
4756571506,4635239709,17.5,service
4635239709,4635144382,55.1,service
4635144382,4635144790,68.5,service
4635144790,4635144380,52.3,service
10048613643,4635239712,70.6,residential
4635239712,4635144385,77.6,residential
4635144385,8137686063,66.3,residential
8137686063,4635144382,31.2,residential
4635144382,8137685871,26.1,residential
8137685871,6271704381,29.1,residential
4756571508,4635144791,58.8,service
4635144791,4635239712,48.4,service
4635239712,4635144388,80.0,service
4635144791,4635144790,148.2,service
4740327349,12296988680,41.6,residential
12296988680,12304715894,17.1,residential
12304715894,4655045235,4.3,residential
4655045235,4634870985,7.3,residential
4634870985,12304715896,4.5,residential
12304715896,12304715897,5.2,residential
12304715897,12304715898,4.6,residential
12304715898,12304715899,5.6,residential
12304715899,4756571512,40.5,residential
4756571512,4663112401,56.9,residential
4663112401,4635239714,11.4,residential
4635239714,12304715901,34.0,residential
12304715901,4635144384,26.3,residential
4635144384,12304715902,11.4,residential
12304715902,8137686119,52.5,residential
8137686119,12304715903,33.5,residential
12304715903,4635144379,12.3,residential
4635144379,4635239725,54.0,residential
4756571513,13055631360,21.8,service
13055631360,4756571514,5.4,service
4756571514,4635155999,13.6,service
4635155999,4635156000,8.7,service
4635156000,4635156001,15.8,service
4635156001,4635239720,23.7,service
4635144384,4635239721,22.3,service
4635239721,6289559499,6.1,service
6289559499,6289559498,4.8,service
6289559498,4756571515,11.8,service
4756571515,6289559497,5.2,service
6289559497,4635239713,24.7,service
4635239713,6289559495,4.2,service
6289559495,6289559496,8.2,service
6289559496,4756571516,12.7,service
4756571516,4635239714,16.6,service
4649126458,4645791520,20.0,living_street
4645791520,4649311036,46.0,living_street
4649311036,8265960300,43.4,living_street
8265960300,4649311037,49.9,living_street
4649311037,4756571527,45.2,living_street
4756571527,4756571520,57.9,living_street
4756571520,4740710050,29.1,living_street
4756571521,4756571526,66.9,living_street
4756571526,4756571522,44.6,living_street
4756571522,8265960299,47.1,living_street
8265960299,4756571523,49.2,living_street
4756571524,4649126458,111.7,living_street
4645265873,4756571525,139.6,living_street
4645265872,1831658916,135.3,living_street
4740213791,4756571526,49.9,living_street
4756571526,4756571530,41.3,living_street
4756571530,4756571527,44.9,living_street
4756571527,4756571532,42.3,living_street
4756571532,4756571528,85.6,living_street
4756571529,4756571530,75.4,living_street
4756571531,4656644601,52.3,living_street
4656644601,4756571532,47.5,living_street
4756571532,4756571533,49.7,living_street
4756571534,4656644621,80.9,living_street
4656644621,4656644599,41.8,living_street
4656644599,4656644618,24.8,living_street
4656644618,4656644598,56.8,living_street
4740710054,4656644618,54.1,living_street
4656644618,4701487288,96.8,living_street
4701487288,4756571535,71.3,living_street
4756571535,8265960302,32.7,living_street
8265960302,4756571536,37.5,living_street
4656644621,4656644623,60.6,living_street
4656644623,4756571538,86.9,living_street
6472722514,4656644522,78.3,residential
904021063,13584911713,10.0,residential
13584911713,13584911711,22.1,residential
13584911711,4800629737,34.5,residential
4800629737,13094906949,4.2,residential
13094906949,13094906950,8.0,residential
13094906950,4800629738,32.4,residential
4800629739,4800629738,74.3,residential
4800629738,4800629740,19.3,residential
4800629740,13584911666,76.4,residential
13584911666,4800629741,38.1,residential
529778415,4800629742,36.4,residential
4800629742,904021063,30.4,residential
904021063,4800629743,59.5,residential
4800629743,13584911042,24.9,residential
13584911042,4800629744,32.9,residential
4800629744,4800629745,27.7,residential
4800629745,4800629746,9.8,residential
4800629746,4800629741,41.4,residential
4800629741,4800629748,59.0,residential
9251915310,436597936,15.4,tertiary
436597936,11282579494,33.1,tertiary
4824240260,4824240261,14.6,living_street
4824240261,4824240262,26.4,living_street
4824240262,4824240263,39.2,living_street
4824240263,4824240264,26.5,living_street
4824240262,4824240266,71.6,living_street
4824240266,4824240267,28.2,living_street
4824240267,4824240270,6.2,living_street
4824240270,4824240271,68.6,living_street
4824240271,4824240272,36.2,living_street
4824240272,4824240273,36.4,living_street
4824240273,4824240274,12.5,living_street
4824240274,4824240275,29.4,living_street
4824240275,4824240276,31.1,living_street
4824240276,4824240277,17.8,living_street
5154495840,5154495839,23.0,service
5154495839,5154495838,11.4,service
5154495838,9201303511,12.3,service
9201303511,4756571389,18.0,service
2193764914,5158711938,27.5,residential
5158711938,5158711939,30.7,residential
5158711939,6194343294,26.6,residential
6194343294,5158711940,72.6,residential
5158711940,9331305538,6.5,residential
9331305538,5158711941,7.0,residential
5158711941,9331305557,17.9,residential
9331305557,9331305553,27.4,residential
9331305553,9331305558,6.5,residential
9331305558,9331305556,4.3,residential
9331305556,9331305528,10.8,residential
9331305528,9331305554,20.6,residential
4656644504,6472722513,77.2,residential
6472722514,6472722513,130.4,residential
5158711965,5158711966,35.0,service
5158711966,5158711967,45.6,service
5158711973,5158711972,65.4,residential
4636677866,6280676310,75.6,residential
6280676310,6280676308,54.9,residential
6280676308,5158711974,57.5,residential
5158711974,6280676304,57.0,residential
6280676304,9290335167,35.7,residential
9290335167,5158711975,14.3,residential
5158711975,6284023505,69.1,residential
6284023505,5158711976,22.6,residential
5158711976,6284023502,37.5,residential
6284023502,5158711978,38.7,residential
5158711978,6284023510,27.9,residential
6284023510,5158711979,81.3,residential
4740468290,6284023509,75.4,residential
6284023509,9196749612,30.5,residential
9196749612,6284023501,38.6,residential
6284023501,5158711985,10.3,residential
5158711985,6284023504,59.0,residential
6284023504,5158711984,14.0,residential
5158711984,5158711983,52.3,residential
5158711983,6280676303,51.7,residential
6280676303,4636677870,54.2,residential
4636677870,6280676307,58.8,residential
6280676307,5158711982,53.4,residential
5158711982,4636677865,74.8,residential
4636677865,6203796017,77.4,residential
6203796017,5158711980,74.7,residential
436581032,9311952568,13.4,primary
9311952568,436581034,18.6,primary
436581034,13142317705,33.0,primary
13142317705,436581035,4.5,primary
436581035,4634327355,16.2,primary
4634327355,436581036,39.7,primary
436581036,13142440231,13.7,primary
13142440231,9331381892,11.4,primary
9331381892,436581037,5.7,primary
436581037,9331381890,27.9,primary
9331381890,436581039,40.0,primary
436581039,436581040,18.4,primary
436581040,4634327352,68.0,primary
4634327352,4634327351,49.4,primary
4634327351,436581041,42.2,primary
436581041,4634327349,138.9,primary
4634327349,4634327347,81.9,primary
4634327347,8390730319,38.3,primary
8390730319,4634327345,25.3,primary
4634327345,9331381895,38.9,primary
9331381895,436581043,13.8,primary
4740710065,4736970035,27.6,primary_link
4736970035,4736970034,13.5,primary_link
4736970034,4736970033,17.7,primary_link
4740205173,5164536882,161.0,tertiary
414898314,6647012000,20.3,tertiary
6647012000,4638163785,14.1,tertiary
4638163785,4638163786,26.6,tertiary
4638163786,4740205526,33.9,tertiary
4740205526,4632583674,6.8,tertiary
4632583674,4632583931,103.1,tertiary
4632583931,9271029070,68.1,tertiary
9271029070,4740205212,14.6,tertiary
4740205212,414668430,19.8,tertiary
4740205168,6647011995,8.7,tertiary
6647011995,12310457823,24.8,tertiary
12310457823,12310457824,16.8,tertiary
12310457824,4740205162,16.6,tertiary
4740205162,4740205166,14.6,tertiary
4740205166,12310457831,13.4,tertiary
12310457831,9211885484,15.3,tertiary
9211885484,12310457832,33.9,tertiary
12310457832,6200369475,34.5,tertiary
6200369475,4740205165,49.3,tertiary
414668049,4738827420,49.5,secondary
4738827420,8265970123,11.6,secondary
8265970123,1831658912,19.9,secondary
4740468295,4740468294,30.0,secondary
4740468294,4740468293,32.0,secondary
4740468293,12658329382,5.1,secondary
5166708943,9203567743,222.6,service
9203567743,9203567751,180.1,service
9203567751,5166708941,60.3,service
259979183,5528018521,37.9,primary
530981005,5372738112,22.4,tertiary
5372738112,6146988057,8.8,tertiary
6146988057,529470260,2.6,tertiary
529470260,530981014,52.4,tertiary
530981014,530981006,24.3,tertiary
530981006,530981013,10.6,tertiary
530981013,529470265,52.7,tertiary
529470265,5224566469,37.4,tertiary
5224566469,529470267,38.4,tertiary
529470267,904029190,54.2,tertiary
12290929370,312204923,31.0,primary
312204923,2259058131,75.9,primary
699849915,10857705898,22.1,tertiary
10857705898,529807837,9.9,tertiary
529807837,529807838,57.8,tertiary
529807838,529807803,55.2,tertiary
529807803,10857705880,51.0,tertiary
10857705880,529807805,80.3,tertiary
10828161847,5313720646,36.4,secondary_link
5313720646,10836474130,3.1,secondary_link
10836474130,5192963692,19.4,secondary_link
5192963693,5313720645,32.8,tertiary_link
5313720645,10828161848,9.7,tertiary_link
10828161848,5192963691,18.9,tertiary_link
5199200980,5199201015,4.7,residential
5199201015,5199201011,15.7,residential
5199201011,5199200981,10.0,residential
5199200981,1882541741,130.6,residential
5199200983,5199200984,17.1,residential
5199200984,5199200985,52.6,residential
5199200985,5199200986,10.8,residential
5199200986,5199200987,46.7,residential
5199200987,1882541741,20.0,residential
1882541741,10729515671,28.3,residential
10729515671,5199200990,18.6,residential
5199200990,5199200991,45.3,residential
5199200991,5199200992,19.4,residential
5199200992,5199200993,22.9,residential
5199201001,5199201002,24.7,residential
5199201002,5199200993,35.4,residential
1882541540,5199201003,15.5,residential
5199201003,5199201004,15.4,residential
5199201004,5199201012,6.4,residential
5199201012,5199201005,23.2,residential
5199201006,5199201007,34.7,residential
5199201007,5199201008,53.7,residential
5199201008,5199201009,30.6,residential
5199201009,5199201010,10.2,residential
5199201010,5199201011,11.2,residential
5199201013,5199201014,15.0,residential
5199201014,5199201015,39.0,residential
5199201011,5199201016,25.8,residential
5210651893,5210651892,14.5,path
5210651892,5210651891,25.4,path
5210651891,5210651890,14.5,path
5210651890,5210651889,9.9,path
5210651889,5210651888,11.6,path
5210651888,5210651887,15.1,path
5210651887,5210651886,11.5,path
5210651886,5210651885,15.1,path
5210651885,5210651884,19.0,path
5210651884,5210651883,13.4,path
5210651883,5210651882,8.8,path
5210651882,5210651881,12.4,path
5210651881,5210651880,24.5,path
5210651880,11518969857,15.0,path
11518969857,11518969856,6.8,path
11518969856,5210651879,9.3,path
5210651879,5210651878,16.7,path
5210651878,11518969855,22.6,path
11518969855,11518969854,9.1,path
11518969854,5210651877,8.2,path
5210651877,11518969852,7.1,path
11518969852,11518969853,6.1,path
11518969853,5210651876,12.1,path
5210651876,5210651875,11.9,path
5210651875,11518969851,7.2,path
11518969851,5210651874,10.5,path
5210651874,11518969849,7.0,path
11518969849,11518969850,5.1,path
11518969850,5210651873,12.1,path
5210651873,11518969848,10.7,path
11518969848,5210651872,8.8,path
5210651872,5210651871,16.9,path
5210651871,11518969847,6.2,path
11518969847,11518969845,6.5,path
11518969845,5210651870,9.3,path
5210651870,11518969846,9.8,path
11518969846,5210651869,10.8,path
5210651869,11518969844,10.6,path
11518969844,5210651868,9.9,path
5210651868,5210651867,8.2,path
5210651867,11518969843,8.2,path
11518969843,5210651866,8.8,path
5210651866,5210651865,7.8,path
5210651865,5210651864,3.2,path
5210651864,5210651863,7.6,path
5210651863,5210651862,7.3,path
5210651862,5210651861,34.0,path
5210651861,5210651860,8.3,path
5210651860,5210651859,14.5,path
5210651859,5210651858,8.2,path
5210651858,11518969858,8.0,path
11518969858,5210651857,7.5,path
5210651857,5210651856,13.7,path
5210651856,5210651855,12.7,path
5210651855,5210651854,18.3,path
5210651854,11518969693,4.5,path
11518969693,11518969859,6.8,path
11518969859,5210651853,6.6,path
5210651853,5210651852,10.4,path
5210651852,5210651851,8.4,path
5210651851,5210651850,11.4,path
5210651850,5210651849,12.3,path
5210651849,5210651848,28.3,path
5210651848,5210651847,18.8,path
5210651847,5210651846,12.8,path
5210651846,5210651845,14.3,path
5210651845,11518969860,5.3,path
11518969860,11518969861,8.9,path
11518969861,5210651844,10.9,path
5210651844,5210651843,16.9,path
5210651843,5210651842,24.6,path
5210651842,5210651841,24.0,path
5210651841,5210651840,27.9,path
5210651840,5210651839,15.1,path
5210651839,11518969019,4.7,path
11518969019,5210651838,5.6,path
5210651838,11518969018,5.7,path
11518969018,5210651837,8.1,path
5210651837,11518969866,7.5,path
11518969866,11518969865,4.0,path
11518969865,11518969864,3.8,path
11518969864,5210651836,12.3,path
5210651836,5210651835,7.5,path
5210651835,5210651834,14.7,path
5210651834,11518969863,9.4,path
11518969863,5210651833,8.7,path
5210651833,5210651832,7.8,path
5210651832,11518969862,9.4,path
11518969862,5210651831,10.4,path
5210651831,11518970274,7.0,path
11518970274,5210651830,10.1,path
5210651830,11518970275,8.0,path
11518970275,5210651829,8.1,path
5210651829,5210651828,8.7,path
5210651828,11518970273,7.9,path
11518970273,5210651827,7.9,path
5210651827,11518970272,7.9,path
11518970272,5210651826,8.3,path
5210651826,5210651825,7.0,path
5210651825,11518970271,9.5,path
11518970271,11518970276,16.7,path
11518970276,5210651822,1.4,path
5210651822,11518970266,5.3,path
11518970266,11518970267,6.8,path
11518970267,5210651821,9.0,path
5210651821,11518970265,9.3,path
11518970265,5210651620,5.3,path
5210651620,11518970264,9.0,path
11518970264,5210651619,6.4,path
5210651619,5210651618,9.1,path
5210651618,5210651617,17.4,path
5210651617,5210651616,9.9,path
5210651616,11518970263,9.7,path
11518970263,5210651615,10.4,path
5210651615,11518970262,8.9,path
11518970262,5210651614,4.4,path
5210651614,11518970261,8.3,path
11518970261,5210651613,8.4,path
5210651613,11518970260,13.3,path
11518970260,5210651612,9.4,path
5210651612,11518970259,8.5,path
11518970259,5210651611,12.7,path
5210651611,5210651610,13.2,path
5210651610,11518970258,12.2,path
11518970258,5210651609,9.3,path
5210651609,5210651608,17.9,path
5210651897,5210651899,48.1,steps
5210651899,5210651898,2.7,steps
2519290564,5210651893,6.5,footway
5210651893,5210651894,6.4,footway
5210651894,5210651895,13.9,footway
5210651895,5210651896,5.6,footway
5210651896,5210651897,13.3,footway
530990618,5224566466,8.0,residential
5224566466,5224566467,33.1,residential
5224566467,530990604,7.2,residential
5224566470,5224566471,4.7,footway
5224566471,13735342843,5.0,footway
13735342843,5224566472,7.9,footway
5224589588,5224589589,16.3,footway
5224589589,5224589590,9.9,footway
2911126392,2911126391,10.1,cycleway
2911126391,2911126390,7.8,cycleway
2911126390,2911126389,16.1,cycleway
2911126389,2519236929,5.6,cycleway
2519236929,2519236959,70.4,cycleway
2519236959,2519236963,24.2,cycleway
2519236963,2519236976,16.2,cycleway
2519236976,2519236977,7.4,cycleway
2519236977,2519236983,21.4,cycleway
2519236983,2519236993,60.8,cycleway
2519236993,2519237017,126.4,cycleway
2519237017,2519237024,12.6,cycleway
2519237024,2519237033,48.6,cycleway
2519237033,2519237049,48.4,cycleway
2519237049,2519237051,24.2,cycleway
2519237051,2519237078,84.6,cycleway
2519237078,2519237082,57.1,cycleway
2519237082,2519237093,48.2,cycleway
2519237093,2519237108,84.0,cycleway
2519237108,2519237136,23.8,cycleway
2519237136,2519237146,17.4,cycleway
2519237146,2519237156,14.8,cycleway
2519237156,2519237167,36.5,cycleway
2519237167,2519237185,19.4,cycleway
2519237185,2519237189,10.2,cycleway
2519237189,2519237241,66.4,cycleway
2519237241,2519237246,13.7,cycleway
2519237246,2519237257,37.2,cycleway
2519237257,2519237270,41.2,cycleway
2519237270,2519237292,72.5,cycleway
2519237292,2519290594,13.2,cycleway
2519290594,2519290596,7.1,cycleway
2519290596,2519290598,8.1,cycleway
2519290598,2519290595,6.5,cycleway
5224589602,9326931987,21.8,footway
9326931987,5224589603,31.9,footway
5224589603,5224589604,37.0,footway
5224589605,5224589611,45.7,footway
5224589611,5224589606,62.1,footway
5224589606,5224589607,10.6,footway
5224589607,5224589608,100.8,footway
5224589608,5224589609,69.9,footway
5224589609,5224589614,9.8,footway
5224589614,5224589619,78.8,footway
5224589619,5224589610,80.7,footway
5224589611,5224589610,62.7,footway
5224589610,5224589604,35.5,footway
5224589604,5224589612,39.5,footway
5224589612,5224589618,82.4,footway
5224589618,5224589613,77.8,footway
5224589613,5224589620,36.5,footway
5224589620,5224589614,39.5,footway
5224589612,5224589615,23.8,footway
5224589615,5224589616,25.4,footway
5224589616,5224589617,24.4,footway
5224589617,5224589612,25.2,footway
5224589618,5224591921,37.6,footway
5224591921,5224589619,37.9,footway
11064166580,13147574336,30.7,footway
13147574336,5224589620,6.8,footway
5224589620,5224591921,77.7,footway
5224589613,5224591922,26.7,footway
5224591922,5224591923,23.7,footway
5224591923,5224591924,13.3,footway
5224591924,5224591925,12.2,footway
5224591925,5224591926,13.7,footway
5224591926,5224591927,107.0,footway
5224591932,5224591933,7.9,service
5224591933,5224591934,81.3,service
5224591934,5224591935,80.7,service
5224591935,11064166577,24.2,service
5224591951,5224591954,3.8,residential
5224591954,5224591952,59.0,residential
5224591952,5224591953,5.8,residential
13061816123,5224648434,99.7,service
5224648438,5224648439,70.6,service
5224648439,5224648440,48.9,service
5224648440,5224648441,38.6,service
5224648441,13061803954,21.1,service
13061803954,5224648442,9.4,service
5224648442,13061803983,12.0,service
13061803983,5224648443,23.3,service
5224648443,5224648444,17.1,service
5224648444,13061803980,27.9,service
13061803980,5224648445,7.2,service
5224648445,10902214847,43.1,service
10902214847,5224648446,13.7,service
5224648446,5224648447,20.3,service
5224648447,5224648448,41.5,service
5224648448,5224648449,16.4,service
5224648449,5224648450,15.9,service
5224648450,5224648451,17.7,service
5224648451,5224648452,21.3,service
5224648452,5224648453,29.9,service
5224663685,5224663686,8.3,footway
5224663686,13735342839,4.6,footway
13735342839,5224663687,2.8,footway
3756931681,5224663689,7.5,footway
5224663689,5224663690,8.6,footway
5224663691,5224663692,8.6,footway
5224663692,3759586196,11.1,footway
3759586196,5224663693,13.6,footway
5224663693,3756931682,6.6,footway
3759586196,13192563307,11.5,cycleway
13192563307,13588234335,40.0,cycleway
13588234335,3759567268,63.2,cycleway
3759567268,13588234347,20.1,cycleway
13588234347,13192563310,23.5,cycleway
13192563310,13588234350,5.7,cycleway
13588234350,3759586203,34.0,cycleway
3759586203,12311524252,29.3,cycleway
12311524252,5224663696,6.7,cycleway
5224663696,3759586204,30.1,cycleway
3759586204,11063244793,71.8,cycleway
11063244793,3759586205,9.5,cycleway
3759586205,12311524228,4.4,cycleway
12311524228,5224663697,46.0,cycleway
5224663697,5224663700,32.8,cycleway
5224663700,3759586206,29.2,cycleway
3759586206,529804002,159.3,cycleway
5224663694,5224663695,9.5,footway
5224663695,5224663696,9.7,footway
5224663698,5224663699,10.1,footway
5224663699,5224663700,9.0,footway
5224663701,5224663702,9.6,footway
5224663702,10828183474,9.3,footway
10828183474,5224663703,9.8,footway
5224663701,10828183475,6.1,footway
10828183475,2122131965,5.5,footway
2122131965,5224663705,7.0,footway
13096029373,7838616285,68.1,footway
530990666,5224671237,20.8,service
5224671237,5224671238,29.8,service
5224671238,5224671239,7.5,service
5224671239,5224671240,22.8,service
5224671240,5224671241,33.2,service
5224671241,5224671242,20.8,service
5224671242,5224671243,16.3,service
4736916092,4736916096,14.6,primary
4736916096,3956007599,10.8,primary
3956007599,12318706883,11.5,primary
12318706883,12318709186,9.1,primary
12318709186,4677735263,13.1,primary
4677735263,4677674424,12.0,primary
4677674424,3956007595,11.1,primary
3956007595,3956007593,11.2,primary
3956007593,4677735227,86.4,primary
4677735227,3956007591,27.3,primary
3956007591,6647012027,22.7,primary
6647012027,12381266303,18.5,primary
12381266303,3956007589,8.0,primary
3956007589,12327752161,25.2,primary
12327752161,3956007586,22.2,primary
3956007586,3956007584,28.9,primary
3956007584,12327752162,24.1,primary
12327752162,4677614565,22.9,primary
4677614565,12327752163,31.2,primary
12327752163,4677614543,40.7,primary
4677614543,4677614560,69.3,primary
4677614560,12438049914,39.8,primary
12438049914,4677614564,30.8,primary
4677614564,4677614528,68.7,primary
4677614528,3956007573,126.9,primary
3956007573,3956007572,65.9,primary
3956007572,4677614570,38.4,primary
4677614570,3956007568,47.9,primary
12318706868,4701443839,108.8,cycleway
4701443839,4701443840,78.0,cycleway
4701443840,4701443841,52.8,cycleway
4701443841,5237839529,12.9,cycleway
5237839529,4701443842,20.0,cycleway
4701443842,4701443843,39.9,cycleway
4701443843,4701443844,48.3,cycleway
4701443844,4701443845,48.1,cycleway
4701443845,4701443846,78.9,cycleway
4701443846,4701443847,70.1,cycleway
4701443847,13532608966,96.6,cycleway
13532608966,13142408652,1.7,cycleway
5237839546,5237839547,94.3,footway
5237839547,5237839548,13.7,footway
5237839548,5237839549,25.6,footway
5237839549,5237839550,28.2,footway
5237839550,5237839551,25.7,footway
5237839551,5237839547,14.4,footway
13807521110,13807521109,31.9,secondary
13807521109,13807521108,35.6,secondary
13807521108,13807521107,81.1,secondary
13807521107,13807521106,25.3,secondary
13807521106,13807521105,29.4,secondary
13807521105,13807521104,42.4,secondary
13807521104,12650241303,34.2,secondary
5313419370,13807521032,2.7,unclassified
13807521032,13807521038,112.4,unclassified
13807521038,12202900779,28.8,unclassified
12202900779,12650241307,32.8,unclassified
5313419373,13077358214,12.0,unclassified
13077358214,5313419374,77.1,unclassified
5313419374,13807732942,12.3,unclassified
13807732942,13807732943,11.7,unclassified
13807732943,12650241315,11.7,unclassified
12650241315,5313419375,17.0,unclassified
5313419375,5313419376,11.5,unclassified
5313419376,5313419377,13.7,unclassified
5313419377,13807732944,20.7,unclassified
13807732944,13807732945,9.0,unclassified
13807732945,13807732946,8.1,unclassified
13807732946,12650241314,11.2,unclassified
12650241314,5313419378,8.6,unclassified
5313419378,12650241313,7.7,unclassified
12650241313,13807732954,7.7,unclassified
13807732954,13807732955,9.8,unclassified
13807732955,13807732957,4.1,unclassified
5313419372,5313419373,141.2,unclassified
5313419393,13802090964,13.7,tertiary
13802090964,13802090958,11.3,tertiary
13802090958,5313419398,13.1,tertiary
5313419398,5313419397,16.6,tertiary
5313419397,5313419396,18.6,tertiary
5313419396,5313419395,10.4,tertiary
5313419395,13802090995,9.0,tertiary
13802090995,13802090996,9.0,tertiary
13802090996,13802090997,8.3,tertiary
13802090997,13802090998,6.0,tertiary
13802090998,13802090999,5.3,tertiary
13802090999,13802091000,5.6,tertiary
13802091000,13802091001,6.0,tertiary
13802091001,1503595823,32.7,tertiary
437281628,5313419370,419.5,tertiary
5313419370,13807520721,49.6,tertiary
13807520721,13807520720,16.0,tertiary
13807520720,1503595842,10.5,tertiary
1503595842,13807520719,8.7,tertiary
13807520719,13807520718,8.5,tertiary
13807520718,13807520717,11.5,tertiary
13807520717,13807520716,9.9,tertiary
13807520716,13807520715,10.7,tertiary
13807520715,12202900817,48.5,tertiary
12202900817,12202900824,315.2,tertiary
12202900824,13802091118,201.0,tertiary
13802091118,5527273675,39.8,tertiary
13802091003,5313419402,8.2,tertiary
5313419402,13802091002,52.0,tertiary
13802091002,5313419403,12.9,tertiary
5313419403,5313419404,12.0,tertiary
5313419404,5313419405,10.2,tertiary
5313419405,13802090959,17.5,tertiary
13802090959,13802090960,14.7,tertiary
13802090960,13802090961,15.7,tertiary
13802090961,13802090963,16.2,tertiary
13802090963,5313419393,19.7,tertiary
529483820,12525941123,20.1,residential
12525941123,12525941124,11.9,residential
12525941124,12525941125,12.0,residential
12525941125,5313720647,18.7,residential
5313720647,12525941126,32.5,residential
12525941126,5313720648,23.7,residential
5313720648,8481047422,41.4,residential
8481047422,5313720649,11.7,residential
5313720649,5313720650,20.6,residential
5313720650,5313720651,32.7,residential
5313720651,5313720652,59.2,residential
5313720652,5313720653,28.4,residential
5313720653,5313720654,27.1,residential
5313720654,5313720655,23.4,residential
5313720655,5313720676,41.4,residential
5313720676,5313720677,24.4,residential
5313720677,5313720678,22.3,residential
5313720678,5313720679,26.1,residential
5313720679,11527529644,7.5,residential
11527529644,5313720680,38.2,residential
5313720680,5313720681,26.4,residential
5313720681,5313720682,62.8,residential
529483790,5313720666,24.6,residential
5313720664,5313720667,19.9,residential
5313720667,11507258951,89.6,residential
11507258951,5313720666,47.5,residential
5323860963,5323860964,8.9,service
5323860964,5323860965,4.0,service
5323860965,5323860966,7.1,service
5323860966,5323860967,5.1,service
5323860967,5323860972,4.2,service
5323860972,5323860968,7.9,service
5323860968,5323860969,7.4,service
5323860969,5323860970,4.6,service
5323860970,5323860971,17.9,service
5323860972,5323860973,15.2,service
5323860987,9288097011,18.2,service
9288097011,5323860988,21.6,service
529807801,10857999982,13.4,residential
10857999982,5342836232,13.2,residential
5342836232,10857705831,31.4,residential
10857705831,5342836233,41.4,residential
5342836233,5342836234,26.1,residential
5342836234,5342836235,34.5,residential
5342836235,5342836236,7.7,residential
5342836236,5342836237,8.6,residential
5342836237,5342836240,33.0,residential
5342836240,10857705848,33.1,residential
10857705848,10857705855,28.7,residential
10857705855,5342836238,17.0,residential
5342836238,5342836239,70.0,residential
5342836240,5342836241,55.4,residential
5342836241,5342836242,22.3,residential
5342836242,5342836243,13.1,residential
5342836243,10857691487,2.8,residential
10857691487,5342836244,14.1,residential
5342836244,5342836245,37.2,residential
1574718096,5643723126,20.4,tertiary
5643723126,4635239694,18.5,tertiary
4635239694,1574718092,27.3,tertiary
1574718092,5713563144,35.3,tertiary
5713563144,4635085519,27.4,tertiary
4635085519,1574718089,16.9,tertiary
1574718089,6286280273,11.6,tertiary
6286280273,4635239782,13.5,tertiary
4635239782,1574718087,12.8,tertiary
1574718087,5713563143,13.2,tertiary
5713563143,1574718083,13.1,tertiary
1574718083,4635239805,24.2,tertiary
4635239805,4635085521,7.1,tertiary
4635085521,4635167773,33.5,tertiary
4635167773,5643723129,22.4,tertiary
5643723129,5713563141,15.5,tertiary
5713563141,1574718078,14.2,tertiary
1574718078,1574718059,10.8,tertiary
1574718059,5713563140,13.6,tertiary
5713563140,1574718056,26.4,tertiary
1574718056,4643319837,36.6,tertiary
4643319837,3956019770,22.5,tertiary
3956019770,4756571517,41.7,tertiary
4756571517,3956019769,12.6,tertiary
3956019769,5713563138,33.4,tertiary
5713563138,3956019768,16.9,tertiary
3956019768,4643319820,18.6,tertiary
4643319820,12304715892,10.3,tertiary
12304715892,12304715891,6.7,tertiary
12304715891,3956019767,7.5,tertiary
3956019767,3956019766,8.1,tertiary
3956019766,5643723123,58.7,tertiary
5643723123,5643723124,6.5,tertiary
5643723124,5713563132,6.4,tertiary
5713563132,4635134644,6.8,tertiary
4635134644,4635085541,8.2,tertiary
4635085541,3956019765,12.6,tertiary
3956019765,3956019764,67.5,tertiary
5371918566,5371918567,22.9,cycleway
5371918567,5371918568,25.7,cycleway
5371918568,5371918569,107.4,cycleway
5371918569,5371918570,103.7,cycleway
5371918570,12525922258,91.1,cycleway
12525922258,12525922259,13.1,cycleway
12525922259,12525922257,3.7,cycleway
12525922257,12525922256,12.1,cycleway
12525922256,12525922255,12.7,cycleway
12525922255,5371918571,27.6,cycleway
5371918571,5371918572,14.9,cycleway
5371918572,5371918573,41.0,cycleway
5371918573,5371918574,24.6,cycleway
5371918574,12525922254,27.5,cycleway
12525922254,12525922253,30.6,cycleway
12525922253,5371918575,40.7,cycleway
5371918575,5371918576,50.4,cycleway
5371918576,5373466841,102.4,cycleway
5373466841,5371918577,4.6,cycleway
5371918577,5371918578,78.8,cycleway
5371918578,5373466846,51.6,cycleway
5373466846,5371918579,8.1,cycleway
5371918579,5371918580,70.2,cycleway
5371918580,5373466848,31.9,cycleway
5373466848,5371918581,31.8,cycleway
5371918581,5371918582,165.8,cycleway
5371918582,5373466850,37.0,cycleway
5373466850,5371918583,42.8,cycleway
5371918583,5371918584,24.5,cycleway
5371918584,5371918585,118.0,cycleway
5371918585,5371918586,60.3,cycleway
5371918586,530286851,16.7,cycleway
5372738112,5224589593,4.0,service
436666866,5373391831,20.1,tertiary_link
5373391831,5373391832,12.0,tertiary_link
5373391836,5373391837,17.7,tertiary_link
5373391837,2158456551,22.4,tertiary_link
5373391855,2911126384,2.9,tertiary
2911126384,3759567190,49.2,tertiary
3759567190,13184054939,24.2,tertiary
13184054939,3759567207,52.3,tertiary
3759567207,9326936461,72.4,tertiary
9326936461,529470144,23.6,tertiary
529470144,529470146,41.8,tertiary
529470146,529470148,23.4,tertiary
529470148,529470194,42.9,tertiary
529470194,13603910616,3.8,tertiary
13603910616,8298098280,8.9,tertiary
8298098280,529470196,53.6,tertiary
529470196,13603910595,4.1,tertiary
13603910595,13514266130,15.3,tertiary
5373391856,8954116262,8.0,tertiary
8954116262,3759567184,65.4,tertiary
3759567184,5373391855,2.9,tertiary
530278257,5373391879,18.9,cycleway
5373391879,5373391880,23.0,cycleway
5373391880,3657648933,10.0,cycleway
3657648933,3657648934,20.6,cycleway
3657648934,5373391887,4.4,cycleway
5373391883,5373391885,35.5,cycleway
5373391885,5373391882,14.9,cycleway
5373391882,5373466837,7.2,cycleway
5373466837,5373391884,10.1,cycleway
5373391884,5373466838,23.6,cycleway
5373466838,5373466839,5.0,cycleway
5373466839,5373440847,24.9,cycleway
5373391887,5373391886,67.8,cycleway
5373391886,5373391881,9.8,cycleway
5373391881,5373440863,4.7,cycleway
5373440863,5373440845,2.7,cycleway
5373440845,5373391882,29.8,cycleway
5373391888,5373391889,49.4,residential
5373391889,530278258,41.1,residential
530278258,6007183721,140.7,residential
6007183721,13094923381,51.7,residential
13094923381,8481047434,89.4,residential
5373391888,5373391890,9.7,cycleway
5373391891,5373391890,59.3,cycleway
5373391890,5373391892,53.7,cycleway
436666879,529470355,133.3,tertiary
529470355,6225821727,5.9,tertiary
6225821727,6225821726,184.3,tertiary
6225821726,6225821714,124.8,tertiary
6225821714,10861820131,104.9,tertiary
10861820131,6146988063,92.0,tertiary
6146988063,6699605845,110.2,tertiary
6699605845,6146988065,47.0,tertiary
6146988065,529470275,22.4,tertiary
529470275,6699605846,28.7,tertiary
6699605846,529470287,5.0,tertiary
529470287,904021108,27.8,tertiary
904021108,529470288,12.6,tertiary
529470288,529470258,23.2,tertiary
529470258,6146988066,10.5,tertiary
6146988066,6146988061,5.4,tertiary
6146988061,530981005,13.5,tertiary
5373391897,530278263,31.2,residential
530278263,6007183737,10.8,residential
6007183737,6007183736,10.1,residential
6007183736,6007183738,18.0,residential
6007183738,530278264,3.6,residential
530278264,6007183739,14.1,residential
6007183739,530278265,18.0,residential
530278265,530278266,43.5,residential
530278266,530278267,48.3,residential
530278267,5373391889,21.0,residential
5373391889,530278268,10.6,residential
530278268,530278269,41.5,residential
530278269,530278245,50.4,residential
530278245,11079771519,29.0,residential
11079771519,530278246,36.4,residential
530278246,530278247,32.7,residential
530278247,530278248,40.5,residential
530278248,530278251,105.9,residential
5373391896,5373391900,86.7,residential
5373391901,5373391902,8.3,cycleway
3657648703,5373391902,37.7,cycleway
5373391902,5373391903,40.8,cycleway
3657648692,5373391904,34.3,cycleway
5373391904,11174878086,4.4,cycleway
11174878086,2259058446,4.5,cycleway
5371918586,5373440841,18.8,cycleway
5373440841,5373440842,23.0,cycleway
5373440842,5373440843,83.8,cycleway
5373440843,5373440844,116.9,cycleway
5373440844,5373440845,146.9,cycleway
530286999,5373440848,8.2,residential
5373440848,14091919765,19.0,residential
14091919765,530287001,19.5,residential
530287001,530287002,86.5,residential
530287002,530287004,11.5,residential
5373440848,530290056,24.6,residential
530290056,530290057,17.5,residential
530290057,530290058,12.4,residential
530290058,8462375091,28.9,residential
8462375091,3969210079,2.6,residential
3969210079,530290072,58.0,residential
530290072,530290071,9.5,residential
5373440857,5373440858,52.9,cycleway
5373440858,5373440859,101.3,cycleway
5373440859,5373440860,19.8,cycleway
5373440860,5373440861,137.6,cycleway
5373440861,5373440862,147.1,cycleway
5373440862,5373440863,219.4,cycleway
5373466840,5373466841,18.7,steps
5373466845,5373466846,17.3,steps
5373466847,5373466848,20.5,steps
5373466849,5373466850,20.1,steps
10828183459,10828161829,9.3,path
10828161829,5408960973,22.0,path
5408960973,5408960974,70.1,path
5408960974,5408960975,29.9,path
5527273674,13802091127,38.7,residential
13802091127,12202900821,58.2,residential
12202900821,13807521021,106.7,residential
13807521021,5527273675,3.1,residential
5528018521,5528018522,12.6,primary_link
5528018522,13807577458,7.0,primary_link
13807577458,13807577459,5.6,primary_link
13807577459,13807577460,4.8,primary_link
13807577460,13807577461,5.1,primary_link
13807577461,13807577462,7.0,primary_link
13807577462,5528018523,19.2,primary_link
13807577465,13807577464,10.8,tertiary_link
13807577464,13807577463,9.3,tertiary_link
13807577463,5528018525,6.2,tertiary_link
5528018525,5528018526,6.7,tertiary_link
5528018526,13807577466,5.1,tertiary_link
13807577466,13807577467,7.6,tertiary_link
13807577467,13807577468,6.8,tertiary_link
13807577468,5528018527,15.4,tertiary_link
3956007605,12358246789,12.0,tertiary
12358246789,12358246785,11.3,tertiary
12358246785,12358246784,10.7,tertiary
12358246784,12358246783,10.3,tertiary
12358246783,4677674346,10.3,tertiary
4677674346,12358246782,11.2,tertiary
12358246782,3054151395,11.3,tertiary
3054151395,4658585810,15.4,tertiary
4658585810,4663562456,68.1,tertiary
4663562456,4658585820,15.0,tertiary
4658585820,4663562458,52.5,tertiary
4663562458,4658585818,12.8,tertiary
4658585818,4663562460,48.4,tertiary
4663562460,4658585816,15.6,tertiary
4658585816,12358010045,47.5,tertiary
12358010045,3956007604,22.1,tertiary
3956007604,12358010044,32.8,tertiary
12358010044,12358010043,14.9,tertiary
12358010043,12358010041,16.3,tertiary
12358010041,12358010040,15.1,tertiary
12358010040,12358010039,14.5,tertiary
12358010039,12358010037,13.8,tertiary
12358010037,3054151398,11.4,tertiary
3054151398,3054151399,12.3,tertiary
3054151399,12358010036,11.0,tertiary
12358010036,12358010035,14.8,tertiary
12358010035,4677735312,15.5,tertiary
4677735312,3054151400,19.6,tertiary
3054151400,12438014636,44.2,tertiary
12438014636,4677735334,10.4,tertiary
4677735334,12438049818,41.6,tertiary
12438049818,4677735255,27.7,tertiary
4677735255,12358010033,24.8,tertiary
12358010033,4677735289,12.6,tertiary
4677735289,12137711093,14.0,tertiary
12137711093,12318709166,33.9,tertiary
12318709166,3054151401,6.8,tertiary
3054151401,6200369482,10.6,tertiary
5531321193,9310043675,8.9,tertiary
9310043675,5531321192,36.2,tertiary
5533769494,5533769495,25.7,footway
5533769495,5533769496,41.3,footway
5533769496,5533769497,139.6,footway
5533769497,9215179045,10.4,footway
9215179045,5533769498,33.9,footway
5533769498,5533769499,6.8,footway
5533769499,5533769500,22.6,footway
5533769500,5533769501,7.0,footway
5533769501,5533769502,20.5,footway
5533769502,5533769503,27.1,footway
5533769503,5533769504,35.6,footway
5533769504,5533769505,30.9,footway
5533769505,5533769506,16.1,footway
5533769506,9215179051,18.7,footway
9215179051,5533769507,11.1,footway
5533769507,5533769508,39.7,footway
5533769508,5533769509,27.5,footway
5533769509,5533769510,23.2,footway
5533769510,5533769654,5.1,footway
5533769654,5533769511,40.1,footway
5533769511,5533769512,19.6,footway
5533769512,9215179059,7.4,footway
9215179059,9215179055,7.9,footway
9215179055,5533769513,14.2,footway
5533769513,9215179060,41.3,footway
9215179060,9215179061,9.9,footway
9215179061,5533769514,17.4,footway
5533769514,5533769515,13.6,footway
5533769515,5533769516,18.7,footway
5533769516,9215179065,5.3,footway
9215179065,5533769517,6.5,footway
5533769517,9215179064,5.5,footway
9215179064,5533769518,7.3,footway
5533769518,5533769519,6.0,footway
5533769519,5533769520,7.6,footway
5533769520,5533769621,9.3,footway
5533769621,5533769622,16.7,footway
5533769622,5533769623,20.7,footway
5533769623,5533769624,26.6,footway
5533769624,5533769625,11.6,footway
5533769625,5533769626,38.5,footway
5533769626,5533769627,10.1,footway
5533769627,5533769628,31.3,footway
5533769628,5533769629,8.2,footway
5533769629,5533769630,24.8,footway
5533769630,5533769631,10.9,footway
5533769631,5533769632,16.2,footway
5533769632,5533769633,11.3,footway
5533769633,5533769634,45.6,footway
5533769634,5533769635,13.9,footway
5533769635,5533769636,17.3,footway
5533769636,5533769637,35.0,footway
5533769637,5533769638,41.9,footway
5533769638,5533769639,43.9,footway
5533769639,5533769640,29.8,footway
5533769640,9215179073,27.7,footway
9215179073,5533769641,10.9,footway
5533769641,5533769642,26.2,footway
13989496962,5533769692,5.6,footway
5533769692,5533769636,27.3,footway
5533769645,5533769646,5.4,footway
5533769646,5533769647,14.3,footway
5533769647,5533769648,14.0,footway
5533769623,5533769649,13.7,footway
5533769649,5533769648,6.7,footway
5533769648,5533769650,9.2,footway
5533769650,5533769651,9.1,footway
5533769651,5533769652,12.9,footway
5533769652,5533769653,11.3,footway
5533769653,5533769514,15.1,footway
5533769654,5533769655,24.0,footway
5533769657,5533769713,36.8,footway
5533769713,5533769659,63.3,footway
5533769659,5533769660,76.4,footway
5533769660,9215179036,33.3,footway
9215179036,5533769661,31.3,footway
5533769661,5533769711,32.8,footway
5533769711,5533769662,34.8,footway
5533769662,5533769663,9.4,footway
5533769663,5533769664,13.3,footway
5533769664,5533769665,10.3,footway
5533769665,5533769666,27.6,footway
5533769666,5533769667,29.4,footway
5533769667,5533769668,37.3,footway
5533769668,5533769669,30.2,footway
5533769669,5533769670,22.3,footway
5533769670,5533769671,39.3,footway
5533769671,5533769672,20.7,footway
5533769672,5533769673,32.4,footway
5533769673,5533769674,12.1,footway
5533769674,5533769675,54.4,footway
5533769675,5533769676,32.8,footway
5533769676,5533769677,12.7,footway
5533769677,5533769678,72.2,footway
5533769678,9215179068,28.9,footway
9215179068,5533769679,47.4,footway
5533769679,9215179067,20.6,footway
9215179067,5533769680,19.2,footway
5533769680,5533769681,28.8,footway
5533769681,5533769682,61.0,footway
5533769682,5533769683,14.7,footway
5533769683,5533769684,20.5,footway
5533769684,5533769685,12.2,footway
5533769685,5533769686,7.5,footway
5533769686,5533769687,6.1,footway
5533769687,5533769688,23.6,footway
5533769688,5533769689,24.7,footway
5533769689,5533769690,11.3,footway
5533769690,5533769691,17.6,footway
5533769692,5533769693,9.4,footway
5533769693,5533769694,19.3,footway
5533769694,5533769695,9.9,footway
5533769695,5533769696,7.6,footway
5533769696,5533769697,4.1,footway
5533769697,5533769698,8.0,footway
5533769698,9218258698,7.5,footway
9218258698,5533769700,14.7,footway
5533769700,5533769701,20.7,footway
5533769701,5533769702,20.7,footway
5533769683,9215179069,9.0,footway
9215179069,5533769702,8.3,footway
5533769702,5533769703,19.0,footway
4677674389,5533769705,6.8,footway
5533769705,5533769504,4.1,footway
5533769705,5533769706,19.8,footway
5533769706,5533769707,14.4,footway
5533769707,5533769708,8.2,footway
5533769708,5533769709,14.5,footway
5533769709,5533769710,15.6,footway
5533769710,5533769711,15.1,footway
5533769711,9215179039,7.6,footway
9215179039,9215179038,24.8,footway
9215179038,9215179037,23.3,footway
5533769713,5533769714,9.4,footway
5533769714,5533769715,11.0,footway
5533769715,5533769716,24.1,footway
5533769716,5533769718,19.3,footway
5533769718,5533769719,33.4,footway
5533769719,5533769720,26.4,footway
5533769720,5533770021,10.9,footway
5533770021,5533770022,10.5,footway
5533770022,5533770023,9.6,footway
5533770023,5533770024,4.4,footway
5533770024,5533770025,4.8,footway
5533770025,5533770026,4.5,footway
5533770026,5533770027,2.5,footway
5533770027,5533770028,4.0,footway
5533770028,5533770029,2.8,footway
5533770029,5533770030,5.1,footway
5533770030,5533770031,3.7,footway
5533770031,5533770032,3.4,footway
4658585745,7591947440,11.5,footway
7591947440,5533770038,8.4,footway
5533770038,5533770039,6.7,footway
5533770039,5533770040,15.5,footway
5533770040,5533770041,11.2,footway
5533770041,5533770042,7.3,footway
5533770042,5533770043,4.6,footway
5533770043,5533770044,10.1,footway
5533770044,5533770045,7.1,footway
5533770045,5533770046,5.2,footway
5533770046,5533770047,10.5,footway
5533770047,5533770048,10.4,footway
5533770048,5533770049,5.3,footway
5533770049,7591947439,7.2,footway
1645075260,12315455334,11.1,tertiary_link
12315455334,12315455333,7.0,tertiary_link
12315455333,12308827496,6.3,tertiary_link
12308827496,12308827495,6.2,tertiary_link
12308827495,12308827494,6.9,tertiary_link
12308827494,12308827493,6.1,tertiary_link
12308827493,5533770069,4.8,tertiary_link
5533770069,5533770070,5.3,tertiary_link
5533770070,5533770071,7.3,tertiary_link
5533770071,12855618616,12.7,tertiary_link
5533770072,12308827463,13.0,primary_link
12308827463,5533770073,9.0,primary_link
5533770073,5533770074,6.6,primary_link
5533770074,5533770075,6.6,primary_link
5533770075,5533770076,4.7,primary_link
5533770076,12308827464,4.8,primary_link
12308827464,12315455313,5.8,primary_link
12315455313,12315455314,5.8,primary_link
12315455314,12315455315,5.5,primary_link
12315455315,12315455316,5.7,primary_link
12315455316,12315455317,11.4,primary_link
4736696564,5533858101,60.4,primary_link
5533858101,9271029020,129.3,primary_link
9271029020,9345075814,2.0,primary_link
9345075814,5533858102,17.3,primary_link
5533858102,5533858103,16.1,primary_link
5533858105,9345075813,15.2,primary_link
9345075813,5533858099,194.9,primary_link
5533858099,5533858106,7.6,primary_link
8137538297,9201335516,128.3,service
9201335516,5615009284,83.5,service
5615009284,5615009276,25.2,service
5615009276,8137538303,6.1,service
8137538303,8137538304,5.4,service
8137538304,12305995629,5.8,service
12305995629,12305995630,6.3,service
12305995630,12305995631,6.8,service
12305995631,12305995632,15.2,service
12305995632,12305995633,6.4,service
12305995633,9352495876,6.3,service
9352495876,5615009279,14.8,service
5615009279,5615009280,202.4,service
5615009280,12305995634,114.6,service
5615009311,4626941790,10.7,footway
4634163424,6280677233,82.2,residential
6280677233,6280677186,113.1,residential
6280677186,7895481652,125.1,residential
7895481652,13953462573,27.5,residential
13953462573,9382980518,21.6,residential
9382980518,5672783418,13.6,residential
5672783418,9382980516,13.0,residential
9382980516,9212005744,51.2,residential
9212005744,6280677187,12.4,residential
6280677187,11180478047,39.6,residential
11180478047,9211989914,25.6,residential
9211989914,5672862421,161.0,residential
5684338920,5684343424,44.1,residential
5684343424,6194459048,43.8,residential
6194459048,5684343421,161.9,residential
5684343423,5863445613,103.2,residential
5863445613,5684343424,128.8,residential
5684343425,5863445613,51.4,residential
5863445613,5684338919,38.1,residential
4636875486,9382980318,183.3,secondary
9382980318,8795770884,5.7,secondary
8795770884,4640291355,19.9,secondary
4640291355,6192249715,54.3,secondary
6192249715,9382962598,41.6,secondary
9382962598,9382962603,17.3,secondary
9382962603,9201335460,9.9,secondary
9201335460,9382962600,11.0,secondary
9382962600,8795770888,88.4,secondary
8795770888,4636875488,94.0,secondary
4636875488,6106155910,27.9,secondary
6106155910,6378700735,28.8,secondary
6378700735,10620768441,5.2,secondary
10620768441,4636878889,8.7,secondary
4636878889,8848580189,19.3,secondary
8848580189,6106155908,18.7,secondary
6106155908,4636878890,28.3,secondary
4636878890,5863445612,57.2,secondary
5863445612,4636878892,55.4,secondary
4636878892,6106155907,44.0,secondary
6106155907,7249130563,30.6,secondary
7249130563,4636878893,23.9,secondary
4636878893,4636878894,37.0,secondary
4636878894,4636878896,77.6,secondary
4636878896,8795938935,72.2,secondary
8795938935,8825335945,31.9,secondary
8825335945,5684373895,28.9,secondary
5684373895,10601348767,10.7,secondary
10601348767,9382980512,8.6,secondary
9382980512,6106155913,17.0,secondary
6106155913,9382980514,6.8,secondary
9382980514,6106155905,4.6,secondary
6106155905,6106155914,17.0,secondary
6106155914,6106155906,28.4,secondary
6106155906,5684373896,31.5,secondary
5684373896,9382980517,84.4,secondary
9382980517,5672783418,19.6,secondary
5672783418,9382980515,16.5,secondary
9382980515,9212005748,28.1,secondary
9212005748,6106155891,5.3,secondary
6106155891,5684373898,37.3,secondary
5684373898,9463069980,75.0,secondary
9463069980,5705173295,23.6,secondary
5705173295,9463069979,20.1,secondary
4663112397,12304715822,43.3,unclassified
12304715822,4756570996,2.9,unclassified
4636664266,9215167992,51.5,residential
9215167992,11180789303,44.5,residential
11180789303,9215167991,58.5,residential
9215167991,9215167987,69.0,residential
9215167987,9215167990,29.3,residential
9215167990,9215167993,17.8,residential
9215167993,9215167989,10.7,residential
9215167989,9215167988,88.4,residential
9215167988,5705061544,18.6,residential
5705061544,9339276893,12.0,residential
9339276893,5705061545,54.0,residential
5705061545,11180789384,34.9,residential
11180789384,5705061546,82.1,residential
5705061546,5705061547,104.5,residential
5705061547,9206556161,27.3,residential
9206556161,5705061548,55.2,residential
5705061548,5705061549,99.8,residential
5705061549,11497712984,23.2,residential
11497712984,11497712985,17.1,residential
11497712985,5705061550,26.4,residential
4635301017,9249585233,70.1,residential
9249585233,6280676378,86.2,residential
6280676378,13953462722,8.1,residential
13953462722,6280676379,79.4,residential
6280676379,9463069978,5.9,residential
9463069978,5705173295,29.5,residential
4635301007,6280676363,37.3,service
6280676363,6280676364,7.8,service
6280676364,6280676365,11.0,service
6280676365,13953462700,76.2,service
13953462700,4635301017,45.8,service
4525705483,12949898209,125.6,secondary
12949898209,4640291333,15.6,secondary
4640291333,12949898200,13.6,secondary
12949898200,4640291327,37.4,secondary
4640291327,4640291325,145.3,secondary
4640291325,4640291323,159.0,secondary
4640291323,4525705484,216.1,secondary
4525705484,4640291356,76.0,secondary
4640291356,4525705485,15.3,secondary
4525705485,5684343425,57.3,secondary
5684343425,4525705486,85.9,secondary
4525705486,10620768467,125.5,secondary
10620768467,4525705487,50.6,secondary
4525705487,6280677222,107.9,secondary
6280677222,4525705488,120.0,secondary
4636875486,4740288723,113.8,secondary
4636672252,9382980326,5.4,service
9382980326,9382980327,7.4,service
9382980327,8795938933,8.1,service
8795938933,4636672253,135.1,service
4636672253,9201335453,9.4,service
9201335453,4636672254,3.0,service
4636672254,9201335447,30.6,service
9201335447,4636672255,31.4,service
4636672255,9201335459,32.7,service
9201335459,4636878972,26.3,service
4636878972,9201335456,6.9,service
9201335456,4636878986,13.6,service
4636878986,4636674149,12.0,service
4636674149,4636672257,36.3,service
4636672257,4636673921,13.2,service
4636673921,4636672258,25.3,service
4636672258,4636672259,122.8,service
4636672259,4636673922,23.1,service
4636673922,4636672260,52.1,service
4636672260,9201335452,10.8,service
9201335452,9201335455,12.8,service
9201335455,9201335450,7.6,service
9201335450,9201335451,20.5,service
9201335451,9201335448,21.7,service
9201335448,4636672255,14.7,service
5715698179,5715698180,34.3,primary
5715698180,5715698181,15.5,primary
5715698181,5715698182,13.6,primary
5715698182,5715698183,23.5,primary
11999300203,312236287,6.4,residential
312236287,312236298,7.6,residential
312236298,312236309,5.8,residential
312236309,13807577497,5.6,residential
13807577497,13807577498,5.3,residential
13807577498,13807577499,6.3,residential
13807577499,13807577500,5.9,residential
13807577500,312236318,25.9,residential
312236318,5315102373,19.2,residential
5315102373,8487179679,40.6,residential
4634163403,4634163404,61.1,residential
4634163404,4634163421,19.8,residential
4634163421,4634163405,43.0,residential
4634163403,4634163397,45.3,residential
4634163397,4634163399,30.5,residential
5833894203,9311930413,10.0,service
9311930413,5833894204,4.3,service
5833894204,5833894205,6.9,service
5833894205,5833894206,10.3,service
5833894206,5833894207,29.4,service
5833894207,5833894208,9.0,service
5833894208,5833894209,6.9,service
5833894209,5833894210,8.0,service
5833894210,5833894211,10.9,service
5833894211,5833894212,19.5,service
5833894212,5833894213,15.0,service
5833894213,5833894214,19.8,service
5833894214,5833894215,15.8,service
4634163399,5833894283,58.5,residential
5833894283,5833894284,56.2,residential
5833894284,5833894285,57.4,residential
5833894285,5833894286,35.8,residential
5833894286,5833894287,51.1,residential
4525705483,5863445614,48.8,living_street
5863445614,5863445615,44.1,living_street
5863445615,5863445616,70.1,living_street
5863445616,5863445617,58.7,living_street
5863445617,12949898162,34.0,living_street
12949898162,5863445618,7.4,living_street
4525705488,5684343422,43.1,residential
5684343422,4525714789,29.9,residential
4525714789,5863445619,40.6,service
5863445619,5863445620,78.2,service
5863445620,5863445621,88.9,service
5863445621,5863445623,24.3,service
5863445623,5863445622,39.0,service
5863445622,5863445624,36.3,service
5863445624,5684373896,35.0,service
5863445614,5867016992,51.5,living_street
5867016992,5867016993,56.0,living_street
5867016993,12949898215,42.3,living_street
12949898215,5867016994,8.6,living_street
5983198142,5983198143,12.3,residential
5983198143,5983198144,4.2,residential
5983198144,4235824814,10.5,residential
6007183700,6007183701,53.0,service
6007183701,6007183702,9.5,service
6007183702,6007183703,6.8,service
6007183703,6007183704,8.8,service
6007183704,6007183705,15.0,service
6007183705,6007183706,9.9,service
6007183706,6007183707,8.2,service
6007183707,6007183708,11.5,service
6007183708,6007183709,4.3,service
6007183709,6007183710,4.5,service
6007183710,6007183711,3.4,service
6007183711,6007183712,7.9,service
6007183712,6007183713,97.4,service
6007183714,6007183715,37.1,service
6007183715,6007183732,19.9,service
6007183732,6007183716,15.3,service
6007183716,6007183717,27.6,service
6007183717,6007183718,5.7,service
6007183718,6007183719,4.4,service
6007183719,6007183720,11.0,service
6007183720,6007183721,56.7,service
6007183722,6007183723,21.8,service
6007183723,6007183724,34.1,service
6007183724,6007183725,13.2,service
6007183725,6007183726,21.1,service
6007183726,6007183727,31.3,service
6007183727,6007183728,15.0,service
6007183728,6007183717,11.0,service
6007183717,6007183729,16.2,service
6007183729,6007183730,18.7,service
6007183730,6007183731,8.4,service
6007183732,6007183733,63.4,service
6007183733,6007183734,15.0,service
6007183734,6007183735,4.9,service
6007183735,6007183736,7.6,service
6007183740,6021663246,64.9,service
6021663246,6007183741,27.9,service
6007183741,6007183742,17.2,service
6015522827,6015522828,83.0,service
6021663246,6021663247,48.9,service
6021663247,6021663248,15.3,service
6021663248,6021663249,9.0,service
6021663249,6021663250,7.1,service
2122131952,10857999975,19.2,tertiary
10857999975,10857691442,20.2,tertiary
10857691442,10857691438,48.5,tertiary
10857691438,2122131932,43.9,tertiary
2122131932,2122131947,70.1,tertiary
2122131947,10857691468,4.7,tertiary
10857691468,529780911,104.4,tertiary
1645075252,6132178390,39.8,residential
6132178390,13937823871,69.1,residential
13937823871,436561616,11.7,residential
4738684391,9310479888,230.4,primary
9310479888,13441899640,83.0,primary
13441899640,13441899639,40.2,primary
13441899639,4738684394,41.0,primary
4738684394,9310479886,63.8,primary
4635144384,4756571510,54.1,service
4756571510,4635239710,34.6,service
4635239710,4635144385,76.1,service
4756571517,6286280276,19.5,residential
6286280276,4635134650,36.7,residential
4635134650,4635239766,34.1,residential
4635239766,4635239748,43.4,residential
4635239748,6987341949,29.0,residential
6987341949,6271705588,26.9,residential
6271705588,4635134648,41.0,residential
4635134648,4635134649,25.8,residential
4635134649,4635134647,65.7,residential
4635134647,6271705606,26.2,residential
6271705606,4635134646,30.5,residential
4635134646,4635134645,38.7,residential
4635134645,4635239726,44.2,residential
4635239726,4635239725,39.5,residential
4635239725,6271704383,84.7,residential
6271704383,6271704381,54.4,residential
6271704381,4635300990,64.6,residential
4635300990,4635134653,11.5,residential
4635134653,9463069975,19.8,residential
9463069975,1831662612,13.6,residential
1831662612,9463069976,24.3,residential
9463069976,4655045249,38.3,residential
4655045249,4655045250,6.8,residential
4655045250,4655045245,67.1,residential
4655045245,1831662617,35.0,residential
1831662617,4635288901,45.2,residential
4635288901,1831662621,27.0,residential
1831662621,6155885331,4.0,residential
6155885331,1831662620,20.5,residential
1831662620,4655116063,4.6,residential
4655116063,1831662625,33.2,residential
1831662625,6430801151,18.6,residential
6430801151,4655011903,56.2,residential
4655011903,4655011913,37.5,residential
4655011913,4658402918,15.1,residential
4658402918,4655011935,13.2,residential
4655011935,4658402917,29.3,residential
4658402917,4655056519,26.2,residential
4655056519,4655075812,22.9,residential
4655075812,4655056501,67.1,residential
4655056501,4655126958,51.3,residential
4655126958,4655127609,32.2,residential
4655127609,1831662613,10.5,residential
1831662613,4655056504,11.2,residential
4655056504,4655127610,40.8,residential
4655127610,9249585230,11.1,residential
9249585230,4655056502,7.3,residential
4655056502,6299257485,85.5,residential
4655045245,4655045257,73.4,service
4655045257,4655045246,27.6,service
4655045240,5235049716,129.8,service
3956019764,4740549438,43.4,primary
4740549438,4663112392,108.8,primary
4663112392,12293396461,12.6,primary
12293396461,6286280251,17.3,primary
6286280251,12293396459,37.5,primary
12293396459,12296984033,25.0,primary
12296984033,12293396460,15.0,primary
12293396460,4740327339,36.2,primary
4740327339,4635081388,53.1,primary
4635081388,4740327337,76.8,primary
4740327337,4740327336,39.1,primary
4740327336,12293396458,47.7,primary
12293396458,4740327335,15.8,primary
4740327335,9544711855,14.6,primary
9544711855,12293396457,13.4,primary
12293396457,4740327334,16.1,primary
4740327334,12293396455,9.1,primary
12293396455,12293396454,9.8,primary
12293396454,12293396453,12.7,primary
12293396453,12293396452,13.8,primary
12293396452,4740327333,13.7,primary
4740327333,4740327332,11.9,primary
4740327332,4740327331,28.1,primary
4740327331,12293396451,25.4,primary
12293396451,12293396448,72.7,primary
12293396448,4740327330,9.2,primary
4740327330,4740327329,10.7,primary
4740327329,12293396449,10.3,primary
12293396449,4740327328,10.4,primary
4740327328,4740327326,10.8,primary
4740327326,12293396447,47.5,primary
12293396447,4740525272,6.6,primary
4740525272,12293396435,31.1,primary
12293396435,12293396434,15.4,primary
12293396434,12293396433,14.2,primary
12293396433,12293396432,14.0,primary
12293396432,4740327324,14.8,primary
4740327324,4740327323,14.4,primary
4740327323,4740327322,12.6,primary
4740327322,4740327321,13.2,primary
4740327321,9311952540,14.6,primary
9311952540,4740326719,9.9,primary
4740326719,4740326717,26.0,primary
4740326717,4740326715,29.5,primary
4740326715,12293396422,75.6,primary
436911721,4756570993,69.7,residential
6132178361,6132178362,55.0,living_street
6132178362,6132178363,70.9,living_street
4632583688,4632583687,70.8,living_street
4632583687,4632583895,35.0,living_street
4632583895,4632583900,30.2,living_street
4632583900,4632583897,13.1,living_street
4632583897,4632583684,85.4,living_street
4632583684,4635435149,50.8,living_street
4635435149,4632583683,48.0,living_street
6132178366,6132178371,47.5,living_street
6132178371,6132178367,27.6,living_street
6132178367,6132178368,56.3,living_street
6132178368,6132178369,16.8,living_street
6132178370,6132178373,54.7,living_street
6132178373,6132178371,36.5,living_street
6132178377,6132178375,115.4,living_street
6132178375,6132178365,23.2,living_street
6132178365,6132178369,58.9,living_street
6132178369,6132178372,39.6,living_street
6132178372,6132178380,51.7,living_street
6132178372,6132178373,101.7,living_street
4638163769,6132178374,21.1,living_street
6132178374,6132178375,20.2,living_street
6132178372,6132178378,39.8,living_street
6132178378,6132178379,10.2,living_street
6132178382,6132178383,35.1,residential
6132178383,6132178392,13.5,residential
6132178392,6132178384,10.9,residential
6132178384,6132178385,39.9,residential
6132178385,6132178393,19.9,residential
6132178393,6132178386,14.3,residential
6132178386,6132178387,37.6,residential
6132178387,6132178394,16.3,residential
6132178394,6132178388,24.9,residential
6132178388,6132178389,43.6,residential
6132178389,13952032181,20.2,residential
13952032181,13937823860,9.0,residential
13937823860,6776462196,12.2,residential
6132178390,6132178391,53.7,living_street
6132178391,6132178402,63.7,living_street
6132178402,6132178392,13.6,living_street
4658585305,6132178398,63.4,living_street
6132178398,6132178393,13.9,living_street
6132178394,6132178395,16.1,living_street
6132178395,6132178397,7.4,living_street
6132178397,6132178398,68.7,living_street
6132178398,6132178400,25.8,living_street
6132178400,6132178402,47.8,living_street
6132178402,6132178404,34.5,living_street
6132178404,6132178405,19.5,living_street
6132178405,6132178406,9.9,living_street
6132178407,6132178408,95.7,living_street
6132178409,6132178410,55.0,living_street
6132178410,6132178411,103.6,living_street
6132178412,6132178413,125.9,living_street
5224589593,5372738113,7.9,service
5372738113,5372738114,7.8,service
5372738114,5372738115,12.0,service
5372738115,5372738116,10.9,service
5372738116,5372738117,25.4,service
5372738117,5372738118,13.3,service
5372738118,5372738119,15.9,service
5372738119,5372738120,13.3,service
5372738120,5372739321,11.2,service
5372739321,5372739322,47.7,service
5372739322,5372739323,30.9,service
5372739323,5372739324,50.4,service
5372739324,5372739325,75.8,service
5372739325,5372739326,24.8,service
5372739326,5372739327,15.8,service
5372739327,5372739328,73.5,service
5372739328,5372739329,27.4,service
5372739329,5372739330,25.1,service
5372739330,5372739331,19.6,service
5372739331,5372739332,16.1,service
5372739332,5372739333,8.1,service
5372739333,5372739334,15.0,service
5372739334,5372739335,17.8,service
5372739335,11064166573,27.4,service
11064166573,13147574032,6.3,service
13147574032,11064166577,11.7,service
11064166577,5372739336,33.8,service
6146988056,6146988057,4.3,footway
6146988057,6146988058,4.4,footway
6146988073,6146988074,15.1,footway
6146988074,6146988075,11.8,footway
6146988076,6146988077,10.7,footway
6146988077,6146988078,12.7,footway
2519290593,6146988300,17.4,footway
6146988300,6146988286,17.2,footway
6146988047,6146988048,7.3,cycleway
6146988048,6146988049,6.8,cycleway
6146988049,6146988050,6.9,cycleway
6146988050,5224591944,55.9,cycleway
5224591944,6146988051,100.0,cycleway
6146988051,6146988052,114.6,cycleway
6146988052,6146988073,2.4,cycleway
6146988073,6146988053,79.6,cycleway
6146988053,530981022,79.4,cycleway
530981022,6146988054,67.2,cycleway
6146988054,6146988076,2.0,cycleway
6146988076,5224589591,120.1,cycleway
5224589591,5224589590,50.8,cycleway
5224589590,5224589592,9.5,cycleway
5224589592,5224589593,12.8,cycleway
5224589593,6146988058,8.9,cycleway
6146988058,5224589594,44.4,cycleway
5224589594,5224589595,35.4,cycleway
5224589595,5224589596,10.9,cycleway
5224589596,5224589597,33.1,cycleway
5224589597,5224589598,29.3,cycleway
5224589598,5224589599,25.8,cycleway
5224589599,5224589600,45.1,cycleway
5224589600,5224589601,59.4,cycleway
2519290595,2519290593,6.9,footway
2519290593,2519290590,19.5,footway
2519290590,6146988046,11.9,footway
6146988046,6146988047,11.0,footway
6146988083,6146988082,4.1,cycleway
6146988082,6146988081,11.1,cycleway
6146988081,6146988080,12.1,cycleway
6146988080,6146988079,51.9,cycleway
6146988079,6146988072,127.4,cycleway
6146988072,6146988071,77.2,cycleway
6146988071,6146988075,4.0,cycleway
6146988075,6146988070,42.7,cycleway
6146988070,6146988069,57.5,cycleway
6146988069,6146988068,117.9,cycleway
6146988068,6146988078,14.2,cycleway
6146988078,6146988067,80.7,cycleway
6146988067,5224589588,93.8,cycleway
5224589588,6146988066,29.2,cycleway
6146988066,13325814190,12.1,cycleway
13325814190,3756928889,2.7,cycleway
3756928889,6146988062,7.6,cycleway
6146988062,5224566470,9.0,cycleway
5224566470,904021121,207.2,cycleway
904021121,904021046,18.3,cycleway
904021046,3756931454,31.0,cycleway
3756931454,6699605841,7.5,cycleway
6699605841,6699605827,11.2,cycleway
6699605827,3756931461,72.8,cycleway
3756931461,5224663685,30.3,cycleway
5224663685,3756939922,174.1,cycleway
3756939922,3756939923,22.2,cycleway
3756939923,3756940929,66.1,cycleway
3756940929,3756940942,58.3,cycleway
3756940942,13462741406,10.5,cycleway
13462741406,3756931681,45.9,cycleway
3756931681,3756931683,15.7,cycleway
3756931683,12290932614,25.9,cycleway
12290932614,5224663691,17.3,cycleway
5224663691,3756931684,22.6,cycleway
3756931684,3756931685,124.3,cycleway
3756931685,3756931686,73.1,cycleway
3756931686,5224663694,11.7,cycleway
5224663694,3756931687,19.0,cycleway
3756931687,3756931688,79.7,cycleway
3756931688,5224663698,88.3,cycleway
5224663698,3756931690,26.5,cycleway
6146988287,6146988286,14.1,footway
6146988286,6146988285,14.6,footway
6146988285,10883977449,8.8,footway
10883977449,6146988084,10.7,footway
6146988084,6146988083,13.4,footway
6146988046,6146988301,17.3,footway
6146988301,6146988084,16.6,footway
2519236965,2259057923,7.4,footway
2259057923,2519236963,4.7,footway
6146988315,2519220385,12.0,cycleway
2519220385,2519220387,30.6,cycleway
2519220387,2519236965,13.7,cycleway
2519220381,6146988316,11.7,footway
6146988316,2519220383,22.0,footway
2519220383,6146988315,7.7,footway
6146988316,6146988317,9.9,footway
6146988317,6146988318,6.6,footway
6146988313,6146988318,3.1,cycleway
6146988318,6146988312,29.1,cycleway
6146988312,6146988311,16.2,cycleway
6146988311,6146988310,17.0,cycleway
6146988310,6146988309,17.8,cycleway
6146988309,6146988308,51.7,cycleway
6146988308,6146988307,98.2,cycleway
6146988307,6146988306,94.4,cycleway
6146988306,6146988305,38.7,cycleway
6146988305,6146988304,45.8,cycleway
6146988304,6146988303,85.4,cycleway
6146988303,6146988302,77.2,cycleway
6146988302,6146988299,99.9,cycleway
6146988299,6146988298,75.3,cycleway
6146988298,6146988297,17.3,cycleway
6146988297,6146988296,24.6,cycleway
6146988296,6146988295,22.4,cycleway
6146988295,6146988294,21.6,cycleway
6146988294,6146988293,36.9,cycleway
6146988293,6146988292,87.9,cycleway
6146988292,6146988291,44.0,cycleway
6146988291,6146988290,86.9,cycleway
6146988290,6146988289,5.5,cycleway
6146988289,6146988288,10.4,cycleway
6146988288,6146988287,11.1,cycleway
4635288899,6155885330,7.7,steps
6155885330,6155885331,3.3,steps
2471221221,9209187442,9.7,residential
9209187442,9216374260,7.1,residential
9216374260,9196764241,44.1,residential
9196764241,6194343271,9.4,residential
6194343271,6194343272,25.4,residential
6194343272,6194343273,59.3,residential
6194343273,6194343278,13.3,residential
6194343278,6194343274,20.5,residential
6194343274,6194343275,23.5,residential
6194343275,6194343276,16.9,residential
6194343276,6194343277,13.3,service
6194343277,6194343278,52.8,service
4634229429,4634229435,10.7,residential
4634229435,9209198345,115.7,residential
9209198345,4634229430,15.5,residential
4629515635,2193764960,118.7,residential
4525705486,6194459048,52.8,residential
4525705487,5684343421,51.4,residential
4677735214,4677735216,111.3,residential
4677735216,4677735220,109.1,residential
4677735335,4677735326,99.1,service
6200369422,4677735322,101.5,residential
4677735322,12438050032,55.7,residential
12438050032,4677735319,58.9,residential
6203794750,6203794751,36.8,residential
6203794751,6203794760,15.5,residential
6203794760,4634358012,55.1,residential
6203794761,6203794762,39.4,footway
6203794762,6203794763,51.5,footway
6203794763,6203794764,22.3,footway
6203794761,6203794765,42.7,steps
6203794764,6203794766,12.2,steps
4634358041,6203794769,43.1,residential
4634358025,6203794770,25.3,service
6203794770,6203794771,37.5,service
4634358024,6203795894,30.5,residential
6203795894,6203794772,23.7,residential
6203794772,6203794773,55.3,residential
6203794773,6203795888,18.2,residential
6203795888,6203794774,27.1,residential
6203794774,6203794775,50.0,residential
6203794775,6203794776,27.3,residential
6203794779,6203794780,29.8,residential
6203794780,6203794781,61.9,residential
6203794781,6203795889,33.2,residential
6203795889,6203794782,6.7,residential
6203794782,6203794783,42.6,residential
6203794783,6203794784,47.3,residential
4235824868,6203795885,20.6,residential
6203795885,6203794784,14.1,residential
6203794784,6203795886,21.4,residential
6203795886,6203795887,22.6,residential
6203795888,6203795891,53.9,residential
6203795891,6203795889,9.0,residential
6203795889,4235824876,36.0,residential
6203795891,6203795892,61.0,residential
6203795892,6203795893,45.3,residential
6203795893,6203795894,13.8,residential
6203795895,6203795896,26.6,service
4634358050,6203794779,39.5,residential
6203794779,6203795896,26.4,residential
6203795896,4634358024,30.3,residential
4634358024,6203795897,20.6,residential
6203795897,8382098155,18.6,residential
8382098155,6203795898,21.4,residential
6203795898,6203795899,62.1,residential
6203795899,6371429597,24.2,residential
6371429597,6203795912,19.4,residential
6203795912,6203795913,81.2,residential
6203795913,9215211280,11.8,residential
9215211280,6203795914,55.2,residential
6203795914,6203795953,22.6,residential
6203795953,6203795915,18.0,residential
6203795915,6203795916,27.4,residential
6203795916,6203795947,10.8,residential
6203795947,6203795917,16.4,residential
6203795917,6203795918,21.4,residential
6203795918,6203795942,16.8,residential
6203795942,6203795919,26.5,residential
6203795919,6203795941,22.5,residential
6203795941,6203795920,7.3,residential
6203795920,6203795934,16.7,residential
6203795934,6203795921,23.6,residential
6203795921,6203795926,22.0,residential
6203795926,6203795927,29.3,residential
6203795903,6203795907,30.5,service
6203795907,6203795908,23.0,service
6203795908,6203795909,19.5,service
6203795909,6203795910,27.7,service
6203795921,6203795922,26.4,service
6203795922,6203795923,35.2,service
6203795923,6203795924,27.7,service
6203795934,6203795935,17.7,service
6203795935,6203795936,32.8,service
6203795936,6203795937,42.3,service
6203795938,6203795939,41.2,service
6203795939,6203795940,30.1,service
6203795940,6203795941,26.7,service
6203795942,6203795943,16.1,service
6203795943,6203795944,25.4,service
6203795944,6203795945,34.4,service
6203795945,6203795946,24.1,service
6203795947,6203795948,11.2,service
6203795948,6203795949,33.6,service
6203795949,6203795950,36.3,service
6203795950,6203795951,15.7,service
6203795951,6203795952,11.1,service
6203795953,6203795954,24.0,service
6203795954,6203795955,46.1,service
6203795955,6203795956,27.5,service
6203795956,6203795957,31.9,service
436912389,6203796008,15.6,service
6203796008,6203796009,11.1,service
6203796009,6203796010,15.0,service
6203796010,6203796011,25.0,service
6203796011,6203796012,31.6,service
6203796012,6203796013,29.1,service
4636677137,6203796014,22.0,residential
6203796014,6203796028,54.1,residential
6203796028,6203796016,36.1,residential
6203796016,5158711982,36.1,residential
6203796017,6203796018,53.6,service
6203796018,6203796019,64.7,service
6203796019,6203796020,47.7,service
436912371,6203796021,50.2,service
6203796021,6203796022,65.0,service
6203796023,6203796024,36.0,residential
6203796024,436912371,14.4,residential
6203796022,6203796025,21.9,service
6203796025,6203796026,32.6,service
6203796026,6203796027,48.8,service
6203796027,6203796017,33.2,service
6203796028,6203796029,56.8,residential
6203796029,6203796030,54.4,residential
6204708602,13078999359,102.9,primary
13078999359,4738684364,76.4,primary
4738684364,4738817581,64.8,primary
4738817581,4738684363,21.3,primary
4738684363,4740205545,83.0,primary
4740205545,4738817582,57.2,primary
4738817582,4738684361,84.6,primary
4738684361,4738684360,47.6,primary
4738684360,4738684359,35.7,primary
4738684359,9249577874,48.1,primary
9249577874,4738684358,20.1,primary
4738684334,4738684333,20.0,primary
4738684333,4738684332,25.9,primary
4738684332,4738684331,30.0,primary
4738684331,4738684330,80.5,primary
4738684330,6204708592,15.4,primary
6204708592,6204708602,121.8,primary
436738021,6204708605,7.1,primary
6204708605,4634358012,9.5,primary
4634358012,436738020,44.6,primary
436738020,9310032725,19.4,primary
6204708594,6204708595,12.5,primary_link
6204708595,6204708596,31.4,primary_link
6204708596,6204708597,35.3,primary_link
6204708597,6204708598,26.7,primary_link
6204708598,9350114229,43.2,primary_link
9350114229,6204708599,43.0,primary_link
6204708599,9350114234,16.2,primary_link
9350114234,6204708600,22.3,primary_link
6204708600,6204708601,50.4,primary_link
6204708601,13078999360,63.7,primary_link
13078999360,13078999358,44.2,primary_link
13078999358,13078999359,25.1,primary_link
436725630,6204708603,41.3,primary_link
6204708603,9350114232,80.3,primary_link
9350114232,4062146351,23.7,primary_link
4062146351,9350114231,33.2,primary_link
9350114231,6204708593,63.6,primary_link
6204708593,6204708607,62.6,primary_link
6204708607,6204708605,9.8,primary_link
4738817578,4740468299,17.1,secondary
4738817579,4738817578,15.7,secondary
6225821714,6225821738,112.3,service
6225821738,6225821747,18.9,service
6225821747,6225821745,18.5,service
6225821745,6225821715,12.3,service
6225821715,6225821736,4.4,service
6225821736,6225821716,7.3,service
6225821716,6225821717,5.9,service
6225821717,6225821718,4.8,service
6225821718,6225821719,10.3,service
6225821719,6225821720,8.7,service
6225821720,6225821725,116.5,service
6225821725,6225821721,164.7,service
6225821721,6225821729,50.8,service
6225821729,6225821730,23.5,service
6225821726,6225821725,189.6,service
6225821727,6225821728,124.8,track
6225821736,6225821737,170.7,service
6225821738,6225821740,21.2,service
6225821740,6225821748,18.4,service
6225821748,6225821750,17.6,service
6225821750,6225821753,19.6,service
6225821753,6225821755,19.6,service
6225821755,6225821757,17.9,service
6225821757,6225821759,17.7,service
6225821759,6225821739,38.0,service
6225821740,6225821741,86.6,service
6225821741,6225821749,18.1,service
6225821749,6225821751,17.6,service
6225821751,6225821752,19.8,service
6225821752,6225821742,5.1,service
6225821742,6225821754,20.0,service
6225821754,6225821756,25.8,service
6225821756,6225821758,23.4,service
6225821758,6225821739,54.0,service
6225821739,6225821743,5.8,service
6225821743,6225821746,16.2,service
6225821746,6225821744,17.7,service
6225821744,6225821745,172.7,service
6225821747,6225821746,173.3,service
6225821748,6225821749,86.4,service
6225821750,6225821751,86.3,service
6225821752,6225821753,86.1,service
6225821754,6225821755,72.1,service
6225821756,6225821757,54.1,service
6225821758,6225821759,37.7,service
6225821765,6225821766,19.0,service
6225821766,6225821767,55.7,service
6225821767,6225821768,12.2,service
6225821775,6225821779,64.3,living_street
6225821779,6225821776,29.6,living_street
6225821776,6225821777,38.7,living_street
6225821777,6225821778,49.6,living_street
6225821779,13058713559,1.7,living_street
13058713559,13058713552,57.8,living_street
13058713552,6225821780,58.1,living_street
6225822113,6225822114,3.0,service
6225822114,6225822115,3.0,service
6225822115,6225822116,3.0,service
6225822116,6225822117,3.0,service
6225822117,6225822118,3.0,service
6225822118,6225822101,3.0,service
6225822101,6225822102,2.9,service
6225822102,6225822103,2.9,service
6225822103,6225822104,2.9,service
6225822104,6225822109,2.9,service
6225822109,6225822110,2.9,service
6225822110,6225822111,2.9,service
6225822111,530278204,2.9,service
530278204,6225822112,2.9,service
6225822112,6225822105,2.9,service
6225822105,6225822106,3.0,service
6225822106,6225822107,3.0,service
6225822107,6225822108,3.0,service
6225822108,6225822113,3.0,service
6225822119,6225822120,48.0,service
6225822120,6225822121,6.9,service
6225822121,6225822122,4.1,service
6225822122,6225822123,4.3,service
6225822123,6225822124,32.9,service
6225822124,6225822125,6.7,service
6225822125,6225822126,5.5,service
6225822126,6225822127,3.8,service
6225822127,6225822128,5.7,service
6225822128,6225822129,6.0,service
10861820130,529470358,131.0,tertiary
6280676300,6280676301,56.6,service
6280676301,9350087401,2.3,service
9350087401,6284023496,83.1,service
6284023496,6280676303,92.7,service
6280676303,6280676304,146.6,service
6280676305,6203796029,84.5,service
6203796029,6280676307,81.9,service
6280676307,6280676308,152.5,service
5158711982,6280676310,155.3,residential
6280676311,6282827180,95.6,residential
6282827180,6282827176,16.6,residential
6282827176,4636677867,97.2,residential
4235822585,6282828786,71.9,residential
6282828786,9217386187,72.1,residential
9217386187,4057921207,77.2,residential
4057921207,6280676311,59.0,residential
6280676311,6282827183,18.7,residential
6282827183,6280676313,83.2,residential
6280676314,9201335479,18.4,residential
9201335479,6280676315,12.4,residential
6280676315,6280676316,50.2,residential
6280676316,6280676317,117.9,residential
6280676317,6280676318,69.9,residential
6280676319,6280676320,87.8,residential
436581026,6280676321,28.0,residential
6280676321,6280676320,103.1,residential
6280676324,6280676325,12.8,living_street
6280676325,6280676326,17.6,living_street
6280676326,6280676327,9.6,living_street
6280676320,6280676328,21.9,living_street
6280676328,6280676327,7.7,living_street
6280676327,6280676329,26.7,living_street
6280676329,6280676330,17.1,living_street
6280676330,6280676331,15.0,living_street
6280676331,6280676332,12.0,living_street
6280676332,6280676333,16.3,living_street
6280676333,6280676334,20.9,living_street
6280676334,6280676335,31.5,living_street
6280676346,6280676355,147.9,service
6280676355,6280676348,28.9,service
6280676348,8795938945,73.7,service
6280676350,6280676351,39.6,service
6280676351,6280676354,56.6,service
6280676354,9311952564,25.8,service
9311952564,6280676352,55.9,service
6280676352,6280676353,59.5,service
4635301000,6280676354,47.9,service
6280676354,6280676355,40.4,service
6280677222,6280676342,47.6,residential
6280676342,8795938940,18.3,residential
8795938940,6280677223,35.9,residential
6280677224,6280677223,115.6,service
6280677223,6280677225,53.2,service
6280677225,6280677227,25.6,service
6280677227,6280677228,33.6,service
4525714789,6280677228,27.6,service
6280677228,8243238829,24.8,service
8243238829,6280677230,36.0,service
6280677231,6280677230,65.3,service
6280677230,8825312836,13.8,service
8825312836,6280677233,35.7,service
6280677233,6280677234,29.8,residential
6280677234,6280677235,45.8,residential
6280677235,6280677237,14.1,residential
6280677237,13953462582,28.6,residential
13953462582,6280677238,13.5,residential
6280677238,6280677239,35.8,residential
6280677239,13953462579,5.4,residential
13953462579,6280677240,26.9,residential
6280677240,13953462576,36.5,residential
13953462576,6280677241,5.9,residential
6280677241,6280677242,51.2,residential
6280677242,7895481651,50.9,residential
7895481651,7895481652,58.0,residential
6282827172,4057921165,150.4,residential
4057921165,4057921149,65.5,residential
4057921149,9217386186,75.6,residential
9217386186,6282827174,77.3,residential
6282827177,6282827178,79.0,residential
6282827178,6282827179,148.1,residential
6282827179,6282827180,64.4,residential
6282827180,6282827181,98.4,residential
6282827182,6282828785,110.8,residential
6282828785,6282827183,40.0,residential
6282827184,6282828785,76.8,residential
8591741630,9201406451,22.4,residential
9201406451,6282828788,55.4,residential
6282828791,6282828790,121.5,service
6282828790,6282828789,105.9,service
6282828792,6282828793,128.7,residential
6282828793,6282828794,127.8,residential
6282828795,6282828796,145.2,residential
6282828796,4677788854,60.0,residential
6371429597,9215211284,14.5,residential
9215211284,6203795902,8.7,residential
6203795902,6203795903,21.5,residential
6203795903,6203795904,27.8,residential
6203795904,6203795905,30.5,residential
6203795905,6203795910,18.3,residential
6203795910,9331381911,4.4,residential
9331381911,6203795906,22.9,residential
4740468299,4738817579,9.6,primary
4738817578,9201416701,18.7,primary
9201416701,6203794771,8.9,primary
4738817579,9201416697,5.2,primary
9201416697,4738684337,32.2,primary
4738684337,6280676314,23.0,primary
6280676314,4738684335,12.0,primary
4738684335,6204708594,36.5,primary
6204708594,4738684334,9.9,primary
4740468298,4740468297,100.1,secondary
6203796030,9350087404,26.0,residential
9350087404,6284023496,28.4,residential
6284023496,6284023497,54.1,residential
6284023497,6284023503,67.6,residential
6284023503,6284023500,62.6,residential
6284023500,9196749613,43.9,residential
9196749613,9349997836,33.0,residential
9349997836,6284023498,1.1,residential
6284023498,9349997838,28.1,residential
9349997838,6284023499,50.8,residential
4635306068,6284023506,93.8,service
6284023506,6284023500,49.4,service
6284023500,6284023501,92.4,service
6284023501,9350087392,77.2,service
9350087392,6284023502,69.2,service
436912407,6203796032,52.2,service
6203796032,6284023503,147.7,service
6284023503,6284023504,103.5,service
6284023504,9350087394,89.6,service
9350087394,6284023505,46.1,service
6284023506,9196757452,45.7,residential
9196757452,6284023507,37.3,residential
6284023507,6284023508,78.5,residential
6284023511,9290335174,55.0,service
9290335174,6284023510,30.7,service
6284023510,6284023509,138.5,service
6284023515,13727740599,62.6,residential
13727740599,13727741801,2.1,residential
13727741801,6284023513,3.0,residential
6284023513,6284023514,100.7,residential
5158711973,6284023516,96.8,residential
6284023516,6284023519,104.5,residential
6284023519,6284023515,110.0,residential
6284023517,6284023514,65.6,residential
6284023514,6284023520,53.7,residential
4636677871,8591741633,7.8,residential
6286283156,6286283157,49.2,residential
6286283157,6286283415,7.3,residential
1645075261,12305995643,20.2,tertiary
12305995643,12305995649,1.7,tertiary
12305995649,12305995642,5.9,tertiary
12305995642,1645075262,12.4,tertiary
1645075262,12308827451,28.9,tertiary
12308827451,12315455309,15.4,tertiary
12315455309,8124792412,25.6,tertiary
8124792412,12305995636,71.5,tertiary
12305995636,12305995635,11.8,tertiary
12305995635,1645075263,10.8,tertiary
1645075263,9214231123,40.7,tertiary
9214231123,1645075264,54.5,tertiary
1645075264,8137538296,7.5,tertiary
8137538296,12305995601,6.9,tertiary
12305995601,12305973900,6.1,tertiary
12305973900,12305973899,5.1,tertiary
12305973899,12305973893,4.5,tertiary
12305973893,1645075266,4.7,tertiary
1645075266,8137538300,5.7,tertiary
8137538300,1645075267,7.1,tertiary
1645075267,12305973892,9.1,tertiary
12305973892,8124792422,27.2,tertiary
8124792422,12305973890,13.3,tertiary
12305973890,12304715952,13.3,tertiary
12304715952,12304715951,16.4,tertiary
12304715951,12855618615,31.0,tertiary
12855618615,4756570987,17.8,tertiary
4756570987,12304715949,47.4,tertiary
12304715949,12304715934,18.5,tertiary
12304715934,12304715933,15.7,tertiary
12304715933,12855618628,3.5,tertiary
12855618628,8124792359,12.2,tertiary
8124792359,12304715929,13.7,tertiary
12304715929,1645075273,17.2,tertiary
1645075273,12304715925,59.5,tertiary
12304715925,12304715924,24.0,tertiary
12304715924,12304715923,20.2,tertiary
12304715923,1645075276,19.9,tertiary
1645075276,4756570990,34.3,tertiary
4756570990,12304715916,111.1,tertiary
12304715916,12304715914,21.0,tertiary
12304715914,12304715915,12.4,tertiary
12304715915,1645075278,15.5,tertiary
1645075278,1645075281,20.4,tertiary
1645075281,12304715908,13.2,tertiary
12304715908,4756570993,116.5,tertiary
4756570993,12304715843,33.5,tertiary
12304715843,12304715842,124.8,tertiary
12304715842,1645075285,11.8,tertiary
1645075285,1645075287,10.1,tertiary
1645075287,12304715835,10.1,tertiary
12304715835,12304715833,9.0,tertiary
12304715833,12304715829,10.3,tertiary
12304715829,4663112397,30.2,tertiary
4658585741,9290335176,49.4,residential
9290335176,6351635652,50.8,residential
6351635652,9211943916,45.6,residential
9211943916,6351635653,53.0,residential
4658585742,6351635657,66.6,pedestrian
6351635657,6351635661,55.3,pedestrian
6351635661,6351635668,51.5,pedestrian
6351635668,6351635674,40.6,pedestrian
6351635674,6351635677,42.1,pedestrian
6351635677,4638164089,51.4,pedestrian
6351635655,6351635659,12.0,pedestrian
6351635659,6351635658,6.3,pedestrian
6351635658,9382960840,1.1,pedestrian
9382960840,6351635656,47.4,pedestrian
6351635656,6351635657,66.4,pedestrian
6351635660,9382960841,18.6,pedestrian
9382960841,6351635662,47.3,pedestrian
6351635662,6351635661,74.6,pedestrian
6351635661,6351635663,57.2,pedestrian
6351635663,6351635664,105.6,pedestrian
6351635665,9382960842,18.8,pedestrian
9382960842,9382960834,12.9,pedestrian
9382960834,6351635666,33.9,pedestrian
6351635666,6351635667,45.3,pedestrian
6351635667,6351635668,36.6,pedestrian
6351635669,9382960837,19.6,pedestrian
9382960837,9382960844,12.9,pedestrian
9382960844,6351635670,11.3,pedestrian
6351635670,6351635671,10.3,pedestrian
6351635671,6351635672,16.6,pedestrian
6351635672,6351635673,60.1,pedestrian
6351635673,6351635674,28.6,pedestrian
6351635675,9382960845,16.1,pedestrian
9382960845,6351635676,33.1,pedestrian
6351635676,6351635677,94.3,pedestrian
4658585750,4658585752,61.4,residential
4658585752,4658585733,57.0,residential
4638164089,6351635654,108.2,pedestrian
4658585735,6351635683,6.3,residential
6351635683,9382960836,9.7,residential
9382960836,9382960843,16.9,residential
9382960843,4658585740,32.5,residential
4658585740,4638164089,101.9,residential
4740468290,12117635772,18.7,secondary
12117635772,4740468289,42.0,secondary
4740468289,5158711979,63.7,secondary
5158711979,4740468288,62.7,secondary
4740468288,4740468284,6.1,secondary
6203796034,4635306066,19.0,secondary
4635306066,1831658923,6.6,secondary
1831658923,1831658899,41.7,secondary
1831658899,9271029058,3.5,secondary
9271029058,414668049,27.7,secondary
4740710085,4656644595,46.9,residential
4656644595,9211943913,93.3,residential
9211943913,4635306618,14.4,residential
4635306618,6203796034,91.4,residential
5164536877,4736970037,47.5,primary
4736970037,4658585758,94.2,primary
4658585758,9310043674,24.8,primary
9310043674,5158711972,7.7,primary
5158711972,9310043672,102.8,primary
9310043672,4672085248,13.6,primary
4672085248,6284023522,101.7,primary
6284023522,9271029054,96.3,primary
9271029054,13989496898,5.8,primary
13989496898,436561599,21.3,primary
436561599,13952030388,25.8,primary
13952030388,13989496903,15.9,primary
13989496903,13989496907,1.5,primary
4740710058,9271029064,6.2,primary
9271029064,4740710057,24.1,primary
4740710057,4740710056,30.9,primary
4740710056,4740710055,39.6,primary
4740710055,4740710054,20.0,primary
14106303400,6351635655,55.0,residential
6351635655,4658585734,28.0,residential
4658585734,4658585738,17.2,residential
4658585738,6351635660,4.8,residential
6351635660,6351635665,55.9,residential
6351635665,6351635669,58.9,residential
6351635669,4658585735,74.3,residential
4658585735,1831659737,100.8,residential
6371429593,9201416705,34.6,service
9201416705,9215222256,13.8,service
9215222256,9201416704,16.0,service
9201416704,6371429595,19.2,service
6371429595,6203795938,88.5,service
9345075808,9345075809,22.6,cycleway
9345075809,9345075810,11.8,cycleway
9345075810,9345075811,26.3,cycleway
9345075811,6377749466,8.9,cycleway
4740205191,6378700715,48.1,cycleway
6378700715,6378700716,83.5,cycleway
6378700716,9249579476,256.8,cycleway
9249579476,6378700717,2.3,cycleway
6378700717,6378700718,203.1,cycleway
6378700718,6378700719,29.0,cycleway
6378700719,6378700720,114.7,cycleway
6378700720,6378700721,25.2,cycleway
6378700725,9310065465,19.7,cycleway
6378700741,6378700734,48.0,cycleway
6378700734,6378700743,58.6,cycleway
6378700743,8795770881,79.6,cycleway
8795770881,8795770882,32.0,cycleway
8795770882,9382962605,21.2,cycleway
9382962605,6378700735,18.6,cycleway
9310065466,6378700742,92.9,cycleway
6378700742,6378700739,62.7,cycleway
6378700739,10601348757,33.9,cycleway
10601348757,6378700740,34.2,cycleway
6378700740,6378700741,176.0,cycleway
4646907778,6428724560,19.0,residential
6428724560,6428724561,47.6,residential
6428724561,4646907779,19.6,residential
4756570989,4756570990,66.0,service
1645075281,4740327357,68.2,residential
6477475958,6477475959,31.1,path
6477475959,6477475960,53.1,path
6477475960,11518968599,20.0,path
11518968599,6477475961,21.3,path
6477475961,11170799304,63.1,path
11170799304,6477475962,35.4,path
6478182311,6478182312,67.7,service
6478182312,11518969900,27.5,service
11518969900,6478182313,35.9,service
6478182313,6478182314,70.6,service
6478182314,6478182315,118.8,service
6478182315,6478182316,72.0,service
6478182316,6478182317,79.7,service
6478182322,2250735039,23.7,service
6479689586,6479689587,82.0,service
6479689587,11282579511,50.0,service
11282579511,6479689588,52.7,service
6479689588,6479689589,28.2,service
6479689589,6479689610,169.2,service
6479689610,6479689590,22.2,service
6479689590,6479689591,19.6,service
6479689591,6479689592,16.9,service
6479689592,6479689593,21.0,service
6479689593,6479689594,12.5,service
6479689594,6479689595,17.7,service
6479689595,6479689596,11.5,service
6479689596,6479689597,26.8,service
6479689597,11282579452,1.7,service
11282579452,6479689598,17.8,service
6479689598,6479689599,12.3,service
6479689599,6479689600,12.9,service
6479689600,6479689601,16.5,service
6479689601,2817954021,55.9,service
6479689610,6479689611,88.0,service
10902214855,10902214856,11.2,service
10902214856,6479769497,52.8,service
6479769497,6479769498,42.0,service
6479769498,6479769499,31.0,service
6479769499,6479769500,63.7,service
6479769500,6479769501,41.1,service
6479769501,13061816005,12.7,service
13061816005,13061803995,50.9,service
13061803995,6479769502,41.6,service
5224648442,13061803986,40.6,residential
13061803986,6479769503,23.2,residential
6479769503,13061816029,33.7,residential
13061816029,13061803987,26.3,residential
13061803987,6479769504,2.2,residential
6479769504,13061816024,39.9,residential
13061816024,6479769505,4.1,residential
6479769505,13061816047,42.1,residential
13061816047,6479769506,6.6,residential
6479769506,13061816052,22.5,residential
13061816052,6479769507,32.8,residential
2817954035,11518970286,36.3,path
11518970286,11518970284,11.1,path
11518970284,11518970285,15.4,path
11518970285,11518970283,15.0,path
11518970283,11518970282,12.4,path
11518970282,11518969692,7.9,path
11518969692,6479773618,5.4,path
6479773618,11170799315,14.2,path
11170799315,11518970281,18.6,path
11518970281,11518970280,23.7,path
11518970280,11518970279,19.9,path
11518970279,11170799313,17.3,path
11170799313,11518970270,19.7,path
11518970270,11518970278,15.6,path
11518970278,11518970269,14.5,path
11518970269,11170799314,15.5,path
11170799314,11170799316,14.3,path
11170799316,11518970268,6.3,path
11518970268,11518970277,6.4,path
11518970277,5210651822,1.9,path
2918326160,1724839202,26.4,secondary
1724839202,13989497055,30.0,secondary
13989497055,4677788837,73.3,secondary
4677788837,9557314457,21.0,secondary
9557314457,9557314458,98.4,secondary
9557314458,4677788848,11.5,secondary
4677788848,13989496792,101.5,secondary
13989496792,1724846504,18.3,secondary
1724846504,13989496798,12.7,secondary
13989496798,9288127480,104.4,secondary
9288127480,13989496801,11.3,secondary
13989496801,8591741629,10.2,secondary
4677674162,4677674163,66.5,residential
4677674179,4677674165,66.9,residential
4677674179,4677674182,32.5,residential
4677674182,4677674166,31.1,residential
4677674166,4677674167,38.8,residential
4677674167,4677674173,7.3,residential
4677674173,4677674168,36.9,residential
6642305314,4645265873,67.3,living_street
529778422,13588441002,2.0,residential
13588441002,13588441384,57.3,residential
13588441384,529778424,12.1,residential
529778424,2122131931,38.9,residential
529778431,790705538,72.6,unclassified
790705538,790705645,70.1,unclassified
790705645,12385823585,51.7,unclassified
12385823585,13147446218,12.0,unclassified
13147446218,529778432,68.5,unclassified
10857705920,2911126363,13.6,residential
2911126360,10857624529,113.9,unclassified
10857624529,10857624537,2.8,unclassified
10857624537,10857624534,9.9,unclassified
10857624534,10857624533,7.3,unclassified
10857624533,529804462,8.2,unclassified
529804462,529804466,42.3,unclassified
529804466,529804467,27.6,unclassified
529804467,10857999909,16.3,unclassified
10828161873,13147446271,71.8,unclassified
13147446271,13147446264,28.0,unclassified
13147446264,2911126374,61.3,unclassified
2911126374,11507998145,85.2,unclassified
11507998145,10857999935,7.2,unclassified
10857999935,11507998142,32.1,unclassified
11507998142,2911126360,20.0,unclassified
2911126363,2911126367,92.2,unclassified
2911126367,699850088,90.3,unclassified
4663112402,4663112401,109.8,residential
6647012000,6647012001,8.2,footway
6683103010,4632539413,98.8,residential
4632539413,4632539417,47.6,residential
4632539417,4632539427,10.7,residential
4632539427,4632539425,73.6,residential
4632539425,4632539423,14.8,residential
4632539423,4632539433,68.5,residential
2818013348,6699604129,20.1,service
6699604129,6699604130,25.4,service
6699604130,13603310987,16.6,service
13603310987,6699604131,6.3,service
6699604131,6699604132,18.5,service
6699604132,6699604133,30.1,service
5224671236,6699604146,1.5,footway
6699604166,6699604149,5.6,footway
6699604149,6699604167,3.1,footway
6699604167,6699604168,3.6,footway
6699604168,6699604169,5.8,footway
6699604169,6699604170,5.5,footway
6699604170,6699604171,6.8,footway
6699604171,6699604172,22.8,footway
6699604172,6699604173,28.0,footway
6699604173,6699604174,23.8,footway
6699604174,9326936427,13.9,footway
9326936427,8954116257,36.9,footway
8954116257,8954116258,36.5,footway
8954116258,8954116259,27.5,footway
8954116259,9326936421,4.5,footway
9326936421,8954116263,16.9,footway
6699604166,6699604178,7.5,footway
6699604178,6699604179,6.4,footway
6699604179,9326931997,3.5,footway
9326931997,6699604180,3.7,footway
6699604180,6699604181,7.6,footway
6699604181,6699604182,9.3,footway
6699604182,6699604183,12.7,footway
6699604183,6699604184,15.3,footway
6699604184,6699605785,17.5,footway
6699605785,6699605786,15.1,footway
6699605786,6699605787,23.5,footway
6699605787,12385816081,35.0,footway
12385816081,9326931990,15.8,footway
9326931990,8954116254,5.4,footway
8954116254,8954116255,29.0,footway
8954116255,8954116256,21.4,footway
8954116256,529470140,83.3,footway
529803989,529803983,25.1,path
529803983,529803984,37.4,path
529803984,529803962,30.3,path
529803962,529803963,30.9,path
529803963,12311483262,13.3,path
12311483262,529803964,7.7,path
529803964,529803965,32.6,path
529803965,529803966,39.5,path
529803966,529803970,30.3,path
529803970,529803971,16.9,path
529803971,12311483298,7.8,path
12311483298,529803972,20.5,path
529803972,529803967,38.2,path
529803967,12311483296,10.4,path
12311483296,529803968,20.1,path
529803968,529803969,25.8,path
529803969,12311483269,10.6,path
6699605797,6699605798,30.6,service
6699605798,6699605801,61.3,service
6699605801,6699605803,4.3,service
6699605803,6699605805,3.4,service
6699605805,6699605806,3.8,service
6699605806,6699605809,62.3,service
6699605809,6699605811,4.9,service
6699605811,6699605814,22.7,service
6699605814,6699605816,3.8,service
6699605816,6699605798,9.7,service
6699605840,6699605841,8.9,service
6699605841,6699605842,13.7,service
6699605842,3756931455,10.0,service
3756931455,6699605843,45.8,service
6699605843,6699605849,20.3,service
6699605849,6699605844,34.6,service
6699605844,6699605848,102.1,service
6699605848,6699605845,20.8,service
6699605846,6699605847,20.1,service
6699605847,6699605848,98.1,service
6699605849,6699605859,14.1,service
6699605859,6699605850,11.6,service
6699605851,6699605852,4.5,service
6699605852,6699605853,45.5,service
6699605853,6699605854,7.2,service
6699605854,6699605850,12.9,service
6699605855,6699605856,7.8,service
6699605856,6699605857,10.6,service
6699605857,6699605858,47.7,service
6699605858,6699605859,8.9,service
7456175743,14104631219,8.9,residential
6743435583,6743435584,101.4,service
6743475486,13108382596,40.0,service
13108382596,13108382607,21.6,service
13108382607,4636664270,30.2,service
6743475491,4636664270,126.6,service
4636664270,13092319494,37.2,service
13092319494,13092319493,38.0,service
13092319493,13092319492,49.6,service
13092319492,4636664271,51.4,service
4636664271,4636664274,28.7,service
4636664274,4636664272,54.0,service
6743475485,4636664269,94.3,service
4636664269,6743475491,17.8,service
6743475491,13092321209,18.4,service
13092321209,6743475495,40.6,service
6743475495,6743475492,22.6,service
6743475492,6743475493,23.2,service
6743475493,13092321210,20.4,service
13092321210,6743475494,21.3,service
4632539425,4632539426,82.0,service
4632539411,4632539412,50.5,residential
4632583608,8265970126,70.5,residential
8265970126,6771400436,37.6,residential
6771400437,6771400438,97.7,residential
4740710054,4740710053,78.5,primary
4740710053,9310065496,46.7,primary
9310065496,4740710052,23.1,primary
4635295495,8265960301,37.7,tertiary
8265960301,4635295494,41.4,tertiary
4635295494,4645265873,46.2,tertiary
4645265873,4645265872,24.3,tertiary
4645265872,4632583940,32.3,tertiary
4740710052,12168051659,27.3,primary
12168051659,4756571531,63.2,primary
4756571531,4740710050,47.2,primary
4740710050,4756571529,45.7,primary
4756571529,4756571521,42.1,primary
4756571521,4740710049,8.8,primary
4740710049,9271029068,17.8,primary
9271029068,4740710044,7.4,primary
4740710044,414668430,19.2,primary
436561605,4740710052,10.8,tertiary
436561605,12112513602,43.8,primary
12112513602,4632539432,21.3,primary
4632539432,9510688679,51.1,primary
9510688679,4701487690,14.0,primary
4701487690,4632539421,37.6,primary
4632539421,4740710086,41.0,primary
4740710086,9271029067,13.4,primary
9271029067,436561602,26.3,primary
1645075250,13937823886,14.1,tertiary
13937823886,12855618623,7.6,tertiary
12855618623,9310065479,2.8,tertiary
9310065479,12855618627,126.5,tertiary
12855618627,3649885025,10.6,tertiary
3649885025,12855618629,8.8,tertiary
12855618629,6132178377,35.7,tertiary
6132178377,6132178409,51.3,tertiary
6132178409,12855618630,37.6,tertiary
12855618630,6132178361,14.3,tertiary
6132178361,4632583686,40.8,tertiary
4632583686,4632583678,93.6,tertiary
4632583678,9310065492,75.2,tertiary
6378700733,4658585342,25.3,residential
4658585342,1645075252,38.6,residential
1645075252,4658585305,118.9,residential
4658585305,9276418115,77.8,residential
9276418115,1645075258,17.0,residential
1645075258,1645075259,30.9,residential
1645075259,9310065478,23.4,residential
9310065478,1645075254,32.5,residential
1645075260,12855608467,42.1,primary
12855608467,7947730306,57.4,primary
7947730306,9211970238,60.6,primary
9211970238,436911699,51.9,primary
436911699,13671609559,9.9,primary
13671609559,12855608484,17.5,primary
12855608484,10033789061,44.7,primary
10033789061,436911698,17.4,primary
436911698,4632583915,26.2,primary
4632583915,436911697,124.1,primary
436911697,6132178413,50.3,primary
13671609566,1645075255,34.5,residential
1645075255,13671609562,25.2,residential
13671609562,1645075257,11.9,residential
1645075257,1645075256,22.7,residential
1645075256,13671626301,11.4,residential
13671626301,13671609600,55.1,residential
13671609600,13671609559,68.5,residential
13671609559,13671609560,7.2,residential
13671609560,12855608463,17.9,residential
12855608463,13055631350,13.3,residential
13055631350,3659521564,15.9,residential
3659521564,13055631349,16.4,residential
13055631349,13055631351,12.7,residential
13055631351,1831662624,9.7,residential
4740526321,4740525320,39.1,primary
4740525320,4740525319,38.6,primary
4740525319,4740525317,135.0,primary
4740525317,4740700163,5.9,primary
4740700163,12855608485,70.6,primary
12855608485,13671609560,18.2,primary
13671609560,13671609561,9.6,primary
13671609561,4740700164,133.5,primary
4740700164,9310065483,48.5,primary
9310065483,4740525315,17.1,primary
4740525315,1645075260,13.4,primary
4740526321,13055631364,29.2,residential
13055631364,4632583923,83.1,residential
4632583923,4642026818,81.8,residential
4642026818,4740700162,78.5,residential
4740700162,4632583927,29.8,residential
4632583927,13055631388,52.9,residential
13055631388,4650075845,77.2,residential
4650075845,4650030224,107.1,residential
4650030224,4632583933,86.5,residential
4632583933,4632583674,43.2,residential
4632583674,4740205159,9.2,residential
4740205159,4756571523,50.5,residential
4756571523,4649311036,69.2,residential
4649311036,4635295494,116.9,residential
4635295494,4756571536,86.6,residential
4756571536,4632583941,59.4,residential
436913237,12122053864,31.8,primary
12122053864,4649948634,94.9,primary
4649948634,5164536880,65.5,primary
5164536880,9271029072,14.9,primary
9271029072,414668430,34.4,primary
6132178413,436911696,24.2,tertiary
6987341949,6987341950,36.5,residential
3956019769,6987341952,44.6,unclassified
7176667153,7176667175,33.8,service
7176667175,7176667174,90.8,service
7176667174,7176667173,7.0,service
7176667173,7176667172,39.1,service
7176667172,7176667171,41.9,service
7176667171,7176667170,20.9,service
7176667170,7176667169,30.8,service
7176667169,7176667168,23.7,service
7176667168,7176667167,35.4,service
7176667167,7176667166,13.9,service
7176667166,4635300083,29.3,service
7176667153,7176667176,12.0,service
7176667176,7176667177,24.9,service
7176667177,7176667178,89.4,service
7176667178,7176667179,9.9,service
7176667179,7176667180,45.0,service
7176667180,7176667181,14.4,service
7176667181,7176667148,15.5,service
7176667181,7176667182,19.0,service
7176667166,7176667152,33.6,service
7176667175,7176667154,14.7,service
7176667176,7176667165,20.3,service
4235822583,1724839206,4.2,primary
4740205538,6351635651,8.5,tertiary
436561611,4632583660,85.3,tertiary
4632583660,4632583671,69.4,tertiary
4632583671,4632583669,44.0,tertiary
4632583669,4740205540,29.5,tertiary
4740205540,9271029071,6.3,tertiary
9271029071,414668430,39.3,tertiary
436561616,6378700731,11.5,tertiary
6378700731,4740288270,41.5,tertiary
4740288270,8795770878,42.2,tertiary
8795770878,13947279402,20.7,tertiary
13947279402,4740288268,18.1,tertiary
4740288268,4740288267,49.6,tertiary
4740288267,13947240095,14.5,tertiary
13947240095,4740288266,16.9,tertiary
4740288266,4740299283,36.0,tertiary
4740299283,9310065471,90.3,tertiary
9310065471,4740288265,16.7,tertiary
288218594,10836474131,16.0,primary
10836474131,7222557582,8.8,primary
7222557582,12525943403,11.1,primary
7249130563,7249130564,19.1,residential
7249130564,7249130565,10.9,residential
7249130565,7249130566,35.9,residential
7249130566,7249130567,30.1,residential
7249130567,7249130568,51.7,residential
7249130568,7249130569,24.9,residential
7249130569,7249130570,75.4,residential
414664986,13253924061,58.8,primary
13253924061,259979288,84.1,primary
259979288,13802090949,3.7,primary
13802090949,13802090688,15.1,primary
13802090688,259979289,23.3,primary
259979289,12202899673,7.1,primary
12202899673,13802090687,6.6,primary
13802090687,13802090686,6.6,primary
13802090686,13802090685,7.1,primary
13802090685,13802090684,7.6,primary
13802090684,13802090683,7.3,primary
13802090683,13802090682,7.3,primary
13802090682,13802090681,14.2,primary
13802090681,13802090680,6.3,primary
13802090680,13802090679,6.5,primary
13802090679,13802090676,5.6,primary
13802090676,12202899674,6.6,primary
12202899674,259979318,7.0,primary
259979318,259979319,7.8,primary
259979319,13802090669,17.4,primary
13802090669,13802090668,19.3,primary
13802090668,259979321,8.0,primary
259979321,13802090667,7.5,primary
13802090667,259979322,7.4,primary
259979322,13802090666,7.3,primary
13802090666,13802090665,7.1,primary
13802090665,259979323,8.2,primary
259979323,259979324,8.2,primary
259979324,259979327,9.5,primary
259979327,1503595817,10.2,primary
1503595817,13802090648,24.5,primary
13802090648,259979339,44.0,primary
259979339,13802090660,24.1,primary
13802090660,13802090641,12.2,primary
13802090641,13797512286,13.5,primary
13797512286,13797512285,12.7,primary
13797512285,13797512284,8.3,primary
13797512284,259979368,8.7,primary
259979368,259979382,9.8,primary
259979382,259979410,7.8,primary
259979410,259979411,11.3,primary
259979411,259979412,11.7,primary
259979412,13802089377,21.5,primary
13802089377,13802090602,13.3,primary
13802090602,259979414,19.3,primary
259979414,259979420,8.1,primary
259979420,13797512176,6.9,primary
13797512176,259979421,6.5,primary
259979421,13797512164,6.4,primary
13797512164,13797512163,4.8,primary
13797512163,13802089372,2.8,primary
13802089372,259979422,1.5,primary
259979422,13797512169,3.2,primary
13797512169,13797512162,3.4,primary
13797512162,13797512161,10.5,primary
13797512161,259979424,9.6,primary
259979424,13797512157,13.0,primary
13797512157,13797512121,4.1,primary
13797512121,259979425,9.0,primary
259979425,259979428,8.6,primary
259979428,259979429,6.7,primary
259979429,13797512091,6.5,primary
13797512091,13797512090,5.5,primary
13797512090,259979431,5.9,primary
259979431,259979433,9.6,primary
259979433,259979434,11.4,primary
259979434,13797512073,14.0,primary
13797512073,13793839384,139.2,primary
13793839384,13793839405,1.8,primary
13793839405,13793839378,52.4,primary
13793839378,13793839377,8.1,primary
13793839377,13793839376,7.6,primary
13793839376,13793839375,8.7,primary
13793839375,13793839374,9.2,primary
13793839374,259979443,8.7,primary
259979443,259979444,8.7,primary
259979444,259979445,9.5,primary
259979445,259979447,12.8,primary
259979447,259979448,14.4,primary
259979448,259979449,8.9,primary
259979449,259979450,8.6,primary
259979450,13793839334,8.2,primary
13793839334,13793839333,8.1,primary
13793839333,259979453,9.2,primary
259979453,259979457,8.4,primary
259979457,259979458,10.2,primary
259979458,259979459,9.6,primary
259979459,259979460,8.6,primary
259979460,259979461,8.6,primary
259979461,259979462,9.3,primary
259979462,259979463,53.6,primary
259979463,13793839307,62.1,primary
13793839307,13793839306,7.7,primary
13793839306,259979464,7.8,primary
259979464,13793839305,8.4,primary
13793839305,259979465,8.6,primary
259979465,259979466,8.6,primary
259979466,259979468,10.7,primary
259979468,259979469,11.5,primary
259979469,13793838825,70.1,primary
13793838825,13793838824,8.8,primary
13793838824,13793838823,7.8,primary
13793838823,259979472,8.0,primary
259979472,13793838822,8.0,primary
13793838822,13793838821,9.2,primary
13793838821,13793838820,9.2,primary
13793838820,259979473,9.5,primary
259979473,259979475,8.9,primary
259979475,259979479,9.1,primary
259979479,259979480,8.2,primary
259979480,13793838819,9.6,primary
13793838819,259979481,9.7,primary
259979481,259979482,8.3,primary
259979482,259979488,7.9,primary
259979488,259979489,8.0,primary
259979489,259979507,8.5,primary
259979507,259979512,7.8,primary
259979512,259979513,7.8,primary
259979513,259979514,7.9,primary
259979514,259979516,9.9,primary
259979516,259979518,9.4,primary
259979518,259979519,133.5,primary
259979519,13793839242,26.6,primary
13793839242,13793838924,11.9,primary
13793838924,13793838826,19.4,primary
13793838826,13793838803,20.0,primary
13793838803,13793838802,9.4,primary
13793838802,13793838801,9.0,primary
13793838801,13793838800,8.6,primary
13793838800,259979521,8.0,primary
259979521,259979522,8.9,primary
259979522,259979526,8.7,primary
259979526,259979527,10.2,primary
259979527,259979533,9.1,primary
259979533,259979560,8.9,primary
259979560,259979579,10.4,primary
259979579,259979598,57.4,primary
259979598,13793838774,32.7,primary
13793838774,259979628,39.7,primary
259979628,13793838738,57.8,primary
13793838738,259979657,14.0,primary
259979657,13793838737,10.3,primary
13793838737,13793838736,10.5,primary
13793838736,13793838735,9.4,primary
13793838735,259979674,9.2,primary
259979674,259979688,11.5,primary
259979688,259979693,11.3,primary
259979693,259979712,37.5,primary
259979712,13793838734,9.7,primary
13793838734,13793838696,7.3,primary
13793838696,13793838695,9.0,primary
13793838695,259979713,8.4,primary
259979713,259979714,10.5,primary
259979714,259979715,10.4,primary
259979715,259979716,12.7,primary
259979716,259979717,42.1,primary
259979717,13793838680,16.1,primary
13793838680,13793838679,13.4,primary
13793838679,13793838665,12.6,primary
13793838665,13793838664,12.0,primary
13793838664,259979718,10.4,primary
259979718,13793838663,9.0,primary
13793838663,259979719,9.6,primary
259979719,259979720,8.7,primary
259979720,13793838650,3.1,primary
13793838650,13793838649,5.7,primary
13793838649,259979721,8.8,primary
259979721,13793838645,10.3,primary
13793838645,259979722,10.8,primary
259979722,259979723,10.5,primary
259979723,13793838658,9.9,primary
13793838658,13793838622,10.8,primary
13793838622,259979724,4.9,primary
259979724,13793838617,20.8,primary
13793838617,13793838550,6.9,primary
13793838550,13793838383,7.8,primary
13793838383,13072307011,8.4,primary
13072307011,13793838381,4.5,primary
13793838381,13784654903,22.6,primary
13784654903,13793838379,18.1,primary
13793838379,13793838378,13.8,primary
13793838378,259979725,8.8,primary
259979725,13784654894,8.0,primary
13784654894,13784654893,8.1,primary
13784654893,259979726,8.7,primary
259979726,13784654888,8.3,primary
13784654888,13784654887,9.6,primary
13784654887,259979730,10.4,primary
259979730,259979731,11.4,primary
259979731,259979734,31.9,primary
259979734,259979747,55.8,primary
259979747,13784654876,9.0,primary
13784654876,259979748,8.7,primary
259979748,13784654875,9.7,primary
13784654875,13784654874,10.2,primary
13784654874,259979749,10.2,primary
259979749,13784654865,10.5,primary
13784654865,13784654864,13.5,primary
13784654864,13784654863,12.9,primary
13784654863,259979805,13.3,primary
259979805,259979806,12.8,primary
259979806,259979807,11.8,primary
259979807,7723782350,18.9,primary
7384411490,7384411491,56.0,service
7384411491,9201335377,24.0,service
9201335377,9201335376,28.0,service
9201335376,7384411492,39.9,service
7384411492,9201335378,67.2,service
7437065250,7437065252,79.9,residential
7437065252,7437065251,86.5,residential
7437065252,12871742603,27.0,residential
12871742603,7437065253,60.8,residential
7723782066,13784654858,3.5,footway
13784654858,7723782069,3.4,footway
7723782069,7723782070,3.8,footway
7723782070,7723782071,35.7,footway
7723782071,7723782072,22.4,footway
7723782072,7723782074,19.3,footway
7723782074,7723782077,8.3,footway
7723782077,7723782075,11.5,footway
7723782075,13784654904,13.4,footway
13784654904,13784654905,11.9,footway
7723782069,13784654856,4.3,footway
13784654856,7723782350,8.0,footway
5158711968,4645771647,41.8,residential
5158711969,5158711968,74.5,residential
4636677864,7830693605,68.4,residential
4636677863,4636677864,108.3,residential
7830693606,4636677866,105.2,residential
4636677867,6203796020,70.3,residential
6203796020,4636677866,76.6,residential
5684343421,6280676342,103.9,residential
6280676342,5684343422,121.8,residential
5684343421,8795938944,23.9,service
8795938944,8795938945,21.7,service
8795938945,6280676350,40.1,service
6280676350,6194459049,47.8,service
4658402959,4658402972,26.7,service
4658402972,4658402960,42.6,service
5867017048,7947730305,96.0,service
7947730305,7947730306,34.1,service
7947730307,7947730305,50.8,residential
4658585335,9211989853,70.8,residential
9211989853,4658585406,19.2,residential
4658585406,4658585336,64.7,residential
4658585336,9211989906,16.8,residential
9211989906,12045041228,18.5,residential
12045041228,4658585416,58.5,residential
4658585416,9311952560,24.2,residential
9311952560,12949898175,4.8,residential
12949898175,4658585445,7.1,residential
4658585445,4640291338,14.8,residential
7947730308,13947240100,25.3,service
13947240100,7947730310,59.6,service
4745497362,4632583619,24.2,service
4632583619,4632583628,41.0,service
4632583628,4632583625,68.8,service
4632583630,4632583632,47.4,service
4632583632,7947730312,31.9,service
7947730312,4632583641,24.4,service
4632583641,4632583633,61.2,service
4632583633,4632583634,13.4,service
4632583634,7947730311,11.6,service
7947730311,4632583635,40.4,service
4632583625,4632583626,55.5,service
4632583625,4632583623,80.8,service
4632583623,4632583620,37.5,service
4632583620,4632583621,28.0,service
4632583621,6132178360,21.0,service
6132178360,6132178359,20.0,service
6132178359,13947279406,24.7,service
13947279406,4632583622,17.4,service
7947730319,7947730320,42.7,living_street
7947730320,4658585285,48.8,living_street
4740526328,4632583906,69.3,living_street
4632583906,4632583934,51.1,living_street
4632583934,4658585726,28.6,living_street
4658585726,4658585730,18.9,living_street
4658585730,4650030224,11.0,living_street
4650030224,4632583929,39.3,living_street
4632583929,4632583908,26.8,living_street
4632583908,1831659747,35.7,living_street
4635295495,4756571533,83.2,living_street
4756571533,4649311037,41.2,living_street
4649311037,8265960298,44.3,living_street
8265960298,4756571522,32.8,living_street
4756571522,4740205176,51.7,living_street
4740526323,4642026818,74.9,living_street
4642026818,4632583925,29.1,living_street
4632583925,4632583912,51.4,living_street
4632583912,4632583677,35.3,living_street
4701870266,4740700162,103.6,living_street
4632583678,436911694,54.3,living_street
4632583923,4632583924,85.1,service
7838616285,5224671236,0.7,footway
8108720650,8108720651,25.2,living_street
8108720651,8108720652,42.3,living_street
8108720652,8108720653,19.1,living_street
8108720653,5713563138,17.0,living_street
4655011903,8124580466,87.1,service
8124580466,8124580467,32.0,service
8124580467,8124580468,58.0,service
8124580468,8124580469,32.2,service
8124580469,8124580470,61.8,service
8124580470,8124580471,19.8,service
8124580471,8124580472,12.3,service
8124792282,8124792283,130.3,footway
8124792358,8124792359,74.5,footway
4756570997,12855608469,20.3,footway
12855608469,8124792410,38.8,footway
8124792410,14070414390,36.3,footway
14070414390,14070414391,28.3,footway
14070414391,14070414392,11.1,footway
14070414392,14070414393,7.8,footway
14070414393,14070414394,8.8,footway
14070414394,14070414395,12.7,footway
4740525301,8124792419,41.5,residential
8124792419,8124792412,51.7,residential
8124792414,8124792415,88.7,service
8124792417,8124792418,45.6,service
8124792419,8124792420,123.1,service
8124792421,14070414390,11.3,service
14070414390,8124792422,11.0,service
4634870976,8124792607,86.0,service
8124792719,8124792720,63.2,service
8137538279,8137538280,12.8,service
8137538280,8137538281,29.9,service
8137538281,8137538282,10.9,service
8137538282,8137538279,30.7,service
8137538297,12305973897,5.5,service
12305973897,1645075267,32.5,service
8137538296,12855608476,10.9,service
12855608476,8137538298,12.7,service
8137538298,8137538299,7.3,service
8137538299,12305973898,1.6,service
12305973898,8137538297,5.7,service
8137685871,8137685872,71.2,footway
8137685872,4635144790,24.9,footway
8137686061,12304715905,55.4,footway
12304715905,8137686062,10.7,footway
8137686062,8137686063,60.8,footway
8137686119,8137686120,73.6,footway
5684338917,5684338918,46.7,residential
5684338918,8825312835,28.9,residential
8825312835,5684338919,47.0,residential
5684338919,6280676343,78.4,residential
6280676343,5684338920,36.2,residential
8265960299,8265960300,72.8,living_street
8265960300,8265960301,120.7,living_street
8265960301,8265960302,90.8,living_street
4756571534,4656644601,87.3,living_street
4740710052,9310065493,18.6,tertiary
9310065493,4756571534,34.7,tertiary
8265970120,8265970121,81.8,service
8265970121,8265970122,37.2,service
8265970122,8265970124,26.1,service
8265970124,8265970123,7.1,service
8265970124,8265970125,83.4,service
8265970125,8265970119,58.5,service
6771400436,9350114228,40.7,service
9350114228,8265970127,3.7,service
8265970127,6771400438,41.2,service
4756571534,4756571537,29.1,tertiary
4756571537,4756571528,31.2,tertiary
4756571528,4635295495,58.3,tertiary
4632583942,4756571535,61.3,living_street
4756571535,4756571538,50.9,living_street
4756571538,4635295495,44.2,living_street
4658585742,4740710059,57.6,primary
4740710059,9382960839,47.6,primary
9382960839,4740710058,15.0,primary
8296445145,8296445220,76.2,tertiary
8296445220,8296445146,194.8,tertiary
8296445151,8296445152,189.7,track
8296445152,8296445153,33.3,track
8296445192,8296445193,18.8,footway
8296445193,8296445194,16.4,footway
8296445194,8296445195,29.7,footway
8296445195,8296445196,14.8,footway
8296445196,8296445197,61.3,footway
8296445197,8296445229,25.4,footway
8296445229,8296445198,41.2,footway
8296445198,8296445244,3.4,footway
8296445244,8296445260,18.4,footway
8296445260,8296445199,3.4,footway
8296445200,8296445270,20.4,service
8296445270,8296445202,6.7,service
8296445202,8296445201,17.8,service
8296445202,8296445203,14.5,service
8296445204,8296445203,21.3,service
8296445203,8296445222,24.8,service
8296445222,8296445219,5.6,service
8296445219,8296445205,13.3,service
8296445213,8296445214,4.4,service
8296445214,8296445215,5.0,service
8296445215,8296445216,5.0,service
8296445216,8296445205,5.0,service
8296445205,8296445206,5.4,service
8296445206,8296445208,5.4,service
8296445208,8296445209,5.4,service
8296445209,8296445210,5.4,service
8296445210,8296445211,5.4,service
8296445211,8296445212,5.4,service
8296445212,8296445207,9.3,service
8296445207,8296445213,28.3,service
8296445217,8296445218,22.0,service
8296445218,8296445210,5.0,service
8296445220,8296445221,18.4,service
8296445221,8296445222,9.2,service
8296445223,8296445224,49.6,footway
8296445224,8296445225,56.6,footway
8296445226,8296445227,81.0,footway
8296445227,8296445228,10.3,footway
8296445228,8296445199,24.9,footway
8296445229,8296445230,5.7,footway
8296445230,8296445231,22.1,footway
8296445231,8296445232,18.3,footway
8296445230,8296445245,18.2,footway
8296445245,8296445233,2.6,footway
8296445233,8296445234,3.8,footway
8296445234,8296445235,5.0,footway
8296445235,8296445236,7.3,footway
8296445236,8296445237,5.6,footway
8296445237,8296445238,6.1,footway
8296445238,8296445239,6.9,footway
8296445239,8296445240,7.0,footway
8296445240,8296445241,6.4,footway
8296445241,8296445242,5.1,footway
8296445242,8296445243,6.1,footway
8296445243,8296445244,11.0,footway
8296445245,8296445246,11.4,footway
8296445246,8296445247,4.7,footway
8296445247,8296445248,4.7,footway
8296445248,8296445249,2.9,footway
8296445249,8296445250,18.7,footway
8296445250,8296445251,3.2,footway
8296445251,8296445243,2.8,footway
8296445243,8296445252,4.7,footway
8296445252,8296445253,2.2,footway
8296445253,8296445254,3.7,footway
8296445254,8296445255,3.4,footway
8296445255,8296445256,5.5,footway
8296445256,8296445257,2.9,footway
8296445257,8296445258,3.8,footway
8296445258,8296445259,2.3,footway
8296445259,8296445260,4.1,footway
8296445260,8296445261,11.6,footway
8296445223,8296445262,50.3,footway
8296445262,8296445263,9.4,footway
8296445263,8296445264,13.5,footway
8296445264,8296445265,13.6,footway
8296445265,8296445195,25.4,footway
8296445192,8296445271,84.8,footway
8298098274,8298098273,18.1,service
8298098273,8298098246,6.4,service
8298098246,8298098254,98.4,service
8298098254,8298098247,25.8,service
8298098247,8298098248,18.7,service
436912396,9271029040,12.0,residential
9271029040,4636677869,62.8,residential
8591741628,4057921191,71.5,residential
4057921191,4057921190,72.6,residential
8591741627,13989496820,5.7,residential
13989496820,4057921192,63.4,residential
4057921192,4057920716,71.2,residential
4057920716,9349888765,65.4,residential
4057921170,9349894045,10.0,residential
9349894045,4057921180,67.3,residential
4057921180,4057921169,66.0,residential
4057921169,4057921213,68.6,residential
4057921213,4057921212,67.7,residential
4057921212,4057921202,80.7,residential
4677614565,12438049899,45.7,residential
12438049899,4677614566,47.8,residential
4677614566,4677614552,57.9,residential
4677614551,4677614553,63.9,residential
4673526643,4699456990,1.4,residential
4699456990,4680086094,42.2,residential
4680086094,4658585796,25.0,residential
8341384635,4658585796,56.1,residential
4669474523,8341384635,45.1,residential
8341384637,4698272337,59.9,residential
4698272337,8341384636,63.0,residential
4680086096,8341384637,61.0,residential
13952032185,4677788824,63.4,residential
4677788824,4677788826,53.7,residential
4677788826,8341384638,19.8,residential
8341384638,4677788821,82.5,residential
4677788821,4677788818,83.6,residential
4673449999,4680086109,45.8,residential
4680086109,4669474523,27.1,residential
8341384639,4677674386,68.7,residential
4677674410,8341384639,53.3,residential
14070265349,4670385006,94.7,residential
4677674368,4677674301,63.9,residential
8382097933,8382097932,22.9,pedestrian
8382097932,8382097931,17.1,pedestrian
8382097931,8382097930,13.9,pedestrian
8382097930,8382097929,10.5,pedestrian
8382097929,8382097928,7.5,pedestrian
8382097928,8382097927,8.8,pedestrian
8382097927,8382097926,9.7,pedestrian
8382097926,8382097925,6.3,pedestrian
8382097925,8382097924,3.4,pedestrian
8382097924,8382097923,4.8,pedestrian
8382097923,8382097922,16.0,pedestrian
8382097922,8382097921,4.9,pedestrian
8382097921,8382098110,4.7,pedestrian
8382098110,8382097920,5.7,pedestrian
8382097920,8382097919,13.1,pedestrian
8382097919,8382097918,21.2,pedestrian
8382097918,8382098108,2.9,pedestrian
8382098108,8382097933,2.0,pedestrian
8382097947,8382097946,70.1,service
8382097949,8382097948,68.2,service
8382097955,8382097954,9.8,service
8382097954,8382097949,3.9,service
8382097949,8382097946,18.5,service
8382097946,8382097953,13.7,service
8382097953,8382097952,69.9,service
8382097952,8382097947,11.1,service
8382097947,8382097948,18.7,service
8382097948,8382097951,10.5,service
8382097951,8382097950,67.7,service
8382097950,8382097954,8.9,service
8382097964,8382097959,14.9,service
8382097959,8382097958,27.4,service
8382097958,8382098001,2.7,service
8382098001,8382097957,23.4,service
8382097957,8382097956,9.9,service
8382097956,8382097963,11.3,service
8382097962,8382097961,76.2,service
8382097961,8382097960,24.6,service
8382097960,8382097963,10.2,service
6203795930,9215211298,13.3,service
9215211298,8382097955,13.3,service
8382097955,8382097966,49.0,service
8382097966,8382097962,2.9,service
8382097962,8382097965,23.9,service
8382097965,8382097964,18.5,service
8382097964,8382097963,53.3,service
8382098018,8382098017,3.2,footway
8382098017,8382060216,6.0,footway
8382060216,8382060215,4.5,footway
8382060215,8382060214,5.3,footway
8382060214,8382060213,9.0,footway
8382060213,8382060212,10.8,footway
8382060212,8382060211,12.6,footway
8382060211,8382098002,14.3,footway
8382098002,8382098001,12.7,footway
8382098038,8382098033,7.7,footway
8382098033,9215203934,6.0,footway
9215203934,8382098032,8.6,footway
8382098032,8382098031,13.1,footway
8382098031,8382098030,22.9,footway
8382098030,8382098029,11.9,footway
8382098029,8382098028,8.7,footway
8382098028,8382098027,6.3,footway
8382098027,8382098018,4.1,footway
8382098018,8382098025,14.5,footway
8382098025,8382098024,3.3,footway
8382098024,8382098023,3.7,footway
8382098023,8382098022,6.2,footway
8382098022,8382098021,5.9,footway
8382098041,8382098040,24.0,footway
8382098040,8382098039,23.9,footway
8382098039,8382098038,23.0,footway
8382098038,8382098037,20.5,footway
8382098037,8382098036,15.8,footway
8382098036,8382098035,23.2,footway
8382098035,8382098034,12.7,footway
8382098048,8382098047,77.6,service
8382098043,8382098046,76.2,service
9213042229,8382098045,18.1,service
8382098045,8382098046,22.6,service
8382098046,8382098047,25.2,service
8382098047,8382098042,18.6,service
8382098070,8382098056,27.0,footway
8382098056,8382098055,19.8,footway
8382098055,8382098054,11.7,footway
8382098054,8382098053,13.2,footway
8382098053,8382098052,12.8,footway
8382098052,8382098051,17.9,footway
8382098051,8382098050,9.4,footway
8382098050,8382098049,15.2,footway
8382098049,8382098042,39.8,footway
8382098107,8382098090,15.6,footway
8382098090,9215203937,22.3,footway
9215203937,8382098089,14.1,footway
8382098089,11696428044,19.6,footway
11696428044,8382098088,21.4,footway
8382098088,8382098087,20.3,footway
8382098087,11696428045,14.5,footway
11696428045,8382098086,17.8,footway
8382098086,9215203936,10.7,footway
9215203936,8382098085,11.0,footway
8382098085,8382098084,23.5,footway
8382098084,8382098083,11.2,footway
8382098083,11696428046,16.2,footway
11696428046,8382098082,18.9,footway
8382098082,8382098081,16.6,footway
8382098081,8382098080,23.6,footway
8382098080,8382098079,21.6,footway
8382098079,11696428047,17.6,footway
11696428047,8382098078,21.8,footway
8382098078,8382098077,39.3,footway
8382098077,8382098034,4.1,footway
8382098034,8382098076,25.5,footway
8382098076,11696428048,22.5,footway
11696428048,8382098075,19.5,footway
8382098075,8382098041,32.4,footway
8382098041,8382098074,7.3,footway
8382098074,8382098021,8.6,footway
8382098021,11696428041,8.3,footway
11696428041,8382098073,10.9,footway
8382098073,11696428040,11.8,footway
11696428040,8382098072,11.1,footway
8382098072,8382098071,17.6,footway
8382098071,8382098070,13.7,footway
8382098070,8382098069,26.6,footway
8382098069,8382098068,10.7,footway
8382098068,8382098067,12.0,footway
8382098067,9215203935,12.6,footway
9215203935,8382098066,18.5,footway
8382098066,11696428042,19.1,footway
11696428042,8382098065,14.8,footway
8382098065,11696428043,19.4,footway
11696428043,8382098064,9.1,footway
8382098064,8382098063,22.9,footway
8382098063,8382098062,22.7,footway
8382098062,8382098061,26.3,footway
8382098061,11696428039,12.9,footway
11696428039,8382098060,12.0,footway
8382098060,11180842159,24.3,footway
11180842159,8382098059,23.4,footway
8382098059,8382098057,29.0,footway
8382098057,11180842160,4.2,footway
8382098104,8382098103,2.4,footway
8382098103,8382098102,2.4,footway
8382098102,8382098101,2.4,footway
8382098101,8382098100,2.4,footway
8382098100,8382098099,2.4,footway
8382098099,8382098098,2.4,footway
8382098098,8382098105,2.4,footway
8382098105,8382098097,2.4,footway
8382098097,8382098096,2.4,footway
8382098096,8382098095,2.4,footway
8382098095,8382098094,2.4,footway
8382098094,8382098093,2.4,footway
8382098093,8382098092,2.4,footway
8382098092,8382098104,2.4,footway
8382098120,8382069109,23.8,footway
8382069109,8382098110,58.9,footway
8382098110,8382098109,12.0,footway
8382098109,8382098108,41.0,footway
8382098108,8382098107,23.5,footway
8382098107,8382098106,6.4,footway
8382098106,8382098100,14.2,footway
8382098124,8382098123,2.5,footway
8382098123,8382098122,2.5,footway
8382098122,8382098121,2.5,footway
8382098121,8382098120,2.5,footway
8382098120,8382098119,2.5,footway
8382098119,8382098118,2.5,footway
8382098118,8382098117,2.5,footway
8382098117,8382098125,2.5,footway
8382098125,8382069116,2.5,footway
8382069116,8382069115,2.5,footway
8382069115,8382069114,2.5,footway
8382069114,8382069113,2.5,footway
8382069113,8382069112,2.5,footway
8382069112,8382069111,2.5,footway
8382069111,8382069110,2.5,footway
8382069110,8382098124,2.5,footway
8382098149,9215203939,21.0,footway
9215203939,9215203938,10.8,footway
9215203938,8382098127,18.7,footway
8382098127,8382098126,18.2,footway
8382098126,8382069113,19.8,footway
8382098155,8382098154,32.7,service
8382098154,8382098153,12.6,service
8382098153,8382098152,13.8,service
8382098152,8382098151,14.0,service
8382098151,8382098150,7.3,service
8382098150,8382098149,11.0,service
8382098157,8382098156,31.9,service
8382098159,8382098158,54.7,service
8382098161,8382098160,60.1,service
8382118835,8382131787,22.8,service
8382131787,9215203933,25.3,service
9215203933,8382131786,6.8,service
8382118862,8382118861,37.3,service
8382118861,8382118860,27.8,service
8382118860,8382118859,38.1,service
8382118859,8382118858,5.4,service
8382118858,8382118853,41.0,service
8382118853,8382118857,8.5,service
8382118857,8382118856,55.1,service
8382118856,8382118855,16.0,service
8382118875,8382118874,9.0,service
8382118874,8382118873,4.9,service
8382118873,8382118872,10.7,service
8382118885,8382118883,31.8,service
8382118883,8382118882,29.1,service
8382118882,9215211306,2.2,service
9215211306,8382118881,7.6,service
8382118881,8382118854,14.4,service
8382118854,9215211311,16.1,service
9215211311,9215211310,13.7,service
9215211310,8382118880,54.6,service
8382118880,8382118853,15.5,service
8382118886,8382118885,30.0,service
8382118885,8382118875,71.1,service
8382118875,8382118884,39.2,service
4634172554,9307356738,16.5,secondary
9307356738,4738282777,23.9,secondary
4738282804,4634172551,84.0,secondary
4634163405,4634163401,8.5,secondary
4634163401,4738282799,18.4,secondary
4738282799,5833893768,169.2,secondary
5833893768,5833894202,24.3,secondary
5833894202,5833893767,130.4,secondary
5833893767,4738267111,92.0,secondary
4738267111,5833894264,65.4,secondary
5833894264,4634163406,42.5,secondary
4634163406,4738282797,24.5,secondary
4738282797,5833893766,19.8,secondary
5833893766,9249577876,25.3,secondary
9249577876,4634163407,16.2,secondary
4634163407,4738684358,15.3,secondary
3969210067,530282376,35.4,living_street
3969210068,3969210067,35.2,living_street
3969210069,3969210068,36.1,living_street
529483820,10883977426,6.8,tertiary
10883977426,7456175744,28.9,tertiary
4310023320,4309857132,38.0,residential
3969210073,3969210072,36.3,residential
3969210072,3969210071,34.8,residential
3969210071,3969210070,36.0,residential
3969210070,530282370,98.1,residential
530282331,529483716,46.1,tertiary
530282330,530282333,38.9,residential
4309949312,530282361,36.1,residential
4309857132,4309949312,37.1,residential
529483775,10883977430,7.0,residential
10883977430,530282382,31.4,residential
530282346,529483748,40.3,residential
530282342,530282343,39.0,residential
530287025,530290170,11.0,residential
530290170,530287024,106.6,residential
530287024,7437065257,49.2,residential
5373440850,530282338,59.1,residential
530282338,530282339,92.1,residential
530290019,530290083,38.8,residential
530290149,530290150,94.9,residential
530290150,530290118,46.1,residential
530290114,530290115,29.3,residential
530290115,530290116,15.7,residential
530290116,530290117,18.1,residential
530290117,530290104,44.3,residential
530290104,530290105,51.0,residential
530287007,530290068,41.2,residential
7478900363,530290065,16.1,residential
530290065,530290067,15.7,residential
530290067,530290046,11.1,residential
530290046,530290047,13.2,residential
530290047,530290049,17.2,residential
530290049,530290050,21.8,residential
530290050,4309965755,29.3,residential
8462375098,3969210081,67.0,residential
3969210081,530287007,42.4,residential
530290074,530290076,39.2,residential
530286854,530287004,80.8,residential
530287004,13108208325,50.2,residential
13108208325,4148023414,21.7,residential
530287004,530287005,14.3,residential
530287005,530287008,97.9,residential
530287008,530287009,27.1,residential
3969210082,530290144,112.2,residential
530287009,530287012,12.4,residential
530287012,530287013,69.6,residential
530290138,530290148,22.0,residential
530290148,530290151,38.6,residential
530290151,530290111,48.0,residential
530286853,530286854,137.7,residential
530282339,530286851,46.4,residential
530287035,10883977425,5.3,residential
10883977425,7456175745,30.9,residential
530287017,530287018,149.0,residential
530286869,11507258886,10.8,residential
11507258886,530286870,44.6,residential
530286870,530286872,55.7,residential
529804468,529804469,67.7,residential
529807803,529807802,133.2,residential
529807802,4309889227,62.8,residential
4309889227,11507998162,61.3,residential
11507998162,529807809,38.7,residential
529807845,529807846,22.1,residential
529807846,529807847,19.4,residential
529807847,529807849,47.7,residential
529807849,529807850,31.9,residential
529807850,10836474117,17.1,residential
699849915,529807829,20.0,residential
529807829,529807830,35.7,residential
529807830,529807831,18.6,residential
529807831,529807832,23.7,residential
529807832,529807808,26.2,residential
529807808,699850135,12.7,residential
699850135,699849885,63.3,residential
699849885,529807813,64.6,residential
529807813,529807811,59.1,residential
529807811,699849941,64.0,residential
2911126367,2911126368,39.9,living_street
2911126366,2911126367,42.7,living_street
2911126369,529807780,39.3,living_street
2911126368,2911126369,38.2,living_street
2911126364,2911126365,42.3,living_street
529807752,2911126364,44.3,living_street
529807776,11116533441,24.5,residential
11116533441,11116533520,12.2,residential
11116533520,699849814,30.2,residential
699850137,529807770,102.8,living_street
529807778,699850137,36.3,living_street
699850137,699850120,34.5,living_street
699850120,529807779,39.4,living_street
529807779,699850127,40.9,living_street
529807746,529807747,37.0,residential
13109918341,5224566457,41.5,residential
5224566457,5224566458,31.1,residential
5224566458,13109918342,13.1,residential
13109918342,13109918343,11.7,residential
13109918343,5224566459,15.1,residential
5224566459,5224566460,20.7,residential
5224566460,5224566461,8.9,residential
5224566461,5224566462,16.1,residential
5224566462,5224566463,31.0,residential
5224566463,5224566464,45.3,residential
5224566464,13109953802,10.8,residential
13109953802,5224566465,13.8,residential
5224566465,13584766989,18.6,residential
13584766989,530990658,12.2,residential
530990658,530990659,15.7,residential
530990659,530990660,14.8,residential
530990660,530990661,14.4,residential
530990661,530990662,18.7,residential
530990662,530990663,9.5,residential
530990663,530990664,8.4,residential
530990664,13584766996,8.7,residential
13584766996,530990665,8.4,residential
530990665,530990628,14.3,residential
530990628,530990629,5.4,residential
530990629,530990630,5.4,residential
530990630,13584766754,4.5,residential
13584766754,13584766993,12.8,residential
13584766993,530990631,2.7,residential
530990631,530990632,8.7,residential
530990632,530990616,2.5,residential
530990616,13584766755,3.6,residential
13584766755,530990617,30.3,residential
530990617,13584766756,13.1,residential
13584766756,530990611,3.5,residential
5224648438,2817930577,163.6,residential
2817930577,5224648456,200.8,residential
5224648456,2817930579,12.4,residential
4824240264,4824240265,85.5,residential
4824240257,4824240258,31.9,living_street
4824240258,4824240259,8.7,living_street
4824240259,4824240260,17.8,living_street
4824240267,4824240268,20.9,living_street
4824240268,4824240269,59.0,living_street
3759567192,3759567198,39.4,path
3759567190,13184061823,39.7,path
13184061823,3759567192,8.5,path
3759567199,3759567206,18.3,path
6699604133,10763837914,5.3,residential
10763837914,2818013359,80.8,residential
529778374,529778378,53.3,residential
529778378,529778369,53.6,residential
6015522826,6015522825,113.2,residential
529778386,529778387,51.7,residential
529778387,13604106622,50.5,residential
13604106622,529778382,12.3,residential
529778382,13604115002,22.0,residential
13604115002,436597966,70.7,residential
529470128,529778395,130.4,residential
529778395,529778384,36.5,residential
529778384,12338935695,3.7,residential
12338935695,529778385,55.6,residential
529778385,13610559496,20.7,residential
13610559496,529778394,38.9,residential
529778394,10831435200,59.8,residential
529778361,6015486605,54.2,residential
8298098279,13603910593,56.0,residential
13603910593,529778406,43.8,residential
8298098280,8298098279,58.3,residential
529778415,13583187962,67.2,residential
13583187962,13583187953,22.2,residential
13583187953,13583187961,29.4,residential
13583187961,13583188177,22.3,residential
13583188177,529778418,5.5,residential
529778418,3793932636,14.2,residential
3793932636,529778436,104.7,residential
529778436,4006840309,68.3,residential
4006840309,529778430,66.8,residential
8477883187,529778382,82.3,residential
4296547665,4296547666,33.3,pedestrian
4296547666,13603201697,2.5,pedestrian
13603201697,4296547667,27.9,pedestrian
529778419,13583188076,1.7,residential
13583188076,10857622003,21.3,residential
10857622003,13583188103,66.5,residential
13583188103,13584911877,8.0,residential
13584911877,12203563327,5.2,residential
12203563327,790705540,36.9,residential
529778397,13227695286,39.3,residential
13227695286,13227695285,78.7,residential
13227695285,13227695283,9.0,residential
13227695283,13227695284,23.3,residential
13227695284,529778404,14.4,residential
529778404,12385823579,76.1,residential
12385823579,529778416,17.1,residential
529778416,13584911286,8.8,residential
13584911286,529778419,76.3,residential
529778390,8477883188,14.6,residential
8477883188,529778453,77.1,residential
529778453,13577620378,50.6,residential
13577620378,529778457,12.8,residential
529778457,529778456,4.1,residential
529778456,13583275725,31.8,residential
13583275725,529778454,13.0,residential
529804011,529804012,46.5,residential
529804012,529804013,48.7,residential
529804025,529804026,53.0,residential
3076736289,3076736290,61.7,residential
3801759613,529778429,113.8,residential
529510434,529510435,60.8,residential
790705589,529792237,102.7,residential
8477883189,11507998130,8.4,residential
11507998130,11507998129,7.1,residential
11507998129,11507998124,14.8,residential
11507998124,529792233,36.1,residential
529792251,13583414038,96.6,residential
13583414038,790705533,44.8,residential
3972492220,10855840666,84.1,residential
10855840666,3972492221,86.6,residential
3972492221,8477883190,85.4,residential
8477883190,2122131941,61.6,residential
10828161839,2911126345,134.2,residential
790705470,11507998121,61.4,residential
11507998121,529792239,11.5,residential
529792239,11507998115,30.2,residential
11507998115,11507998114,11.2,residential
11507998114,4635443602,28.3,residential
4635443602,790705508,6.5,residential
790705508,13147446217,58.4,residential
13147446217,13585896994,22.8,residential
13585896994,529792246,44.9,residential
790705538,11507998117,56.9,residential
11507998117,11507998120,33.8,residential
11507998120,529792239,11.5,residential
529778425,529778426,31.3,living_street
529778426,13588441383,19.4,living_street
13588441383,529778427,36.3,living_street
529778434,529792244,69.2,residential
529792244,13583414036,13.5,residential
13583414036,13583414037,16.0,residential
13583414037,790705506,42.9,residential
8477883191,10595549113,15.6,pedestrian
10595549113,10595549114,11.6,pedestrian
10595549114,10595549115,10.6,pedestrian
10595549115,10595549116,9.3,pedestrian
10595549116,2911126355,11.3,pedestrian
2911126355,13062080970,48.6,residential
13062080970,4627767698,82.5,residential
2911126357,529804023,72.2,residential
529804023,2911126356,63.5,residential
7437065253,7437065254,73.9,residential
529792226,13570667019,14.0,residential
13570667019,9094561896,36.4,residential
903866853,529792226,82.9,residential
790705564,11507998123,44.0,residential
11507998123,790705616,99.5,residential
10828161859,2911126371,167.3,residential
2911126371,2911126372,8.1,residential
2911126372,529792250,10.9,residential
529804458,13147446268,66.8,residential
13147446268,10828161872,88.9,residential
7437065247,10857999934,54.3,residential
10857999934,529804458,93.5,residential
8477883194,7437065247,62.8,residential
529804452,13147446269,84.0,residential
13147446269,8477883193,82.8,residential
2911126361,10857998401,52.0,residential
10857998401,529804452,88.5,residential
7437065248,10857998372,25.6,residential
10857998372,10855840631,40.4,residential
10855840631,10855840637,9.5,residential
10855840637,8477883194,4.1,residential
529804460,11507998096,46.8,residential
11507998096,529804454,18.5,residential
529804454,11507998103,3.6,residential
11507998103,529804451,63.3,residential
8481047426,530286987,18.7,residential
530286987,530286988,28.4,residential
530286988,530286989,24.4,residential
5313720652,530287041,30.9,residential
530287041,5313720656,93.7,residential
5313720656,13109924332,37.4,residential
13109924332,5313720657,45.6,residential
5313720657,5313720658,75.5,residential
5313720658,5313720659,28.4,residential
5313720659,5313720660,31.8,residential
5313720660,5313720661,7.0,residential
5313720661,5313720662,13.1,residential
5313720662,11350835716,67.3,residential
11350835716,5313720663,4.6,residential
5313720663,5313720664,57.7,residential
5313720664,5313720665,18.3,residential
530286992,12525941061,4.4,residential
12525941061,530286993,3.2,residential
530286993,530286994,17.2,residential
530286994,530286995,6.2,residential
530286995,530286996,11.3,residential
530286996,530286997,24.1,residential
530286997,530287054,11.1,residential
530287054,530287055,56.7,residential
530287055,530287042,26.0,residential
530287042,530287043,15.0,residential
530287043,530287044,15.9,residential
530287044,530287045,14.7,residential
530287045,530287046,13.1,residential
530287046,530287047,19.0,residential
530287047,530287048,19.2,residential
530287048,530287049,28.0,residential
530287049,11507258931,4.3,residential
11507258931,530287050,97.1,residential
530287050,530287051,10.3,residential
530287051,530287052,16.8,residential
530287052,530287053,13.7,residential
530287053,530287036,28.9,residential
530287036,530287037,16.4,residential
530287037,530287038,28.5,residential
530287038,530287039,15.3,residential
530287039,530287040,12.5,residential
530287040,5313720652,12.7,residential
12306222963,8481047426,41.2,unclassified
529803948,529803955,29.9,residential
529803955,13587969592,27.0,residential
13587969592,530278081,48.9,residential
530278081,530278082,38.4,residential
530278082,530278083,16.6,residential
530278083,12311524252,1.1,residential
12311524252,2911126387,9.5,residential
3724906526,530278131,37.8,residential
530278128,3724906526,37.1,residential
3724906525,530278126,37.7,residential
530278123,3724906525,37.9,residential
530278129,530278184,82.3,residential
3724906527,530278129,37.8,residential
4149631592,530278130,65.4,residential
530278130,530278128,26.5,residential
530278128,530278123,26.0,residential
530278123,530278121,18.9,residential
530278121,530278120,19.6,residential
530278120,530278104,65.7,residential
530278104,530278103,6.2,residential
530278103,530278102,26.2,residential
7456158870,7456158868,65.1,residential
7456158868,7456158869,3.8,residential
7456158869,530278146,6.5,residential
530278146,530278136,145.7,residential
530278136,11079771521,91.9,residential
11079771521,4149631592,49.6,residential
530278251,530278223,41.2,service
530278223,530278224,35.8,service
530278224,530278225,33.7,service
530278225,530278214,136.2,residential
530278214,10855907062,71.3,residential
10855907062,10855907059,23.5,residential
10855907059,6007183740,12.4,residential
6007183740,7456158870,83.2,residential
530278258,530278244,213.2,residential
530278244,530278236,19.2,residential
530278236,530278231,9.6,residential
530278231,530278218,74.8,residential
530278218,530278214,91.3,residential
2911126344,530278227,78.1,residential
530278227,530278226,81.9,residential
530278226,11079771514,8.4,residential
11079771514,530278225,18.8,residential
530278154,530278253,145.7,residential
530278144,530278145,140.8,residential
530278145,6021663250,93.3,residential
6021663250,7456158870,60.9,residential
8591730477,8591730478,12.7,primary_link
8591730478,8591730479,6.1,primary_link
8591730479,8591730480,4.9,primary_link
8591729802,8591730481,12.8,secondary_link
8591730481,4736970037,18.2,secondary_link
5158711976,5158711971,74.3,service
3759566197,10866175895,2.1,pedestrian
10866175895,3759566218,92.9,pedestrian
3759566218,3759566223,65.5,pedestrian
3759566223,3759566225,94.1,pedestrian
3759566225,3759566231,53.3,pedestrian
3759566231,3759566237,38.2,pedestrian
3759566237,8721378707,7.5,pedestrian
8721378707,3759566239,8.1,pedestrian
3759566239,8721378708,18.0,pedestrian
8721378709,8721378710,34.4,pedestrian
8721378711,8721378712,17.5,footway
8721378712,8721378713,16.4,footway
8721378713,8721378714,33.7,footway
8721378714,8721378715,11.0,footway
8721378715,8721378716,12.9,footway
8721378716,8721394117,15.8,footway
8721394117,8721394118,32.7,footway
8738513380,8738513379,6.8,residential
8738513379,8738513378,35.1,residential
8738513378,8738513377,24.5,residential
8738513377,8738513376,13.5,residential
4525714789,8795938938,45.9,service
8795938938,9249585235,16.4,service
9249585235,8795938939,22.6,service
8795938939,6280677223,51.4,service
6280677223,8795938941,27.1,service
8795938941,8795938943,22.1,service
8795938943,8795938945,63.7,service
6280676356,4655142521,55.7,service
8825312830,13953462656,60.2,service
13953462656,13953462658,42.2,service
13953462658,13953462653,55.8,service
13953462653,8825312831,12.1,service
8825312831,8825312832,17.7,service
8825312832,8825312833,18.5,service
8825312833,8825312834,25.8,service
9326931988,6699604149,8.7,path
6699604149,9326936417,33.8,path
9326936417,8954116264,6.2,path
9326931989,8954116265,6.6,path
8954116265,8954116266,16.3,path
8954116266,8954116267,49.4,path
8954116267,8954116268,12.6,path
10861820178,8481047434,58.8,tertiary
8481047434,6007183722,70.4,tertiary
6007183722,10933466707,110.1,tertiary
10933466707,13058713555,34.5,tertiary
13058713555,5982233041,45.4,tertiary
5982233041,5982233039,13.7,tertiary
5982233039,530278209,19.9,tertiary
530278209,5982233040,15.7,tertiary
5982233040,6225821780,14.8,tertiary
6225821780,530278208,97.9,tertiary
530278208,436666885,70.1,tertiary
529458564,529792238,127.0,tertiary
529792238,790705564,62.6,tertiary
790705564,790705470,62.3,tertiary
790705470,529778431,101.6,tertiary
529778431,790705506,105.0,tertiary
790705506,790705533,42.4,tertiary
790705533,10831435191,54.5,tertiary
4519515215,529807761,39.8,tertiary
529807761,529807765,26.9,tertiary
529807765,529807760,9.4,tertiary
529807760,699850127,135.8,tertiary
2911126349,10828161851,91.5,tertiary
10828161851,10828161835,79.7,tertiary
10828161835,529470306,29.8,tertiary
12801360740,903866886,17.6,tertiary
903866886,904958828,11.2,tertiary
904958828,3756799329,65.0,tertiary
3756799329,414664591,67.9,tertiary
699849941,699849916,70.4,residential
699849916,699850098,70.3,residential
699850098,529807770,37.3,residential
529807770,699850183,37.5,residential
699850183,529807760,75.5,residential
11116533445,11116533457,46.0,tertiary
11116533457,699849941,52.5,tertiary
529807805,529807807,67.7,tertiary
529807807,10857999992,50.5,tertiary
10857999992,529470314,13.1,tertiary
529470314,10857705871,28.8,tertiary
10857705871,529807801,32.3,tertiary
699849941,10857705903,18.1,tertiary
10857705903,699850076,15.4,tertiary
699850076,11507998154,55.2,tertiary
11507998154,11507998157,29.3,tertiary
11507998157,2122131952,44.4,tertiary
9094561898,11350835695,24.9,tertiary
11350835695,9094561897,9.7,tertiary
9196643798,9196643799,54.6,service
9196643799,9196656245,10.6,steps
9196656245,9196656246,10.1,steps
9196656246,9211844820,9.1,footway
9211844820,9211844819,7.0,footway
9211844819,9196694071,11.0,footway
9196694071,9196694072,27.4,footway
9196694072,9196694073,26.4,footway
9196694073,9391222224,9.7,footway
9391222224,9196694074,13.0,footway
9196694074,9211844826,4.8,footway
9211844826,9196694075,22.3,footway
9196694075,9196694076,17.9,footway
9196694076,9196694077,18.3,footway
9196694077,11180790110,13.5,footway
11180790110,9196694078,20.8,footway
9196694078,11180790109,20.0,footway
11180790109,9196694079,14.6,footway
9196694079,9196694080,38.2,footway
9196694080,9196694081,23.0,footway
9196694081,9196694082,18.2,footway
9196694082,9196694083,18.2,footway
9196694083,9211820416,12.9,footway
9211820416,9196694084,16.6,footway
9196694084,9196694085,19.7,footway
9196694085,9196694086,15.8,footway
9196694086,9196694087,20.1,footway
9196694087,9196694088,6.6,footway
9196694088,9211820415,6.8,footway
9211820415,9196694089,3.6,footway
9196694089,9207546293,6.0,footway
9209187424,9196694093,19.2,footway
9196694093,9196694094,11.2,footway
9196694094,9196694095,6.3,footway
9196694095,9196694096,10.4,footway
9196694096,9196694097,3.3,footway
9196694097,9196694098,6.2,footway
9196694098,9196694099,13.7,footway
9196694099,9196694100,9.6,footway
9196694100,9196694101,8.2,footway
9196694101,9196694102,7.8,footway
9196694102,9196694103,10.6,footway
9196694103,9196694104,17.5,footway
9196694104,9196694105,15.6,footway
9196694105,9196694106,18.1,footway
9196694106,9196694107,13.6,footway
9196694107,9196694108,20.9,footway
9196694108,9196694109,12.9,footway
9196694109,9196694110,13.5,footway
9196694110,9196694111,18.7,footway
9196694111,9196694112,15.2,footway
9196694112,9196694113,8.1,footway
9196694113,9196694109,30.0,footway
9196694115,9196694092,11.2,footway
9196694113,9218598691,16.4,footway
9218598691,9196693145,21.1,footway
9196693145,9196693146,30.4,footway
9196693146,9196693147,32.3,footway
9196693147,9211799813,32.5,footway
9211799813,9196693148,11.6,footway
9196693148,9196693149,35.2,footway
9196693149,9196693150,35.6,footway
9196693150,9196693151,62.3,footway
9196682593,9196682594,36.7,service
9196682594,9196682597,65.5,service
9196682597,9211787646,28.8,service
9211787646,9198572720,55.0,service
9198572720,4632500521,3.6,service
9288099280,9196727470,13.4,service
9196727470,9213999845,32.2,service
9213999845,9196727472,24.4,service
9196749612,9196749613,87.7,service
9196749613,9196757452,46.7,service
9196757452,9196750654,91.1,service
4629515620,9223922023,42.0,service
9223922023,9196748906,25.4,service
9196748906,9196748907,30.5,service
9196748907,9223922022,48.1,service
9223922022,9196748908,48.2,service
9196748908,9351614053,26.5,service
9351614053,9196748909,35.1,service
9196748909,9196748910,26.3,service
9196748910,9196748911,25.0,service
9196748911,9196748912,25.9,service
9196748912,9196748913,36.3,service
9196748913,9196748914,13.3,service
9196764241,9223922020,6.9,service
9223922020,9196764242,1.5,service
9196764242,9351614084,4.5,service
9351614084,9196764243,11.7,service
9196764243,9196764244,24.4,service
9196764244,9196764245,29.9,service
9196764245,9196764246,55.4,service
9196764246,9196764247,22.7,service
4632500521,9197024924,14.0,residential
9197024924,9214156294,6.9,residential
9214156294,9197024925,13.2,residential
9197024925,9197024926,4.9,residential
9197024926,9198902163,24.4,residential
9198902163,9197024927,17.6,residential
9197024927,9197024928,13.1,residential
9197024928,9197024929,6.6,residential
9197024929,9197024930,13.7,residential
9197024930,9211787647,36.3,residential
9211787647,9197024931,33.7,residential
9197024931,9197024938,8.2,residential
9197024938,9197024932,11.7,residential
9197024932,9270970208,27.4,residential
9270970208,9270970207,44.0,residential
9270970207,9197024933,15.6,residential
9197024924,9197024934,52.4,footway
9197024934,9198902153,18.0,footway
9198902153,9270970206,22.3,footway
9270970206,9197024937,30.1,footway
9197024937,9197024936,4.9,footway
9197024937,9270970205,34.5,footway
9270970205,9197024929,44.9,footway
9197024938,9211787649,26.1,residential
9198572719,9198572720,9.5,steps
6194343272,9198585364,17.6,service
9198585364,9198585365,38.2,service
9198585365,9198585366,43.0,service
9198585367,9198585368,30.2,service
9198585368,9198585369,101.8,service
9198585369,9215211273,64.8,service
9215211273,9213064691,7.9,service
9213064691,9213064692,10.5,service
9213064692,9198585371,13.1,service
9198585371,9215211274,14.7,service
9215211274,9198585372,15.2,service
9198585372,9198585373,18.7,service
9198585373,9198585374,56.5,service
9198585374,9198585375,106.0,service
9198585375,9198585376,12.2,service
9198585374,9215211272,24.3,service
9215211272,9208720390,10.1,service
9208720390,9198585377,16.7,service
9198585377,9198585378,25.1,service
9198585378,9198585379,9.1,service
9208720391,9198585381,46.9,service
9198585381,9198585372,15.3,service
9208720391,9198585383,59.0,service
9198585383,9198585384,54.6,service
9198585384,9198585385,67.8,service
9198585385,9198585386,88.0,service
9198585386,9198585387,13.4,service
9198585387,9198585388,36.9,service
9198585383,9198585389,20.2,service
9198585389,9198585390,23.4,service
9198585390,9198585391,7.8,service
9198585391,9198585392,23.6,service
9198585392,9198585393,18.0,service
9198585391,9198585394,31.3,service
9198902153,9197024933,10.6,footway
9198902157,9198902163,8.9,footway
4641177918,9198974045,14.4,footway
4641177920,9198974046,25.3,footway
9198974047,9198974048,23.8,footway
9198974048,9198974049,52.3,footway
9198974049,9198974050,11.5,footway
9198974050,9198974051,14.5,footway
9198974051,9198974052,14.9,footway
9198974048,9198974053,9.5,footway
9198974053,9198974054,11.3,footway
9198974054,9198974055,8.1,footway
4641236526,9198974056,32.1,footway
9198974056,9198974057,23.2,footway
9198974057,9198974058,33.7,footway
9198974058,9198974059,34.2,footway
9198974059,9198974060,20.3,footway
9198974060,9198974061,5.8,footway
9198974061,9198974062,12.7,footway
4641174726,9198974063,11.4,footway
9198974064,9198974065,17.5,service
9198974065,9198974066,11.5,service
9198974066,9198974067,26.8,service
9198974067,9198974071,11.2,service
9198974071,9198974068,9.8,service
9198974065,9215179033,51.5,service
9215179033,9215179034,9.4,service
9215179034,9198974070,7.4,service
9198974070,9198974068,11.8,service
4641213945,4641174728,12.9,footway
4641213945,9215179105,5.6,footway
9215179105,4641174727,19.5,footway
9198974071,9198974072,15.3,footway
9198974072,9198974073,5.1,footway
9198974076,9198974077,68.4,residential
9198974077,9198974078,17.7,residential
9198974078,9198974079,13.2,residential
9198974079,9198974080,17.3,residential
9198974080,9198974081,8.7,residential
9198974081,9198974082,22.1,residential
9198974082,9198974083,23.0,residential
9198974083,9198974084,19.4,residential
9198974084,9198974085,17.4,residential
9198974085,9198974087,6.1,residential
9198974087,9198974076,22.6,residential
9198974080,9276430734,21.8,residential
9276430734,9198974086,24.8,residential
9198974080,9276430735,9.6,residential
9276430735,9198974088,19.3,residential
9198974088,9198974089,12.1,residential
9198974089,9198974090,8.8,residential
9198974075,9276430717,32.8,residential
9276430717,9276430756,13.6,residential
9276430756,9198974076,3.3,residential
9201335337,9201335338,14.7,service
9201335338,9382980474,7.0,service
9382980474,9382980475,2.0,service
9382980475,9201335339,8.2,service
9201335339,9201335340,15.0,service
9201335340,9201335341,29.1,service
9201335341,9201335342,9.2,service
9201335342,9201335343,4.0,service
9201335343,9201335344,17.6,service
9201335341,9201335345,72.3,service
9201335345,9201335346,15.3,service
9201335346,9201335347,71.7,service
9201335347,9201335341,16.8,service
9201335340,9201335348,73.5,service
9201335348,9201335359,5.1,service
9201335359,9201335349,3.9,service
9201335349,9201335356,18.6,service
9201335356,9201335345,5.8,service
9201335346,9201335350,7.5,service
9201335350,9201335351,6.1,service
9201335351,9201335352,7.5,service
9201335352,9201335353,51.9,service
9201335353,9201335354,3.8,service
9201335354,9201335355,5.2,service
9201335355,9201335347,5.6,service
9201335356,9201335357,30.0,service
9201335359,9201335360,33.1,service
9201335363,9201335364,45.8,service
9201335364,9201335369,3.3,service
9201335369,9201335365,2.7,service
9201335365,9201335366,11.8,service
9201335366,9201335367,47.3,service
9201335367,9201335363,13.1,service
9201335361,9201335362,22.7,service
9201335362,9201335368,21.6,service
9201335368,9201335363,9.4,service
9201335369,9201335370,12.6,service
9201335370,9201335371,12.7,service
9201335371,9201335372,13.6,service
9201335372,9201335373,8.7,service
7384405183,7384405184,10.0,service
7384405184,9201335384,20.2,service
9201335384,7384411485,11.8,service
7384411485,9201335385,3.8,service
9201335385,9201335383,6.1,service
9201335383,7384411486,7.8,service
7384411486,9201335361,28.0,service
9201335361,7384411487,44.8,service
7384411487,7384411488,104.8,service
7384411488,9201335337,11.9,service
9201335337,9201335375,33.9,service
9201335375,7384411489,21.5,service
7384411489,9201335374,16.4,service
9201335374,7384411490,15.7,service
9201335379,9201335380,17.8,service
9201335380,9201335381,9.2,service
9201335381,9201335382,8.9,service
9201335382,9201335383,9.3,service
9201335385,9201335386,18.7,service
9201335386,9201335387,23.6,service
9201335387,9201335388,20.2,service
9201335362,9201335389,40.1,service
9201335389,9201335392,24.4,service
9201335392,9201335390,23.3,service
9201335390,9201335391,42.5,service
9201335391,9201335393,36.4,service
9201335393,9201335394,31.7,service
9201335394,9201335398,3.7,service
9201335398,9201335395,10.9,service
9201335395,9218530149,8.6,service
9201335398,9201335399,15.9,service
9201335399,9201335400,28.5,service
9201335400,9201335401,10.2,service
9201335401,9201335402,20.3,service
9201335399,9201335405,7.2,service
9201335405,9201335404,5.7,service
9201335404,9201335403,21.1,service
9201335405,9201335406,19.2,service
9201335406,9201335407,16.8,service
9201335406,9201335408,14.0,service
9201335408,9201335409,13.6,service
9201335403,9201335410,8.0,service
9201335410,9201335411,5.4,service
9201335411,9201335412,15.8,service
9201335412,9201335413,27.3,service
7384411487,9201335414,19.9,service
9201335414,9201335415,20.6,service
9201335415,9201335419,7.6,service
9201335419,9201335416,21.1,service
9201335416,9201335417,39.4,service
9201335417,9201335431,9.9,service
9201335431,9276418114,5.0,service
9276418114,9201335418,11.1,service
9201335419,9201335420,5.6,service
9201335420,9201335421,34.1,service
9201335421,9201335422,14.3,service
9201335422,9201335423,35.8,service
9201335423,9201335424,2.3,service
9201335424,9201335425,14.7,service
9201335425,9201335419,7.9,service
9201335418,9201335426,22.6,service
9201335426,9201335427,22.6,service
9201335427,9201335428,22.8,service
9201335428,9201335429,34.3,service
9201335429,9201335430,10.1,service
9201335431,9201335432,8.4,service
9201335432,9201335433,55.7,service
9201335433,9201335434,34.7,service
9201335434,9201335435,23.6,service
9201335435,9201335436,5.0,service
9201335436,9201335437,16.0,service
9201335437,9201335438,11.0,service
9201335438,9201335439,17.1,service
9201335439,9201335440,24.2,service
9201335440,9201335441,12.8,service
9201335441,9201335442,28.6,service
9201335442,9201335443,14.2,service
9201335443,9201335444,21.2,service
9201335418,9201335445,18.2,service
9201335445,9201335446,23.0,service
9201335452,9201335453,24.7,footway
4636672259,9201335454,20.4,service
9201335458,9201335456,56.2,service
9201335458,9201335448,18.2,service
9201335448,9201335459,29.6,service
9201335460,9382962599,7.9,service
9382962599,9311952565,4.3,service
9311952565,9201335461,40.2,service
9201335462,9382962597,19.7,service
9382962597,9201335463,17.5,service
9201335463,9201335464,9.8,service
9201335464,9201335465,12.9,service
9201335465,9201335466,32.5,service
9201335466,9201335467,20.1,service
9201335467,9201335468,11.7,service
9201335468,9201335469,45.1,service
9201335469,9201335470,12.7,service
9201335470,9201335471,40.5,service
9201335471,9201335468,5.9,service
9201335470,9201335472,24.1,service
9201335472,9201335473,10.8,service
9201335473,9215168005,11.9,service
9215168005,9201335474,12.6,service
9201335474,9201335475,7.9,service
4636664275,13108382561,15.7,residential
13108382561,13108382562,5.0,residential
13108382562,13108382564,8.1,residential
13108382564,9201335477,5.5,residential
8265970120,9201335480,4.0,footway
9201335480,6203794766,6.6,footway
9201335481,9269459899,6.6,service
9269459899,9462311151,15.7,service
9462311151,9462311148,17.4,service
9462311148,9201335482,10.0,service
9201335482,9201335483,64.5,service
9201335483,9201335484,22.0,service
9201335484,9269459900,12.4,service
9269459900,9201335485,2.5,service
9201335485,9462311147,1.4,service
9462311147,9201335486,68.1,service
4677735301,12315455219,7.8,unclassified
12315455219,12315455218,99.8,unclassified
12315455218,12315455217,64.8,unclassified
12315455217,12315455216,5.3,unclassified
12315455216,4677735302,5.5,unclassified
4677735302,4677735303,6.1,unclassified
4677735303,4677735304,99.8,unclassified
4677735304,3956007627,13.5,unclassified
8137538296,9201335487,8.1,service
9201335487,9201335488,9.3,service
9201335488,12305995602,6.5,service
12305995602,12305995604,6.5,service
12305995604,12305995605,6.1,service
12305995605,12305995606,6.5,service
12305995606,9235550858,11.8,service
9235550858,9201335490,6.5,service
9201335490,9201335489,40.9,service
9201335490,9201335491,15.4,service
9201335491,9201335492,33.4,service
9201335504,9201335494,4.8,service
9201335494,12305995619,4.8,service
12305995619,9201335495,5.9,service
9201335495,9201335496,51.4,service
9201335496,9201335497,7.9,service
9201335497,9201335498,6.0,service
9201335498,12305995627,5.4,service
12305995627,12305995628,6.3,service
12305995628,9201335512,6.5,service
9201335512,12305995626,7.2,service
12305995626,12305995625,7.0,service
12305995625,12305995624,5.7,service
12305995624,12305995623,6.1,service
12305995623,9201335499,4.6,service
9201335499,9201335500,5.9,service
9201335500,9201335501,5.3,service
9201335501,9201335502,47.0,service
9201335502,9201335503,14.7,service
9201335503,12305995618,44.8,service
12305995618,9201335504,12.3,service
9201335490,12305995612,6.6,service
12305995612,12305995613,3.5,service
12305995613,12305995614,3.3,service
12305995614,12305995615,3.2,service
12305995615,12305995616,3.8,service
12305995616,12305995617,4.1,service
12305995617,9201335504,4.1,service
9201335505,9201335506,51.3,service
9201335506,9201335507,3.1,service
9201335507,9201335508,3.0,service
9201335508,9201335509,2.7,service
9201335509,9201335510,2.9,service
9201335510,12305995620,2.7,service
12305995620,12305995621,3.4,service
12305995621,12305995622,3.1,service
12305995622,9201335511,45.7,service
9201335495,9201335505,17.7,service
9201335505,9201335511,12.0,service
9201335511,9201335502,16.8,service
9201335512,9201335513,21.0,footway
9201335513,9201335514,18.1,footway
9201335514,9201335515,33.6,footway
9201335520,9201335517,10.0,footway
9201335517,9201335518,26.2,footway
9201335516,9201335515,25.4,footway
9201335515,9201335519,9.2,footway
9201335519,9201335520,7.5,footway
9201335518,5615009311,9.8,footway
4756571365,9201303433,12.9,footway
9201303433,9201303434,12.6,footway
9201303434,9201303435,11.2,footway
9201303435,9201303436,4.5,footway
9201303436,9201303437,21.2,footway
4756571364,9201303438,10.0,footway
9201303438,9201303439,29.9,footway
9201303439,9201303440,18.9,footway
9201303440,9201303441,29.2,footway
9201303441,9201303442,9.2,footway
4756571479,9201303471,15.4,service
9201303471,9201303468,18.5,service
9201303477,9201303478,77.8,footway
4756571502,9201303479,14.3,footway
9201303479,9201303480,16.7,footway
9201303480,9201303481,9.5,footway
9201303481,9201303482,18.0,footway
9201303482,9201303483,19.0,footway
9201303483,9201303484,5.4,footway
9201303484,9201303485,11.6,footway
9201303485,9201303486,8.5,footway
9201303486,9201303487,10.5,footway
9201303487,9201303483,9.5,footway
9201303488,9201303489,19.7,footway
9201303489,9201303490,15.7,footway
9201303490,9201303491,13.0,footway
9201303491,9201303492,13.2,footway
9201303492,9201303493,7.6,footway
9201303493,9201303494,15.8,footway
9201303494,9201303495,11.2,footway
9201303495,9201303496,7.3,footway
9201303496,9201303497,13.4,footway
9201303497,9201303498,6.0,footway
4756571417,9201303499,9.6,footway
9201303499,9201303500,41.1,footway
4740326715,9201303503,67.3,service
5154495839,9201303504,55.4,service
9201303504,9201303505,14.9,service
9201303505,9201303510,2.8,service
9201303510,9201303506,16.1,service
9201303506,9201303507,52.2,service
9201303507,9201303508,11.3,service
9201303508,9201303509,7.4,service
9201303509,9201303510,61.9,service
9201303511,9201303508,17.0,service
9201303512,9201303513,12.3,footway
9201303513,9201303514,6.6,footway
9201303514,9201303515,12.7,footway
9201303515,9201303516,14.8,footway
9201303516,9201356217,8.1,footway
9201303471,9201303512,57.0,footway
9201303512,9201356218,37.6,footway
9201406446,9201406447,17.9,residential
9201406447,9201406448,9.8,residential
9201406448,9201406449,46.7,residential
9201406449,9201406452,6.1,residential
9201406452,9201406450,5.0,residential
9201406450,9201406446,29.2,residential
9201406445,9216369103,11.3,service
9216369103,9201406446,7.4,service
9201406451,9216369104,5.5,service
9216369104,9201406452,3.4,service
9201406449,9201406453,25.1,service
9201406453,9201406454,10.5,service
9201406454,9201406455,5.3,service
9201406455,9201406456,9.1,service
9201406456,9201406457,25.4,service
9201406457,9201406462,14.8,service
9201406462,9201406458,13.6,service
9201406458,9201406459,5.3,service
9201406459,9201406460,16.2,service
9201406460,9201406461,13.5,service
9201406461,9201406463,4.0,service
9201406463,9201406456,18.2,service
9201406462,9201406463,23.9,service
4740468290,1831658914,16.3,residential
4740468292,4740468291,17.4,secondary
4740468291,12120220881,6.0,secondary
12120220881,6284023508,52.2,secondary
6284023508,6284023499,44.5,secondary
6284023499,4740468290,69.2,secondary
8591741635,5158711973,68.6,residential
8591741632,6284023515,69.7,residential
4677788820,13727740597,93.7,residential
13727740597,6284023515,60.7,residential
6284023521,6284023522,67.8,residential
4677788817,6284023521,119.0,residential
4658585767,6284023516,40.8,residential
6284023516,8591741634,71.8,residential
5166708941,9201832992,49.7,service
9201832992,9201832993,131.6,service
9201832993,9201832994,99.7,service
9201832994,9203567772,133.7,service
9203567772,9201832995,43.1,service
9201832995,9201832996,153.0,service
9201832996,9201832997,191.8,service
9201832997,9201832998,123.6,service
9201832998,9201832999,107.1,service
9201832999,9201833000,64.6,service
9201833000,9203567793,74.2,service
9203567793,9201833001,115.9,service
9201833001,9201833002,85.8,service
9201833002,9201833003,105.9,service
9201833003,9201833004,81.8,service
9201833004,9203567834,27.8,service
9203567834,9201833005,46.9,service
9201833005,9201833006,164.9,service
9201833006,9201833007,12.5,service
9203567703,9203567807,17.2,service
9203567807,9203567704,27.0,service
9203567704,9203567705,49.2,service
9203567705,9203567706,55.8,service
9203567706,9203567707,25.1,service
9203567707,9203567708,46.9,service
5166708943,9203567710,39.9,service
9203567710,11874019732,33.9,service
11874019732,11874019725,3.3,service
11874019725,9209246287,6.2,service
9209246287,11874019748,7.3,service
11874019748,9203567711,35.5,service
9203567711,9203567712,103.4,service
9203567712,9203567750,31.0,service
9203567750,9203567713,56.0,service
9203567713,9203567714,62.4,service
9203567714,9203567715,24.2,service
9203567715,9203567716,50.1,service
9203567716,9203567717,9.7,service
9203567717,9203567718,89.4,service
9203567723,9203567724,40.6,service
9203567724,9203567725,9.2,service
9203567725,9203567726,41.2,service
9203567726,9203567727,55.0,service
9203567727,9203567728,43.6,service
9203567728,9203567729,3.7,service
9203567729,9203567730,56.7,service
9203567730,9203567726,47.5,service
9203567714,9203567731,24.7,service
9203567731,9203567732,69.8,service
9203567732,9203567932,4.2,service
9203567932,9203567733,8.9,service
9203567733,9203567734,35.2,service
9203567734,9203567736,9.5,service
9203567736,9203567735,11.7,service
9203567736,9203567737,51.7,service
9203567737,9203567738,30.8,service
9203567737,9203567739,12.1,service
9203567739,9203567740,35.4,service
9203567739,9203567741,22.3,service
9203567737,9203567742,24.9,service
9203567743,9203567744,35.5,service
9203567744,11874019733,39.9,service
11874019733,9203567745,1.1,service
9203567745,11874019722,6.2,service
11874019722,9209246290,5.0,service
9209246290,11874019749,9.7,service
11874019749,9203567746,15.5,service
9203567746,9203567747,30.9,service
9203567747,9203567748,119.7,service
9203567748,9203567749,39.0,service
9203567749,9203567750,18.4,service
9203567751,9203567752,40.0,service
9203567752,11874019952,72.1,service
11874019952,11874019701,6.0,service
11874019701,9209246291,7.3,service
9209246291,11874019719,8.3,service
11874019719,11860212775,10.0,service
11860212775,9203567754,34.4,service
9203567754,9203567755,23.7,service
9203567755,9203567756,58.1,service
9203567754,9203567757,18.0,service
9203567757,9203567758,34.8,service
9203567758,9203567770,17.3,service
9203567770,9203567759,9.8,service
9203567759,9203567760,16.1,service
9203567746,9203567762,60.5,service
9203567762,11874019711,43.8,service
11874019711,11860212778,4.2,service
11860212778,9203567763,8.8,service
9203567763,9203567756,59.0,service
9203567715,9203567764,72.3,service
9203567764,9203567765,59.8,service
9203567765,9203567766,127.3,service
9203567766,9203567767,22.0,service
9203567767,9203567768,12.2,service
9203567768,9203567771,98.3,service
9203567771,9203567769,28.6,service
9203567769,9203567770,58.0,service
9203567756,9203567771,62.0,service
9203567772,11874010055,12.2,service
11874010055,9209246292,8.3,service
9209246292,11860212779,20.0,service
11860212779,9203567773,35.6,service
9203567767,9203567774,21.4,service
9203567774,9203567775,27.7,service
9203567775,9203567776,22.1,service
9203567776,9203567777,16.5,service
9203567777,9203567778,54.2,service
9203567778,9203567933,89.0,service
9203567933,9203567779,18.1,service
9203567779,9203567780,89.2,service
9203567780,9203567781,19.7,service
9203567781,9203567782,49.4,service
9203567782,11860212774,1.5,service
11860212774,9203567783,53.2,service
9203567783,11860212777,23.1,service
11860212777,11874010051,41.8,service
11874010051,9203567784,11.5,service
9203567784,9203567785,33.1,service
9203567785,9203567773,24.7,service
9203567785,9203567786,14.2,service
9203567786,9203567787,33.0,service
9203567787,9203567792,13.7,service
9203567792,9203567788,13.2,service
9203567788,9203567789,12.7,service
9203567789,9203567790,13.9,service
9203567790,9203567791,38.6,service
9203567791,9203567773,32.6,service
9203567793,11874019669,20.2,service
11874019669,9209246293,8.1,service
9209246293,9203567794,17.0,service
9203567794,9203567795,76.7,service
9203567795,9203567812,64.8,service
9203567812,9203567796,6.8,service
9203567796,9203567797,61.8,service
9203567797,9203567889,22.5,service
9203567889,9203567798,84.5,service
9203567798,9203567799,72.2,service
9203567799,9203567800,116.9,service
9203567806,9203567807,60.8,service
9203567808,9203567809,40.4,service
9203567809,9203567810,55.7,service
9203567810,9203567811,38.7,service
9203567811,9203567789,56.0,service
9203567812,9203567813,25.9,service
9203567813,9203567814,67.3,service
9203567814,9203567815,85.0,service
9203567815,9203567816,101.1,service
9203567816,9203567817,92.2,service
9203567817,9203567818,106.9,service
9203567818,9203567819,68.4,service
9203567819,9203567820,92.0,service
9203567820,9203567821,10.6,service
9203567821,9203567822,8.4,service
9203567808,9203567823,16.6,service
9203567823,9203567824,19.9,service
9203567824,9203567825,29.9,service
9203567825,9203567826,10.0,service
9203567826,9203567822,27.5,service
9203567765,9203567827,50.1,service
9203567827,9203567828,35.5,service
9203567828,9203567829,60.1,service
9203567829,9203567830,112.3,service
9203567830,9203567831,71.4,service
9203567831,9203567832,145.8,service
9203567832,9203567833,29.5,service
9203567833,9203567808,20.8,service
9203567834,11874019670,21.6,service
11874019670,9209246295,10.3,service
9209246295,9203567836,33.9,service
9203567836,9203567911,2.7,service
9203567911,9203567849,70.6,service
9203567849,9203567837,21.6,service
9203567837,9203567858,5.9,service
9203567849,9203567850,30.5,service
9203567850,9203567851,8.8,service
9203567851,9203567852,53.0,service
9203567852,9203567863,4.7,service
9203567863,9203567853,1.5,service
9203567853,9203567854,15.3,service
9203567854,9203567855,9.0,service
9203567855,9203567856,18.6,service
9203567856,9203567857,5.4,service
9203567858,9203567859,30.9,service
9203567859,9203567860,34.6,service
9203567862,9203567863,34.4,service
9203567859,9203567850,26.1,service
9203567851,9203567864,21.5,service
9203567889,9203567890,89.0,service
9203567890,9203567891,96.6,service
9203567891,9203567892,73.7,service
9203567894,9203567906,51.9,service
9203567906,9203567895,20.3,service
9203567895,9203567896,23.1,service
9203567892,9203567897,6.0,service
9203567897,9203567898,65.9,service
9203567898,9203567899,38.6,service
9203567899,9203567900,44.2,service
9203567900,9203567901,131.0,service
9203567901,9203567902,50.7,service
9203567903,9203567898,42.8,service
9203567904,9203567905,60.3,service
9203567905,9203567906,63.2,service
9203567904,9203567907,50.5,service
9203567907,9203567908,12.1,service
9203567909,9203567910,64.4,service
9203567910,9203567911,32.2,service
9203567706,9203567927,45.9,service
9203567927,9203567928,14.6,service
9203567928,9203567929,17.4,service
9203567929,9203567930,15.3,service
9203567930,9203567931,23.5,service
9203567931,9203567932,22.6,service
9203567760,9203567933,32.7,service
9203567826,9203871555,15.1,service
9203871555,9203871556,159.1,service
9203871556,9203871557,124.6,service
9203871557,9203871558,41.0,service
9203871558,9203871559,12.7,service
9203871559,9203871560,7.5,service
9203871560,9203871561,10.0,service
9203871561,9203871562,30.0,service
9203871562,9203871563,19.6,service
9203871563,9203871564,32.8,service
9203871564,9203871565,18.6,service
9203871565,9203871566,55.5,service
9203871566,9203871567,14.1,service
9203871567,9203871568,10.0,service
9203871568,9203871569,33.7,service
9203871569,9203871570,49.4,service
9203871570,9203871571,29.7,service
9203871571,9203871572,12.2,service
9203871572,9203871573,23.1,service
9203871573,9203871574,15.6,service
9203871574,9203871575,21.6,service
9203871573,9203871576,34.0,service
9203871574,9203871577,11.3,service
9203871577,9203871578,3.2,service
9203871578,9203871579,11.9,service
9206556196,9206556162,94.1,residential
9206556162,5705061554,102.7,residential
5705061554,5705061553,35.7,residential
5705061553,5705061552,51.6,residential
5705061552,11497712983,35.3,residential
11497712983,5705061551,34.2,residential
5705061551,5705061550,58.6,residential
9206556178,9206556179,20.5,service
9206556179,9206556180,19.2,service
9206556180,9206556181,34.1,service
9206556181,9206556182,30.8,service
8591741626,414898552,9.4,secondary
8591741629,13989496805,20.8,secondary
13989496805,9201406445,80.3,secondary
9201406445,8591741630,38.8,secondary
8591741630,13989496866,87.6,secondary
13989496866,9288127482,2.1,secondary
9288127482,13989496849,166.8,secondary
13989496849,9271029045,21.7,secondary
9271029045,13952032213,7.3,secondary
13952032213,8591741631,14.0,secondary
8591741631,13952032193,5.1,secondary
13952032193,13952032200,8.9,secondary
13952032200,13989496856,28.1,secondary
13989496856,9288127484,167.4,secondary
9288127484,8591741632,11.3,secondary
8591741632,12146228216,49.4,secondary
12146228216,9288127486,39.0,secondary
9288127486,8591741633,19.8,secondary
414898552,12856161070,14.0,secondary
414898552,12856161074,10.7,secondary
12856161074,9288127475,7.5,secondary
9288127475,13989496767,63.6,secondary
13989496767,14026238391,61.3,secondary
14026238391,13958219619,5.7,secondary
13958219619,4057921203,8.0,secondary
4057921203,9310043646,13.0,secondary
9310043646,4057921211,65.8,secondary
4634357865,9207546274,24.0,service
9207546274,9207546275,32.7,service
11180789471,9207546276,23.6,track
9207546276,9207546277,14.1,track
9207546277,9207546278,21.7,track
9207546278,9207546279,16.2,track
9207546279,9207546280,12.6,track
9207546280,9207546281,14.9,track
9207546281,4634357844,10.3,track
4631056146,9306330278,10.1,service
9306330278,9207546282,24.2,service
9207546283,9306330277,9.4,service
9306330277,9207546284,25.6,service
9207546285,9207546286,14.3,residential
9207546286,9207546287,32.0,residential
9207546287,9207546288,25.0,residential
9207546288,9207546289,14.7,residential
9207546289,5833894287,14.0,residential
4738684358,9387628395,44.2,service
9387628395,9387628396,26.6,service
9387628396,9387628399,4.3,service
9387628399,9207546291,48.5,service
9207546293,9196694115,18.5,footway
9208701551,9208701555,13.6,service
9208701555,9208701552,17.7,service
9208701553,9208701556,17.6,service
9208701556,9208701554,13.5,service
9208701555,9208701556,30.4,service
9208701555,9208701557,54.4,service
9208701557,9208701558,16.5,service
9208701558,9208701552,53.9,service
9208701553,9208701560,36.4,service
9208701560,9208701561,17.5,service
9208701561,9208701556,36.8,service
9208701554,9208701562,9.0,service
3956007633,9208701563,14.4,service
9208701563,9208701564,8.1,service
9208701564,12318706829,9.3,service
12318706829,9208701565,181.2,service
9208701565,9208701568,12.5,service
9208701568,12318706830,11.2,service
12318706830,12318706831,22.4,service
3956007628,9208701570,17.0,service
9208701570,9208701571,8.0,service
9208701571,9208701572,4.3,service
9208701572,9208701573,3.5,service
9208701573,9208701574,2.9,service
9208701574,12315455221,4.0,service
12315455221,12315455222,30.2,service
12315455222,12315455225,4.9,service
12315455225,12315455226,6.3,service
12315455226,12315455227,3.7,service
12315455227,12315455228,3.2,service
12315455228,12315455229,3.4,service
12315455229,9208701576,5.2,service
9208701576,9208701575,17.9,service
9208701576,9208701570,58.2,service
9208701581,12318706815,8.9,unclassified
12318706815,12318706814,5.6,unclassified
12318706814,9208701582,5.3,unclassified
9208701582,9208701578,20.8,unclassified
9208701578,12318706817,10.3,unclassified
12318706817,12318706818,10.1,unclassified
12318706818,12318706819,31.9,unclassified
12318706819,9208701579,4.5,unclassified
9208701579,12318706834,4.6,unclassified
12318706834,12318706836,17.6,unclassified
12318706836,12318706837,4.8,unclassified
12318706837,12318706838,5.3,unclassified
12318706838,9208701580,98.9,unclassified
9209113949,9209113950,32.6,footway
9209113950,9209187394,7.0,footway
9209187394,9209187385,12.4,footway
9209187385,9209113951,8.0,footway
9209113950,9209187396,7.0,footway
9209187396,9209113952,9.2,footway
9209113953,9209113954,75.0,footway
9209113954,9209113952,57.6,footway
9209113951,9209113955,12.7,footway
9209113955,9209187395,14.6,footway
9209187395,9209113956,5.1,footway
9209113956,9209113957,80.7,footway
9209113957,9209113958,60.6,footway
9209113958,9209113959,27.5,footway
9209113959,9209113960,30.3,footway
9209113960,9209113961,5.6,footway
9209113974,9209113973,37.3,footway
9209113973,9209113953,59.2,footway
9209113974,9196694088,6.4,footway
9209113976,9209113951,56.0,footway
9209187397,9209113976,4.2,footway
9209113977,9209113963,29.2,footway
9209113963,9209113964,83.2,footway
9209113964,9209187428,42.1,footway
9209113962,9209113977,116.9,footway
9209187425,9209113967,6.8,footway
9209113967,9209113968,40.5,footway
9209113968,9209113969,45.5,footway
9209113969,9209113970,59.3,footway
9209113970,9209113978,113.0,footway
9209134921,9209134919,2.9,footway
9209134920,9209187437,9.3,footway
9209187437,9209134921,6.4,footway
9209134919,9209134922,7.3,footway
9209134922,9209134923,28.0,footway
9209134923,9209134924,31.9,footway
9209134924,9209134925,6.9,footway
9209134925,9209134926,4.4,footway
9209134920,9209134927,16.2,footway
9209134927,9209134926,50.0,footway
9209134926,9209134928,7.2,footway
9209134928,9209134929,14.2,footway
9209134924,9209134930,11.4,footway
9209134930,2193764890,13.5,footway
2193764890,9209134938,4.6,footway
9209134938,9209187442,15.8,footway
9209187442,9312208320,10.9,footway
9312208320,9209134932,3.9,footway
9209134932,9209134937,8.7,footway
9209134937,9209134933,27.8,footway
9209134933,9209134934,24.8,footway
9209134934,9351575546,10.7,footway
9209134929,9209187441,8.0,footway
9209187441,9209134937,8.5,footway
9209134938,9209134939,40.3,footway
9209134939,9209134940,40.4,footway
9209134940,9209134941,67.3,footway
9331405227,9209134944,7.2,footway
9209134944,9209134945,30.4,footway
9209134945,9209134946,12.7,footway
9209134946,9209134947,14.7,footway
9209134947,9331106532,27.2,footway
9331106532,9209134948,9.8,footway
9209134948,9209134930,14.7,footway
9209134942,9209187444,10.0,footway
9209187444,9209134949,7.0,footway
9209134941,9209134949,7.3,footway
9209134949,9209134950,11.7,footway
9209134950,9209134951,41.6,footway
9209134942,9211882542,12.8,footway
9211882542,9209134952,12.9,footway
9209134952,9209134953,39.5,footway
9209134953,9209134954,16.1,footway
9209134951,9209134955,11.8,footway
9209134955,9209134956,7.1,footway
9209134956,9209198345,7.0,footway
9209198345,9209134957,4.3,footway
9209134957,9209134958,9.1,footway
9209134958,9209134959,14.7,footway
9209134959,9349850512,6.8,footway
9349850512,9209134960,3.4,footway
9209134960,9209134961,12.1,footway
9209134961,9209134962,7.2,footway
9209134962,9209134963,4.0,footway
9209134963,9209134964,30.5,footway
9209134964,9209134965,19.0,footway
9209134965,9215222257,11.4,footway
9209118195,9209118196,43.9,footway
9209118196,9349850513,36.8,footway
9349850513,9209118197,19.4,footway
9209118197,9209134954,24.6,footway
9209118195,9209187445,19.6,footway
9209187445,9209118198,10.1,footway
9215222257,9209118199,17.6,footway
9209118199,9215234640,1.9,footway
9215234640,9209187443,8.3,footway
9209187443,9209118198,9.2,footway
9196694092,9209187424,9.2,footway
9209113966,9209187426,20.4,footway
9209187426,9209187425,9.1,footway
9209187427,9209113965,10.1,footway
9209187428,9209187427,9.1,footway
9211787648,9197024936,3.2,residential
9211787649,9211787648,7.6,residential
9211799813,11696427996,20.7,footway
11696427996,9211799814,27.2,footway
9211799814,9211799815,12.0,footway
9211799815,9211799816,17.3,footway
9211799816,9196693146,16.9,footway
9211799814,9211829117,43.7,footway
9211829117,9211829118,21.5,footway
9211829118,9211829119,17.1,footway
9211829119,9211829120,2.2,footway
9211829120,9211829121,4.5,footway
9211829121,11696428038,27.2,footway
11696428038,11696428037,20.5,footway
11696428037,11696428036,9.9,footway
11696428036,11696428035,15.6,footway
9211820416,9211840217,7.4,footway
9211840217,9211840218,5.5,footway
9211840218,9211840219,10.8,footway
9211840219,9211840220,6.5,footway
9211840220,9211840221,8.1,footway
9211840221,9211840222,5.9,footway
9211840222,9211840223,7.5,footway
9211840223,9211840224,6.7,footway
9211840224,9211840225,3.4,footway
9211840225,9211840226,6.6,footway
9211840226,9211840227,7.9,footway
9211840227,9211840228,20.3,footway
9211840228,9211840229,8.0,footway
9211840229,9211840230,4.3,footway
9211840230,9211840231,4.3,footway
9211840231,9211840232,3.1,footway
9211840232,9211840233,2.3,footway
9211840233,9211840234,2.7,footway
9211840234,9211840235,3.1,footway
9211840235,9211840236,3.2,footway
9211840236,9211840237,1.8,footway
9211840237,9211840238,5.4,footway
9211840238,9211840239,7.8,footway
9211840239,9211840240,11.2,footway
9211840240,9211840241,5.9,footway
9211840241,9211840242,5.9,footway
9211840242,9211840243,2.1,footway
9211840243,9211840244,4.2,footway
9211840244,9211820415,3.4,footway
9211840224,9211838051,9.1,footway
9211838051,9211838052,15.9,footway
9211838052,9211838053,16.7,footway
9211838053,9211838054,6.1,footway
9211838054,9211838055,10.5,footway
9211838055,9211838056,8.2,footway
9211838056,9211838057,14.6,footway
9211838057,9211838058,13.2,footway
9211838058,9211838059,9.0,footway
9211838059,9211838060,12.7,footway
9211838060,9211838061,19.2,footway
9211838061,9211838062,16.8,footway
9211838062,9211838063,18.7,footway
9211838063,9211838064,24.0,footway
9211838064,9211838065,12.8,footway
9211838065,9211838066,12.2,footway
9211838066,9211844828,4.4,footway
9211844828,9211838067,5.4,footway
9211838067,9211838068,6.2,footway
9211838068,9211838069,12.6,footway
9211838069,9211838070,5.1,footway
9211838070,9211838071,14.2,footway
9211838071,9211838072,14.2,footway
9211838072,9211838073,12.0,footway
9211838073,9211838074,7.6,footway
9211838074,9211838075,8.5,footway
9211838075,9211838076,15.0,footway
9211838076,9211838077,10.1,footway
9211838077,9211838078,6.8,footway
9211838078,9211838079,6.9,footway
9211838079,9211838080,9.2,footway
9211838080,9211844825,9.3,footway
9211844825,9211838081,1.8,footway
9211838081,9211838082,10.8,footway
9211838082,9211838083,4.1,footway
9211838083,9211838084,7.9,footway
9211838084,9211838085,8.4,footway
9211838085,9211838086,13.3,footway
9211838086,9211838087,11.8,footway
9211838087,9211838088,10.1,footway
9211838088,9211838089,17.6,footway
9211838089,9211838090,8.5,footway
9211838090,9211838091,9.6,footway
9211844820,9211844821,11.6,footway
9211844821,9211844822,9.1,footway
9211844822,9196694072,10.8,footway
9211844819,9211844823,9.5,footway
9211844824,9211844823,16.6,steps
9211844825,9391222225,6.1,footway
9391222225,9211844824,1.0,footway
9211844826,9211844827,12.8,footway
9211844827,9211844828,11.8,footway
9211829100,9211829101,16.9,service
9211829101,9211829102,3.7,footway
9211829102,9211829103,14.2,footway
9211829103,9211829104,15.4,footway
9211829104,9211829105,18.6,footway
9211829105,9211829106,12.3,footway
9211829106,9211829107,13.3,footway
9211829107,9211829108,15.7,footway
9211829108,9211829109,12.4,footway
9211829109,9211829110,9.0,footway
9211829110,9211829111,6.6,footway
9211829111,9198585366,8.2,footway
9211877572,11180779620,12.9,footway
11180779620,11180790125,23.7,footway
11180790125,11180790124,24.1,footway
11180790124,11180790123,37.4,footway
11180790123,11180790122,27.6,footway
11180790122,11180790121,53.5,footway
11180790121,11180790120,23.0,footway
11180790120,11180789279,18.9,footway
11180789279,11180789280,27.1,footway
11180789280,11180790119,29.7,footway
11180790119,11180779619,23.1,footway
11180779619,11180790118,12.2,footway
11180790118,11180789278,24.7,footway
11180789278,11180790117,35.2,footway
11180790117,11180790116,21.2,footway
11180790116,11180790115,29.3,footway
11180790115,11180790114,26.9,footway
11180790114,11180790113,26.5,footway
11180790113,11180790112,36.5,footway
11180790112,9213042251,19.1,footway
4634172561,9211877573,30.8,residential
9211877573,9211877574,31.4,residential
9211877574,9211877575,20.8,residential
9211877575,9211877576,34.6,residential
9211877576,9211877577,16.2,residential
9211877577,9211877578,49.9,residential
9211877578,9211877579,8.7,residential
9211877579,9211877580,6.4,residential
9211877580,9211877581,5.5,residential
9211877581,9211877582,2.0,residential
9211877582,9211877617,1.4,residential
9211877617,9211877583,5.3,residential
9211877583,9211877584,13.8,residential
9211877584,9211877585,31.5,residential
9211877585,9211877586,22.4,residential
9211877586,9211877587,16.1,residential
9211877604,9211877608,30.0,footway
9211877608,9211877609,22.4,footway
9211877609,9211877610,27.9,footway
9211877610,9211877611,15.8,footway
9211877611,9211877612,17.7,footway
9211877612,9211877613,11.5,footway
9211877613,9211877614,8.4,footway
9211877614,9211877615,13.2,footway
9211877615,9211877616,2.3,footway
9211877616,9211877617,7.7,footway
9211882538,9211882539,35.8,service
9211882539,9211882540,49.5,residential
9211882540,9211882542,40.0,residential
9211882542,9211882541,10.7,residential
9211882543,9211882544,22.6,residential
9211882544,9211882545,14.7,residential
9211882545,9211882539,17.4,residential
12310457832,9331106525,17.6,service
9331106525,12438025245,16.0,service
12438025245,12438025247,35.6,service
12438025247,12438025253,29.2,service
12438025253,9211885486,43.8,service
9211943913,9211943914,16.7,residential
9211943914,9211970220,21.9,residential
9211970220,9211943915,15.4,residential
9211943915,9211943916,32.7,residential
9211970217,9211970218,21.9,service
9211970218,9211970219,48.3,service
9211970219,9211970220,9.5,service
9211970220,9211970221,53.4,footway
4632583654,9211970222,11.8,service
9211970222,9211970223,12.7,service
9211970223,9211970224,70.4,service
9211970224,9211970225,7.4,service
9211970225,9211970226,39.3,service
9211970226,9211970227,56.2,service
9211970227,9211970228,12.6,service
9211970228,9211970229,21.3,service
9211970229,9211970230,13.1,service
9211970231,9211970232,13.3,footway
9211970232,9211970233,5.2,footway
9211970233,9211970234,8.6,footway
9211970234,9211970235,6.2,footway
9211970235,9211970236,11.9,footway
9211970236,9211970237,13.0,footway
9211970237,9211970238,12.7,footway
9211989853,9211989854,17.1,service
9211989854,9211989855,16.5,service
9211989855,9211989856,28.8,service
9211989856,9211989857,6.8,service
9211989857,9211989858,118.1,service
4658585301,9342203949,4.2,service
9342203949,9211989860,4.1,service
9211989860,9211989861,48.6,service
9211989861,9211989862,4.9,service
9211989862,9211989863,49.7,service
9211989863,9211989866,9.1,service
9211989866,9211989864,54.9,service
9211989865,9211989866,32.4,service
9211989860,9211989867,22.1,footway
9211989867,9211989868,13.6,footway
9211989868,9211989871,39.6,footway
9211989871,9211989869,13.5,footway
9211989869,9211989870,29.8,footway
9211989871,9211989872,31.9,footway
9211989872,9211989874,3.1,footway
9211989874,9211989875,51.6,footway
9211989875,9211989876,12.4,footway
9211989876,9211989877,3.9,footway
9211989877,9211989878,15.5,footway
9211989878,9211989879,7.4,footway
9211989879,9211989880,3.6,footway
9211989876,9211989881,3.6,footway
9211989881,9211989882,9.4,footway
9211989882,9211989883,11.5,footway
9211989883,9211989884,5.5,footway
9211989884,9211989885,15.0,footway
9211989885,9211989880,10.6,footway
9211989870,9211989886,19.3,footway
9211989886,9211989887,32.0,footway
9211989887,9211989888,8.3,footway
9211989888,9211989889,27.5,footway
9211989889,9211989890,27.7,footway
9211989890,9211989891,16.1,footway
9211989891,9211989892,2.7,footway
9211989892,9211989875,13.2,footway
9211989882,9211989892,16.2,footway
9211989895,9211989896,25.8,path
9211989896,9342203986,17.1,path
9342203986,9211989897,25.4,path
9211989897,9211989898,16.4,path
9211989898,9211989899,13.1,path
9211989899,9211989900,8.3,path
9211989900,9211989901,26.9,path
9211989901,9211989902,16.8,path
9211989902,9211989903,46.1,path
9211989903,9211989904,15.6,path
9211989904,9211989905,20.0,path
9211989905,9211989858,6.5,path
6106155913,9212005720,12.6,residential
9212005720,9382980513,1.3,residential
9382980513,9212005721,10.0,residential
9212005721,9212005722,12.8,residential
9212005722,10601348768,26.8,residential
10601348768,9212005723,20.0,residential
9212005723,10601348769,22.0,residential
10601348769,9212005724,33.1,residential
9212005724,10601348763,14.8,residential
10601348763,9212005725,12.0,residential
9212005725,10601348762,27.5,residential
10601348762,9212005726,63.1,residential
9212005726,10601348761,37.9,residential
10601348761,9212005727,62.6,residential
9212005727,9212005728,100.2,residential
9212005728,10601348760,28.7,residential
9212005744,9212005745,17.4,residential
9212005745,9212005746,26.8,residential
9212005746,9212005747,29.2,residential
9212005747,9212005748,12.2,residential
4634229441,9213042230,14.5,footway
9213042230,9213042231,34.9,footway
9213042231,9213042232,63.0,footway
9213042232,9213042233,31.2,footway
9213042233,9213042234,23.1,footway
9213042234,9213042235,28.1,footway
9213042235,9213042236,10.0,footway
9213042236,9213042237,9.0,footway
9213042237,9213042238,7.5,footway
9213042238,9213042239,7.0,footway
9213042239,9213042240,5.3,footway
9213042240,9213042241,9.3,footway
9213042241,9213042242,6.9,footway
9213042242,9213042243,10.0,footway
9213042243,9213042244,13.8,footway
9213042244,9213042245,10.9,footway
9213042245,9213042246,25.3,footway
9213042246,9213042247,15.9,footway
9213042247,9213042248,11.1,footway
9213042248,9213042249,16.9,footway
9213042249,9213042250,12.1,footway
9213042250,9213042251,9.3,footway
9213042251,9213042252,5.0,footway
9213042252,9213042253,4.6,footway
9213042253,9213042254,6.5,footway
9213042254,9213042255,13.6,footway
9213042255,9213042256,8.0,footway
9213042256,9213042257,12.5,footway
9213042257,9213042258,26.5,footway
9213042258,9213042259,12.1,footway
9213042259,9213042260,17.4,footway
9213042260,9213042261,15.8,footway
9213042261,9213042262,12.0,footway
9213042262,9213042263,17.8,footway
9213042263,9213042264,9.7,footway
9213042264,9213042265,16.6,footway
9213042265,9213042266,24.0,footway
9213042266,9213042267,5.8,footway
9213042267,9213042268,17.0,footway
9213042268,9213042269,8.4,footway
9213042269,9213042270,20.8,footway
9213042270,9213042271,12.4,footway
9213042271,9213042272,17.1,footway
9213042272,9213042273,15.6,footway
9213042273,9213042274,23.7,footway
9213042274,9213042275,17.8,footway
9213042275,9213042276,7.5,footway
9213042276,9213042277,26.4,footway
9213042277,9213042278,28.0,footway
9213042278,9213042279,17.5,footway
9213042279,9213042280,20.9,footway
9213042280,9213042281,18.6,footway
9213042281,9213042282,18.8,footway
9213042282,9213042283,8.7,footway
9213042283,9213042284,19.1,footway
9213042284,9213042285,10.6,footway
9213042285,9213042286,14.1,footway
9213042286,9213042287,14.7,footway
9213042287,9213042288,13.2,footway
9213042288,9213042289,23.1,footway
9213042289,9213042290,13.8,footway
9213042290,9213042291,10.6,footway
9213042291,9213042292,10.7,footway
9213042292,9213042293,12.1,footway
9213042293,9213042294,2.9,footway
9213042294,9213042295,2.8,footway
9213042295,9213042296,15.5,footway
9213042296,9213042297,21.1,footway
9213042297,11180829941,11.9,footway
11180829941,9213042298,11.7,footway
9213042298,9213042299,18.1,footway
9213042299,9213042300,28.9,footway
9213042300,11180829940,9.1,footway
11180829940,9213042301,7.1,footway
9213042301,9213042302,16.1,footway
9213042302,11180829939,12.2,footway
11180829939,9213042303,14.0,footway
9213042303,9213042304,14.6,footway
9213042304,9213042305,7.1,footway
9213042305,9213042306,6.8,footway
9213042306,9213042307,15.4,footway
9213042307,9213042308,16.4,footway
9213042308,9213042309,13.1,footway
9213042309,9213042310,13.8,footway
9213042310,9213042311,8.6,footway
9213042311,9213042312,10.7,footway
9213042312,9213042313,10.1,footway
9213042313,9213042314,15.3,footway
9213042314,9213042315,14.4,footway
9213042315,9213042316,18.0,footway
9213042316,9213074717,11.7,footway
9213074717,9213074718,8.4,footway
9213074718,9213074719,5.5,footway
9213074719,9213074720,7.2,footway
9213074720,9213074721,2.1,footway
9213074721,9213074722,3.8,footway
9213074722,9213074723,4.2,footway
9213074723,9213074724,7.3,footway
9213074724,9213074725,5.8,footway
9213074725,9213074726,10.4,footway
9213074726,9213074727,5.5,footway
9213074727,9213074728,9.7,footway
9213074728,9213074729,7.2,footway
9213074729,9213074730,8.1,footway
9213074730,9213074731,13.1,footway
9213074731,9213074732,5.3,footway
9213074732,9213074733,5.7,footway
9213074733,9213074734,7.8,footway
1494218755,9198902181,6.6,service
9198902181,4736692015,6.6,service
9214231123,12305995603,8.4,service
12305995603,9214231124,73.3,service
9214231124,9201335489,7.8,service
9201335489,9214231126,100.0,service
9214231126,9214231127,71.1,service
9214231127,4626941790,9.0,service
9215167993,9215167994,69.8,residential
9215167998,9215167999,48.2,track
9215167999,9215168000,8.3,track
9215168000,9215168001,7.0,track
9215168001,9215168002,7.1,track
9215168002,9215168003,14.7,track
9215168003,9215168004,16.6,track
9215168007,13947240070,15.8,service
13947240070,13947240064,17.7,service
13947240064,13947240063,47.4,service
9215168009,9215168010,12.0,residential
9215168010,9215168011,10.5,residential
9215168011,13947240084,14.3,service
13947240084,13947240083,9.7,service
13947240083,9215179017,7.5,service
9215168013,9215179018,14.7,service
9215179018,9215168014,18.8,service
9215168014,9215168015,13.6,service
9215168015,9215168016,20.2,service
9215168016,9215168011,18.4,service
9215179017,9215179018,24.3,service
9215168013,9215179019,11.8,service
9215179019,9215179020,41.3,service
9215179022,9215179023,50.2,residential
9215179023,9215179024,23.3,residential
9215179024,9215179025,39.4,residential
9215179025,9215179026,57.1,residential
9215179026,9215179027,19.6,residential
9215179022,9215179028,15.3,residential
9215179028,9215179029,84.3,residential
9215179028,9215179030,30.6,residential
9215179036,9215179037,12.1,footway
9215133111,9311930414,11.4,service
9311930414,13327784390,7.5,service
13327784390,9215133112,9.5,service
5833894215,9311930438,61.5,service
9311930438,9215133113,31.3,service
9215133113,9215133114,9.3,service
9215133114,9215133115,12.8,service
9215133115,9215133112,36.6,service
9207546282,9215133116,6.3,service
9215133116,9215203917,51.7,service
9215203917,9215203918,20.0,service
9215203918,9215203919,55.9,service
9215203919,9215203920,8.6,service
9215203920,9215203921,56.3,service
9215203921,9215203918,11.3,service
9207546284,9215203922,28.9,service
9215203922,9215203923,36.9,service
9215203923,9215203924,22.4,service
9215203924,9215203925,10.1,service
9215203925,9215203926,12.3,service
9215203926,9215203927,40.2,service
9215211276,9215211275,41.9,service
9215211275,6203795908,38.9,service
9215211279,9215211278,11.6,service
9215211278,9215211277,10.9,service
9215211277,9215211276,24.7,service
9215211280,9215211281,14.1,service
9215211281,9215211287,6.1,service
9215211287,9215211282,21.6,service
9215211282,9215211292,38.9,service
9215211292,9215211283,34.4,service
9215211283,9215211288,19.8,service
9215211288,9215211279,1.2,service
9215211284,9215211285,43.0,service
9215211285,9215211297,31.9,service
9215211297,9215211286,12.6,service
9215211286,9215211281,27.7,service
9215211287,9215211288,74.0,service
9215211283,9215211289,12.3,service
9215211289,9215211290,11.9,service
9215211290,9215211291,16.0,service
9215211292,9215211293,33.2,service
9215211293,9215211294,4.5,service
9215211294,9215211295,15.2,service
9215211296,9215211297,34.7,service
8382097961,8382097952,18.1,service
9215211303,9215211304,22.4,service
9215211304,9215211305,53.8,service
9215211306,9215211307,17.3,service
9215211307,9215211308,35.4,service
8382118855,9215211309,28.8,service
9215211309,9215211305,9.8,service
9215215124,9215215130,16.1,service
9215215130,9215215125,3.4,service
9215215125,9215215126,41.3,service
9215215126,9215215127,22.7,service
9215215127,9215215128,10.9,service
9215215128,9215215129,61.5,service
9215215129,9215215131,18.1,service
9215215131,9215215132,7.0,service
9215215132,9215215133,12.5,service
9215215133,9215215134,16.0,service
9215215134,9215215135,23.0,service
9215215135,9215215136,23.2,service
8382098042,9215222240,4.3,service
9215222240,9215222241,5.1,service
9215222241,9215222242,36.4,service
9215222242,9215222243,19.8,service
9215222243,9215222244,17.4,service
9215222245,9215222246,28.1,service
9215222246,9215222247,16.1,service
9215222247,9215222248,13.3,service
9215222248,9215222249,13.5,service
9215222249,9215222250,10.6,service
9215222245,9215222251,59.8,service
9215222251,9215222252,12.7,service
9215222252,9215222253,7.6,service
9215222253,9215222254,8.0,service
9215222255,9215222245,37.2,service
9215222260,9394431194,17.5,service
9394431194,9215222261,12.0,service
9215222261,9215222262,21.0,service
9215222262,9215222263,11.0,service
9215222263,9215222264,19.4,service
9215222264,9215222265,21.1,service
9215222268,9215222269,27.4,service
9215222269,9215222270,10.9,service
9215222270,9215222271,9.4,service
9215222271,9269479617,27.9,service
9269479617,9215222260,22.0,service
9215222272,9215222273,21.0,service
9215222273,9215222274,2.7,service
9215222274,9215222275,21.1,service
9215222266,9215222276,35.9,service
9215222276,9215222275,63.9,service
9215222277,9215222278,30.8,service
9215222279,9215222280,21.0,service
4057921208,4235822584,96.7,residential
4235822584,6282827179,18.7,residential
6282827179,4057921207,93.4,residential
4057921207,6282827184,42.2,residential
6282827184,6282827174,108.8,residential
4057921206,8382098157,75.9,secondary
8382098157,4057921148,78.1,secondary
4057921148,4057921166,63.9,secondary
4057921166,9349894086,109.1,secondary
9349894086,9271029031,20.3,secondary
9271029031,9349894078,15.4,secondary
4057921181,4057921180,117.6,residential
4057921181,9271029024,59.1,secondary
9271029024,9349894047,10.7,secondary
9349894047,1724846514,14.2,secondary
9209187437,9216374259,10.2,tertiary
9216374259,9216374261,48.9,tertiary
9216374261,9209134925,7.8,tertiary
9209134925,2471221221,13.8,tertiary
4756571226,9211882538,63.8,residential
9211882538,4995814758,23.7,residential
4995814758,9331405230,68.7,residential
9331405230,9331405228,2.0,residential
9331405228,4995814759,8.4,residential
4736692012,9209187397,6.4,service
9209187397,9216374218,10.0,service
9216374218,9214156296,4.9,service
9214156296,4632468222,26.5,service
4736692012,4736692013,24.1,primary
4736692013,9216374222,30.2,primary
9216374222,9209187385,5.6,primary
9209187385,4736692014,6.4,primary
4632468226,4632468227,15.5,service
4632468227,4632468225,17.3,service
4632468225,4632468224,43.3,service
4632468224,4632468228,17.0,service
4632468228,4632468223,16.0,service
4632468223,4632468226,46.4,service
4736692014,4736692015,20.8,primary
4632468202,9209187396,7.2,service
9209187396,9216374219,4.5,service
9216374219,4632468203,35.4,service
4632468202,9209187394,6.8,primary
9209187394,1494218739,41.7,primary
1494218739,9216374223,12.3,primary
9216374223,4632468218,5.7,primary
4632468203,4632468204,71.6,service
4632468204,4632468209,16.9,service
4632468209,4632468205,33.5,service
4632468205,4632468206,15.6,service
4632468206,4632468207,142.6,service
9196727470,9213999842,85.1,service
9213999842,9213999843,18.1,service
9213999843,9213999844,13.3,service
9213999844,9218530145,3.1,service
9218530145,9196727471,18.8,service
9217386186,9217386187,154.0,residential
9218530145,9218530146,18.5,service
9196727472,9218530146,14.6,footway
9218530147,9218530148,128.4,service
9201335397,9201335396,82.2,service
9201335396,9218530149,4.2,service
2193764981,9218598695,30.4,residential
9218598695,9218598696,32.6,residential
2193764995,9218598697,23.1,service
9218598697,9218598698,54.1,service
9218598699,9218598700,16.8,service
9218598700,9218598701,30.7,service
9218598701,9218598702,38.8,service
9218598702,9218598696,21.7,service
9218598699,9218598703,12.0,service
9218598703,9218598704,13.1,service
9218598704,9218598698,26.6,service
9218598699,9218598706,12.8,service
9218598706,9218598707,15.7,service
9218598707,9218598708,23.4,service
9218598708,9218598709,12.5,service
9218598709,9218598710,12.2,service
9218598710,9218598711,41.1,service
9218598711,9218642417,88.0,service
9218642417,9218598712,63.8,service
9218598713,9218598714,12.6,service
9218598714,9218598715,13.1,service
9218598715,9218598716,9.4,service
9218598716,9218598712,8.2,service
9223922025,9218642424,6.3,service
9218642424,9218642418,2.3,service
9218642418,9218642419,33.6,service
9218642419,9218642420,43.5,service
9218642420,9218642421,14.7,service
9218642421,9218642422,12.7,service
9218642422,9218642423,8.6,service
9218642423,9218642427,32.2,service
9218642427,9218642426,65.1,service
9218642426,9218642425,17.1,service
9218642425,9218642424,5.8,service
9218679731,9218679732,11.3,service
9218679732,9218679734,26.1,service
9222527305,9222527306,11.6,residential
6477475961,11518968598,35.3,path
11518968598,11518968596,9.2,path
11518968596,11518968597,7.2,path
11518968597,11518968595,17.9,path
11518968595,9223016150,23.1,path
5210651864,11518969795,27.8,path
11518969795,11518969794,20.1,path
11518969794,9223086065,16.3,path
9223086065,9223086066,11.2,path
9223086066,11518969793,17.0,path
11518969793,9223086067,9.3,path
9223086067,11518969796,22.7,path
11518969796,9223086068,21.2,path
9223086068,9223086069,36.9,path
9223086069,9223086070,34.9,path
9223086070,10188801946,24.5,path
10188801946,11518969842,14.1,path
11518969842,9223086071,12.0,path
9223086071,9223086072,12.3,path
9223086072,9223086073,14.7,path
9223086073,9223086074,24.9,path
9223086074,11518969841,10.7,path
11518969841,9223086075,11.9,path
9223086075,11518969840,17.5,path
11518969840,9223086076,31.5,path
9223086076,10188801945,18.2,path
10188801945,11518969839,10.2,path
11518969839,11518969838,15.1,path
11518969838,11518969837,14.0,path
312198491,312198476,206.2,tertiary
312198476,312198464,67.7,tertiary
312198464,10831436402,5.9,tertiary
10831436402,5224648433,13.5,tertiary
9223086257,312198408,8.6,tertiary
4635076491,9223922028,21.7,service
9223922028,9223922029,9.8,service
9223922029,9223922030,48.9,service
9223922030,9223922032,35.2,service
9223922032,9230022569,8.7,service
9230022569,9230022570,21.8,service
9230022570,9223922031,15.1,service
2193764999,13958219640,0.2,tertiary
13958219640,13958219641,0.6,tertiary
13958219641,13958219642,15.4,tertiary
13958219642,13958219644,48.8,tertiary
13958219644,4635076499,59.3,tertiary
4635076499,2193765000,44.1,tertiary
2193765000,2193765015,65.1,tertiary
2193765015,9218598692,39.4,tertiary
9218598692,4634229442,63.4,tertiary
4634229442,9218598693,40.0,tertiary
9218598693,6194343302,21.2,tertiary
6194343302,2193764995,11.3,tertiary
2193764995,2193764894,20.1,tertiary
2193764894,2193764965,19.2,tertiary
2193764965,2193764991,19.9,tertiary
2193764991,2193764981,15.4,tertiary
2193764981,2193764952,42.2,tertiary
2193764952,9299582168,15.8,tertiary
9299582168,9209187443,15.4,tertiary
9209187443,2193764883,6.3,tertiary
2193764883,2193764983,11.2,tertiary
2193764983,2193765017,9.0,tertiary
2193765017,2193764976,13.1,tertiary
2193764976,2193764946,21.8,tertiary
2193764946,4634229438,24.9,tertiary
4634229438,2193765002,21.7,tertiary
2193765002,4634229430,38.1,tertiary
4634229430,2193764918,29.2,tertiary
2193764918,9299582169,20.7,tertiary
9299582169,9211882541,15.0,tertiary
4635076503,4635076500,19.9,residential
4635076500,4635076378,47.0,residential
4635076378,9223922031,21.4,residential
9223922031,4635076379,10.5,residential
4635076379,4635076492,21.2,residential
4635076492,4635076380,66.0,residential
4635076380,4635076491,27.2,residential
4635076491,4635076381,90.3,residential
4635076381,4635076382,35.8,residential
4635076382,4635076383,13.4,residential
4635076383,8314943024,15.9,residential
8314943024,8314943025,37.5,residential
8314943025,8314943026,45.5,residential
9230022577,9230022578,26.2,service
9230022579,9230022580,20.1,residential
9230022580,9331305585,6.8,residential
9331305585,9230022581,20.7,residential
9230022581,9331305581,48.0,residential
9331305581,9230022582,16.1,residential
9230022582,9230022583,25.0,residential
9230022583,9230022584,22.8,residential
9230022584,9230022585,20.9,residential
9230022585,9230022586,42.9,residential
9230022586,9230022587,15.1,residential
9230022592,9209113962,24.2,footway
9230022593,9230022592,2.6,footway
9209113961,9230022594,61.7,footway
9230022594,9230022593,59.1,footway
9209113978,9209113971,12.4,footway
9209113971,9230022595,16.7,footway
9230022595,9230022596,64.8,footway
9230022596,9209113974,59.6,footway
9215167994,9215167995,8.5,track
9215167995,9215167996,13.1,track
9215167996,9215167997,13.4,track
9215167997,9215167998,25.7,track
414664591,529778460,61.9,primary
529778460,529778430,38.6,primary
529778430,12203586325,41.9,primary
12203586325,13577620354,9.0,primary
13577620354,13577620359,29.5,primary
13577620359,529778452,52.5,primary
529778452,10857621995,9.3,primary
10857621995,13583188111,75.6,primary
13583188111,790705540,27.8,primary
790705540,529778392,101.2,primary
529778392,13588235055,26.6,primary
13588235055,436597966,62.9,primary
436597966,13604115265,38.8,primary
13604115265,6015522827,62.2,primary
6015522827,529778383,10.6,primary
529778383,436597965,77.0,primary
436912396,9249579444,15.9,residential
9249579444,9249579445,67.8,residential
9249579446,9249579447,15.0,residential
9249579447,9249579448,50.4,residential
4235824851,9249579449,75.3,residential
9249579449,9249579448,23.3,residential
9249579448,9249579450,45.4,residential
9249579450,6203796023,27.3,residential
9249579445,9249579451,16.0,residential
9249579451,9249579452,58.2,residential
9249579452,4235824851,12.0,residential
9249579445,9249579453,10.1,residential
9249579453,9249579454,41.5,residential
9249579454,9249579455,17.6,residential
9249579455,9249579456,32.1,residential
9249579456,5158711969,9.7,residential
5158711969,9249579457,27.4,residential
9249579457,9350114221,25.4,residential
9350114221,9249579458,7.4,residential
9249579458,9249579459,18.7,residential
9249579459,9249579460,15.3,residential
9249579460,9249579461,19.5,residential
9249579461,9350087412,2.5,residential
9350087412,9249579462,10.3,residential
9249579462,9249579463,26.8,residential
9249579463,9249579464,27.0,residential
9249579464,9249579465,25.0,residential
9249579465,9249579466,13.8,residential
9249579466,9249579467,32.5,residential
9249579467,9249579468,37.2,residential
9249579468,9249579469,27.5,residential
9249579469,8265970123,12.3,residential
8265970119,8265970120,77.8,service
8265970119,8265970126,53.1,service
8265970118,8265970119,44.9,service
6771400438,6771400439,73.7,residential
4632583607,4632583608,14.8,residential
4738684365,6204708599,13.0,secondary
6204708599,436581027,10.7,secondary
436581027,436581026,17.0,secondary
436581026,4738817580,46.8,secondary
4738817580,6280676319,32.2,secondary
6280676319,6280676318,19.4,secondary
6280676318,6280676323,12.6,secondary
6280676323,4632583612,16.3,secondary
4632583612,6771400439,32.0,secondary
6771400439,4632583609,77.0,secondary
4632583608,6771400437,71.1,residential
6771400437,4632583609,46.3,residential
4632583611,9249579471,6.7,footway
9249579471,9249579472,82.0,footway
4632583654,4632583617,9.9,service
4632583617,4632583635,8.9,service
4632583635,4632583618,35.7,service
4632583618,9291432715,19.9,service
9291432715,4745497362,20.1,service
4632583632,9249579476,11.0,service
9249579476,9249579473,18.6,service
9249579473,9249579477,12.7,service
9249579477,9249579474,10.0,service
9249579474,9249579485,5.0,service
9249579485,9249579475,11.0,service
9249579477,9249579478,15.8,footway
9249579478,9249579479,20.2,footway
9249579479,9249579480,49.7,footway
9249579480,11696433076,1.8,footway
11696433076,9249579481,10.9,footway
9249579481,11696433078,13.5,footway
11696433078,9249579482,15.5,footway
9249579482,9249579483,28.4,footway
9249579483,9249579484,32.8,footway
9249579485,9249579486,5.8,service
9249579486,9249579487,8.8,service
9249579487,9249579488,6.8,service
9249579488,9249579489,0.9,service
9249579489,9249579490,4.0,service
9249579490,9249579491,11.9,service
9249579492,9249579493,13.4,service
9249579493,9249579494,7.2,service
9249579494,9249579495,13.2,service
9249579495,9249579475,10.1,service
9249579496,9249579497,11.2,footway
9249579497,9249579498,6.5,footway
9249579498,9249579499,14.6,footway
9249579499,9249579500,16.8,footway
9249579500,9249579501,13.1,footway
9249579501,9249579502,14.2,footway
9249579502,9249579503,16.9,footway
9249579503,9249579504,13.7,footway
9249579504,9249579505,20.1,footway
9249579505,9249579506,21.5,footway
9249579506,9249579507,7.6,footway
9249579507,9249579508,6.0,footway
9249579508,9249579509,7.0,footway
9249579509,11696433388,14.2,footway
11696433388,9249579510,10.6,footway
9249579510,9249579511,13.6,footway
9249579511,9249579512,21.0,footway
9249579512,9249579513,24.2,footway
9249579513,9249579514,15.5,footway
9249579514,9249579515,8.0,footway
9249579515,9249579516,6.8,footway
9249579516,9249586117,9.6,footway
9249586117,9249586118,15.4,footway
9249586118,11696433387,9.2,footway
11696433387,9249586119,5.4,footway
9249586119,9249586120,11.2,footway
9249586120,11696433083,15.6,footway
11696433083,9249586121,13.8,footway
9249586121,9249586122,13.9,footway
9249586122,9249586123,22.7,footway
9249586123,9249586124,17.2,footway
9249586124,9249586125,12.9,footway
9249586125,9249586126,33.6,footway
9249586126,9249586127,14.8,footway
9249586127,9249586128,15.1,footway
9249586128,9249586129,12.5,footway
9249586129,9249586130,16.1,footway
9249586130,9249586131,17.3,footway
9249586131,9249586132,16.5,footway
9249586132,9249586133,22.6,footway
9249586133,9249586134,8.7,footway
9249586134,9249586135,15.5,footway
9249586135,9249586136,14.8,footway
9249586136,9249586137,10.1,footway
9249586137,9249586138,10.3,footway
9249586138,9249586139,11.4,footway
9249586139,9249586140,10.1,footway
9249586140,9249586141,3.3,footway
9249586141,9249586142,7.0,footway
9249586142,9249586143,3.7,footway
9249586143,11696421764,7.7,footway
11696421764,9249586144,1.3,footway
9249586144,9249586145,19.4,footway
9249586145,9249586146,22.2,footway
9249586146,9249586147,16.3,footway
9249586147,9249586148,9.5,footway
9249586148,9249586149,9.1,footway
9249586149,9249586150,7.7,footway
9249586150,9249586151,12.4,footway
9249586151,9249586152,11.2,footway
9249586152,9249586153,10.8,footway
9249586153,9249586154,12.9,footway
9249586154,9249586155,6.1,footway
9249586155,11696433386,7.6,footway
11696433386,11696433385,8.1,footway
11696433385,11696433384,14.8,footway
11696433384,11696433383,9.7,footway
11696433383,11696433382,6.2,footway
11696433382,11696433381,9.3,footway
11696433381,11696433380,8.8,footway
11696433380,11696433379,11.4,footway
11696433379,11696433378,14.3,footway
11696433378,11696433377,6.7,footway
11696433377,11696433376,11.4,footway
11696433376,11696433375,9.5,footway
11696433375,11696433374,7.7,footway
11696433374,11696433373,10.5,footway
11696433373,11696433372,8.9,footway
11696433372,11696433371,6.0,footway
11696433371,11696433370,9.8,footway
11696433370,11696433369,4.1,footway
11696433369,11696433368,10.5,footway
11696433368,11696433367,6.5,footway
11696433367,11696433366,13.6,footway
11696433366,11696433365,11.2,footway
11696433365,11696433364,20.0,footway
11696433364,11696433363,11.4,footway
11696433363,9350114234,10.6,footway
4756571512,4635239716,15.5,service
4635239716,4756571513,28.3,service
4635239720,4635239713,24.0,service
1503595831,9249736151,43.5,footway
9249736151,9249736152,18.1,footway
9249736152,9249736153,10.7,footway
9249736153,9249736154,7.7,footway
9249736154,9249736155,12.3,footway
9249736155,9249736156,22.7,footway
9249736156,9249736164,3.9,footway
9249736164,9249736157,24.2,footway
9249736154,9249736158,11.8,footway
9249736158,9249736159,8.7,footway
9249736159,9249736160,12.8,footway
9249736160,9249736161,16.8,footway
9249736161,9249736162,12.7,footway
9249736162,9249736158,8.1,footway
9249736161,9249736163,9.4,footway
9249736163,9249736164,1.3,footway
9249736153,9249736165,19.4,footway
9249736165,9249736166,6.9,footway
13476523353,9251898155,34.4,track
9251898155,9251898167,163.8,track
9251898167,2519290368,159.0,track
9251898156,9251898174,189.6,track
9251898174,9251898163,163.9,track
9251898163,13476523352,79.2,track
9251898157,9251898155,58.7,track
9251898155,9251898163,130.8,track
9251898163,9251898162,129.7,track
9251898162,9251898166,127.7,track
9251898166,9251898161,132.5,track
9251898161,2519237091,130.6,track
2519237091,9251898158,127.5,track
9251898164,9251898166,133.3,track
9251898166,9251898172,167.4,track
9251898172,9251898165,182.8,track
9251898167,9251898174,129.5,track
9251898174,9251898173,130.2,track
9251898173,9251898172,127.7,track
9251898172,9251898171,131.8,track
9251898171,9251898170,131.4,track
9251898170,9251898169,128.9,track
9251898169,9251898168,97.4,track
2519220307,2519220314,77.6,track
2519220314,2519220315,12.5,track
2519220315,9251898175,5.3,track
9251898175,13476523346,10.6,track
13476523346,9251898176,30.4,track
9251898176,13476523347,15.4,track
13476523347,9251898178,49.0,track
9251898178,9251898182,104.4,track
9251898182,9251898177,99.2,track
13476523348,9251898180,132.8,track
9251898180,9251898182,34.0,track
10831435178,9251915280,395.7,track
10831436492,10831436491,74.2,track
10831436491,9251915281,16.3,track
9251915281,10831436206,445.9,track
9251915279,9313396906,153.7,track
9313396906,9251915284,39.2,track
9251915285,10831436208,566.6,track
9251915287,9251915288,586.0,track
9251915289,9251915290,100.7,track
9251915290,9251915291,13.3,track
9251915291,9251915292,26.9,track
9251915292,9251915293,15.4,track
9251915293,9251915301,155.1,track
9251915301,9251915294,264.8,track
10831436472,10831436470,13.4,unclassified
10831436470,10831436469,132.7,unclassified
10831436469,10831436492,98.4,unclassified
10831436492,10831436468,89.9,unclassified
10831436468,10831436493,40.4,unclassified
10831436493,9251915285,50.6,unclassified
9251915285,10831436467,57.8,unclassified
10831436467,9251915287,114.6,unclassified
9251915287,10831436466,19.1,unclassified
10831436466,10831436465,126.0,unclassified
10831436465,9251915289,26.2,unclassified
9251915289,10831436464,2.7,unclassified
10831436464,10831436463,115.2,unclassified
10831436463,10831436495,7.6,unclassified
10831436495,10831436462,44.6,unclassified
10831436462,9251915303,12.6,unclassified
9251915303,10831436461,61.7,unclassified
10831436461,9251915304,26.3,unclassified
9251915304,10831436460,29.4,unclassified
10831436460,13473107986,59.6,unclassified
13473107986,9251915295,33.6,unclassified
9251915295,9251915296,114.3,unclassified
9251915296,9251915305,4.0,unclassified
9251915305,9251915297,65.6,unclassified
9251915297,9251915298,141.7,unclassified
9251915298,9251915294,194.4,unclassified
9251915294,9251915299,11.9,unclassified
9251915299,9251915300,19.8,unclassified
9251915300,3759566252,17.8,unclassified
9251915301,9251915302,172.1,track
9251915302,9251915297,38.5,track
9251915302,13473107989,229.8,track
13473107989,9251915303,19.2,track
9251915304,9251915305,162.2,track
436597943,9251915330,223.4,track
9251915330,9251915306,140.9,track
9251915307,9251915318,215.4,track
9251915318,9251915308,450.3,track
11282579492,9251915320,10.3,track
9269451119,9269451120,39.6,residential
9269451121,9269451122,38.1,residential
6203796023,9269451123,20.2,footway
9269451123,9269451124,25.2,footway
9269451124,9269451122,3.7,footway
9269459881,9269459882,23.4,footway
9269459882,9269459883,22.6,footway
9269459883,9269459884,36.0,footway
9269459884,9269459885,31.3,footway
9269459885,9269459886,33.3,footway
9269459886,9269459887,22.1,footway
9269459887,9269451122,25.6,footway
9269459888,9269459889,26.8,footway
9269459889,9269459890,65.3,footway
9269459890,9269459891,65.9,footway
9269459891,9269459892,51.3,footway
9269459892,9269459893,56.8,footway
9269459893,9269459894,48.6,footway
9269459894,9269459895,35.9,footway
9269459895,9269459896,44.6,footway
9269459896,9269459897,36.3,footway
9269459897,9331305646,6.0,footway
9331305646,9269459898,3.4,footway
9269459901,9201335481,47.0,residential
9215222276,9269459911,59.1,service
9269459911,9269459916,11.1,service
9269459916,9269459912,60.4,service
9269459912,9269459913,7.9,service
9269459913,9269459914,15.9,service
9269459915,9269459916,30.4,footway
9269479617,9269479618,41.3,footway
9211882541,9209134950,7.8,residential
9209134950,4634229432,67.8,residential
9211882541,9209187444,12.4,tertiary
9209187444,9299582170,5.5,tertiary
9299582170,2193765016,5.5,tertiary
2193765016,4995814759,26.3,tertiary
4995814759,4995814760,30.0,tertiary
4995814760,2193764958,37.6,tertiary
2193764958,9216374262,43.7,tertiary
9216374262,2193764890,6.8,tertiary
2193764890,2471221221,18.2,tertiary
9270975155,9270975161,8.5,service
9270975161,9312208319,11.9,service
9312208319,9270975156,14.4,service
9270975156,9270975157,9.0,service
9270975157,9270975158,28.6,service
9270975158,9270975159,46.6,service
9270975159,9270975160,27.0,service
9270975160,6194343271,12.4,service
6284023520,6284023521,62.3,residential
6284023520,4658585767,100.2,residential
6284023513,9271029042,63.6,residential
9271029043,6280676310,80.5,residential
6203796020,9271029044,86.1,service
4658585301,9271029073,55.7,residential
9271029073,9271029074,6.6,residential
9271029074,9342203941,17.7,residential
9342203941,9342203938,12.9,residential
9342203938,9271029075,16.9,residential
9271029075,9271029076,45.1,residential
9271029076,9271029077,41.8,residential
9271029077,9271029078,12.7,residential
9211989865,9271029084,12.2,footway
9271029084,9211989869,34.7,footway
9271029085,9271029086,10.2,residential
9271029086,9271029087,9.9,residential
9271029087,9271029088,16.4,residential
9271029088,9271029089,14.5,residential
9271029089,9271029090,13.6,residential
9271029090,9271029091,8.6,residential
9271029091,9271029092,9.2,residential
9271029092,9271029093,12.0,residential
9271029093,9271029094,12.8,residential
9271029094,9271029095,9.8,residential
9271029095,9271029096,7.3,residential
9271029096,9271029097,13.4,residential
9271029097,9271029098,14.3,residential
9271029098,9271029099,8.9,residential
9271029099,9271029100,7.3,residential
9271029100,9271029101,6.7,residential
9271029101,9271029102,11.5,residential
9271029102,9271029078,9.4,residential
9198974086,9276412714,3.7,residential
9276412714,9276412715,52.9,residential
9276412715,9276412716,29.1,residential
9276412716,9198974084,12.8,residential
9276430734,9276412716,57.9,footway
9276430756,9276430757,18.4,residential
13952032120,9276462923,5.3,service
9276462923,13952032121,6.5,service
13952032121,9276462917,38.1,service
9276462917,14053608784,1.4,service
14053608784,13952032122,1.3,service
13952032122,14053608785,3.4,service
14053608785,9276462918,2.9,service
9276462918,9276462954,7.1,service
9276462954,14053608783,41.0,service
14053608783,14053608781,1.0,service
14053608781,9276462921,1.0,service
13952032121,14053608782,12.8,service
14053608782,14053608780,0.7,service
14053608780,9276462921,0.8,service
9276462968,9276462969,26.5,service
9276462969,9276462970,36.2,service
9276462970,9276462971,27.7,service
9276462971,9276462972,23.5,service
9276462972,9276462973,12.8,service
4677674313,9282780785,19.1,service
9282780785,9282780786,7.9,service
9282780786,4677674375,6.5,service
9285007063,5224591949,4.2,tertiary
5224591949,312198186,75.4,tertiary
312198186,530990615,61.1,tertiary
9285007064,9285007063,6.8,tertiary
436737724,6146988285,22.4,tertiary
6146988285,312198110,49.4,tertiary
312198110,312198105,22.8,tertiary
312198105,6146988045,25.6,tertiary
6146988045,312198100,24.0,tertiary
312198100,312198095,24.1,tertiary
312198095,312198089,31.6,tertiary
312198089,312198081,28.1,tertiary
312198081,312198071,27.4,tertiary
312198071,312198062,47.3,tertiary
312198062,312198049,78.6,tertiary
312198049,312198045,78.6,tertiary
312198045,312198041,248.8,tertiary
2259058468,9287939819,9.4,tertiary_link
9287939819,9287939820,11.0,tertiary_link
9287939820,9287939821,10.1,tertiary_link
9288099280,9288099281,3.2,footway
9288099281,9288099282,16.1,footway
9198902153,9198902154,21.5,footway
8591741633,9547235111,54.7,secondary
9547235111,8591741634,51.4,secondary
8591741634,9288127489,81.2,secondary
9288127489,8591741635,8.9,secondary
8591741635,9222523488,129.8,secondary
9222523488,8591729802,11.0,secondary
8591729802,9510776813,24.7,secondary
9510776813,5164536877,15.4,secondary
8591741633,9288127487,11.4,residential
9288127487,6284023519,60.3,residential
6284023519,13727740600,62.3,residential
13727740600,6284023520,36.0,residential
4636677871,6284023512,106.6,secondary
6284023512,9271029043,3.1,secondary
9271029043,9288127485,7.7,secondary
9288127485,1494268719,64.9,secondary
1494268719,9271029044,78.4,secondary
9271029044,13989496853,26.2,secondary
13989496853,1494268675,3.8,secondary
1494268675,9271029046,21.6,secondary
9271029046,13952032199,2.9,secondary
13952032199,414898548,11.7,secondary
414898548,13952032212,16.1,secondary
13952032212,13989496852,30.7,secondary
13989496852,1494268715,52.0,secondary
1494268715,4677788839,2.4,secondary
4677788839,6282827181,18.1,secondary
6282827181,9288127483,78.0,secondary
9288127483,6280676313,17.9,secondary
6280676313,6282828787,85.1,secondary
6282828787,6282827175,70.5,secondary
6282827175,1494268722,25.4,secondary
1494268722,9288127481,22.7,secondary
9288127481,13989496804,1.8,secondary
13989496804,1724839205,21.0,secondary
9290335167,9290335168,14.2,service
9290335169,9290335170,15.7,service
9290335170,9290335171,12.1,service
9290335171,9290335172,19.9,service
9290335172,9290335173,11.7,service
9290335173,9290335169,4.7,service
5158711976,9290335169,12.5,service
9290335174,9290335175,17.2,service
9290335176,9290335177,34.3,residential
9290335177,9290335178,18.9,residential
9290335178,9290335179,11.7,residential
9290335179,9290335180,44.9,residential
9290335177,9290335181,31.5,residential
9291432716,6132178364,92.0,living_street
6132178364,6132178365,43.5,living_street
9209134949,9293429510,9.9,footway
9293429510,9293429511,7.0,footway
9293429511,9196764247,58.8,footway
9306379029,9306379030,16.0,unclassified
9306379030,9306379031,37.3,unclassified
9306379031,9306379032,26.2,unclassified
9306379032,9306379033,16.6,unclassified
9306379033,13589661917,17.7,unclassified
13589661917,9306379034,13.1,unclassified
9306379034,9306379035,19.6,unclassified
9306379035,13589661916,20.0,unclassified
13589661916,9306379036,17.9,unclassified
9306379036,9306379037,23.2,unclassified
9306379037,9306379038,45.4,unclassified
9306379038,9306379039,35.2,unclassified
9306379039,9306379040,18.4,unclassified
9306379040,9306379041,18.9,unclassified
9306379041,9306379042,30.3,unclassified
9306379042,9306379043,63.5,unclassified
9306379043,9306379044,24.0,unclassified
10831436211,9308100010,49.5,tertiary
9308100010,10831436453,21.7,tertiary
10831436453,9308100011,51.3,tertiary
9308100011,9308100012,191.9,tertiary
9308100012,9308100013,233.4,tertiary
9308100013,10831436373,106.3,tertiary
10831436373,10831436494,14.3,tertiary
10831436494,9308100014,93.6,tertiary
9308100014,10831436372,76.5,tertiary
10831436372,9308100015,77.3,tertiary
9308100015,10831436371,54.5,tertiary
10831436371,9308100016,54.9,tertiary
9308100016,10831436370,53.4,tertiary
10831436370,9308129517,53.0,tertiary
9308129517,10831436369,44.5,tertiary
10831436369,10831436496,25.1,tertiary
10831436496,9308129518,18.3,tertiary
9308129518,10831436368,60.1,tertiary
10831436368,9308129519,62.4,tertiary
9308129519,10831436367,61.8,tertiary
10831436367,9308129520,65.7,tertiary
9308129520,10831436362,52.9,tertiary
10831436362,10831436363,33.0,tertiary
10831436363,9308129521,33.3,tertiary
9310032725,9310032726,16.5,tertiary_link
9310032726,4634358046,14.5,tertiary_link
4634358046,9310032723,17.2,tertiary
9310032723,4738817578,10.9,tertiary
9310032725,9310032724,20.9,primary
9310032724,9201416695,5.6,primary
9201416695,9201416696,7.6,primary
9201416696,4738817578,4.6,primary
4634358017,4634358046,32.5,tertiary
6203794771,4634358044,40.5,primary
4634358044,436738018,53.0,primary
436738018,4634358050,65.6,primary
4634358050,436738017,23.6,primary
436911707,12304715955,14.2,residential
12304715955,12304715953,17.8,residential
12304715953,14070414376,8.2,residential
14070414376,8124792417,25.2,residential
8124792417,12304715944,41.5,residential
12304715944,4756570997,7.2,residential
4756570997,12304715950,11.3,residential
12304715950,12855618614,0.8,residential
12855618614,4756570987,10.3,residential
436911707,12304715943,13.1,primary
12304715943,4740525297,14.7,primary
4740525297,14070414380,16.9,primary
14070414380,13055631328,8.6,primary
13055631328,4740525295,19.5,primary
4740525295,12304715940,31.9,primary
12304715940,8124792358,58.9,primary
8124792358,9463031411,55.4,primary
9463031411,4756570989,138.9,primary
4756570989,12304715913,71.9,primary
12304715913,12304715912,22.2,primary
12304715912,12304715911,19.0,primary
12304715911,12304715910,19.0,primary
12304715910,4740525288,19.2,primary
4740525288,4740327358,21.9,primary
4740327358,4740327357,18.5,primary
4740327357,4634870976,64.5,primary
4634870976,436911721,61.5,primary
4756570996,9310065444,11.5,service
9310065444,9310065445,20.3,service
9310065445,9310065446,33.1,service
9310065446,9310065447,9.2,service
9310065447,9310065448,13.3,service
9310065448,9310065452,23.6,service
9310065452,12304715809,5.0,service
12304715809,4740327348,16.3,service
9310065448,9310065450,20.2,service
9310065450,9310065445,8.8,service
12296984081,9310065453,5.3,unclassified
9310065453,12296984070,47.0,unclassified
12296984070,12296984069,15.5,unclassified
12296984069,12296984068,12.8,unclassified
12296984068,12296984067,12.9,unclassified
12296984067,12296984080,13.0,unclassified
12296984080,9310065461,14.2,unclassified
9310065461,12304640499,3.5,unclassified
12304640499,12296984052,7.9,unclassified
12296984052,12296984053,14.1,unclassified
12296984053,12296984054,26.2,unclassified
9310065465,9310065466,57.7,cycleway
9311930262,9311930272,18.5,residential
9311930272,9311930274,27.0,residential
9311930274,9311930263,15.6,residential
9311930263,9311930264,16.6,residential
9311930264,9311930265,15.9,residential
9311930265,9311930266,13.7,residential
9311930266,9311930267,15.6,residential
9311930267,9311930268,11.1,residential
9311930268,9311930269,13.6,residential
9311930269,9311930270,12.0,residential
9311930270,9311930271,16.6,residential
9311930271,9311930272,26.6,residential
9311930262,4738282806,15.2,secondary
4738282806,4634172552,39.7,secondary
4634172552,4738282805,40.6,secondary
4738282805,4738282804,57.5,secondary
4738282777,4634172553,15.1,secondary
4634172553,9311930262,13.5,secondary
9311930266,9311930273,17.0,residential
9311930273,668469827,18.2,residential
9311930274,9311930276,12.7,residential
9311930276,9311930275,18.2,residential
9311930276,9311930277,14.7,service
9311930277,9311930278,15.6,service
9311930264,9311930279,11.0,residential
9311930279,9311930280,18.4,residential
9311930280,9311930281,8.5,residential
9311930281,9311930282,13.4,residential
9311930282,9311930283,35.5,residential
9207546285,9311930350,25.7,residential
9311930350,9311930349,46.8,residential
9311930350,9311930351,39.9,residential
9207546285,9311930366,13.1,residential
9311930366,9311930352,16.1,residential
9311930352,9311930353,89.2,residential
9311930353,9311930354,7.4,residential
9311930354,9311930355,6.3,residential
9311930355,9311930356,14.2,residential
9311930356,9311930357,18.9,residential
9311930357,9311930372,2.4,residential
9311930372,9311930358,6.6,residential
9311930358,9311930359,14.8,residential
9311930359,9311930360,10.2,residential
9311930360,9311930361,4.9,residential
9311930361,9311930362,33.5,residential
9311930362,9311930363,42.4,residential
9311930363,9311930364,19.0,residential
9311930364,9311930367,13.6,residential
9311930367,9311930365,11.5,residential
9311930365,9311930366,36.6,residential
9311930367,9311930368,11.1,residential
9311930368,9311930369,39.7,residential
9311930369,9311930370,15.3,residential
9311930370,9311930371,27.6,residential
9311930365,9311930372,100.6,residential
4740205544,4301541377,41.8,residential
9311930438,13327784389,22.3,service
13327784389,9311930439,5.2,service
9311930439,9311930440,12.2,service
9311952554,9311952557,11.0,service
9311952557,12045041234,7.9,service
12045041234,9342234721,4.6,service
9342234721,9311952556,5.2,service
9311952556,9342234724,7.2,service
9342234724,9311952555,30.0,service
4640291336,4640291331,47.7,living_street
4640291331,4640291332,56.0,living_street
4640291332,4640291326,53.5,living_street
4640291340,4640291341,44.1,living_street
4640291341,4640291327,49.4,living_street
4640291325,4640291342,47.7,living_street
4640291342,4640291339,49.3,living_street
4640291341,9311952563,71.6,living_street
9312192115,9312208320,9.2,service
9312208320,9312192116,27.6,service
9312192116,9312208317,14.4,service
9312208317,9312208318,58.5,service
9312208318,9312208319,11.8,service
2193764958,9209134947,10.1,service
9209134947,9312208334,35.5,service
9312208334,9312208335,12.3,service
9312208335,9312208336,12.7,service
9312208335,9312208337,31.1,service
9313396904,9251915282,13.4,track
9251915282,9313396906,172.0,track
9313396906,9313396905,17.7,track
9313418332,9313418331,81.1,track
9313418331,9313418330,56.8,track
9313418330,9313418329,60.6,track
9313418329,9313418328,65.4,track
9313418328,9313418327,60.0,track
9313418327,9313418326,42.6,track
9313418326,9313418325,50.3,track
9313418325,9313418324,47.2,track
9313418324,9313418323,102.4,track
9313418323,9313418322,150.7,track
9313418322,9313418321,135.8,track
9313418321,9313418320,82.7,track
9313418320,9313418319,104.7,track
9313418319,9313418318,65.8,track
9313418318,9313418317,67.3,track
9313418317,9313418316,62.8,track
9313418316,9313418315,131.0,track
9313418315,9313418314,178.8,track
9313418314,9313418313,96.2,track
9313418313,9313418312,92.2,track
9313418312,9313418311,180.9,track
9313418311,9313418310,97.9,track
9313418310,9313418309,81.4,track
9313418309,9313418308,65.4,track
9313418308,9313418307,57.2,track
9313418307,9313418306,51.1,track
9313418306,9313418305,67.0,track
9313418305,9313418304,58.8,track
9313418304,9313418303,82.7,track
9313418303,9313418302,87.4,track
5373391829,9313418343,285.7,track
9313418343,13473114039,16.1,track
13473114039,13473114040,10.2,track
9313418309,9313418344,37.9,track
9313418344,9313418346,92.8,track
9313418311,9313418347,40.8,track
9313418347,9313418349,145.3,track
9313418312,9313418350,33.4,track
9313418350,9313418352,216.3,track
9313418315,9313418355,38.4,track
9313418355,9313418356,51.2,track
1882566298,10857621964,12.3,tertiary
10857621964,1882566279,86.0,tertiary
1882566279,1882566227,24.1,tertiary
1882566227,1882566265,19.6,tertiary
1882566265,8296445145,51.4,tertiary
8296445145,1882566310,36.8,tertiary
1882566310,1882566311,10.0,tertiary
1882566311,1882566321,7.7,tertiary
1882566321,1882566313,8.8,tertiary
8296445146,8296445147,24.6,track
8296445147,8296445148,4.9,track
8296445148,8296445149,4.7,track
8296445149,8296445151,77.6,track
8296445151,8296445150,93.1,track
1882566298,9314359369,14.9,tertiary
9314359369,9314359370,32.8,tertiary
9215203920,9319609874,9.8,service
9319609874,9319609875,26.4,service
9319609875,9319609876,14.4,service
9319609876,9319609877,9.0,service
9319609877,9319609878,10.1,service
9319609887,9319609888,30.7,service
436597958,9326931954,17.8,residential
9326931954,9326931955,206.4,residential
9326931955,9326931956,52.4,residential
9326931956,9326931965,47.3,residential
9326931965,9326931957,130.4,residential
9326931957,9326931958,52.8,residential
9326931958,2911126384,20.9,residential
4824240277,9326931959,51.6,residential
9326931959,13184061822,67.7,residential
13184061822,9326931960,116.5,residential
9326931960,9326931961,32.0,residential
9326931961,9326931962,37.6,residential
9326931962,9326931963,55.5,residential
9326931963,9326931964,40.5,residential
9326931964,3759567190,60.5,residential
9326931965,9326931966,25.5,residential
9326931966,9326931967,40.3,residential
9326931967,9326931961,26.6,residential
529470252,9326931970,14.6,footway
9326931970,9326931971,18.3,footway
9326931971,9326931972,13.9,footway
9326931972,9326931973,40.4,footway
9326931973,9326931974,34.4,footway
9326931974,9326931975,29.2,footway
9326931975,9326931976,19.7,footway
9326931976,9326931977,16.5,footway
9326931977,9326931978,15.8,footway
9326931978,9326931979,40.1,footway
9326931979,9326931980,27.9,footway
9326931980,9326931981,23.5,footway
9326931981,9326931982,13.9,footway
9326931982,9326931983,19.3,footway
9326931983,9326931984,18.8,footway
9326931984,9326931985,15.4,footway
9326931985,9326931986,21.8,footway
9326931986,5224566456,14.5,footway
6699604146,9326931988,15.7,path
13096029373,9326931989,20.9,path
9326931990,9326931991,4.4,footway
9326931991,9326932016,3.1,footway
9326932016,9326931992,10.7,footway
9326931992,9326931993,20.0,footway
9326931993,9326931994,9.7,footway
9326931994,9326931995,6.1,footway
9326931995,8954116260,3.7,footway
8954116260,9326931996,10.3,footway
9326931997,9326931998,11.1,footway
9326931998,9326931999,9.3,footway
9326931999,9326932000,24.4,footway
9326932000,9326932001,24.0,footway
9326932001,9326932002,16.6,footway
9326932002,9326932010,6.3,footway
9326932010,9326932003,26.4,footway
9326932003,9326932004,17.0,footway
9326932004,9326932005,14.3,footway
9326932005,9326931991,11.6,footway
9326932006,9326932007,7.9,footway
9326932007,9326932008,7.1,footway
9326932008,9326932009,8.8,footway
9326932009,9326932010,7.7,footway
9326932006,9326932011,40.3,footway
9326932011,9326932012,9.6,footway
9326932012,9326931994,54.9,footway
9326932012,9326932013,12.2,footway
9326932013,9326932014,10.3,footway
9326932014,9326932015,11.0,footway
9326932015,9326932016,11.8,footway
9326936417,9326936418,21.7,footway
9326936418,9326936419,53.0,footway
9326936419,9326936420,13.9,footway
9326936420,9326932006,11.4,footway
9326936421,9326936439,21.2,footway
9326936439,9326936433,32.6,footway
9326936433,9326936423,9.6,footway
9326936423,9326936424,37.1,footway
9326936424,9326936432,43.1,footway
9326936432,9326936425,14.8,footway
9326936425,9326936426,41.0,footway
9326936426,9326936417,16.8,footway
9326936427,9326936428,13.0,footway
9326936428,9326936429,23.7,footway
9326936429,9326936450,6.5,footway
9326936450,9326936430,6.6,footway
9326936430,9326936431,9.2,footway
9326936431,9326936432,7.7,footway
9326936433,9326936434,9.6,footway
9326936434,9326936451,4.2,footway
9326936451,9326936435,8.1,footway
9326936435,9326936436,13.4,footway
9326936436,9326936437,13.2,footway
9326936437,9326936438,6.8,footway
9326936438,9326936427,13.6,footway
9326936439,9326936440,6.9,footway
9326936440,9326936441,3.3,footway
9326936441,9326936442,19.2,footway
9326936442,9326936451,14.0,footway
9326936451,9326936443,9.4,footway
9326936443,9326936444,22.8,footway
9326936444,9326936445,29.0,footway
9326936445,9326936450,8.9,footway
9326936450,9326936446,6.9,footway
9326936446,9326936447,12.5,footway
9326936447,9326936448,7.9,footway
9326936448,9326936449,20.7,footway
9326931961,9326936452,14.3,residential
9326936452,13184054933,21.8,residential
13184054933,13184054929,43.1,residential
13184054929,9326936453,30.6,residential
9326936453,9326936454,21.2,residential
9326936454,13147491928,10.9,residential
13147491928,9326936455,13.1,residential
9326936455,9326936456,34.8,residential
9326936456,9326936457,37.1,residential
9326936457,9326936458,57.5,residential
9326936458,9326936459,16.9,residential
9326936459,9326936460,17.6,residential
9326936460,9326936461,11.3,residential
4677735301,8137538275,14.2,service
8137538275,8137538276,16.4,service
8137538276,8137538277,18.3,service
8137538277,8137538278,13.7,service
8137538278,8137538279,14.4,service
9211885486,9331106526,14.2,service
9331106526,9331106531,15.1,service
9331106531,9331106527,14.3,service
9331106527,9331106528,30.3,service
9331106528,12438025263,0.8,service
12438025263,9331106530,13.3,service
9331106530,9331106529,15.3,service
9331106529,9211885486,16.1,service
9331106530,9331106531,30.3,service
9331238303,9331305631,7.8,footway
9331305631,9331305540,128.2,footway
9331305540,9331238304,7.9,footway
9331238304,9331305555,56.2,footway
9331305555,9331305596,26.1,footway
9331305596,9331238305,9.8,footway
9331238305,9331238306,65.5,footway
9331238306,9331238307,58.3,footway
9331238307,9331238308,23.1,footway
9331238308,9331238309,34.4,footway
9331238309,9331238310,9.7,footway
4738419698,9331305529,14.7,service
9331305529,9331305530,44.5,service
9331305530,9331305536,8.1,service
9331305536,12856171031,60.2,service
12856171031,9331305531,12.4,service
9331305531,9345098357,29.6,service
9345098357,9331305532,36.4,service
9331305532,9331305603,40.9,service
9331305603,9331305533,27.7,service
9331305533,9331305534,53.4,service
9331305536,9345098358,45.4,service
9345098358,9331305541,25.6,service
9331305541,9331305540,26.2,service
9331305540,9331305539,8.0,service
9331305539,9331305537,12.4,service
9331305537,9331305538,22.3,service
9331305542,9331305543,10.0,footway
9331305543,9331305544,23.4,footway
9331305544,9331305545,13.5,footway
9331305545,9331305546,16.8,footway
9331305546,9331305547,16.0,footway
9331305547,9331305548,6.0,footway
9331305538,9331305548,13.9,residential
9331305548,9331305550,11.6,residential
9331305550,9331305549,6.1,residential
9331305550,9331305551,25.2,residential
9331305551,9331305570,7.9,residential
9331305570,9331305552,24.5,residential
9331305558,9331305552,27.8,service
9331305552,9331305562,20.8,service
9331305562,9331305559,11.5,service
9331305559,9331305560,39.7,service
9331305560,9331305561,30.9,service
9331305561,9331305567,3.4,service
9331305567,9331305554,25.0,service
9331305562,9331305563,5.7,service
9331305563,9331305564,9.0,service
9331305564,9331305565,16.2,service
9331305565,9331305566,10.0,service
9331305566,9331305567,5.8,service
9331305559,9331305568,5.8,service
9331305568,9331305569,11.8,service
9331305569,9331305570,16.9,service
9331305571,9331305572,21.6,residential
9331305572,9331305573,14.2,residential
9230022580,9331305574,25.9,footway
9331305574,9331305575,15.2,footway
9331305575,9331305576,14.2,footway
9331305576,9331305577,15.7,footway
9331305577,9331305582,1.5,footway
9331305582,9331305578,10.0,footway
9331305578,9331305579,26.9,footway
9331305579,9331305580,34.2,footway
9331305580,9331305581,54.4,footway
9331305582,9230022577,41.6,footway
9331305583,9331305584,31.4,service
9331305584,9331305585,14.6,service
9331305573,9331305586,41.9,footway
9331305586,9331305587,35.3,footway
9331305587,9331305588,10.1,footway
9331305588,9331305589,13.8,footway
9331305589,9331305583,20.0,footway
9331305549,9331305590,13.1,footway
9331305590,9331305591,12.6,footway
9331305591,9331305592,12.6,footway
9331305592,9331305593,8.1,footway
9331305593,9331305573,12.8,footway
9331305594,9331305596,22.3,service
9331305596,9331305595,3.3,service
9331305595,9331305554,12.0,service
9331305597,9331305598,24.4,service
9331305598,9345098356,51.5,service
9345098356,9331305599,3.6,service
9331305599,9331305600,12.0,service
9331305600,9331305601,8.8,service
9331305601,9331305602,23.1,service
9331305603,9331305604,54.7,service
9331305608,9331305609,72.9,footway
9331305609,9331305610,23.7,footway
9331305611,9331305612,25.9,footway
9331305612,9331305613,46.4,footway
9331305613,9331305616,11.6,footway
9331305616,9331305614,27.2,footway
9331305614,9331305615,25.0,footway
9331305616,9331305617,47.4,footway
9331305618,9331305619,40.8,footway
9331305619,9331305620,20.4,footway
9331305621,9331305622,40.7,footway
9331305622,9331305623,44.6,footway
9331305623,9331305624,21.1,footway
9331305624,9331305619,8.2,footway
9331305625,9331305622,20.2,footway
9331305632,9331305633,13.3,footway
9331305633,9331305634,39.2,footway
9331305634,9331305635,24.6,footway
9331305635,9331305636,34.3,service
9331305637,9331305638,36.7,service
9331305638,9331305635,14.4,service
9331305635,9331305639,10.3,footway
9331305639,9331305640,12.3,footway
9331305640,9331305641,17.4,footway
9331305641,9331305642,6.3,footway
9331305642,9331305643,4.0,footway
414899000,9331305644,22.4,footway
9331305644,9331305645,27.6,footway
9331305646,9331305647,62.5,footway
9331305647,9331305648,3.7,footway
9331305648,9331305661,3.0,footway
9331305661,9331305685,5.2,footway
9331305685,9331305649,1.3,footway
9331305649,9331305650,27.5,footway
9331305650,9331305651,9.9,footway
9331305651,9331305652,3.5,footway
9331305652,9331305660,6.7,footway
9331305660,9331305653,7.6,footway
9331305653,9331305654,54.3,footway
9331305654,9331305655,46.6,footway
9331305655,9331305659,15.9,footway
9331305659,9331305656,16.2,footway
9331305656,9331305657,42.7,footway
9331305657,9331305658,18.6,footway
9331305662,9331305688,5.4,footway
9331305688,9331305663,9.4,footway
9331305663,9331305664,5.4,footway
9331305664,9331305665,14.4,footway
9331305665,9331305666,3.9,footway
9331305667,9331305683,2.3,footway
9331305683,9331305668,2.7,footway
9331305668,9331305669,4.4,footway
9331305669,9331305670,10.1,footway
9331305671,9331305672,5.3,footway
9331305672,9331305673,11.1,footway
9331305673,9331305674,6.6,footway
9331305674,9331305675,4.8,footway
9331305675,9331305676,9.0,footway
9331305676,9331305677,7.9,footway
9331305677,9331305678,6.5,footway
9331305678,9331305679,5.8,footway
9331305679,9331305680,3.8,footway
9331305680,9331305681,5.0,footway
9331305681,9331305682,3.4,footway
9331305682,9331305683,2.4,footway
4235824795,9331305684,21.7,footway
9331305684,9331305685,6.0,footway
9331305673,9331305686,8.7,footway
9331305686,9331305687,22.4,footway
9331305687,9331305688,7.5,footway
9331305663,9331305689,5.5,footway
9331305689,9331305690,8.3,footway
9331305690,9331305691,8.8,footway
9331305691,9331305692,4.4,footway
9331305692,9331305693,5.6,footway
9331305693,9331305673,7.8,footway
6377833298,9331305694,10.2,footway
9331305694,9331305695,32.9,footway
9331305695,9331305696,30.8,footway
9331305696,9331305697,65.2,footway
9331305697,9331305698,17.2,footway
9331305698,9331305699,8.6,footway
9331305699,9331305700,11.3,footway
9331305700,9331305701,16.5,footway
9331305701,9331305702,23.6,footway
9331305702,9331305703,14.9,footway
9331305703,9331305704,4.5,footway
9331305704,9331305705,30.3,footway
9331305705,9331305706,11.1,footway
9331305706,9331305707,4.3,footway
9331305706,9331305708,24.9,footway
9331305708,9331305709,42.8,footway
9331305709,9331305710,24.3,footway
9331305710,9331305711,39.1,footway
9331305711,9331305712,5.8,footway
9331305712,9331305713,5.3,footway
9331381900,9331381901,15.6,service
9331381901,9331381902,70.2,service
9331381902,9331381903,9.9,service
9331381903,9331381904,86.0,service
9209134942,9209134943,17.4,footway
9209134943,9331405229,14.7,footway
9331405229,9331405230,5.2,footway
9331405230,9331405227,3.8,footway
9331405234,9331405235,38.0,footway
9331405235,9331405236,54.7,footway
9331405236,9331405227,54.3,footway
4663112390,9332183999,8.6,tertiary
9332183999,9332184000,4.5,tertiary
9332184000,9332184001,4.9,tertiary
9332184001,12296984050,5.6,tertiary
12296984050,12296984051,6.2,tertiary
12296984051,4663112392,19.9,tertiary
9207546284,9336049786,12.8,service
9336049786,9336049751,4.2,footway
9336049786,9336049787,11.3,service
9336049787,9336049788,13.0,service
9336049788,9336049789,56.8,service
9336049789,9336049790,26.3,service
9336049790,9336049801,2.0,service
9336049801,9336049791,5.5,service
9336049791,9336049792,16.5,service
9336049792,9336049793,14.1,service
9336049793,9336049802,5.0,service
9336049802,9336049794,3.5,service
9336049794,9336049795,8.0,service
9336049795,9336049796,16.1,service
9336049796,9336049797,4.9,service
9336049797,9336049798,32.1,service
9336049798,9336049799,21.1,service
9336049799,9336049800,9.5,service
9336049769,9336049802,9.4,footway
9339276881,9339276882,11.1,track
9339276882,9339276883,27.3,track
9339276883,9339276884,39.2,track
9339276884,9339276885,14.9,track
9339276885,9339276886,18.8,track
9339276886,9339276887,10.0,track
9339276887,9339276888,34.0,track
9339276888,9339276889,22.0,track
9339276889,9215167994,18.7,track
11180789389,9339276890,25.3,track
9339276890,9339276891,14.7,track
9339276891,9339276892,16.8,track
9339276892,9339276893,11.2,track
5705061550,9339276895,10.9,track
9339276895,9339276896,14.9,track
9339276896,9339276897,16.2,track
9339276897,9339276898,16.9,track
9339276898,9339276899,15.3,track
9339276899,9339276900,37.4,track
9339276900,9339276901,18.2,track
9339276901,9339276902,25.2,track
9339276902,9339276903,29.4,track
9339276903,9339276904,13.1,track
9339276904,9339276905,21.6,track
9339276905,9339276906,25.8,track
9339276906,9339276907,23.1,track
9342203938,9342203939,13.0,service
9342203939,9342203940,12.9,service
9342203940,9342203941,19.6,service
4658585129,9342203962,10.3,residential
9342203962,9342203963,15.5,residential
9342203963,9342203964,23.7,residential
9342203964,11696387628,12.4,residential
11696387628,9342203965,12.6,residential
9342203965,9342203966,10.6,residential
9342203966,9342203967,13.7,residential
4658585129,9342203968,19.1,residential
9342203968,9342203969,18.1,residential
9342203969,9342203970,13.1,residential
9342203970,9342203971,24.3,residential
9342203971,9342203972,15.5,track
9342203972,11696387666,26.0,track
11696387666,9342203973,22.0,track
9342203973,9342203974,19.9,track
9342203974,9342203975,17.4,track
9342203975,9342203976,10.8,track
9342203976,9342203977,9.6,track
9342203977,9342203978,16.3,track
9342203978,9342203979,18.4,track
9342203979,11696387665,28.7,track
9342203983,9342203984,53.4,service
9342203985,4658585644,76.5,service
9342203986,9342203987,34.2,footway
9342234719,9342234720,13.0,service
9342234720,9342234722,24.0,service
9342234722,9342234721,25.8,service
9342234722,9342234723,20.2,service
9342234724,9342234725,26.7,service
9342234725,9342234726,24.1,service
9342234726,9342234727,12.4,service
9342234727,9342234728,11.8,service
9342234729,6378700723,14.5,cycleway
6378700723,13144923571,12.0,cycleway
13144923571,6378700724,2.2,cycleway
6378700724,9463070009,279.4,cycleway
9463070009,6378700725,180.0,cycleway
6378700733,9342234729,8.8,footway
9342234730,13937823861,3.9,cycleway
13937823861,6378700722,88.1,cycleway
6378700721,6378700730,8.1,footway
6378700730,6378700731,8.1,footway
6378700731,9342234730,9.8,footway
4746298509,4738817570,22.5,cycleway
4738817570,6378700710,12.1,cycleway
6378700710,6378700728,6.8,cycleway
6378700728,6378700729,9.9,cycleway
6378700729,6378700711,10.4,cycleway
6378700711,4738817574,1.8,cycleway
4738817574,6378700712,41.2,cycleway
6378700712,6378700713,161.4,cycleway
6378700713,9342234734,109.5,cycleway
9342234731,6378700732,7.4,footway
6378700732,4740205191,6.4,footway
12018577703,6280676324,65.4,cycleway
6280676324,6378700714,125.2,cycleway
6378700714,9342234731,58.2,cycleway
9342234734,6280676323,4.2,footway
6280676323,12018577703,8.9,footway
9208701580,9342234736,37.8,service
9208701580,9342234737,95.6,residential
9342234737,9342234738,21.2,residential
9342234738,9342234739,13.9,residential
9342234739,9342234740,30.1,residential
9342234772,9342234776,10.3,service
9342234776,9342234773,21.7,service
9342234773,9342234777,15.2,service
9342234777,9342234774,13.8,service
9342234774,9342234775,18.0,service
9342234775,9342234778,10.7,service
9342234778,9342234776,15.1,service
9342234777,9342234778,19.5,service
4677735256,9342234784,6.3,service
9342234784,9342234779,6.3,service
9342234779,9342234780,41.5,service
9342234780,9342234781,15.6,service
9342234781,9342234782,27.8,service
9342234782,9342234783,47.3,service
4677735289,9342272148,23.8,service
9342272148,9342272149,35.5,service
9342272149,9342272150,20.2,service
9342272150,12856171071,36.2,service
12856171071,9342272148,22.1,service
9342272148,9342272151,21.1,service
9342272150,9342272152,11.6,service
9342272152,9342272153,24.1,service
9342272153,9342272154,55.1,service
9342272155,9342272152,14.8,service
9345075804,9345075802,74.5,cycleway
9345075802,9345075803,114.9,cycleway
9345075803,6377749466,7.2,cycleway
6377749466,9345075813,10.2,footway
9345075813,9345075814,35.1,footway
9345075814,9345075812,3.7,footway
9345098217,9345075815,49.9,cycleway
9345075815,9345075816,85.5,cycleway
9345075816,9345075812,56.4,cycleway
9345098356,9345098357,26.4,service
9331305598,9345098358,47.5,footway
4057921211,4057921212,116.8,residential
4057921211,4057921146,73.7,secondary
4057921146,13958219628,10.4,secondary
13958219628,4057921168,55.6,secondary
4057921168,4057921181,64.5,secondary
6282827175,6282827182,85.3,residential
6282827182,6282827174,76.7,residential
6282827174,8382098159,22.8,residential
8382098159,8382098161,22.8,residential
8382098161,4057921206,34.3,residential
9345075812,9349894039,8.1,cycleway
9349894039,9349894040,5.6,cycleway
9349894040,9349894041,50.2,cycleway
9349894041,9349894045,8.1,cycleway
9349894045,9349894042,36.5,cycleway
9349894042,9349894043,64.4,cycleway
9349894043,9349894044,5.5,cycleway
9349894044,9349894047,11.1,footway
9349894047,9349894046,12.7,footway
9349894046,9349894048,6.6,cycleway
9349894048,9349894049,24.5,cycleway
9349894049,9349894038,58.9,cycleway
9349894038,9349894050,7.3,cycleway
9349894050,9349894054,6.6,cycleway
9349894054,4057921150,6.7,cycleway
4057921150,9349894051,25.0,cycleway
9349894051,4057921155,5.0,cycleway
4057921155,9349894052,54.9,cycleway
9349894052,9349894053,22.3,cycleway
9349894053,9349894056,4.5,footway
9349894056,9349894055,5.8,footway
9349894043,9349894059,11.5,footway
9349894059,9349894058,16.0,footway
9349894058,9349894057,3.4,footway
9349894057,9349894060,5.3,footway
9349894060,9349894061,4.5,footway
9349894061,9349894063,12.2,footway
9349894063,9349894062,7.5,footway
9349894062,9349894064,6.6,cycleway
9349894064,9349894065,71.3,cycleway
9349894065,9349894069,13.5,cycleway
9349894069,4057921153,24.4,cycleway
4057921153,9349894066,8.8,cycleway
9349894066,4057921154,16.4,cycleway
4057921154,9349894072,12.6,cycleway
9349894072,9349894067,48.0,cycleway
9349894067,9349894068,18.3,cycleway
9349894068,9349894071,6.8,footway
9349894071,9349894070,2.2,footway
4235822581,1724839206,11.3,secondary
4738419700,9349894074,12.9,primary_link
9349894074,4235822580,11.5,primary_link
4235822580,9349894075,33.1,primary_link
9349894075,9349894083,13.0,primary_link
9349894083,9349894082,14.4,primary_link
9349894082,9349894078,14.7,primary_link
4235822581,9349894079,150.5,primary
9349894078,4235822581,5.5,secondary
9349894078,9349894076,6.5,primary_link
9349894076,12137763389,4.2,primary_link
12137763389,2193764877,11.4,primary_link
9349894083,9349894084,11.8,secondary_link
9349894084,9349894085,12.3,secondary_link
9349894085,9349894086,22.2,secondary_link
9349894087,9349894088,18.5,secondary_link
9349894088,9349894089,10.1,secondary_link
9349997835,9349997836,49.5,service
9349997836,6284023507,43.8,service
9349997837,9349997838,39.8,service
9350087387,9350087388,38.2,service
9350087388,9350087389,43.4,service
6284023507,9350087390,23.8,service
9350087390,9350087391,13.1,service
9350087392,9350087393,22.9,service
9350087394,9350087395,50.5,service
9350087400,9350087401,58.2,service
9350087402,9350087403,33.5,footway
9350087404,9350087405,37.9,service
9350087406,9350087407,40.8,service
9350087408,9350087409,27.6,service
9350087409,9350087413,13.1,service
9350087413,9350087410,9.3,service
9350087410,9350087411,21.1,service
9350087411,9350087412,11.8,service
9350087413,9350087414,50.1,service
9350087414,9350087416,3.2,service
9350087416,9350087415,1.6,service
9350087415,436912407,10.0,service
9350087416,9350114217,13.1,service
9350114217,9350114218,19.9,service
9350114218,9350114219,12.5,service
9350114219,9350114220,8.7,service
9350114220,9350114221,16.0,service
8265970120,9350114222,5.2,footway
9350114222,9350114223,10.4,footway
9350114223,9350114224,14.3,footway
9350114224,368833761,19.5,footway
368833761,9350114225,18.4,footway
9350114225,9350114226,13.0,footway
9350114226,9350114227,12.9,footway
9350114227,9350114228,11.2,footway
9350114229,9350114230,14.0,primary_link
9350114230,9350114231,15.1,primary_link
9350114232,9350114233,12.5,primary_link
9350114233,9350114234,14.1,primary_link
4235824863,9350114235,13.5,primary_link
9350114235,9350114236,16.9,primary_link
9350114237,9350114238,17.4,primary_link
9350114238,9350114239,17.2,primary_link
9350114240,6378700705,99.5,cycleway
6378700705,6378700706,57.2,cycleway
6378700706,4746298508,56.5,cycleway
4746298508,6378700707,105.6,cycleway
6378700707,6378700708,75.5,cycleway
6378700708,4746298509,58.3,cycleway
9331305713,6378700709,12.2,footway
6378700709,6378700704,2.3,footway
6378700704,9350114240,4.4,footway
9288127474,12856161071,12.7,secondary
12856161071,8591741626,14.5,secondary
9351575546,9270975161,3.6,footway
9270975161,9209134936,4.3,footway
9209134936,9209134935,5.5,footway
9209134935,9351575547,23.5,footway
9209134929,9351575592,28.8,footway
9351575592,9351575593,29.6,footway
9351575593,9351575594,49.0,footway
9351614053,9351614062,9.9,service
9351614062,9351614054,15.5,service
9351614054,9351614055,37.9,service
9351614055,9351614056,15.5,service
9351614056,9351614057,14.2,service
9351614057,9351614058,8.4,service
9351614058,9351614059,10.0,service
9351614059,9351614060,7.5,service
9351614060,9351614061,15.6,service
9351614063,9351614067,5.7,service
9351614067,9351614064,5.7,service
9351614064,9351614065,5.6,service
9351614065,9351614066,17.1,service
9196764246,9351614085,7.5,footway
9351614085,9351614086,5.6,footway
9351614086,9351614081,6.5,footway
9351614081,9444427094,21.4,footway
9444427094,9351614082,27.5,footway
9351614082,9351614083,8.7,footway
9351614083,9351614084,54.6,footway
6378700723,9352495878,9.0,footway
9352495878,9352495879,16.2,footway
9352495879,9352495880,16.9,footway
9352495880,9352495881,11.9,footway
9352495881,9352495882,10.1,footway
9352495882,9352495883,26.3,footway
9352495883,9352495884,12.1,footway
9352495884,9352495885,13.1,footway
9352495885,9352495886,10.2,footway
9352495886,9352495887,7.2,footway
9352495887,9352495888,13.3,footway
9352495888,9352495889,12.0,footway
9352495889,9352495890,10.3,footway
9352495890,9352495891,17.3,footway
9352495891,9352495892,8.7,footway
9352495892,9352495893,9.2,footway
9352495893,9352495894,18.0,footway
9352495894,9352495895,13.1,footway
9352495895,9352495896,9.9,footway
9352495896,9352495897,10.7,footway
9352495897,9352495898,15.4,footway
9352495898,9352495899,16.8,footway
9352495899,9352495900,15.8,footway
9352495900,9352495901,9.5,footway
9352495901,9352495902,9.3,footway
9352495902,9352495903,6.3,footway
9352495903,9352495904,8.1,footway
9352495904,9352495905,11.5,footway
9352495905,9352495906,9.9,footway
9352495906,9352495907,7.8,footway
9352495907,9352495908,9.1,footway
9352495908,9352495909,6.9,footway
9352495909,9352495910,9.8,footway
9352495910,9352495911,10.0,footway
9352495911,9352495912,11.2,footway
9352495912,9352495913,9.0,footway
9352495913,9352495914,14.8,footway
9352495914,9352495915,18.6,footway
9352495915,9352495916,11.5,footway
9352495916,9352496017,7.0,footway
9352496017,9352496018,4.0,footway
9352496018,9352496019,4.4,footway
9352496019,9352496020,4.0,footway
9352496020,9352496021,3.1,footway
9352496021,9352496022,2.8,footway
9352496022,9352495916,4.8,footway
9352496019,9352496023,15.9,footway
9352496023,9352496024,11.8,footway
9352496024,13144923534,8.8,footway
9365255205,9365255201,4.1,footway
9365255201,9365255204,7.0,footway
2519290314,9365255196,9.0,footway
9365255198,2519290315,3.7,footway
2519290315,9365255207,7.2,footway
9365255199,9365255211,3.1,footway
9365255211,9365255198,4.5,footway
10831436252,9365255200,8.2,primary_link
9365255200,9365255201,9.7,primary_link
9365255201,10831436394,7.5,primary_link
10831436394,9365255202,8.6,primary_link
9365255202,9365255203,18.4,primary_link
9365255204,2519290305,6.4,footway
9365255206,9365255205,6.1,footway
9365255196,9365255206,6.9,footway
9365255207,2519290314,3.6,footway
9365255208,9365255209,24.5,primary_link
9365255209,9365255210,10.4,primary_link
9365255210,9365255211,7.9,primary_link
9365255211,9365255212,9.4,primary_link
9365255212,9365255213,12.9,primary_link
9365255213,9365255214,22.3,primary_link
9365255208,2519290314,45.2,primary
9365255196,9365255203,28.6,primary
4632468216,4632468215,9.0,service
4632468204,4632468217,43.2,service
4640291352,9382962602,5.0,residential
9382962602,9382962604,36.8,residential
9382962604,9382962603,13.3,residential
9201335461,9382962612,8.6,service
9382962612,9382962616,30.8,service
9382962616,9382962613,55.6,service
9382962613,9382962614,12.3,service
9382962614,9382962615,60.1,service
9382962616,9382980317,21.6,steps
9382980318,9382962615,11.6,service
9201335461,9382980319,11.4,service
9382980319,9382980320,53.3,service
9382980320,9382980321,15.6,service
9382980321,9382980322,18.5,service
9382980322,9382980323,5.4,service
9382980323,9382980324,15.4,service
9382980324,9382980325,6.3,service
4636671928,9382980336,13.9,footway
9382980336,9382980337,10.9,footway
9201335455,9201335458,40.8,service
9201335457,9201335458,23.6,footway
4636875481,9382980356,24.6,service
9382980356,9382980357,57.7,service
9382980357,9382980358,45.0,service
9382980358,9382980359,55.0,service
9382980362,9382980366,10.9,service
9382980366,9382980395,9.8,service
9382980395,13108412869,4.5,service
13108412869,13108412870,8.4,service
13108412870,9382980363,10.8,service
9382980363,9382980364,21.7,service
9382980364,9382980365,7.2,service
9382980365,9382980359,8.3,service
9382980359,9382980367,14.6,track
9382980367,9382980368,21.6,track
9382980368,9382980369,25.6,track
9382980369,9382980370,14.8,track
9382980370,9382980371,13.0,track
9382980371,9382980372,16.6,track
9382980372,9382980373,15.4,track
9382980373,9382980374,16.4,track
9382980374,9382980375,12.3,track
9382980375,9382980376,9.2,track
9382980376,9382980377,36.8,track
9382980377,9382980378,20.6,track
9382980378,9382980379,22.7,track
9382980379,9382980380,18.6,track
9382980380,9382980381,23.3,track
9382980381,9382980382,21.1,track
9382980382,9382980383,14.7,track
9382980383,9382980384,14.8,track
9382980384,9382980385,25.5,track
9382980385,9382980386,17.0,track
9382980386,9382980387,14.6,track
9382980387,9382980388,12.6,track
9382980388,9382980389,12.4,track
9382980389,9382980390,16.4,track
9382980390,9382980391,10.5,track
9382980391,9382980392,13.9,track
9382980392,9382980393,21.8,track
9382980393,9382980394,14.7,track
9382980358,9382980396,20.1,service
9382980396,9382980397,37.3,service
9382980397,9382980398,23.0,service
9382980398,9382980409,24.5,service
9382980409,9382980410,69.7,service
9382980398,9382980419,7.8,service
9382980419,9382980420,25.8,service
9382980420,9382980421,10.9,service
9382980421,9382980422,17.8,service
9382980422,9382980423,69.1,service
9382980423,9382980445,30.1,service
9382980445,9382980424,15.0,service
9382980424,9382980425,13.8,service
9382980425,9382980426,20.4,service
9382980426,9382980427,15.6,service
9382980427,9382980428,27.2,service
9382980428,9382980429,12.3,service
9382980429,9382980430,6.0,service
9382980430,9382980431,13.0,service
9382980431,9382980432,14.7,service
9382980432,9382980433,13.1,service
9382980433,9382980434,9.3,service
9382980434,9382980435,9.8,service
9382980435,9382980436,20.0,service
9382980436,9382980437,41.8,service
9382980437,9382980438,19.6,service
9382980438,9382980393,20.4,service
9382980439,9382980440,31.4,track
9382980440,9382980441,13.9,track
9382980441,9382980442,34.3,track
9382980442,9382980443,37.5,track
9382980443,9382980444,21.1,track
9382980444,9382980445,22.5,track
9382980359,9382980446,22.1,track
9382980446,9382980447,40.1,track
9382980447,9382980448,24.8,track
9382980448,9382980449,26.4,track
9382980449,9382980450,32.9,track
9382980450,9382980451,41.3,track
9382980451,9382980452,28.3,track
9382980452,9382980453,42.4,track
9382980453,9382980454,20.2,track
9382980476,9201335337,44.7,service
4658585744,4658585745,115.4,residential
4638164089,4658585744,54.2,residential
4658585749,9382960831,53.3,residential
9382960831,4658585747,55.5,residential
4658585748,6351635664,59.2,residential
6351635664,4658585749,39.8,residential
4658585749,4658585750,100.6,residential
4658585744,4658585750,46.4,residential
4658585752,9382960830,9.7,residential
9382960830,9382960831,91.3,residential
6351635668,9382960832,55.9,pedestrian
6351635677,9382960833,55.2,pedestrian
9382960834,9382960835,39.5,pedestrian
9382960836,6351635675,52.7,footway
6351635675,9382960837,24.4,footway
9382960837,9382960842,55.1,footway
9382960842,9382960838,46.5,footway
9382960838,9382960841,9.7,footway
9382960841,9382960840,52.8,footway
9382960840,9382960839,65.7,footway
9382960835,9382960844,13.1,footway
9382960844,9382960845,26.2,footway
9382960845,9382960843,52.6,footway
9207546291,9387628397,16.7,service
9387628397,11696421766,29.1,service
11696421766,9387628398,19.8,service
9387628398,9387628399,18.1,service
9215222265,9394431175,12.4,service
9394431175,9394431193,23.4,service
9394431193,9394431176,19.3,service
9394431176,9394431177,14.4,service
9394431177,9215222265,60.0,service
4634229429,9211829100,5.6,service
9211829100,9215222272,2.9,service
9215222272,4634229439,17.4,service
4634229439,9215222265,3.4,service
9394431193,9394431194,32.9,footway
9215215125,9404219226,58.9,footway
9404219226,9404219227,36.3,footway
9196764247,9444427092,59.1,footway
9444427092,9196764245,25.9,footway
9444427093,9444427094,39.8,footway
9198585366,9444363241,22.9,footway
9444363241,9444363242,20.1,footway
9444363242,9444363243,14.6,footway
9444363243,9444363244,12.9,footway
13952030396,9462311144,24.3,footway
9462311144,9462311145,13.8,footway
9462311145,9462311146,20.2,footway
9462311146,9462311147,22.7,footway
9462311148,9462311149,47.6,service
9462311149,9462311150,14.1,service
9462311150,9462311151,45.9,service
5158711975,9462343638,14.4,service
9462343638,9462343639,7.6,service
9462343639,9462343640,25.5,service
13515899585,9463031405,63.0,service
9463031406,9463031407,79.0,service
9463031408,9463031409,83.8,service
4740327336,9463069930,54.9,service
9463069930,9463069931,92.6,service
12293396451,9463069933,44.8,service
9463069933,9463069934,45.2,service
9463069934,9463069936,19.4,service
9463069936,12293396452,36.3,service
9463069936,9463069937,27.9,service
4658585341,9463070007,18.3,living_street
9463070007,9463070006,49.1,living_street
9463070006,9463070002,83.8,living_street
9463070002,9463070003,9.9,living_street
9463070003,9463070004,111.0,living_street
9463070004,4658585335,6.6,living_street
4658585335,9463070005,8.8,living_street
9463070005,9463070006,76.2,living_street
9463070007,9463070008,79.0,living_street
9463070007,9463070009,19.6,footway
9471665709,13055631364,21.3,residential
13055631364,13055631365,14.0,residential
13055631365,9471665710,30.8,residential
9471665710,4740525320,19.7,residential
1645075280,1645075279,50.4,primary
1645075279,1645075277,104.8,primary
1645075277,13441910882,395.1,primary
13441910882,9311952552,53.4,primary
9311952552,9311952554,10.7,primary
9311952554,9311952558,36.5,primary
9311952558,12949898171,5.6,primary
12949898171,4640291338,12.2,primary
4640291338,12949898167,14.3,primary
12949898167,1645075271,169.0,primary
1645075271,4658585351,9.3,primary
4658585351,6378700726,4.5,primary
6378700726,4658585339,17.3,primary
4658585339,4640291349,16.7,primary
4640291349,1645075269,24.7,primary
1645075269,4658585357,20.3,primary
4658585357,4738791222,28.9,primary
4738791222,9307356740,41.6,primary
9307356740,12949883799,2.4,primary
12949883799,414668434,12.3,primary
414668434,436561631,11.5,primary
436911696,6132178411,14.8,primary
6132178411,6132178363,56.6,primary
6132178363,436911694,132.6,primary
436911694,9310065492,84.4,primary
4740710085,4658585739,47.8,primary
4658585739,4650035699,44.4,primary
4650035699,4658585741,19.8,primary
4658585741,9271029063,3.3,primary
9271029063,4658585756,19.6,primary
4658585756,12112182149,71.4,primary
4740710038,4740710039,45.8,primary
4740710039,4740710061,113.5,primary
4740710061,9271029062,19.5,primary
9271029062,4658585742,24.3,primary
1724839205,13989496811,16.1,secondary
13989496811,13989496848,28.3,secondary
13989496848,4057921189,28.9,secondary
4057921189,13958219615,103.5,secondary
13958219615,414898551,14.3,secondary
414898551,9288127477,96.0,secondary
9288127477,12856161077,5.1,secondary
12856161077,9201416694,8.9,secondary
9201416694,414898552,5.3,secondary
1724839205,13989496808,16.5,secondary
13989496808,9288127479,6.7,secondary
9288127479,4057921206,135.8,secondary
1724846514,4738419675,15.8,secondary
1724846514,4235822577,98.9,primary
4235822577,4057921156,16.7,primary
4057921156,2193764922,38.3,primary
2193764922,4738419700,55.5,primary
4738419700,9349894077,23.8,primary
9349894077,9271029032,58.7,primary
9271029032,4235822581,16.1,primary
8591741626,12856161078,13.5,secondary
12856161078,8591741627,99.0,secondary
8591741627,13958219616,16.4,secondary
13958219616,8591741628,101.7,secondary
8591741628,13989496845,31.4,secondary
13989496845,12146247480,18.1,secondary
12146247480,13989496812,9.1,secondary
13989496812,9288127478,3.5,secondary
9288127478,8591741629,13.3,secondary
8591741629,1724839205,11.0,secondary
4740526324,4701870266,17.1,primary
4701870266,4740526323,81.6,primary
4740526323,4740526322,124.3,primary
4740526322,9471665709,53.0,primary
9471665709,4740526321,26.2,primary
1831662611,414898268,11.1,tertiary
4738684382,13441908794,29.7,primary
13441908794,4738684383,35.9,primary
4738684383,13441914886,72.8,primary
13441914886,9307356748,22.1,primary
9307356748,414898268,28.6,primary
1724839206,4057921186,74.2,primary
4057921186,4738419701,33.3,primary
4738419701,9544079196,38.7,primary
9544079196,4738419672,10.9,primary
4738419672,4738419673,51.8,primary
4738419673,9271029022,86.3,primary
9271029022,4738419675,12.1,primary
5643723131,12304715856,49.0,residential
12304715856,12304715855,6.1,residential
12304715855,12304715854,5.5,residential
12304715854,9544711848,5.5,residential
9544711848,12304715853,76.2,residential
12304715853,9544711853,9.3,residential
9544711853,9544711849,37.2,residential
9544711849,9544711850,32.6,residential
9544711850,9544711857,29.3,residential
9544711857,4740327331,87.8,residential
4740327336,9544711853,100.5,service
9544711855,9544711850,79.5,service
4740327334,9544711857,68.1,service
6051111554,9557314457,78.9,service
9557314458,9557314461,76.1,service
13989496783,9557314461,76.6,service
529815700,529815701,73.4,footway
529815701,529815702,30.6,footway
529815702,529815690,28.9,footway
529815690,529815691,68.9,footway
529815691,529815692,9.2,footway
529815692,13096041023,16.7,footway
13096041023,13096041010,53.5,footway
13096041010,13096041011,38.8,footway
13096041011,529815678,15.2,footway
529815678,529815679,11.7,footway
529470140,5373391857,41.7,tertiary
5373391857,529470135,38.1,tertiary
529470135,529470137,101.1,tertiary
529470137,5224648453,57.3,tertiary
5224648453,13061816156,111.8,tertiary
13061816156,13061816045,65.9,tertiary
13061816045,13061816048,39.0,tertiary
13061816048,529470105,74.3,tertiary
790706280,9657906542,34.4,tertiary
9657906542,13062080971,33.9,tertiary
13062080971,2911126355,77.3,tertiary
2911126355,10855840660,90.8,tertiary
10855840660,10828161834,58.9,tertiary
436736915,13062107209,100.2,tertiary
13062107209,4627767700,57.4,tertiary
9705256325,9705256348,6.6,service
9705256348,9705256327,77.1,service
9705256327,9705256326,22.0,service
9705256327,9705256328,16.5,service
9705256334,9705256335,11.1,footway
9705256335,9705256609,46.1,footway
9705256609,9705256336,13.4,footway
9705256336,9705256337,3.6,footway
9705256337,9705256338,6.1,footway
9705256338,9705256339,45.7,footway
9705256339,9705256340,6.2,footway
9705256340,9705256341,4.4,footway
9705256341,9705256342,3.8,footway
9705256342,9705256343,4.9,footway
9705256343,9705256344,2.8,footway
9705256344,9705256345,17.2,footway
9705256345,9705256346,7.4,footway
9705256346,9705256347,9.2,footway
9705256337,9705256348,6.9,footway
9705256348,9705256349,6.8,footway
9705256349,9705256350,31.7,footway
4640291324,9705256357,16.2,service
9705256357,9705256359,1.5,service
9705256359,9705256358,3.3,service
9705256397,9705256398,2.1,residential
9705256398,9705256399,2.1,residential
9705256399,4640291322,2.1,residential
4640291322,9705256388,2.3,residential
9705256388,9705256382,2.3,residential
9705256382,9705256387,2.3,residential
9705256387,9705256383,2.3,residential
9705256383,9705256390,2.3,residential
9705256390,9705256393,2.3,residential
9705256393,9705256394,2.3,residential
9705256394,9705256395,2.3,residential
9705256395,9705256415,1.8,residential
9705256415,9705256396,0.5,residential
9705256396,9705256384,2.3,residential
9705256384,9705256391,2.1,residential
9705256391,9705256385,2.1,residential
9705256385,9705256392,2.1,residential
9705256392,9705256386,2.1,residential
9705256386,9705256389,2.1,residential
9705256389,9705256397,2.1,residential
9705256415,9705256416,6.7,service
9705256416,9705256417,22.3,service
9705256417,9705256418,2.7,service
9705256418,9705256419,4.4,service
9705256419,9705256420,4.7,service
9705256420,9705256421,5.6,service
9705256421,9705256444,2.6,service
9705256444,9705256422,4.1,service
9705256422,9705256423,5.3,service
9705256423,9705256424,5.1,service
9705256424,9705256425,4.4,service
9705256425,9705256426,4.0,service
9705256426,9705256427,5.7,service
9705256427,9705256428,25.9,service
9705256428,9705256429,13.0,service
9705256429,9705256430,9.2,service
9705256430,9705256431,8.4,service
9705256431,9705256432,9.1,service
9705256432,9705256433,13.8,service
9705256433,9705256434,8.0,service
9705256434,9705256435,4.5,service
9705256435,9705256436,6.4,service
9705256436,9705256437,7.0,service
9705256437,9705256438,9.5,service
9705256438,9705256439,21.5,service
9705256439,9705256440,5.9,service
9705256440,9705256441,26.5,service
9705256441,9705256442,57.8,service
9705256442,9705256443,58.9,service
9705256444,9705256445,24.7,service
9705256494,9705256493,18.8,footway
9705256493,9705256553,28.4,footway
9705256553,9705256456,1.0,footway
9705256456,9705256457,25.9,footway
9705256457,9705256458,4.4,footway
9705256458,9705256459,5.1,footway
9705256459,9705256460,3.7,footway
9705256460,9705256469,2.1,footway
9705256469,9705256461,2.1,footway
9705256461,9705256462,4.9,footway
9705256462,9705256463,6.5,footway
9705256463,9705256464,3.8,footway
9705256464,9705256465,3.7,footway
9705256465,9705256466,3.9,footway
9705256466,9705256467,5.4,footway
9705256467,9705256468,0.1,footway
9705256468,9705256347,3.7,footway
9705256495,9705256497,5.6,footway
9705256497,9705256496,3.0,footway
9705256496,9705256494,15.4,footway
9705256524,9705256528,7.8,footway
9705256528,9705256526,13.0,footway
9705256526,9705256525,8.2,footway
9705256525,9705256455,21.2,footway
9705256455,9705256615,2.5,footway
9705256615,9705256495,2.8,footway
9705256335,9705256505,24.4,footway
9705256505,9705256611,7.1,footway
9705256611,9705256562,19.3,footway
9705256562,9705256506,1.4,footway
9705256506,9705256507,5.4,footway
9705256507,9705256508,5.0,footway
9705256508,9705256509,37.6,footway
9705256509,9705256510,6.0,footway
9705256510,9705256511,4.9,footway
9705256511,9705256512,4.2,footway
9705256512,9705256513,9.5,footway
9705256513,9705256514,12.5,footway
9705256514,9705256579,21.4,footway
9705256579,9705256515,17.1,footway
9705256515,9705256578,14.3,footway
9705256578,9705256516,18.4,footway
9705256516,9705256517,15.9,footway
9705256517,9705256518,8.4,footway
9705256518,9705256519,5.9,footway
9705256519,9705256520,6.6,footway
9705256520,9705256521,8.0,footway
9705256521,9705256522,19.1,footway
9705256522,9705256612,23.9,footway
9705256612,9705256523,16.4,footway
9705256526,9705256527,10.6,footway
9705256528,9705256529,39.2,footway
9705256550,9705256529,17.7,footway
9705256529,9705256551,15.4,footway
9705256551,9705256552,6.1,footway
9705256553,9705256554,42.5,footway
9705256457,9705256555,18.5,footway
9705256555,9705256556,14.1,footway
9705256556,9705256554,15.1,footway
9705256554,9705256557,14.1,footway
9705256557,9705256558,12.7,footway
9705256558,9705256559,19.9,footway
9705256559,9705256560,14.1,footway
9705256560,9705256561,5.6,footway
9705256561,9705256562,3.3,footway
9705256573,9705256574,5.0,footway
9705256574,9705256575,8.9,footway
9705256575,9705256576,1.8,footway
9705256576,9705256577,9.1,footway
9705256577,9705256578,9.1,footway
9705256580,9705256581,12.9,steps
9705256581,9705256515,9.2,steps
9705256462,9705256584,6.0,footway
9705256584,9705256585,4.7,footway
9705256585,9705256586,6.9,footway
9705256586,9705256587,16.0,footway
9705256587,9705256588,9.5,footway
9705256588,9705256589,5.2,footway
9705256589,9705256590,4.7,footway
9705256591,9705256592,9.4,footway
9705256592,9705256593,5.6,footway
9705256593,9705256594,4.5,footway
9705256594,9705256590,4.6,footway
9705256463,9705256595,5.9,footway
9705256595,9705256596,5.7,footway
9705256596,9705256597,4.7,footway
9705256597,9705256598,4.2,footway
9705256598,9705256599,4.9,footway
9705256599,9705256600,2.9,footway
9705256600,9705256601,5.8,footway
9705256601,9705256602,22.6,footway
9705256602,9705256603,5.6,footway
9705256603,9705256604,16.0,footway
9705256604,9705256605,10.1,footway
9705256605,9705256606,14.2,footway
9705256606,9705256607,7.6,footway
9705256607,9705256608,5.5,footway
9705256608,9705256609,2.8,footway
9705256610,9705256611,14.3,footway
9705256612,9705256613,5.6,footway
9705256523,9705256614,42.1,footway
9705256614,9705256615,1.4,footway
9918349401,9918349394,14.6,footway
9918349394,9918349405,11.1,footway
9918349405,9918349395,28.3,footway
9918349395,12207980633,8.2,footway
12207980633,12207980632,13.3,footway
12207980632,9918349396,7.8,footway
9918349396,9918349393,7.3,footway
9918349393,9918349402,25.7,footway
9918349402,12207980634,9.4,footway
12207980634,9918349390,12.2,footway
9918349390,9918349403,24.3,footway
4756571364,9918349392,41.7,footway
9918349392,9918349389,22.8,footway
9918349389,9918349406,26.0,footway
9918349406,9918349401,27.4,footway
9918349401,9918349398,32.7,footway
9918349398,9918349404,16.6,footway
9918349404,9918349399,15.8,footway
9918349399,9918349397,19.3,footway
9918349397,9918349389,30.3,footway
9222527306,9222527307,44.0,residential
10033789058,10033789059,161.2,service
10033789060,10033789059,99.0,service
10033789059,10033789061,140.5,service
4738684352,13947240086,19.4,unclassified
13947240086,9215168009,23.4,unclassified
4658585427,13108382611,4.9,residential
13108382611,13108382610,5.8,residential
13108382610,13947240085,4.3,residential
13947240085,4658585425,9.5,residential
10188801927,10188801925,26.2,footway
10188801925,10188801926,19.0,footway
10188801928,10188801927,1.5,footway
10188801924,10188801928,1.5,footway
10188801926,10188801929,8.9,steps
10188801929,10188801930,11.9,steps
10188801930,10188801932,21.1,steps
10188801932,10188801933,10.6,steps
10188801933,10188801934,15.0,steps
10188801934,10188801935,8.3,steps
10188801935,10188801936,26.6,steps
10188801936,10188801937,9.9,path
10188801937,10188801938,11.8,path
312198317,10188801940,21.0,living_street
10188801940,10188801941,13.1,living_street
10188801941,10188801942,33.8,living_street
10188801942,10188801943,51.0,living_street
10188801943,10188801954,22.9,living_street
10188801954,10188801944,1.6,living_street
10188801946,10188801947,39.2,path
10188801947,10188801948,27.4,path
10188801948,10188801949,47.6,path
10188801949,10188801950,13.6,path
10188801950,10188801951,24.5,path
10188801951,10188801952,39.5,path
10188801952,11518969829,15.4,path
11518969829,10831436422,15.8,path
10188801944,10188801953,21.1,living_street
10188801953,11518969836,14.0,living_street
11518969836,11518969835,9.4,living_street
11518969835,11518969834,19.2,living_street
11518969834,10188801945,2.7,living_street
10188801954,10188801955,30.2,steps
10188801955,10188801956,10.9,steps
10188801956,10188801957,20.6,footway
10188801957,10188801984,12.8,footway
10188801984,10188801958,12.8,footway
10188801958,10188801986,12.6,footway
10188801986,10188801989,2.0,footway
10188801989,10188801959,11.1,footway
10188801959,10188801960,53.2,footway
10188801960,10188801961,21.8,steps
10188801961,10188801962,28.8,path
10188801962,11518969830,7.8,path
11518969830,10188801963,10.0,path
10188801963,11518969831,9.4,path
11518969831,10188801964,16.5,path
10188801964,10188801965,18.7,path
10188801965,10188801966,19.7,path
10188801966,10188801967,8.8,path
10188801967,11518969832,10.4,path
11518969832,10188801968,7.3,path
10188801968,10188801969,15.6,path
10188801969,11518951631,8.5,path
11518951631,11518969833,6.2,path
11518969833,10188801970,13.8,path
10188801970,10188801971,17.3,path
10188801971,11518951632,6.4,path
11518951632,10188801972,6.8,path
10188801972,10188801973,8.1,path
10188801973,11518951633,8.4,path
11518951633,10188801974,6.2,path
10188801974,10188801975,11.8,path
10188801975,10188801976,28.9,path
10188801976,11518951634,9.6,path
11518951634,10188801977,16.5,path
10188801977,10188801978,12.5,path
10188801978,10188801979,9.1,path
10188801978,10188801980,13.2,path
10188801980,10188801981,10.1,path
10188801981,10188801982,6.7,path
10188801982,10188801983,11.4,path
10188801983,11518951635,5.8,path
11518951635,11518951636,10.3,path
11518951636,10188801937,18.1,path
10188801984,10188801985,14.2,footway
10188801985,10188801986,18.9,footway
529778419,13583188077,19.3,residential
13583188077,13583187968,3.5,residential
13583187968,13583188184,10.4,residential
13583188184,13583187969,20.1,residential
13583187969,13583187996,28.1,residential
13583187996,13583187964,8.0,residential
13583187964,10244156895,24.2,residential
10244156895,13583188014,23.3,residential
13583188014,10244156896,7.5,residential
10264358426,10264358427,27.9,unclassified
10828161837,10595501582,60.6,service
10595549147,10595549144,17.2,service
10595549144,10595549141,0.2,service
10595549141,10595549142,7.2,service
10595549142,10595549143,48.8,service
10595549144,10595549145,28.1,service
10595549145,10595549146,16.8,service
10595549146,10595549147,28.0,service
10601679474,10595540569,22.4,service
10595540569,10595540570,7.4,service
10595540570,10595540571,34.2,service
10595540571,10595540572,5.2,service
10595540572,10601679475,21.9,service
3756798922,10595540591,56.9,path
10595540591,12342361459,25.7,path
9249579473,6378700719,214.8,footway
10620768441,10620768442,31.2,service
10620768442,10620768443,33.2,service
10620768443,10620768444,49.2,service
10620768444,10620768445,24.7,service
10620768445,10620768446,23.1,service
10620768446,10620768447,23.1,service
10620768447,10620768448,21.2,service
10620768448,10620768449,29.2,service
10620768449,10620768450,32.4,service
10620768450,10620768451,31.8,service
10620768451,10620768452,37.2,service
10620768452,10620768453,19.5,service
10620768453,10620768469,11.5,service
10620768469,10620768454,6.6,service
10620768454,10620768455,13.6,service
10620768455,10620768456,24.4,service
10620768456,10620768457,18.8,service
10620768457,10620768458,13.1,service
10620768458,10620768459,17.2,service
10620768459,10620768460,18.2,service
10620768460,10620768461,18.1,service
10620768461,10620768462,7.9,service
10620768462,10620768463,15.8,service
10620768463,10620768464,19.7,service
10620768464,10620768465,13.6,service
10620768465,10620768466,19.4,service
10620768466,10620768467,29.7,service
10692613515,10692613516,58.7,service
10692613516,10692613517,8.7,service
10729515671,10729515670,21.1,path
10729515670,10729515669,4.0,path
10729515669,10729515668,2.3,path
10729515668,10729515667,2.2,path
10729515667,10729515666,2.5,path
10729515666,10729515665,14.3,path
10729515665,10729515664,2.7,path
10729515664,10729515663,2.7,path
10729515663,10729515662,5.6,path
10729515662,10729515661,13.2,path
10729515661,10729515660,7.2,path
10729515660,10729515659,4.5,path
10729515659,10729515658,7.1,path
10729515658,10729515657,18.2,path
10729515657,10729515656,16.8,path
10729515656,14045198904,9.4,path
14045198904,14045198905,10.7,path
14045198905,14045198906,6.0,path
14045198906,14045198903,6.1,path
14045198903,14045198909,4.4,path
14045198909,14045198908,4.8,path
14045198908,14045198907,4.9,path
14045198907,14045198912,4.2,path
10729515701,10729515700,10.7,path
10729515700,14053172206,23.5,path
14053172206,14053172207,9.4,path
14053148799,10729515698,1.9,path
10729515698,10729515697,5.5,path
10729515697,10729515696,6.9,path
10729515696,10729515695,4.1,path
10729515695,10729515694,10.7,path
10729515694,10729515693,2.5,path
10729515693,10729515692,3.9,path
10729515692,10729515691,5.7,path
10729515691,14053148798,4.9,path
14053148798,10729515690,8.4,path
10729515690,10729515689,10.2,path
10729515689,10729515688,4.2,path
10729515688,10729515687,14.0,path
10729515687,10729515686,4.2,path
10729515686,10729515685,8.5,path
10729515685,10729515684,2.7,path
10729515684,10729515683,2.8,path
10760377643,312198394,58.3,tertiary
312198394,2519290554,146.6,tertiary
2519290554,9223086257,138.1,tertiary
312198369,9223086077,21.3,tertiary
9223086077,312198382,20.0,tertiary
312198382,10760377643,53.0,tertiary
10763837916,12052360146,3.3,path
12052360146,10763837915,23.8,path
10763837918,10763837920,0.9,path
10763837920,10763837917,11.9,path
10763837917,10763837916,4.1,path
10763837914,10763837919,4.8,path
10763837919,10763837918,4.7,path
2259058468,2259058483,12.2,tertiary_link
2259058483,2259058455,5.2,tertiary_link
2259058455,2259058223,7.9,tertiary_link
2259058223,2259058225,10.4,tertiary_link
10821084557,10821084558,8.7,path
10821084558,10821084559,5.2,path
10821084559,10821084554,7.8,path
10821084554,10821084560,6.9,path
10821084560,10821084561,2.9,path
10821084561,10821084563,9.0,path
10821084563,10821084562,34.9,path
10821084563,10821084564,1.8,path
10821084564,10821084565,41.6,path
10821084565,12052360146,10.4,path
2911126351,2911126352,146.3,tertiary
2911126351,10828161847,127.3,tertiary
790705623,10828161828,103.8,tertiary
10828161828,529804011,45.7,tertiary
529804011,529470305,26.7,tertiary
790705623,2122131938,53.1,tertiary
2122131938,529504113,41.5,tertiary
2911126352,2911126353,121.1,tertiary
2911126353,2911126354,51.4,tertiary
2911126352,790705623,134.8,tertiary
529470305,10828161832,72.3,secondary
10828161899,10828183472,1.7,tertiary
10828183472,9094561898,71.0,tertiary
10828161835,3972492220,32.3,tertiary
3972492220,790705614,112.5,tertiary
790705614,12267530782,58.2,tertiary
12267530782,790705495,76.4,tertiary
790705495,790705597,95.2,tertiary
790705597,790705623,60.7,tertiary
2122131964,2122131941,47.1,tertiary
2122131941,13612860396,24.3,tertiary
13612860396,790705642,56.0,tertiary
790705642,13026558126,85.2,tertiary
13026558126,13588263401,34.0,tertiary
13588263401,3017451146,27.8,tertiary
529458567,3756799335,64.5,tertiary
3756799335,12995218462,79.0,tertiary
12995218462,13147463223,19.9,tertiary
13147463223,13147463220,21.9,tertiary
13147463220,3017451146,84.7,tertiary
5192963692,529804026,26.4,secondary
529804026,2911126354,81.1,secondary
2911126354,529804013,43.0,secondary
529804013,529470305,93.1,secondary
10828161842,10828183407,45.5,secondary
10828183407,10828183409,101.1,secondary
10828183409,10828183410,82.9,secondary
10828183410,13464372252,65.7,secondary
13464372252,10828183411,25.9,secondary
10828183411,10828183412,109.7,secondary
10828183412,10828183424,8.9,secondary
10828183424,10828183413,8.6,secondary
10828183413,10828183414,87.5,secondary
10828183414,10828183415,25.0,secondary
10828183415,10828183416,28.4,secondary
10828183416,10828183427,6.1,secondary
10828183427,10828183417,22.6,secondary
10828183417,10828183418,25.6,secondary
10828183418,10828183419,45.0,secondary
10828183419,13462741404,34.1,secondary
13462741404,10857705893,7.0,secondary
10857705893,10836474117,10.9,secondary
10836474117,10836474118,36.8,secondary
530278109,530278110,43.5,residential
530278110,530278112,10.4,residential
530278112,530278114,5.2,residential
530278114,530278115,19.9,residential
530278115,530278116,6.4,residential
530278116,10828183471,3.2,residential
10828183471,530278117,5.6,residential
530278117,10828161833,4.3,residential
10828161866,10828161867,3.0,tertiary
10828161867,12347075191,10.8,tertiary
12347075191,3972492234,63.2,tertiary
3972492234,13313552709,128.1,tertiary
13313552709,2122131964,23.3,tertiary
2911126377,3972492227,101.3,tertiary
10828161838,12306252511,136.7,tertiary
12306252511,10828161839,15.1,tertiary
10828161834,10828161844,107.0,tertiary
10828161844,529804014,2.0,tertiary
529804014,10828161845,92.2,tertiary
5192963691,10828161849,128.7,tertiary
10828161849,2911126351,6.6,tertiary
529470306,12291008425,18.6,tertiary
12291008425,2911126351,113.9,tertiary
10828161834,529470306,6.1,tertiary
10828161849,13987579510,51.9,tertiary
13987579510,10828161850,69.5,tertiary
10828161850,10828161843,8.0,tertiary
10828161843,10828161834,3.1,tertiary
10828161845,10828161846,63.3,tertiary
10828161846,529804019,6.2,tertiary
529804019,12421725613,10.6,tertiary
12421725613,10828161837,23.6,tertiary
10828161837,10828161838,38.1,tertiary
529804022,2911126356,150.6,tertiary
2911126356,10595549143,37.0,tertiary
10595549143,529804015,56.9,tertiary
529804015,10828161845,56.5,tertiary
10828161845,2911126349,6.0,tertiary
2122131964,10828161857,72.3,tertiary
10828161857,10828161836,3.7,tertiary
10828161836,2911126349,65.9,tertiary
10828161859,10828161876,147.8,tertiary
10828161876,10828161858,55.1,tertiary
3972492234,10828161839,6.4,tertiary
529792247,11507998036,41.6,residential
11507998036,10855907066,20.9,residential
10855907066,13585867920,6.2,residential
13585867920,11507998028,39.9,residential
11507998028,2911126370,60.1,residential
2911126370,790705616,61.2,residential
790705616,4635443602,62.5,residential
4635443602,13585867853,37.1,residential
13585867853,13585867855,32.6,residential
13585867855,790705645,30.5,residential
790705645,13585867817,37.2,residential
13585867817,4704828721,31.2,residential
4704828721,529778434,33.5,residential
529778434,529792251,41.5,residential
529792251,4704828722,54.5,residential
529458567,2911126377,143.2,tertiary
10828161864,3972492242,117.3,tertiary
2911126376,10828161841,6.5,tertiary
10828161841,10857999954,11.5,tertiary
10857999954,3972492243,20.3,tertiary
3972492243,10828161865,5.7,tertiary
10828161865,3972492244,98.8,tertiary
10828161871,2911126376,6.2,tertiary
10828161871,12384388092,5.0,tertiary
12384388092,10857999957,5.6,tertiary
10857999957,10828161862,7.5,tertiary
10828161862,3972492224,13.8,tertiary
3972492224,10857999947,41.9,tertiary
10857999947,4704828722,57.9,tertiary
10828161863,10828161871,6.4,tertiary
10828161839,10828161840,73.3,tertiary
10828161840,3972492235,8.2,tertiary
3972492235,10857999955,29.6,tertiary
10857999955,10828161841,12.5,tertiary
10828161841,10828161863,6.2,tertiary
10828161873,529778432,7.3,tertiary
4704828720,10857999936,13.3,residential
10857999936,13583414393,66.4,residential
13583414393,4704828721,53.6,residential
10828161870,13147446348,9.3,tertiary
13147446348,10828161872,19.4,tertiary
10828161872,13147446261,22.4,tertiary
13147446261,13147446259,46.8,tertiary
13147446259,13147446256,31.1,tertiary
13147446256,10828161873,36.5,tertiary
529778432,4704828720,71.4,tertiary
4704828720,529804455,64.8,tertiary
529804455,3972492236,23.9,tertiary
3972492236,4704828724,2.1,tertiary
4704828724,10857999951,23.0,tertiary
10857999951,10828161871,12.3,tertiary
10828161873,8477883193,102.9,tertiary
8477883193,10828161859,58.3,tertiary
529792245,10828161859,6.3,tertiary
529792245,529792246,61.8,tertiary
529792246,529778432,99.7,tertiary
10828161876,10828161877,21.0,tertiary_link
10828161877,10828161878,15.6,tertiary_link
10828161878,10828161879,13.0,tertiary_link
10828161879,10828161880,9.5,tertiary_link
10828161880,10828161881,15.7,tertiary_link
10831436505,12342361322,35.9,tertiary
12342361322,9094561896,14.0,tertiary
9094561896,529792225,11.7,tertiary
529792225,529792222,80.4,tertiary
529792222,13585868087,79.3,tertiary
13585868087,12291008423,23.3,tertiary
529458573,10828161889,38.1,tertiary
10828161889,529458572,43.4,tertiary
529458572,529470290,39.6,tertiary
529470290,10828161858,7.8,tertiary
10828161858,10828161881,51.9,tertiary
10828161881,529458571,29.6,tertiary
529458571,529458570,136.0,tertiary
529458570,529804448,106.5,tertiary
529804448,10828161882,12.1,tertiary
10828161882,10828161883,96.9,tertiary
10828161883,10828161884,162.3,tertiary
10828161884,10828161885,54.3,tertiary
529458573,10828161890,59.9,tertiary_link
10828161890,10828161891,40.2,tertiary_link
10828161891,10828161892,22.3,tertiary_link
10828161892,10828161893,14.8,tertiary_link
10828161893,10828161894,20.5,tertiary_link
10828161894,10828161895,8.6,tertiary_link
10828161858,10828161885,6.9,tertiary
10828161886,529470290,6.8,tertiary
790705495,3972492217,141.8,tertiary
3972492217,436666869,28.0,tertiary
414664591,903866864,83.4,primary
903866864,2122131954,47.3,primary
2122131954,2818013373,32.8,primary
2818013373,6699605797,84.5,primary
6699605797,436666869,94.6,primary
2122131966,10828161833,30.9,secondary
10828161833,10828161903,16.4,secondary
10828161903,10828161830,53.5,secondary
10828161899,10828161900,5.5,tertiary_link
10828161900,10828161901,6.9,tertiary_link
10828161901,10828161902,6.3,tertiary_link
10828161903,10828183444,10.9,tertiary_link
10828183444,10828161904,20.8,tertiary_link
10828161904,10828183405,14.3,tertiary_link
10828183405,10828183406,3.7,tertiary_link
10828183406,10828161899,6.6,tertiary_link
10828161842,10828183408,7.7,tertiary
10828183408,4800702188,6.4,secondary
4800702188,12348089534,2.2,tertiary
12348089534,10828161831,5.3,tertiary
10828183427,436736919,8.7,secondary
10828183428,10862415653,12.4,tertiary_link
10862415653,10828183429,3.6,tertiary_link
10828183429,10828183430,12.4,tertiary_link
10828183430,10828183431,6.6,tertiary_link
10828183431,10828183432,9.3,tertiary_link
10828183432,10828183436,10.3,tertiary_link
529807858,529807857,37.3,tertiary
529807857,529807856,17.6,tertiary
529807856,10857705896,17.3,tertiary
10857705896,790706281,92.7,tertiary
790706281,11507998192,32.3,tertiary
11507998192,4161735409,106.0,tertiary
436736919,10828183436,27.2,tertiary
10828183436,10828183442,26.1,tertiary
10828183442,10828183433,47.6,tertiary
10828183433,4161735409,25.5,tertiary
4161735409,10828183434,27.0,tertiary
10828183434,10828183437,71.0,tertiary
10828183437,11062761568,12.6,secondary_link
11062761568,10828183438,3.8,secondary_link
10828183438,10828183439,14.7,secondary_link
10828183439,10828183440,10.2,secondary_link
10828183440,10828183441,6.5,secondary_link
10828183451,5982233046,17.6,primary
5982233046,2122131939,63.0,primary
2122131939,2122131944,24.8,primary
2122131944,2122131955,6.1,primary
2122131955,10828183445,8.3,primary
10828183445,10828183446,24.8,primary
10828183446,10828183447,63.0,primary
10828183447,5982233045,15.4,primary
10828161832,530278118,11.4,primary_link
530278118,5982233043,10.2,primary_link
5982233043,5982233044,5.7,primary_link
5982233044,10828183451,18.3,primary_link
10828183458,10828183450,9.5,primary
2122131937,10828183458,5.1,primary
2122131966,2122131937,9.7,primary
5982233052,530278109,25.9,primary
530278109,10828183456,2.9,primary
10828183456,10828183474,43.2,primary
10828183474,10828183450,6.7,primary
10828183466,10828183467,3.7,footway
10828183467,10828183468,4.9,footway
10828183468,10828183469,139.5,footway
10828183469,10828183459,63.1,footway
10828183459,5408960975,73.5,footway
5408960975,10828183470,8.5,footway
10828183460,5224663703,14.8,footway
5224663703,10828183461,25.9,footway
10828183461,10828183471,9.7,footway
10828183471,10828183462,30.5,footway
10828183462,10828183463,32.4,footway
10828183463,10828183464,3.3,footway
10828183464,10828183465,2.2,footway
10828183465,10828183472,7.7,footway
10828183472,10828183466,5.1,footway
529804459,10857621945,8.0,tertiary
10857621945,7437065247,53.6,tertiary
7437065247,2911126360,125.5,tertiary
2911126360,10857998386,40.7,tertiary
10857998386,10857998382,27.1,tertiary
10857998382,2911126361,39.3,tertiary
2911126361,529804451,60.9,tertiary
529804451,11507998111,18.1,tertiary
11507998111,12342937793,51.1,tertiary
12342937793,10857998388,20.4,tertiary
10857998388,529804448,28.4,tertiary
529780911,7437065249,105.5,tertiary
7437065249,4709226982,43.5,tertiary
4709226982,12871710694,35.7,tertiary
12871710694,7437065250,23.0,tertiary
7437065250,10857691420,27.3,tertiary
10857691420,529804459,43.8,tertiary
529780911,2122131942,87.5,tertiary
2122131942,2911126357,68.4,tertiary
2911126357,2122131960,1.0,tertiary
2122131960,2911126348,11.2,tertiary
2911126348,2122131949,50.4,tertiary
2122131949,12995905515,8.8,tertiary
12995905515,10828161838,76.7,tertiary
10828161838,2122131964,6.2,tertiary
4627767700,13062080966,72.2,tertiary
13062080966,4627767698,69.8,tertiary
4627767698,10855840657,6.9,tertiary
10855840657,10855840658,72.5,tertiary
10855840658,10828161849,74.0,tertiary
4627767700,790706280,134.5,tertiary
529807805,5342836239,160.2,tertiary
5342836239,13065355408,71.2,tertiary
13065355408,790706280,75.0,tertiary
4161735409,529807805,136.2,tertiary
529807801,529807800,101.3,tertiary
529807800,2122131952,77.8,tertiary
529804459,10855840630,79.3,tertiary
10855840630,529804464,63.8,tertiary
529804464,4519515215,157.1,tertiary
2122131952,529807769,66.2,tertiary
529807769,529807768,66.1,tertiary
529807768,529807771,70.4,tertiary
529807771,4519515215,70.3,tertiary
3076736294,3076736291,25.8,primary
3076736291,10601679475,12.7,primary
10601679475,10601679474,46.9,primary
10601679474,2122131936,16.2,primary
2122131936,3076736288,12.1,primary
3076736288,414664591,102.8,primary
414664590,790705647,11.2,tertiary
790705647,3076736292,24.8,tertiary
3076736292,3076736289,73.9,tertiary
3076736289,529510435,84.0,tertiary
529510435,529458567,157.2,tertiary
790705540,529778451,26.4,residential
529778451,4296547663,66.0,residential
4296547663,529778393,6.5,residential
529778393,13094906951,19.1,residential
13094906951,13604051801,17.0,residential
13604051801,529778390,39.4,residential
529778390,13583275724,41.7,residential
13583275724,4529076915,10.2,residential
4529076915,529778454,138.3,tertiary
529778454,13583273072,10.9,tertiary
13583273072,529458565,9.0,tertiary
529458565,10831435195,15.5,tertiary
10831435195,10831435197,13.9,tertiary
10831435197,10857624516,0.8,tertiary
10857624516,3076736297,21.8,tertiary
529778386,10831435202,16.3,tertiary
10831435202,4529076915,189.4,tertiary
12512219225,529778369,173.8,tertiary
529778369,13509391304,12.2,tertiary
4055395297,529778372,79.2,tertiary
529778372,10831435201,72.2,tertiary
10831435201,529778386,64.9,tertiary
10831435184,13094888893,543.5,tertiary
13094888893,10831435183,30.9,tertiary
10831435183,10831435182,68.0,tertiary
10831435182,10831435181,89.8,tertiary
10831435181,10831435180,39.8,tertiary
10831435180,13120677741,61.9,tertiary
13120677741,10831435179,15.5,tertiary
10831435191,529458567,5.3,tertiary
4704828722,12203446585,136.4,tertiary
12203446585,10831435191,7.3,tertiary
10831435196,10831435197,5.3,tertiary_link
10831435197,10831435198,17.7,service
4529076915,10831435199,6.2,tertiary_link
10831435191,10831435190,35.6,tertiary
10831435190,10831435192,121.9,tertiary
10831435192,12203240874,15.0,tertiary
12203240874,10831435189,11.5,tertiary
10831435189,529792240,94.6,tertiary
529792240,10831435193,36.7,tertiary
10831435199,10831435187,98.6,tertiary
10831435187,10831435200,106.4,tertiary
10831435200,10831435186,55.9,tertiary
10831435186,529778373,52.0,tertiary
529778373,10831435185,97.5,tertiary
10831435185,10831435184,11.9,tertiary
10831435184,4055395297,6.3,tertiary
10831435179,10831435203,82.5,tertiary
4704828722,2911126377,8.3,tertiary_link
10831435203,3759566252,20.0,tertiary
3759566252,9251915288,133.7,tertiary
9251915288,10831436208,169.9,tertiary
10831436208,10831436209,100.6,tertiary
10831436209,10831436207,3.4,tertiary
9251915283,9251915282,153.7,track
3759566193,10831436207,7.4,tertiary_link
10831436233,10831436226,117.8,tertiary
10831436226,9251915279,9.0,tertiary
9251915279,9251915283,172.8,tertiary
9251915283,3759566193,67.9,tertiary
10831436207,10831436206,67.7,tertiary
10831436206,10831435178,172.6,tertiary
10831435178,10831436220,5.7,tertiary
10831436220,10831436217,126.9,tertiary
10831436395,10831436211,12.0,primary
10831436212,10831436213,11.8,primary
10831436217,10831436225,170.2,primary
10831436225,10831436488,152.7,primary
10831436488,10831436218,25.3,primary
10831436218,10831436446,11.6,primary
10831436446,10831436219,53.8,primary
10831436219,10831436211,45.9,primary
10831436220,10831436221,70.2,primary_link
10831436221,10831436222,39.3,primary_link
10831436222,13473107944,55.1,primary_link
13473107944,10831436223,13.8,primary_link
10831436223,10831436224,52.8,primary_link
10831436224,10831436225,37.2,primary_link
10831436232,10831436231,27.5,tertiary_link
10831436231,10831436230,35.5,tertiary_link
10831436230,10831436229,28.5,tertiary_link
10831436229,10831436228,26.0,tertiary_link
10831436228,10831436227,27.8,tertiary_link
10831436227,10831436226,54.5,tertiary_link
312198408,312198423,35.7,tertiary
312198423,312198438,42.8,tertiary
312198438,312198451,43.6,tertiary
312198451,5224648433,56.2,tertiary
5224648433,10831436234,19.9,tertiary
10831436234,13061816143,32.1,tertiary
13061816143,10831436235,35.6,tertiary
10831436235,10831436240,144.1,tertiary
10831436240,10831436215,54.2,tertiary
10831436215,10831436239,36.9,primary
10831436239,436597949,12.6,primary
10831436236,2519290391,62.2,tertiary
2519290391,10831436396,10.3,tertiary
10831436396,436597947,5.9,tertiary
10831436240,13147505126,17.4,primary_link
13147505126,10831436241,9.1,primary_link
10831436241,10831436242,9.8,primary_link
10831436242,10831436397,8.6,primary_link
10831436397,10831436239,8.5,primary_link
10831436238,10831436243,19.1,primary_link
10831436243,10831436244,16.6,primary_link
10831436244,10831436245,36.1,primary_link
10831436395,9365255214,56.4,primary
9365255214,10831436214,65.1,primary
10831436214,10831435177,332.4,primary
529458548,10831435177,11.6,primary
10831436245,10831436216,114.8,primary
10831436216,10831436232,121.6,primary
10831436232,10831436233,157.6,primary
10831436217,10831435177,12.2,tertiary
529458548,10831436233,12.1,tertiary
10831436233,10831436217,11.3,primary
10831436253,10831436252,7.1,tertiary
10831436252,10831436213,31.6,tertiary
10831436302,10831436303,9.5,residential
10831436303,10831436304,7.4,residential
10831436304,10831436321,11.3,residential
10831436321,10831436305,8.8,residential
10831436321,10831436322,126.4,track
10831436322,10831436323,26.8,track
10831436323,10831436324,15.4,track
10831436324,10831436325,20.8,track
10831436358,10831436366,33.3,tertiary
10831436366,10831436365,33.0,tertiary
10831436365,10831436364,53.5,tertiary
10831436364,10831436391,26.7,tertiary
10831436391,10831436390,52.2,tertiary
10831436390,10831436389,62.1,tertiary
10831436389,10831436388,61.0,tertiary
10831436388,10831436387,61.4,tertiary
10831436387,10831436386,43.5,tertiary
10831436386,10831436385,44.5,tertiary
10831436385,10831436384,53.0,tertiary
10831436384,10831436383,53.4,tertiary
10831436383,10831436382,54.9,tertiary
10831436382,10831436381,54.4,tertiary
10831436381,10831436380,77.3,tertiary
10831436380,10831436379,76.5,tertiary
10831436379,10831436378,107.9,tertiary
10831436378,10831436377,106.3,tertiary
10831436377,10831436376,233.4,tertiary
10831436376,10831436393,158.0,tertiary
10831436393,10831436375,32.8,tertiary
10831436375,10831436392,37.6,tertiary
10831436392,10831436454,10.7,tertiary
10831436454,10831436374,24.7,tertiary
10831436374,10831436212,54.4,tertiary
10831436211,10831436212,9.5,primary
10831436213,10831436395,9.2,primary
2519290314,10831436395,11.4,primary
10831436213,9365255196,11.1,primary
10831436238,10831436237,35.7,primary
10831436236,312198491,4.2,primary
436597947,10831436398,40.7,tertiary
10831436398,312198491,38.5,tertiary
10831436215,10831436237,4.0,primary
10831436237,10831436236,16.0,primary
312198491,10831436215,15.7,primary
10831436398,10831436399,225.8,residential
10831436399,10831436400,40.1,residential
10831436400,10857706102,59.9,residential
10857706102,10831436401,65.7,residential
10831436401,10831436402,20.0,residential
10831436427,10831436404,7.0,residential
10831436404,10831436405,26.8,residential
10831436405,10831436406,38.2,residential
10831436406,10831436407,20.1,residential
10831436407,10831436408,30.7,residential
10831436408,10831436409,44.6,residential
10831436409,10831436410,52.0,residential
10831436410,2519290475,22.4,residential
2519290475,10831436411,80.9,residential
10831436411,10831436412,19.4,residential
10831436412,10831436413,17.5,residential
10831436413,10831436414,26.4,residential
10831436414,10831436415,23.6,residential
10831436415,10831436416,6.5,residential
10831436416,10831436417,36.4,residential
10831436417,10831436418,17.1,residential
10831436418,10831436419,22.5,residential
10831436419,10831436420,36.0,residential
10831436420,10831436421,6.8,residential
10831436421,10831436422,23.0,residential
10831436422,10831436423,19.0,residential
10831436423,10831436424,21.5,residential
10831436424,10831436425,26.5,residential
10831436425,10831436426,29.7,residential
10831436400,10831436403,70.7,residential
10831436403,10831436428,8.9,residential
10831436428,10831436427,9.0,residential
10831436446,10831436447,11.1,tertiary_link
10831436447,10831436448,64.3,tertiary_link
10831436448,10831436449,11.6,tertiary_link
10831436449,10831436450,14.1,tertiary_link
10831436450,10831436451,17.8,tertiary_link
10831436451,10831436452,22.4,tertiary_link
10831436452,10831436453,3.6,tertiary_link
10831436454,10831436455,16.0,tertiary_link
10831436455,10831436456,45.8,tertiary_link
10831436456,10831436457,12.4,tertiary_link
10831436457,10831436458,9.7,tertiary_link
10831436458,10831436459,8.4,tertiary_link
10831436471,10831436473,8.2,unclassified
10831436473,10831436472,43.1,unclassified
10831436470,10831436482,20.6,service
10831436482,10831436483,31.8,service
10831436483,10831436484,83.1,service
10831436484,10831436485,12.2,service
10831436485,10831436486,62.9,service
10831436486,10831436489,8.1,unclassified
10831436489,10831436490,2.8,unclassified
10831436490,10831436487,6.4,unclassified
10831436487,13473107947,48.6,unclassified
13473107947,10831436488,114.8,unclassified
10831436493,10831436494,21.3,unclassified
10831436495,10831436496,29.7,unclassified
529470116,10831436497,11.9,tertiary_link
9308129521,10831436359,40.7,tertiary
10831436359,9308129522,43.1,tertiary
9308129522,10831436360,41.3,tertiary
10831436360,9308129523,45.7,tertiary
9308129523,9308129524,121.5,tertiary
9308129524,13473114029,69.4,tertiary
13473114029,12512219229,59.3,tertiary
12512219229,9308129525,29.3,tertiary
9308129525,529470116,19.1,tertiary
10831436497,10831436352,5.1,tertiary
10831436352,10831436353,59.3,tertiary
10831436353,10831436354,62.2,tertiary
10831436354,10831436355,125.9,tertiary
10831436355,10831436356,115.0,tertiary
10831436356,10831436357,40.0,tertiary
10831436357,10831436358,53.3,tertiary
529470128,10831436350,12.1,tertiary_link
10831436350,10831436351,76.5,tertiary
10831436351,10831436497,171.5,tertiary
12512219221,529470111,8.9,tertiary
529470111,529470109,34.7,tertiary
529470109,529470107,63.4,tertiary
529470107,529470128,78.0,tertiary
529458561,10831436347,11.0,tertiary_link
529470128,529470120,37.9,tertiary
529470120,10831436361,29.1,tertiary
10831436361,529458562,28.7,tertiary
529458562,529458561,35.4,tertiary
10831436347,10831436348,25.7,tertiary
10831436348,10831436349,63.6,tertiary
10831436349,10831436350,37.9,tertiary
10831436347,13120677748,7.5,service
13120677748,10831436498,70.6,service
2122131927,10831436499,11.9,primary
529458561,529458560,54.4,tertiary
529458560,529778366,24.9,tertiary
529778366,529458563,92.7,tertiary
529458563,2122131957,61.5,tertiary
10831436499,2122131957,11.2,primary
10831436499,10831436344,66.2,tertiary
10831436344,10831436345,50.3,tertiary
10831436345,10831436346,67.1,tertiary
10831436346,10831436347,48.8,tertiary
10831436500,10831436501,29.8,tertiary_link
10831436501,10831436502,12.9,tertiary_link
10831436502,10831436503,15.9,tertiary_link
10831436503,10831436504,9.0,tertiary_link
10831436504,10831436505,4.9,tertiary_link
529792225,10831436517,11.0,footway
10831436517,10831436506,9.4,footway
529458564,10831436509,12.3,tertiary_link
10831436509,10831436340,39.3,tertiary
10831436340,10831436341,116.7,tertiary
10831436341,10831436342,120.1,tertiary
10831436342,10831436517,84.4,tertiary
10831436517,10831436343,96.2,tertiary
10831436343,10831436499,16.9,tertiary
529458564,529458574,105.4,tertiary
529458574,10831436511,21.3,tertiary
10831436511,529792247,23.4,tertiary
10831436509,12290911895,33.1,service
12290911895,10831436510,29.5,service
529792247,10831436513,9.9,tertiary_link
10831436513,10831436337,4.5,tertiary
10831436337,10831436512,18.2,tertiary
10831436512,10831436338,16.1,tertiary
10831436338,10831436339,38.9,tertiary
10831436339,10831436509,74.9,tertiary
10836474105,12350931357,10.3,secondary
10836474118,2260026954,3.5,tertiary_link
2260026954,2260026955,2.7,tertiary_link
2260026955,2260026884,5.2,tertiary_link
2260026882,2260026900,10.0,tertiary_link
10828183435,10828183416,8.1,secondary
436736922,2260026882,9.6,secondary
10828161830,10828161902,10.1,secondary
10828161902,10828161831,276.0,secondary
10828161831,10828161842,6.3,secondary
10828183450,2122131966,4.8,primary
10855840666,10855840668,44.7,residential
10855840668,10855840671,18.3,residential
10855840671,10855840667,42.4,residential
10857621942,10857621947,146.9,tertiary
10857621947,10857621943,65.1,tertiary
10857621943,10857621944,156.4,tertiary
10857621944,10857998376,63.3,tertiary
10857998376,10857621945,79.7,tertiary
10857621945,10857621946,93.4,tertiary
10857621946,10857621948,53.3,tertiary
10857621948,10828161864,6.4,tertiary
3972492244,10857621949,20.0,tertiary
10857621949,529804459,146.1,tertiary
3972492244,10828161864,15.0,residential
529804458,10857621948,55.8,residential
10857621948,10857621949,5.7,residential
10857621970,10857621964,15.3,tertiary
10857621964,10857621965,35.2,tertiary
10857621965,12342937716,44.6,tertiary
12342937716,10857621966,185.9,tertiary
10857621966,12342937713,26.2,tertiary
12342937713,10857621967,19.4,tertiary
10857621967,12342937714,14.3,tertiary
12342937714,10857621968,53.8,tertiary
10857621968,10857621969,33.7,tertiary
10857621969,5373391836,23.6,tertiary
10857621961,10857621962,37.3,tertiary
10857621962,10857621963,122.6,tertiary
10857621963,12342937724,65.3,tertiary
12342937724,10857621971,4.2,tertiary
10857621971,10857621970,32.3,tertiary
5373391832,10857621972,14.1,tertiary
10857621972,12342937715,23.8,tertiary
12342937715,1470477172,21.3,tertiary
288218594,10857621972,49.4,tertiary
10857621968,10857621973,70.4,tertiary
10857621973,10857621974,5.2,tertiary
2158456551,10857621973,44.0,tertiary
8296445152,2158456551,18.0,unclassified
10857621974,288218594,5.0,primary
10857621973,288218594,5.4,tertiary
903866877,10857621975,11.1,path
10857621975,10857621976,17.5,path
10857621976,10857621977,5.5,path
10857621977,10857621978,6.5,path
10857621978,10857621979,8.6,path
10857621979,10857621980,8.0,path
10857621980,10857621981,37.5,path
10857621981,10857621982,17.4,path
10857621982,10857621983,5.0,path
10857621983,10857621984,7.6,path
10857621984,10857621975,5.3,path
529778452,10857621996,9.2,service
10857621996,10857621997,34.4,service
10857621997,10857621998,23.6,service
10857621998,10857621997,23.6,service
10857621997,10857621999,10.1,service
3793932639,10857622000,17.4,path
10857622000,10857622001,12.3,path
10857622001,10857622002,15.6,path
10857622002,10857622003,31.7,path
10857691420,10857691421,89.5,living_street
10857691421,10857691422,9.5,living_street
10857691422,10857691423,16.4,living_street
10857691423,10857691424,70.8,living_street
10857691424,10857691425,11.9,living_street
10857691425,10857691426,47.9,living_street
10857691429,10857691456,27.7,living_street
10857691456,10857691458,42.5,living_street
10857691458,10857691459,35.1,living_street
4709226985,10857691467,12.7,path
10857691467,10857691468,40.0,living_street
10857691487,10857691486,24.6,service
10857691486,10857691488,13.8,service
10857691488,10857691489,15.5,service
10857691489,10857691490,19.2,service
10857691490,10857691491,14.7,service
10857691491,10857705845,20.1,service
10857705845,10857691492,7.5,service
10857691492,10857691493,25.1,service
10857691493,10857691494,10.0,service
10857691494,10857691495,19.7,service
10857691495,10857691496,12.2,service
10857691496,10857691497,23.5,service
10857691497,10857705841,0.7,service
10857705841,10857691498,19.9,service
10857691498,10857691499,14.1,service
10857691499,10857691500,9.8,service
10857691500,10857691501,17.8,service
10857691501,10857691502,23.7,service
10857691502,10857691503,5.6,service
10857691503,10857691504,22.4,service
10857691504,10857705805,11.3,service
10857705805,10857705806,17.6,service
10857705806,10857705807,17.9,service
10857705807,10857691500,2.7,service
10857705814,10857705815,8.3,service
10857705815,10857705816,11.6,service
10857705816,10857705817,7.6,service
10857705817,10857705818,8.6,service
10857705818,10857705819,12.6,service
10857705819,10857705820,10.7,service
10857705820,10857705821,2.8,service
10857705821,10857705822,7.0,service
10857705822,10857705823,9.5,service
10857705823,10857705824,10.0,service
10857705824,10857705825,12.8,service
10857705825,10857705826,7.4,service
10857705826,10857705813,11.0,service
10857705821,10857705832,9.4,service
10857705832,10857705833,11.6,service
10857705833,10857705834,10.2,service
10857705834,10857705835,12.7,service
10857705836,10857705837,13.8,service
10857705837,10857705809,33.7,service
10857691493,10857705838,14.2,service
10857705838,10857705839,11.4,service
10857705839,10857705840,12.8,service
10857705841,10857705842,34.8,service
10857705842,10857705843,9.1,service
10857705844,10857705845,32.6,service
10857691489,10857705846,31.5,service
10857705846,10857705847,20.6,service
10857705848,10857705849,23.5,residential
10857705849,10857705850,22.1,residential
10857705850,10857705851,40.3,residential
10857705851,10857705852,14.4,residential
10857705852,10857691487,8.1,residential
10857705852,10857705853,35.6,residential
10857705853,10857705867,13.1,residential
10857705867,10857705854,5.1,residential
10857705855,10857705856,22.7,residential
10857705856,10857705857,22.6,residential
10857705857,10857705858,21.7,residential
10857705858,10857705859,25.3,residential
10857705859,10857705860,22.0,residential
10857705860,10857705861,18.6,residential
10857705861,10857705862,6.7,residential
10857705862,10857705863,14.2,residential
10857705863,10857705864,17.4,residential
10857705864,10857705865,10.1,residential
10857705865,10857705866,9.2,residential
10857691488,10857705868,10.3,service
10857705868,10857705869,10.0,service
10857705869,10857705870,9.3,service
10857705870,5342836241,19.4,service
10857705871,10857705872,8.6,living_street
10857705872,10857705873,23.3,living_street
10857705873,10857705874,28.9,living_street
10857705874,10857705875,13.6,living_street
10857705875,10857705876,8.7,living_street
10857705876,10857705877,14.3,living_street
10857705877,10857705878,19.7,living_street
10857705878,10857705888,7.6,living_street
10857705888,10857705879,16.8,living_street
10857705879,529807802,14.3,living_street
10857705880,10857705881,12.5,living_street
10857705881,10857705882,6.9,living_street
10857705882,10857705883,59.2,living_street
10857705883,10857705884,23.8,living_street
10857705884,10857705885,6.8,living_street
10857705885,10857705886,12.8,living_street
10857705886,10857705887,9.1,living_street
10857705887,10857705888,18.5,living_street
529807858,2260026960,41.0,tertiary
10857706088,10857706089,59.9,service
10857706089,10857706090,23.7,service
10857706090,10857706091,10.4,service
10857706091,530282362,6.5,service
10857998367,10857998368,43.9,service
10857998368,10857998369,34.6,service
10857998369,10857998370,41.9,service
10857998369,10857998372,8.2,service
10857998372,11119108110,3.3,service
11119108110,10857998373,23.6,service
10857998373,11119108118,7.7,service
11119108118,11119092088,0.8,service
11119092088,11119092089,4.2,service
11119092089,11119108117,0.3,service
11119108117,11119108114,22.4,service
11119108114,10857998374,3.9,service
10857998374,10857998375,27.1,service
10857998375,10857998376,1.3,service
10857998377,10857998378,60.9,living_street
10857998378,10857998379,4.5,living_street
10857998379,10857998380,6.8,living_street
10857998380,10857998384,1.9,living_street
10857998384,10857998381,22.9,living_street
10857998381,10857998382,74.2,living_street
10857998383,10857998381,64.0,living_street
10857998384,10857998385,71.2,living_street
10857998385,10857998386,2.2,living_street
10857998386,10857998387,16.1,living_street
10857998388,10857998389,58.7,residential
10857998389,10857998390,65.0,residential
10857998390,10857998398,29.7,residential
10857998398,10857998391,7.1,residential
10857998391,10857998392,36.0,residential
10857998392,10857998393,8.9,residential
10857998393,10857998394,17.8,residential
10857998394,10857998395,13.7,residential
10857998395,10857998396,10.9,residential
10857998396,10857998397,6.8,residential
10857998397,529792250,18.4,residential
10857998397,10857998398,46.0,residential
10857998398,10857998399,17.4,residential
10857998399,10857998400,22.4,residential
10857998400,10857998401,26.3,residential
10857998389,10857998402,53.6,residential
10857998402,12342937832,13.3,residential
12342937832,529804450,24.8,residential
529804450,10857998403,36.3,residential
10857998403,10857998404,7.5,residential
10857998404,10857999905,28.5,residential
10857999905,10857999906,16.6,residential
10857999909,10857999910,5.9,service
10857999910,10857999911,8.1,service
10857999911,10857999930,13.3,service
10857999930,10857999912,79.5,service
10857999932,10857999933,45.7,residential
10857999934,10857999935,128.8,residential
10857999936,10857999941,26.1,path
10857999941,10857999942,38.7,path
10857999942,10857999937,23.3,path
10857999937,10857999944,16.5,path
10857999944,10857999938,15.3,path
10857999938,10857999948,40.1,path
10857999948,10857999939,46.9,path
10857999939,10857999945,45.0,path
10857999945,10857999940,37.0,path
10857999940,10857999950,47.2,path
10857999950,10857999941,61.6,path
529804455,10857999942,12.2,path
10857999943,10857999944,13.7,path
10857999942,10857999949,61.7,path
10857999949,10857999945,47.4,path
10857999945,10857999946,7.3,path
10857999946,529792251,8.5,path
10857999947,10857999948,16.9,path
10857999948,10857999949,45.2,path
10857999949,10857999950,37.8,path
10857999951,10857999952,6.3,footway
10857999953,10857999954,6.3,footway
10857999955,10857999956,6.1,footway
10857999957,10857999958,5.9,footway
2259058446,2259058591,183.4,primary
2259058591,2259058606,56.7,primary
2259058606,2259058573,50.6,primary
2259058573,2259058551,45.7,primary
530278270,5715698179,99.0,tertiary
5715698179,2259058610,79.9,tertiary
2259058131,10883977438,140.9,primary
530278273,10858000053,5.1,path
10858000053,10858000045,9.6,path
10858000045,10858000046,8.7,path
10858000046,10858000047,5.7,path
10858000047,10858000048,35.7,path
10858000048,10858000049,6.7,path
10858000049,10858000050,25.2,path
10858000050,10858000051,33.9,path
10858000051,10858000052,25.2,path
10858000052,10858000048,27.2,path
312198041,312198033,26.9,tertiary
312198033,312198023,149.8,tertiary
312198023,10861820050,117.6,tertiary
10861820050,312198007,258.0,tertiary
312198007,530278270,165.2,tertiary
6225821775,436666880,128.4,primary
436666880,436666881,32.2,primary
436666881,6225821778,24.2,primary
6225821778,436666882,5.0,primary
436666882,436666883,21.8,primary
436666883,436666884,25.6,primary
436666884,11443545740,6.6,primary
11443545740,436666885,14.3,primary
436666885,904021073,33.7,primary
904021073,6225821768,35.7,primary
6225821768,6225821765,60.5,primary
6225821765,530278275,28.7,primary
530278275,12290929368,19.6,primary
10861820050,13476529122,8.0,track
13476529122,13476529123,7.6,track
13476529123,13476529124,105.1,track
13476529124,10861820051,65.0,track
10861820051,10861820052,113.7,track
10861820052,10861820053,77.3,track
10861820053,10861820054,100.5,track
312198041,10883977440,7.2,track
10883977440,10861820097,15.1,track
10861820097,10861820098,18.2,track
10861820098,10861820099,85.2,track
10861820099,10861820100,19.7,track
12290932611,9239317126,8.2,primary
9239317126,3756941165,12.9,primary
3756941165,9239317127,12.4,primary
9239317127,529470271,12.6,primary
529470271,10861820153,108.2,primary
10861820153,530278165,47.8,primary
10861820153,10861820154,116.7,service
10861820154,10861820161,14.8,service
10861820161,10861820155,1.6,service
10861820155,10861820156,42.6,service
10861820156,10861820157,24.7,service
10861820157,10861820158,42.6,service
10861820158,10861820159,14.2,service
10861820159,10861820160,42.3,service
10861820161,10861820162,21.8,service
10861820162,10861820163,23.2,service
10861820163,10861820164,12.6,service
10861820164,10861820167,96.2,service
10861820167,10861820165,13.4,service
10861820166,10861820167,23.6,service
10861820165,10861820168,33.5,service
10861820168,10861820169,9.0,service
10861820170,11079771520,46.6,service
11079771520,6021663244,47.0,service
6021663244,10861820171,16.7,service
10861820178,10861820179,137.3,residential
6225822114,6007183721,42.9,service
6225822119,10861820178,82.1,service
6225822102,10861820771,31.9,service
10861820771,10861820772,8.7,service
10861820772,10861820773,17.5,service
2260026872,10836474105,12.6,secondary
10836474118,2260026872,19.2,secondary
2260026882,2260026932,17.8,secondary
2260026932,2260026952,7.0,secondary
2260026952,529807851,29.3,secondary
529807851,10857705894,11.0,secondary
10857705894,2260026912,9.2,secondary
2260026912,436736921,43.9,secondary
436736921,10862415654,2.7,secondary
10862415654,10828183421,24.7,secondary
10828183421,10828183428,22.1,secondary
10828183428,529807848,1.1,secondary
529807848,436736920,21.2,secondary
436736920,436736919,17.9,secondary
436736919,10828183435,6.6,secondary
2260026894,529470324,36.3,tertiary
529470324,529470320,22.1,tertiary
529470320,529470318,107.4,tertiary
529470318,530278159,106.9,tertiary
530278159,530278257,282.9,tertiary
530278257,529470373,122.1,tertiary
529470373,529470371,75.8,tertiary
529470371,529470368,45.6,tertiary
529470368,11079771518,15.5,tertiary
11079771518,5373391888,222.9,tertiary
5373391888,5373391893,159.9,tertiary
5373391893,5373391900,57.4,tertiary
5373391900,5373391894,37.3,tertiary
5373391894,529470360,81.1,tertiary
529470360,5373391901,197.9,tertiary
5373391901,12290929366,47.0,tertiary
12290929366,436666886,23.3,tertiary
5373465619,5373466836,18.3,tertiary
5373466836,5373465620,14.0,tertiary
5373465620,12338850254,6.1,tertiary
12338850254,5373466821,21.3,tertiary
4824240264,10864571465,10.1,residential
10864571465,10864571459,55.5,residential
10864571459,10864571460,25.7,residential
10864571460,10864571476,31.1,residential
10864571476,10864571478,46.4,residential
10864571478,10864571461,11.4,residential
10864571461,4824240271,73.2,residential
10864571460,10864571463,112.3,service
10864571463,10866146234,6.7,service
10866146234,10866146238,70.0,service
10866146238,10866146235,17.5,service
10866146235,2817924540,53.4,service
2817924540,10866146236,45.6,service
10866146236,10866146237,7.5,service
10864571465,10864571466,87.8,service
10864571467,10864571468,20.5,service
10864571468,10864571469,33.8,service
10864571469,10864571470,14.1,service
10864571470,10864571471,35.9,service
10864571471,10866146241,25.5,service
10866146241,10864571472,3.9,service
10864571472,10864571473,47.6,service
10864571473,10866146248,33.9,service
10866146248,10864571474,10.5,service
10864571474,10864571475,12.8,service
10864571476,10864571477,46.9,service
10864571478,10864571479,59.2,service
10864571479,10866146246,20.7,service
10866146246,10866146247,9.6,service
10866146247,10866146248,65.4,service
529458579,3657648949,65.9,tertiary
3657648949,529807745,28.8,tertiary
529807745,1882541657,15.4,tertiary
1882541657,529458580,22.3,tertiary
10864571463,10866146240,7.0,steps
10866146241,10866146242,37.9,service
10866146242,10866146243,20.8,service
10866146243,10866146244,11.2,service
10866146244,10866146245,14.8,service
10866175896,10866175897,15.7,path
10866175897,3759566197,2.3,path
2259058209,2259058580,49.3,tertiary
2259058580,2259058113,86.6,tertiary
2259058113,2519237026,55.3,tertiary
2519237026,2259058296,26.5,tertiary
2259058296,5372387402,13.2,tertiary
5372387402,2259058298,12.8,tertiary
2259058298,2259058305,26.9,tertiary
2259058305,2259058269,30.0,tertiary
2259058269,2259058133,40.8,tertiary
2259058133,2259057937,90.4,tertiary
2259057937,2519237088,23.5,tertiary
2519237088,5372387403,49.8,tertiary
5372387403,2259058431,43.5,tertiary
2259058431,2519237114,40.5,tertiary
2519237114,2259058683,33.6,tertiary
2259058683,2259058127,17.2,tertiary
2259058127,2259058066,22.7,tertiary
2259058066,2259058316,20.4,tertiary
2259058316,2519237187,14.7,tertiary
2519237187,2259058354,37.2,tertiary
2259058354,2911126395,46.1,tertiary
2911126395,2259058244,73.1,tertiary
2259058244,6146988300,125.8,tertiary
6146988300,436737724,20.4,tertiary
2259058562,2259058566,5.1,tertiary
2259058566,5372387400,8.1,tertiary
5372387400,2259058142,7.4,tertiary
2259058142,2259058262,19.2,tertiary
2259058262,2259058575,19.7,tertiary
2259058575,2259058284,24.8,tertiary
2259058284,2259058209,25.1,tertiary
2259058539,2259058685,63.8,tertiary
2259058685,6007183700,70.2,tertiary
6007183700,3793075189,23.8,tertiary
3793075189,2259057996,7.6,tertiary
2259057996,2259058587,100.8,tertiary
2259058587,2259058559,22.1,tertiary
2259058559,2259058731,21.0,tertiary
2259058731,3793075180,10.7,tertiary
3793075180,2259058286,19.6,tertiary
2259058286,530278270,121.0,tertiary
10867846417,10867846418,19.6,residential
10867846418,11518968624,9.6,residential
11518968624,3793075203,7.6,residential
13108514902,11518968780,3.1,residential
11518968780,11518968781,10.0,residential
11518968781,11518968782,29.5,residential
11518968782,11518968783,20.6,residential
11518968783,11518968784,16.4,residential
11518968784,11518968785,20.5,residential
11518968785,11518968786,9.7,residential
11518968786,11518968787,20.0,residential
11518968787,13109934495,8.3,residential
13109934495,11518968788,19.3,residential
11518968788,11518968793,31.4,residential
11518968793,11518968789,14.9,residential
11518968789,11518968777,2.6,residential
11518968777,11518968790,10.2,residential
11518968790,11518968791,17.9,residential
11518968791,11518968792,10.1,residential
11518968792,10867846362,22.1,residential
10867846362,10867846361,28.4,residential
10867846361,10867846363,25.3,residential
10883977424,10883977425,201.1,tertiary
10883977425,10883977426,259.5,tertiary
10883977426,10883977427,93.9,tertiary
10883977427,14104631217,26.5,tertiary
14104631217,10883977428,18.5,tertiary
10883977428,10883977429,59.8,tertiary
10883977429,10883977430,42.2,tertiary
10883977430,12525941104,22.0,tertiary
12525941104,10883977431,32.4,tertiary
10883977431,12525941103,22.1,tertiary
12525941103,10883977432,23.6,tertiary
10883977432,12525941102,25.9,tertiary
12525941102,10883977433,28.4,tertiary
10883977433,12525941101,29.9,tertiary
12525941101,10883977434,31.3,tertiary
10883977434,12525941100,46.9,tertiary
12525941100,10883977435,48.4,tertiary
10883977438,10883977439,178.4,tertiary
10883977439,10883977440,717.0,tertiary
10883977440,10883977441,258.6,tertiary
10883977441,10883977442,151.0,tertiary
10883977442,10883977443,45.8,tertiary
10883977443,10883977444,27.7,tertiary
10883977444,10883977445,11.7,tertiary
10883977445,10883977446,28.3,tertiary
10883977446,13464372390,29.2,tertiary
13464372390,10883977448,36.8,tertiary
10883977448,10883977449,94.0,tertiary
10883977449,436737724,22.0,tertiary
10883977452,2259058291,35.4,tertiary_link
2259058291,2259058315,16.6,tertiary_link
10883977453,10883977452,21.2,tertiary_link
10883977455,10883977454,9.1,tertiary
10883977456,10883977455,68.1,tertiary
10883977451,10883977450,22.8,tertiary
10883977450,10883977437,26.8,tertiary
10883977437,10883977457,12.5,tertiary
10883977457,10883977456,49.9,tertiary
2259058467,2259058693,17.3,primary_link
2259058693,11062761569,13.7,primary_link
11062761569,2259058330,26.9,primary_link
2259058330,10858000044,49.7,primary_link
10858000044,2259058131,22.0,primary_link
10883977458,2259058467,8.4,primary_link
11015542779,10883977462,3.4,tertiary
10883977462,10883977459,5.1,tertiary
10883977459,10883977463,45.8,tertiary
10883977463,530286880,15.8,tertiary
312197992,10883977461,15.3,tertiary
10883977461,10883977460,9.4,tertiary
10883977462,2259058206,6.3,tertiary
2259058548,10883977463,18.6,tertiary
6479769501,10902214842,116.0,service
10902214842,10902214843,156.5,service
10902214843,10902214844,21.7,service
10902214844,10902214845,43.6,service
10902214845,10902214846,29.8,service
10902214846,10902214847,59.8,service
10902214843,10902214848,18.5,service
10902214848,10902214849,18.0,service
10902214849,10902214850,22.7,service
10902214850,10902214851,12.9,service
10902214851,10902214852,37.1,service
10902214852,10902214853,14.3,service
10902214853,10902214854,26.9,service
10902214854,10902214855,25.6,service
10902214855,5224648455,19.1,service
10857691431,13065341806,8.2,living_street
13065341806,12995923455,106.1,living_street
12995923455,13065341808,100.4,living_street
13065341808,13065341807,6.3,living_street
13065341807,12995923453,4.3,living_street
12995923453,10857691435,9.7,living_street
10857691435,10857691441,6.7,living_street
10857691441,10857691437,48.6,living_street
10857691437,10857691438,23.7,living_street
10857691423,10855840640,14.2,living_street
10855840640,10855840639,24.7,living_street
10855840639,10857691427,44.5,living_street
10857691427,10857691428,28.1,living_street
10857691428,10857691429,36.3,living_street
10857691429,10857691430,19.3,living_street
10857691430,10857691431,6.5,living_street
10968489010,10968489011,14.9,path
10968489011,10968489012,14.0,path
10968489012,10968489013,32.5,path
10968489013,10968489014,29.6,path
10968489014,10968489015,24.8,path
10968489015,10968489016,19.3,path
10968489016,10968489017,17.6,path
10968489017,904021064,11.9,path
10968489019,10968489020,64.3,footway
10968489020,10968489021,8.9,footway
10968489021,10968489022,9.8,footway
10968489022,10968489023,7.7,footway
10968489023,10968489024,8.3,footway
10968489024,10968489025,16.4,footway
10968489025,10968489026,4.7,footway
11015542778,11015542779,112.5,tertiary
10883977460,11015542778,64.8,tertiary
11063244784,11063244783,93.7,service
11063244783,11063244782,30.8,service
11063244782,11063244781,22.7,service
11063244781,11063244780,15.0,service
11063244794,11063244793,9.8,service
11063244793,11063244785,29.4,service
11063244785,11063244792,16.2,service
11063244792,529803956,61.0,service
529803956,529803951,53.0,service
529803951,11063244791,161.1,service
11063244791,11063244795,5.1,service
11063244795,11063244790,38.6,service
11063244790,11063244789,22.9,service
11063244789,11063244788,35.5,service
11063244788,11063244787,72.9,service
11063244787,11063244784,48.6,service
11063244784,11063244780,60.9,service
11063244780,11063244786,0.3,service
11063244786,11063244785,42.5,service
11063244796,11063244795,36.4,path
529470200,11063244798,12.5,service
11063244798,11063244797,37.4,service
11063244797,4800629746,21.2,service
11064166573,11064166575,13.6,service
11064166575,5224591937,44.5,service
5224591937,5224591938,89.0,service
5224591938,5224591939,61.0,service
5224591939,5224591940,88.4,service
5224591940,5224591941,46.4,service
5224591941,5224591942,11.5,service
5224591942,5224591943,10.8,service
5224591943,5224591944,135.0,service
5224591944,5224591945,11.5,service
5224591945,6146988079,14.7,service
6146988079,5224591946,20.4,service
5224591946,5224591947,159.2,service
11079771522,11079771523,93.1,residential
11079771523,530282339,61.6,residential
530290073,11079771524,70.8,service
11079771524,11079771525,54.5,service
530290141,530290075,41.8,service
530290051,13108208383,12.9,service
13108208383,11079771531,100.4,service
11079771532,11079771533,112.9,service
530290044,5373440849,119.6,service
11104981103,11104981100,25.0,footway
11104981099,11104981100,54.1,service
11104981100,11104981101,62.0,service
11104981101,11104981102,22.5,service
11104981102,11104981103,63.0,service
11116533444,529807776,8.3,living_street
11116533444,11116533445,58.1,living_street
11116533454,11116533518,11.3,living_street
11116533518,11116533455,15.3,living_street
11116533455,11116533456,33.1,living_street
11116533455,11116533457,33.4,living_street
11116533518,11116533519,21.3,living_street
11116533520,11116533521,35.3,living_street
11116533521,11116533522,9.0,living_street
10857999909,11119108133,13.9,residential
11119108133,11119108134,20.3,residential
11119108134,11119108135,21.8,residential
11119108135,11119108136,6.5,residential
11119108136,11119108137,6.1,residential
11119108137,10857705920,8.1,residential
11170799304,11170799305,29.6,path
11170799305,11170799306,22.5,path
6478182314,11170799307,12.1,service
11170799307,11170799308,34.6,service
11170799308,11518969899,12.1,service
11518969899,11170799309,21.8,service
11170799309,11170799310,16.0,service
11170799310,11170799311,25.3,service
11170799311,11518969898,15.1,service
11518969898,11170799312,18.2,service
11170799312,6477475962,36.6,service
11170799328,11170799329,18.3,path
11174878082,11174878083,69.7,cycleway
11174878083,11174878084,34.9,cycleway
11174878084,11174878085,105.6,cycleway
11174878085,11174878086,116.6,cycleway
11174918765,11174918766,39.7,cycleway
11174918766,11174918767,22.4,cycleway
11174918767,11174918768,19.1,cycleway
11174918768,11174918769,36.5,cycleway
11174918769,11174918770,29.8,cycleway
11174918770,11174918771,19.3,cycleway
11174918771,11174918772,23.1,cycleway
11174918772,11174918773,24.1,cycleway
11174918773,11174918774,23.5,cycleway
11174918774,11174918775,31.0,cycleway
11174918775,11174918776,26.1,cycleway
11174918776,11174918777,21.2,cycleway
11174918777,11174918778,25.6,cycleway
11174918778,11174918779,112.4,cycleway
11174918779,11174918780,74.1,cycleway
11174918780,11174918781,73.2,cycleway
11174918781,11174918782,61.0,cycleway
11174918782,11174918783,61.2,cycleway
11174918783,11174918784,13.4,cycleway
11174918784,11174918785,10.1,cycleway
11174918785,11174918786,13.1,cycleway
11174918786,11174918787,19.0,cycleway
11174918787,11174918788,16.8,cycleway
11174918788,11174918789,26.4,cycleway
11174918789,11174918790,24.9,cycleway
11174918790,11174918791,18.9,cycleway
11174918791,11174918792,19.7,cycleway
11174918792,11174918793,26.1,cycleway
11174918793,11174918794,34.8,cycleway
11174918794,11174918795,29.3,cycleway
11174918795,11174918796,28.4,cycleway
11174918796,11174918797,72.7,cycleway
11174918797,11174918798,5.6,cycleway
11174918798,13473114006,18.8,cycleway
13473114006,13473114007,12.9,cycleway
13473114007,13473114008,38.2,cycleway
13473114008,13473114009,6.3,cycleway
13473114009,9313410536,6.4,cycleway
11180789672,11180789671,14.1,path
11180789671,11180789670,11.3,path
11180789670,11180789669,9.8,path
11180789669,11180789668,11.7,path
11180789668,11180789667,7.7,path
11180789667,11180789666,12.2,path
11180789666,11180789665,17.3,path
11180789665,11180789664,10.6,path
11180789664,11180789663,2.9,path
11180789663,11180789662,39.2,path
11180789662,11180789661,10.2,path
11180789661,11180789660,22.8,path
11180789660,11180789659,12.5,path
11180789659,11180789658,19.9,path
11180789658,11180789657,25.5,path
11180789657,11180789656,11.2,path
11180789656,11180789655,6.7,path
11180789655,11180789654,5.3,path
11180789654,11180789653,9.5,path
11180789653,11180789652,12.4,path
11180789652,11180789651,16.5,path
11180789651,11180789650,20.2,path
11180789650,11180789649,6.7,path
11180789649,11180789648,22.1,path
11180789648,11180789647,21.0,path
11180789647,11180789646,15.1,path
11180789646,11180789645,27.3,path
11180789645,11180789644,15.3,path
11180789644,11180789643,30.9,path
11180789643,11180789642,24.1,path
11180789642,11180789641,16.9,path
11180789641,11180789640,40.0,path
11180789640,11180789639,11.8,path
11180789639,11180789638,10.0,path
11180789638,11180789637,7.2,path
11180789637,11180789636,6.9,path
11180789636,11180789635,11.0,path
11180789635,11180789634,5.9,path
11180789634,11180789633,10.4,path
11180789633,11180789632,12.2,path
11180789632,11180789631,11.0,path
11180789631,11180789630,23.0,path
11180789630,11180789629,7.8,path
11180789629,11180789628,25.0,path
11180789628,11180789627,11.6,path
11180789627,11180789626,11.4,path
11180789626,11180789625,9.5,path
11180789625,11180789624,10.8,path
11180789624,11180789623,8.7,path
11180789623,11180789622,17.0,path
11180789622,11180789621,8.6,path
11180789621,11180789620,19.6,path
11180789620,11180789619,12.9,path
11180789619,11180789618,17.5,path
11180789618,11180789617,16.2,path
11180789617,11180789616,29.2,path
11180789616,11180789615,19.1,path
11180789615,11180789614,16.9,path
11180789614,11180789613,25.7,path
11180789613,11180789612,16.4,path
11180789612,11180789611,27.4,path
11180789611,11180789610,28.9,path
11180789610,11180789609,14.9,path
11180789609,11180789608,11.4,path
11180789608,11180789607,14.3,path
11180789607,11180789606,14.4,path
11180789606,11180789605,36.1,path
11180789605,11180789604,22.1,path
11180789604,11180789603,2.8,path
11180789603,11180789602,34.8,path
11180789602,11180789601,18.2,path
11180789601,11180789600,12.4,path
11180789600,11180789599,11.4,path
11180789599,11180789598,6.4,path
11180789594,11180789593,15.4,path
11180789593,9206556196,10.8,path
9206556196,11180789591,19.3,path
11180789591,11180789590,12.5,path
11180789590,11180789589,8.6,path
11180789589,11180789588,9.5,path
11180789588,11180789587,29.9,path
11180789587,11180789586,27.4,path
11180789586,11180789585,23.1,path
11180789585,11180789584,7.8,path
11180789584,11180789583,26.0,path
11180789583,11180789582,25.9,path
11180789582,11180789581,36.2,path
11180789581,11180789580,21.8,path
11180789580,11180789579,14.1,path
11180789579,11180789578,30.4,path
11180789578,11180789577,28.5,path
11180789577,11180789576,20.0,path
11180789576,11180789575,28.4,path
11180789573,11180789572,13.1,path
11180789572,11180789571,22.5,path
11180789571,11180789457,23.7,path
11180789457,11180789570,14.0,path
11180789570,11180789569,4.2,path
11180789569,11180789456,2.3,path
11180789456,11180789568,17.3,path
11180789568,11180789567,32.1,path
11180789567,11180789566,15.4,path
11180789566,11180789565,20.4,path
11180789565,11180789564,33.5,path
11180789564,11180789563,12.7,path
11180789559,11180789558,23.3,path
11180478605,11180478250,7.9,path
11180478250,11180467821,11.3,path
11180467821,11180478434,28.6,path
11180478434,11180478379,9.0,path
11180478379,11180478546,22.3,path
11180478546,11180478649,60.5,path
11180478649,11180478242,8.9,path
11180478242,11180478194,7.0,path
11180478194,11180467814,8.7,path
11180467814,11180467765,17.9,path
11180467765,11180467760,33.8,path
11180467760,11180478368,41.7,path
11180478368,11180467808,28.0,path
11180467808,11180478479,7.5,path
11180478479,11180478423,3.8,path
11180478423,11180478583,4.4,path
11180478583,11180478537,4.1,path
11180478537,11180478691,6.6,path
11180478691,11180478640,13.0,path
11180478640,11180478235,11.9,path
11180478235,11180478361,5.0,path
11180478361,11180478471,9.0,path
11180478471,11180478414,7.0,path
11180478414,11180478526,11.1,path
11180478526,11180478681,4.7,path
11180478681,11180478629,4.2,path
11180478629,11180478227,9.1,path
11180478227,11180478352,3.8,path
11180478352,11180467795,4.3,path
11180467795,11180478464,7.5,path
11180478464,11180478403,6.3,path
11180478403,11180478515,9.8,path
11180478515,11180478619,6.1,path
11180478619,11180478047,5.2,path
11180789238,11180789237,15.0,path
11180789237,11180789236,10.4,path
11180789236,11180789235,11.0,path
11180789235,11180789234,11.2,path
11180789234,11180789233,9.6,path
11180789233,11180789232,20.3,path
11180789232,11180789231,13.3,path
11180789231,11180789230,10.9,path
11180789230,11180789229,12.5,path
11180789229,11180789228,13.4,path
11180789228,11180789227,7.8,path
11180789227,11180789226,4.8,path
11180789226,11180789225,12.3,path
11180789225,11180789224,5.8,path
11180789224,11180789223,13.5,path
11180789223,11180789222,5.1,path
11180789222,11180789221,5.2,path
11180789470,11180789382,11.0,path
11180789382,11180789381,5.9,path
11180789381,11180789380,4.2,path
11180789380,11180789379,7.5,path
11180789379,11180789378,4.8,path
11180789378,11180789377,4.5,path
11180789377,11180789376,7.2,path
11180789376,11180789375,7.4,path
11180789375,11180789374,9.3,path
11180789374,11180789373,9.2,path
11180789373,11180789372,11.2,path
11180789372,11180789371,10.0,path
11180789371,11180789370,10.0,path
11180789370,11180789369,5.8,path
11180789369,11180789368,21.3,path
11180789368,11180789367,11.4,path
11180789367,11180789366,8.7,path
11180789366,11180789365,15.4,path
11180789365,11180789364,9.5,path
11180789364,11180789363,13.1,path
11180789363,11180789362,12.7,path
11180789362,11180789361,8.2,path
11180789361,11180789360,15.4,path
11180789360,11180789359,12.6,path
11180789359,11180789358,12.0,path
11180789358,11180789357,7.3,path
11180789357,11180789356,4.8,path
11180789356,11180789355,7.1,path
11180789355,11180789354,6.2,path
11180789354,11180789353,10.2,path
11180789353,11180789352,13.3,path
11180789352,11180789351,9.8,path
11180789351,11180789350,16.5,path
11180789350,11180789349,8.9,path
11180789349,11180789348,15.2,path
11180789348,11180789347,9.1,path
11180789347,11180789346,32.8,path
11180789346,11180789345,42.0,path
11180789345,11180789344,6.8,path
11180789344,11180789343,29.5,path
11180789343,11180789342,11.9,path
11180789342,11180789341,23.6,path
11180789341,11180789340,12.0,path
11180789340,11180789339,20.7,path
11180789339,11180789338,7.0,path
11180789338,11180789337,10.5,path
11180789337,11180789336,35.0,path
11180789336,11180789335,18.2,path
11180789335,11180789334,28.7,path
11180789334,11180789333,19.5,path
11180789333,11180789332,16.0,path
11180789332,11180789331,19.6,path
11180789331,11180789330,21.7,path
11180789330,11180789329,13.0,path
11180789329,11180789328,19.5,path
11180789328,11180789327,30.3,path
11180789327,11180789326,43.5,path
11180789326,11180789325,51.9,path
11180789325,11180789324,29.2,path
11180789324,11180789323,16.4,path
11180789323,11180789322,17.7,path
11180789322,11180789321,9.5,path
11180789321,11180789320,14.6,path
11180789320,11180789319,8.2,path
11180789319,11180789318,11.8,path
11180789318,11180789317,8.7,path
11180789317,11180789316,5.5,path
11180789316,11180789315,13.3,path
11180789315,11180789314,2.6,path
11180789314,11180789313,16.6,path
11180789313,11180789312,9.7,path
11180789312,11180789311,8.9,path
11180789311,11180789310,12.3,path
11180789310,11180789309,19.0,path
11180789309,11180789308,10.6,path
11180789308,11180789307,5.0,path
11180789307,11180789306,7.6,path
11180789306,11180789305,7.6,path
11180789305,11180789304,47.8,path
11180789304,11180789303,35.1,path
9339276890,11180789388,12.0,track
11180789388,11180789387,6.8,track
11180789387,11180789386,4.8,track
11180789386,11180789385,35.1,track
11180789456,11180789455,8.5,path
11180789455,11180789454,4.6,path
11180789454,11180789453,4.4,path
11180789453,11180789452,5.5,path
11180789452,11180789451,6.6,path
11180789451,11180789450,6.8,path
11180789450,11180789449,7.7,path
11180789449,11180789448,9.3,path
11180789448,11180789447,12.8,path
11180789447,11180789446,9.0,path
11180789446,11180789445,17.7,path
11180789445,11180789444,7.8,path
11180789444,11180789443,4.1,path
11180789443,11180789442,3.6,path
11180789442,11180789441,23.2,path
11180789441,11180789440,13.3,path
11180789440,11180789439,13.4,path
11180789439,11180789438,15.4,path
11180789438,11180789437,8.2,path
11180789437,11180789436,18.1,path
11180789436,11180789435,11.1,path
11180789435,11180789434,18.7,path
11180789434,11180789433,11.9,path
11180789433,11180789432,6.7,path
11180789432,11180789431,3.0,path
11180789431,11180789430,5.0,path
11180789430,11180789429,6.0,path
11180789429,11180789428,18.1,path
11180789428,11180789427,5.5,path
11180789427,11180789426,16.6,path
11180789426,11180789425,6.9,path
11180789425,11180789424,11.5,path
11180789424,11180789423,5.0,path
11180789423,11180789422,11.7,path
11180789422,11180789421,10.5,path
11180789421,11180789420,13.5,path
11180789420,11180789419,12.2,path
11180789419,11180789418,11.2,path
11180789418,11180789417,12.0,path
11180789417,11180789416,7.4,path
11180789416,11180789415,10.0,path
11180789415,11180789414,4.3,path
11180789414,11180789413,5.6,path
11180789413,11180789412,12.9,path
11180789412,11180789411,6.6,path
11180789411,11180789410,7.9,path
11180789410,11180789409,12.1,path
11180789409,11180789408,6.6,path
11180789408,11180789407,13.0,path
11180789407,11180789406,9.7,path
11180789406,11180789405,9.5,path
11180789405,11180789404,10.1,path
11180789404,11180789403,10.4,path
11180789403,11180789402,7.7,path
11180789402,11180789401,10.5,path
11180789401,11180789400,5.3,path
11180789400,11180789399,6.9,path
11180789399,11180789398,6.6,path
11180789398,11180789397,8.1,path
11180789397,11180789396,7.8,path
11180789396,11180789395,10.0,path
11180789395,11180789394,5.5,path
11180789394,11180789393,5.9,path
11180789393,11180789392,8.2,path
11180789392,11180789391,9.4,path
11180789391,11180789390,18.7,path
11180789390,11180789386,11.0,path
11180842158,11180842225,21.2,footway
11180842225,11180842224,29.2,footway
11180842224,11180842223,14.0,footway
11180842223,11180842222,5.8,footway
11180842222,11180842221,4.0,footway
11180842221,11180842220,7.4,footway
11180842220,11180842219,14.4,path
11180842219,11180842218,14.1,path
11180842218,11180842217,6.2,footway
11180842217,11180842216,5.0,footway
11180842216,11180842215,4.2,footway
11180842215,11180842214,4.7,footway
11180842214,11180842213,8.4,footway
11180842213,11180842212,5.8,footway
11180842212,11180842211,4.1,footway
11180842211,11180842210,3.2,footway
11180842210,11180842209,5.5,footway
11180842209,11180842208,12.7,footway
11180842208,11180842207,6.0,footway
11180842207,11180842206,45.2,footway
11180842206,11180842205,13.6,footway
11180842205,11180842204,38.0,footway
11180842204,11180842203,42.2,footway
11180842203,11180842202,13.0,footway
11180842202,11180842201,11.7,footway
11180842201,11180842200,13.3,footway
11180842200,11180842199,3.0,footway
11180842199,11180842198,4.3,footway
11180842198,11180842197,8.1,footway
11180842197,11180842196,3.9,footway
11180842196,11180842195,4.3,footway
11180842195,11180842194,3.7,footway
11180842194,11180842193,4.9,footway
11180842193,11180842192,12.8,footway
11180842192,11180842191,3.4,footway
11180842191,11180842190,7.5,footway
11180842190,11180842189,10.1,footway
11180842189,11180842188,9.3,footway
11180842188,11180842187,33.2,footway
11180842187,11180842186,16.7,footway
11180842186,11180842185,49.6,footway
11180842185,11180842184,17.5,footway
11180842184,11180842183,43.7,footway
11180842183,11180842182,4.5,footway
11180842182,11180842181,5.1,footway
11180842181,11180842180,3.6,footway
11180842180,11180842179,12.4,footway
11180842179,11180842178,4.3,footway
11180842178,11180842177,4.2,footway
11180842177,11180842176,3.2,footway
11180842176,11180842175,13.9,footway
11180842175,11180842174,3.0,footway
11180842174,11180842173,3.7,footway
11180842173,11180842172,3.2,footway
11180842172,11180842171,9.3,footway
11180842171,11180842170,5.2,footway
11180842170,11180842169,4.8,footway
11180842169,11180842168,13.8,footway
11180842168,11180842167,8.5,footway
11180842167,11180842166,6.7,footway
11180842166,11180842165,3.0,footway
11180842165,11180842164,3.0,footway
11180842164,11180842163,7.0,footway
11180842163,11180842162,4.2,footway
11180842162,11180842161,4.8,footway
11180842161,11180842160,8.7,footway
10857705814,10857705827,14.4,service
10857705827,10857705836,6.9,service
10857705836,10857705828,3.5,service
10857705828,10857705829,30.7,service
10857705829,10857705830,7.1,service
10857705830,10857705831,53.1,service
10857705813,10857705814,10.5,service
10857691494,10857705808,19.6,service
10857705808,10857705809,18.5,service
10857705809,10857705810,11.4,service
10857705810,10857705811,5.4,service
10857705811,10857705812,5.8,service
10857705812,10857705813,7.8,service
4641177920,4641236525,12.4,footway
4641236524,4641236525,30.2,footway
11282545961,11282545962,5.4,service
2817954028,11282579436,33.6,service
11282579436,11282579385,85.0,service
11282579385,11282579386,17.0,service
11282579386,11282579416,2.0,service
11282579416,11282579413,18.2,service
11282579413,11282579387,7.6,service
11282579387,11282579388,10.5,service
11282579388,11282579389,16.5,service
2817954030,11282579391,41.7,service
11282579391,11282579392,15.0,service
11282579392,11282579393,47.6,service
11282579385,11282579394,21.7,service
11282579394,11282579395,9.8,service
11282579395,11282579396,21.8,service
11282579396,11282579397,5.2,service
11282579397,11282579398,85.2,service
11282579398,11282579399,21.2,service
11282579399,11282579400,17.0,service
11282579400,11282579401,24.6,service
11282579401,11282579402,11.1,service
11282579402,11282579403,12.2,service
11282579403,11282579404,35.4,service
11282579404,11282579405,11.5,service
11282579405,11282579406,21.1,service
11282579406,11282579407,8.0,service
11282579407,11282579408,7.9,service
11282579408,11282579409,11.8,service
11282579409,11282579410,16.2,service
11282579410,11282579411,17.6,service
11282579411,11282579412,7.8,service
11282579412,10831436415,11.5,service
11282579413,11282579414,43.0,service
11282579414,11282579415,23.3,service
11282579416,11282579417,39.9,service
11282579417,11282579418,6.2,service
11282579418,11282579419,23.2,service
11282579419,11282579443,10.7,service
11282579443,11282579444,16.5,service
11282579425,11282579426,13.2,service
11282579426,11282579427,12.5,service
11282579427,11282579428,36.0,service
2817954023,11282579428,23.8,service
11282579428,11282579429,20.2,service
11282579429,11282579437,1.3,service
11282579437,11282579430,3.8,service
11282579430,11282579431,17.0,service
11282579431,11282579432,5.5,service
11282579432,11282579433,11.0,service
11282579433,11282579434,10.1,service
11282579434,11282579435,5.1,service
11282579435,11282579436,6.3,service
11282579437,11282579444,53.7,service
11282579444,11282579438,9.2,service
11282579438,11282579439,19.3,service
11282579439,11282579440,7.3,service
11282579440,11282579441,15.5,service
11282579441,11282579442,44.9,service
11282579417,11282579445,10.9,service
11282579445,11282579446,17.9,service
11282579446,11282579447,14.7,service
11282579425,11282579448,11.2,service
11282579448,11282579449,17.9,service
11282579449,11282579450,69.9,service
11282579450,11282579451,6.4,service
11282579451,11282579452,39.4,service
13473107943,2519290373,13.8,track
2519290373,9251915317,4.8,track
9251915317,9251915330,90.8,track
9251915330,9251915318,170.9,track
9251915318,9251915319,57.3,track
9251915319,11282579493,8.1,track
11282579493,11282579492,8.1,track
436597937,11282579507,8.2,tertiary
11282579507,436597938,57.4,tertiary
436597938,9251915307,8.7,tertiary
9251915307,436597939,63.7,tertiary
436597939,6479689586,14.4,tertiary
6479689586,436597941,21.2,tertiary
436597941,436597942,36.7,tertiary
436597942,436597943,34.5,tertiary
436597943,436597944,50.1,tertiary
436597944,436597945,30.0,tertiary
436597945,436597946,42.3,tertiary
436597946,436597947,39.8,tertiary
11282579494,436597937,14.9,tertiary
6479689610,11282579502,33.8,unclassified
11282579502,11282579503,46.0,unclassified
11282579503,11282579504,116.5,unclassified
11282579504,11282579505,64.8,unclassified
11282579505,11282579506,41.7,unclassified
11282579506,11282579507,64.4,unclassified
5313720666,11350835717,3.6,pedestrian
11350835717,11527527022,1.5,pedestrian
11527527022,11350835714,8.7,pedestrian
11350835714,11507258952,44.9,pedestrian
11507258952,11350835715,44.6,pedestrian
11350835715,11350835716,58.8,pedestrian
11507258914,530282338,120.0,living_street
11507258932,12525941053,33.8,unclassified
12525941053,12525941054,26.8,unclassified
12525941054,12525941052,26.3,unclassified
12525941052,11350835697,29.6,unclassified
11350835697,12525941051,18.5,unclassified
12525941051,12525941050,22.0,unclassified
12525941050,11507258935,33.9,unclassified
11507258935,11350835696,73.6,unclassified
11350835696,12525941110,4.4,unclassified
12525941110,529483775,9.3,unclassified
530286899,12525941056,14.4,unclassified
12525941056,12525941055,10.8,unclassified
12525941055,11350835704,41.4,unclassified
11350835704,11507258939,42.4,unclassified
11507258939,12525941085,31.9,unclassified
12525941085,12525941086,22.9,unclassified
12525941086,11350835703,16.3,unclassified
11350835703,12525941087,39.0,unclassified
12525941087,12525941069,35.9,unclassified
12525941069,11507258953,2.1,unclassified
11507258953,12525941088,27.3,unclassified
12525941088,11350835702,22.7,unclassified
11350835702,11507258934,30.7,unclassified
11507258935,11507258936,61.7,unclassified
11507258936,12525941083,11.7,unclassified
12525941083,11507258937,11.6,unclassified
11507258937,11507258938,27.6,unclassified
11507258938,12525941082,12.1,unclassified
12525941082,11507258939,66.6,unclassified
11507258931,11350835699,9.4,unclassified
11350835699,11350835698,62.8,unclassified
11350835698,11507258932,59.5,unclassified
11507258932,8481047423,252.6,unclassified
8481047423,8481047422,36.0,unclassified
11507258934,12525941059,41.7,unclassified
12525941059,11350835701,40.5,unclassified
11350835701,12525941060,43.4,unclassified
12525941060,530286997,33.8,unclassified
11507258934,8481047424,14.7,unclassified
8481047424,12525941057,135.9,unclassified
12525941057,11507258932,12.2,unclassified
11507258931,11507258944,30.1,track
11507258944,11507258945,18.5,track
11507258945,11507258946,86.8,track
11507258946,11507258947,24.7,track
11507258947,11507258948,22.3,track
11350835716,11507258949,143.1,unclassified
11507258949,11507258950,10.0,unclassified
11507258950,8481047422,135.4,unclassified
790705616,10855907069,91.9,residential
10855907069,529792245,40.6,residential
11507998028,11507998032,35.5,service
11507998032,11507998029,52.6,service
11507998029,11507998030,38.2,service
11507998030,11507998031,52.6,service
11507998031,11507998032,38.7,service
13585867920,13585867919,63.0,service
13585867919,11507998033,9.8,service
11507998033,11507998034,81.2,service
11507998034,11507998035,52.0,service
529807800,5470450913,11.3,living_street
5470450913,11507998158,37.9,living_street
11507998158,11507998159,16.6,living_street
11507998159,11507998160,43.2,living_street
11507998160,11507998161,14.0,living_street
11507998161,11507998162,8.9,living_street
3793075203,11518968623,6.0,unclassified
11518968623,11518968622,8.5,unclassified
11518968622,11518968621,7.7,unclassified
11518968621,11518968620,28.6,unclassified
11518968620,11518968619,26.3,unclassified
11518968619,11518968618,10.1,unclassified
11518968618,11518968617,15.2,unclassified
11518968617,11518968616,7.5,unclassified
11518968616,11518968615,12.3,unclassified
11518968615,11518968614,8.1,unclassified
11518968614,11518968632,5.6,unclassified
11518968632,11518968610,6.9,unclassified
11518968610,11518968613,5.5,unclassified
11518968613,11518968612,18.2,unclassified
11518968612,11518968611,16.6,unclassified
11518968777,11518968776,7.5,path
11518968776,11518968775,4.2,path
11518968775,11518968774,6.0,path
11518968774,11518968773,4.7,path
11518968773,11518968772,6.4,path
11518968772,11518968771,7.5,path
11518968771,11518968770,9.0,path
11518968770,11518968769,5.1,path
11518968769,11518968768,4.2,path
11518968768,11518968767,12.3,path
11518968767,11518968766,10.9,path
11518968766,11518968765,5.8,path
11518968765,11518968764,4.1,path
11518968764,11518968763,2.7,path
11518968763,11518968762,5.1,path
11518968762,11518968761,4.3,path
11518968761,11518968760,4.0,path
11518968760,11518968759,3.5,path
11518968759,11518968758,3.5,path
11518968758,11518968757,7.7,path
11518968757,11518968756,3.4,path
11518968756,11518968755,6.3,path
11518968755,11518968754,4.2,path
11518968754,11518968753,6.3,path
11518968753,11518968752,4.4,path
11518968752,11518968751,3.3,path
11518968751,11518968750,2.9,path
11518968750,11518968749,6.7,path
11518968749,11518968748,5.2,path
11518968748,11518968747,2.1,path
11518968747,11518968746,7.1,path
11518968746,11518968745,5.3,path
11518968745,11518968744,4.6,path
11518968744,11518968743,11.1,path
11518968743,11518968742,5.6,path
11518968742,11518968741,3.1,path
11518968741,11518968740,6.0,path
11518968740,11518968739,4.9,path
11518968739,11518968738,3.4,path
11518968738,11518968737,2.4,path
11518968737,11518968736,4.6,path
11518968736,11518968735,5.9,path
11518968735,11518968734,6.7,path
11518968734,11518968733,11.9,path
11518968733,11518968732,7.7,path
11518968732,11518968731,5.0,path
11518968731,11518968730,13.8,path
11518968730,11518968729,9.0,path
11518968729,11518968728,16.7,path
11518968728,11518968727,9.6,path
11518968727,11518968726,3.8,path
11518968726,11518968725,6.0,path
11518968725,11518968724,8.5,path
11518968724,11518968723,14.0,path
11518968723,11518968722,6.3,path
11518968722,11518968721,4.9,path
11518968721,11518968720,3.8,path
11518968720,11518968719,3.9,path
11518968719,11518968718,2.0,path
11518968718,11518968717,8.0,path
11518968717,11518968716,10.9,path
11518968716,11518968715,9.5,path
11518968715,11518968714,9.0,path
11518968714,11518968713,5.3,path
11518968713,11518968712,4.0,path
11518968712,11518968711,2.3,path
11518968711,11518968710,6.7,path
11518968710,11518968709,17.7,path
11518968709,11518968708,5.4,path
11518968708,11518968707,8.4,path
11518968707,11518968706,12.5,path
11518968706,11518968705,2.1,path
11518968705,11518968704,6.6,path
11518968704,11518968703,7.7,path
11518968703,11518968702,2.6,path
11518968702,11518968701,9.2,path
11518968701,11518968700,5.7,path
11518968700,11518968699,6.3,path
11518968699,11518968698,12.1,path
11518968698,11518968697,8.3,path
11518968697,11518968696,6.2,path
11518968696,11518968695,8.3,path
11518968695,11518968694,4.0,path
11518968694,11518968693,7.4,path
11518968693,11518968692,3.6,path
11518968692,11518968691,5.2,path
11518968691,11518968690,10.6,path
11518968690,11518968689,8.1,path
11518968689,11518968688,2.7,path
11518968688,11518968687,8.0,path
11518968687,11518968686,4.1,path
11518968686,11518968685,3.3,path
11518968685,11518968684,5.8,path
11518968684,11518968683,4.7,path
11518968683,11518968682,6.1,path
11518968682,11518968681,4.0,path
11518968681,11518968680,4.3,path
11518968680,11518968679,2.1,path
11518968679,11518968678,7.4,path
11518968678,11518968677,4.3,path
11518968677,11518968676,4.0,path
11518968676,11518968675,9.3,path
11518968675,11518968674,6.3,path
11518968674,11518968673,7.2,path
11518968673,11518968672,2.8,path
11518968672,11518968671,10.0,path
11518968671,11518968670,5.8,path
11518968670,11518968669,7.9,path
11518968669,11518968668,3.4,path
11518968668,11518968667,2.8,path
11518968667,11518968666,2.4,path
11518968666,11518968665,5.2,path
11518968665,11518968664,3.7,path
11518968664,11518968663,3.9,path
11518968663,11518968662,4.5,path
11518968662,11518968661,8.4,path
11518968661,11518968660,6.2,path
11518968660,11518968659,4.6,path
11518968659,11518968658,4.8,path
11518968658,11518968657,7.4,path
11518968657,11518968656,10.8,path
11518968656,11518968655,7.3,path
11518968655,11518968654,2.9,path
11518968654,11518968653,4.6,path
11518968653,11518968652,3.8,path
11518968652,11518968651,5.7,path
11518968651,11518968650,5.2,path
11518968650,11518968649,4.1,path
11518968649,11518968648,2.4,path
11518968648,11518968647,3.8,path
11518968647,11518968646,5.0,path
11518968646,11518968645,6.8,path
11518968645,11518968644,3.8,path
11518968644,11518968643,4.0,path
11518968643,11518968642,1.9,path
11518968642,11518968641,3.7,path
11518968641,11518968640,5.3,path
11518968640,11518968639,3.1,path
11518968639,11518968638,2.4,path
11518968638,11518968637,2.6,path
11518968637,11518968636,4.7,path
11518968636,11518968635,3.6,path
11518968635,11518968634,4.0,path
11518968634,11518968633,1.2,path
11518968633,11518968632,8.8,path
11518968821,11518968820,10.1,path
11518968820,11518968819,12.6,path
11518968819,11518968818,10.0,path
11518968818,11518968817,10.8,path
11518968817,11518968816,4.7,path
11518968816,11518968815,6.5,path
11518968815,11518968814,4.2,path
11518968814,11518968813,6.0,path
11518968813,11518968812,4.6,path
11518968812,11518968811,6.6,path
11518968811,11518968810,5.8,path
11518968810,11518968809,3.6,path
11518968809,11518968808,6.9,path
11518968808,11518968807,5.8,path
11518968807,11518968806,7.8,path
11518968806,11518968805,5.7,path
11518968805,11518968804,8.6,path
11518968804,11518968803,3.8,path
11518968803,11518968802,9.1,path
11518968802,11518968801,12.7,path
11518968801,11518968800,10.9,path
11518968800,11518968799,22.6,path
11518968799,11518968798,19.2,path
11518968798,11518968797,14.1,path
11518968797,11518968796,5.7,path
11518968796,11518968795,9.4,path
11518968795,11518968794,43.3,path
11518968794,11518968793,25.6,path
11518968915,11518968914,20.7,track
11518968914,11518968909,11.5,track
11518968909,11518968908,9.2,track
11518968908,11518968907,5.5,track
11518968907,11518968906,9.1,track
11518968906,11518968905,5.8,track
11518968905,11518968904,4.8,track
11518968904,11518968903,6.0,track
11518968903,11518968902,8.0,track
11518968902,11518968901,6.7,track
11518968901,11518968900,4.9,track
11518968900,11518968899,14.5,track
11518968899,11518968898,11.1,track
11518968898,11518968897,19.3,track
11518968897,11518968896,15.6,track
11518968896,11518968895,16.6,track
11518966846,11518966845,2.6,path
11518966845,11518966844,5.3,path
11518966844,11518966843,6.2,path
11518966843,11518966842,2.7,path
11518966842,11518966841,7.0,path
11518966841,11518966840,6.3,path
11518966840,11518966839,3.8,path
11518966839,11518966838,4.6,path
11518966838,11518966837,4.7,path
11518966837,11518966836,5.9,path
11518966836,11518966835,2.8,path
11518966835,11518966834,12.5,path
11518966834,11518966833,5.9,path
11518966833,11518966832,8.9,path
11518966832,11518966831,5.6,path
11518966831,11518966830,4.5,path
11518966830,11518966829,5.6,path
11518966829,11518966828,4.0,path
11518966828,11518966827,4.3,path
11518966827,11518966826,9.0,path
11518966826,11518966825,5.6,path
11518966825,11518966824,7.2,path
11518966824,11518966823,11.4,path
11518966823,11518966822,5.0,path
11518966822,11518966821,9.9,path
11518966821,11518966820,10.5,path
11518966820,11518966819,7.1,path
11518966819,11518966818,5.4,path
11518966818,11518966817,5.1,path
11518966817,11518966816,3.5,path
11518966816,11518966815,9.6,path
11518966815,11518966814,16.0,path
11518966814,11518966813,6.3,path
11518966813,11518966812,10.6,path
11518966812,11518966811,7.3,path
11518966811,11518966810,6.1,path
11518966810,11518966809,6.2,path
11518966809,11518966808,8.4,path
11518966808,11518966807,7.9,path
11518966807,11518966806,9.1,path
11518966806,11518966805,8.4,path
11518966805,11518966804,10.9,path
11518966804,11518966803,8.5,path
11518966803,11518966802,10.4,path
11518966802,11518969024,7.5,path
11518969024,11518969023,2.9,path
11518969023,11518969022,8.9,path
11518969022,11518969021,4.1,path
11518969021,11518969020,9.3,path
11518969020,5210651833,4.5,path
11518966863,11518966862,14.7,service
11518966862,11518966861,11.9,service
11518966861,11518966860,3.5,service
11518966860,11518966859,14.6,service
11518966859,11518966858,6.4,service
11518966858,11518966857,5.2,service
11518966857,11518966856,6.9,service
11518966856,11518966855,8.7,service
11518966855,11518966854,50.8,service
11518966854,11518966853,17.4,service
11518966853,11518966852,16.6,service
11518969128,11518969127,5.6,path
11518969127,11518969126,5.1,path
11518969126,11518969125,8.3,path
11518969125,11518969124,2.3,path
11518969124,11518969123,3.0,path
11518969123,11518969122,5.4,path
11518969122,11518969121,6.5,path
11518969121,11518969120,4.4,path
11518969120,11518969119,10.5,path
11518969119,11518969118,5.3,path
11518969118,11518969117,5.2,path
11518969117,11518969116,13.1,path
11518969116,11518969115,4.6,path
11518969115,11518969114,5.1,path
11518969114,11518969113,3.5,path
11518969113,11518969112,6.1,path
11518969112,11518969111,4.3,path
11518969111,11518969110,7.3,path
11518969110,11518969109,5.4,path
11518969109,11518969108,2.5,path
11518969108,11518969107,6.1,path
11518969107,11518969106,7.8,path
11518969106,11518969105,3.7,path
11518969105,11518969104,8.2,path
11518969104,11518969103,5.4,path
11518969103,11518969102,18.9,path
11518969102,11518969101,8.9,path
11518969101,11518969100,10.3,path
11518969100,11518969099,7.2,path
11518969099,11518969098,3.4,path
11518969098,11518969097,4.4,path
11518969097,11518969096,7.0,path
11518969096,11518969095,5.0,path
11518969095,11518969094,4.2,path
11518969094,11518969093,4.4,path
11518969093,11518969092,13.0,path
11518969092,11518969091,6.5,path
11518969091,11518969090,2.7,path
11518969090,11518969089,10.6,path
11518969089,11518969088,5.5,path
11518969088,11518969087,4.5,path
11518969087,11518969086,6.4,path
11518969086,11518969085,5.2,path
11518969085,11518969084,9.7,path
11518969084,11518969083,6.9,path
11518969083,11518969082,6.9,path
11518969082,11518969081,11.1,path
11518969081,11518969080,5.4,path
11518969080,11518969079,4.7,path
11518969079,11518969078,6.0,path
11518969078,11518969077,4.7,path
11518969077,11518969076,8.4,path
11518969076,11518969075,2.5,path
11518969075,11518969074,5.3,path
11518969074,11518969073,9.2,path
11518969073,11518969072,4.7,path
11518969072,11518969071,4.0,path
11518969071,11518969070,10.3,path
11518969070,11518969069,4.1,path
11518969069,11518966868,8.3,path
11518966868,11518966867,11.3,path
11518966867,11518966866,4.7,path
11518966866,11518966865,9.8,path
11518966865,11518966864,8.3,path
11518966864,11518966863,10.4,path
11518970282,11518969691,2.5,path
11518969691,11518969690,3.3,path
11518969690,11518969689,4.1,path
11518969689,11518969688,2.6,path
11518969688,11518969687,2.4,path
11518969687,11518969686,2.2,path
11518969686,11518969685,2.0,path
11518969685,11518969684,2.3,path
11518969684,11518969683,1.8,path
11518969683,11518969682,2.3,path
11518969682,11518969681,2.4,path
11518969681,11518969680,1.7,path
11518969680,11518969679,2.0,path
11518969679,11518969678,2.9,path
11518969678,11518969677,2.3,path
11518969677,11518969676,1.6,path
11518969676,11518969675,2.6,path
11518969675,11518969674,1.3,path
11518969674,11518969673,2.3,path
11518969673,11518969672,2.0,path
11518969672,11518969671,2.8,path
11518969671,11518969670,1.8,path
11518969670,11518969669,2.0,path
11518969669,11518969668,1.6,path
11518969668,11518969667,3.5,path
11518969667,11518969666,1.3,path
11518969666,11518969665,1.7,path
11518969665,11518969664,2.3,path
11518969664,11518969663,2.5,path
11518969663,11518969662,2.5,path
11518969662,11518969661,2.3,path
11518969661,11518969660,1.4,path
11518969660,11518969659,2.9,path
11518969659,11518969658,1.5,path
11518969658,11518969657,1.6,path
11518969657,11518969656,2.4,path
11518969656,11518969655,2.3,path
11518969655,11518969654,4.2,path
11518969654,11518969653,2.1,path
11518969653,11518969652,2.1,path
11518969652,11518969651,4.3,path
11518969651,11518969650,4.2,path
11518969650,11518969649,2.1,path
11518969649,11518969648,2.4,path
11518969648,11518969647,2.1,path
11518969647,11518969646,1.5,path
11518969646,11518969645,2.3,path
11518969645,11518969644,2.6,path
11518969644,11518969643,1.9,path
11518969643,11518969642,2.9,path
11518969642,11518969641,1.5,path
11518969641,11518969640,4.0,path
11518969640,11518969639,2.2,path
11518969639,11518969638,2.4,path
11518969638,11518969637,3.8,path
11518969637,11518969636,4.4,path
11518969636,11518969635,5.9,path
11518969635,11518969634,1.5,path
11518969634,11518969633,1.8,path
11518969633,11518969632,3.0,path
11518969632,11518969631,3.1,path
11518969631,11518969630,1.9,path
11518969630,11518969629,4.2,path
11518969629,11518969628,2.6,path
11518969628,11518969627,1.6,path
11518969627,11518969626,4.1,path
11518969626,11518969625,2.4,path
11518969625,11518969624,1.9,path
11518969624,11518969623,2.2,path
11518969623,11518969622,1.9,path
11518969622,11518969621,2.4,path
11518969621,11518969620,2.1,path
11518969620,11518969619,2.5,path
11518969791,11518969776,20.2,path
11518969776,11518969775,9.5,path
11518969775,11518969774,5.7,path
11518969774,11518969773,3.9,path
11518969773,11518969772,7.3,path
11518969772,11518969771,4.0,path
11518969771,11518969770,5.2,path
11518969770,11518969769,4.6,path
11518969769,11518969768,5.6,path
11518969768,11518969767,5.7,path
11518969767,11518969766,3.9,path
11518969766,11518969765,6.8,path
11518969765,11518969764,6.6,path
11518969764,11518969763,5.5,path
11518969763,11518969762,9.7,path
11518969762,11518969761,10.0,path
11518969761,11518969760,10.9,path
11518969760,11518969759,6.9,path
11518969759,11518969758,17.4,path
11518969758,11518969757,14.3,path
11518969757,11518969756,20.5,path
11518969756,11518969755,12.0,path
11518969755,11518969754,7.8,path
11518969754,11518969753,4.1,path
11518969753,11518969752,6.7,path
11518969752,11518969751,5.1,path
11518969751,11518969750,9.2,path
11518969750,11518969749,9.7,path
11518969749,11518969748,7.5,path
11518969748,11518969747,8.8,path
11518969747,11518969746,7.5,path
11518969746,11518969745,8.2,path
11518969745,11518969744,4.8,path
11518969744,11518969743,14.2,path
11518969743,11518969742,5.3,path
11518969742,11518969741,4.9,path
11518969741,11518969740,6.6,path
11518969740,11518969739,13.7,path
11518969739,11518969738,11.2,path
11518969738,11518969737,19.2,path
11518969737,11518969736,20.9,path
11518969736,11518969735,21.2,path
11518969735,11518969734,8.5,path
11518969734,11518969733,15.0,path
11518969733,11518969732,8.5,path
11518969732,11518969731,6.6,path
11518969731,11518969730,13.8,path
11518969730,11518969729,12.1,path
11518969729,11518969728,7.6,path
11518969728,11518969727,5.0,path
11518969727,11518969726,5.4,path
11518969726,11518969725,9.4,path
11518969725,11518969724,7.8,path
11518969724,11518969723,9.1,path
11518969723,11518969722,10.7,path
11518969722,11518969721,4.3,path
11518969721,11518969720,7.1,path
11518969720,11518969719,9.3,path
11518969719,11518969718,10.4,path
11518969718,11518969717,8.1,path
11518969717,11518969716,9.8,path
11518969716,11518969715,22.4,path
11518969715,11518969714,13.1,path
11518969714,11518969713,21.3,path
11518969713,11518969712,4.4,path
11518969712,11518969711,8.6,path
11518969711,11518969710,13.7,path
11518969710,11518969709,21.4,path
11518969709,11518969708,4.5,path
11518969708,11518969707,3.0,path
11518969707,11518969706,7.7,path
11518969706,11518969705,4.7,path
11518969705,11518969704,6.3,path
11518969704,11518969703,11.7,path
11518969703,11518969702,10.5,path
11518969702,11518969701,10.9,path
11518969701,11518969700,5.0,path
11518969700,11518969699,6.7,path
11518969699,11518969698,8.4,path
11518969698,11518969697,6.4,path
11518969697,11518969696,5.8,path
11518969696,11518969695,6.0,path
11518969695,11518969694,5.5,path
11518969694,11518969693,4.8,path
11282545961,11518969792,5.4,service
11518969792,11518969791,13.2,service
11518969791,11518969790,14.0,service
11518969790,11518969789,14.1,service
11518969789,11518969788,14.1,service
11518969788,11518969787,10.9,service
11518969787,11518969786,16.7,service
11518969786,11518969785,11.4,service
11518969785,11518969784,17.8,service
11518969784,11518969783,9.4,service
11518969783,11518969782,7.3,service
11518969782,11518969781,11.3,service
11518969781,11518969780,5.6,service
11518969780,11518969779,11.4,service
11518969779,11518969778,3.5,service
11518969778,11518969777,4.0,service
11518969824,11518969813,7.9,service
11518969813,11518969812,16.4,service
11518969812,11518969811,5.5,service
11518969811,11518969810,7.3,service
11518969810,11518969809,4.1,service
11518969809,11518969808,12.3,service
11518969808,11518969807,14.3,service
11518969807,11518969806,4.5,service
11518969806,11518969805,5.1,service
11518969805,11518969804,8.5,service
11518969804,11518969803,8.3,service
10831436412,11518969828,19.1,service
11518969828,11518969827,14.0,service
11518969827,11518969826,15.8,service
11518969826,11518969825,17.9,service
11518969825,11518969824,7.1,service
11518969824,11518969823,6.7,path
11518969823,11518969822,7.4,path
11518969822,11518969821,9.5,path
11518969821,11518969820,8.0,path
11518969820,11518969819,20.6,path
11518969819,11518969818,14.3,path
11518969818,11518969817,22.3,path
11518969817,11518969816,15.9,path
11518969816,11518969815,25.7,path
11518969815,11518969814,6.6,path
11518969814,11518969837,7.3,path
6477475962,11518969896,21.1,path
11518969896,2817954027,25.2,path
2817954027,11518969895,27.7,path
11518969895,11518969894,12.1,path
11518969894,2817954025,16.7,path
11527525333,11527525332,4.5,path
11527525332,11527525331,6.9,path
11527525331,11527525330,4.7,path
11527525330,11527525329,9.1,path
11527525329,11527525328,4.7,path
11527525328,11527525327,2.8,path
11527525327,11527525326,2.1,path
11527525326,11527525325,2.1,path
11527525325,11527525324,2.7,path
11527525324,11527525323,4.2,path
11527525323,11527525322,3.7,path
11527525322,11527525321,2.2,path
11527525321,11527525320,3.3,path
11527525320,11527525319,2.4,path
11527525319,11527525318,3.0,path
11527525318,11527525317,2.0,path
11527525317,11527525316,4.2,path
11527525316,11527525315,1.8,path
11527525315,11527525314,4.6,path
11527525314,11527525313,2.8,path
11527525313,11527525312,2.2,path
11527525312,11527525311,3.2,path
11527525311,11527525310,2.5,path
11527525310,11527525309,4.4,path
11527525309,11527525308,3.7,path
11527525308,11527525307,3.1,path
11527525307,11527525306,2.4,path
11527525306,11527525305,3.5,path
11527525305,11527525304,3.5,path
11527525304,11527525303,1.5,path
11527525303,11527525302,1.9,path
11527525302,11527525301,2.5,path
11527525301,11527525300,4.4,path
11527525300,11527525299,4.2,path
11527525299,11527525298,4.5,path
11527525298,11527525297,3.2,path
11527525297,11527525296,4.0,path
11527525296,11527525295,5.1,path
11527525295,11527525294,1.4,path
11527525294,11527525293,1.7,path
11527525293,11527525292,3.6,path
11527525292,11527525291,3.4,path
11527525291,11527525290,1.4,path
11527525290,11527525289,4.1,path
11527525289,11527525288,1.9,path
11527525288,11527525287,2.4,path
11527525287,11527525286,3.0,path
11527525286,11527525285,3.0,path
11527525285,11527525284,5.4,path
11527525381,11527525380,3.3,path
11527525380,11527525379,2.7,path
11527525379,11527525378,2.3,path
11527525378,11527525377,5.5,path
11527525377,11527525376,4.8,path
11527525376,11527525375,6.3,path
11527525375,11527525374,2.2,path
11527525374,11527525373,1.8,path
11527525373,11527525372,3.5,path
11527525372,11527525371,1.7,path
11527525371,11527525370,4.1,path
11527525370,11527525369,2.3,path
11527525369,11527525368,3.2,path
11527525368,11527525367,4.8,path
11527525367,11527525366,5.6,path
11527525366,11527525365,4.7,path
11527525365,11527525364,4.2,path
11527525364,11527525363,1.4,path
11527525363,11527525362,2.5,path
11527525362,11527525361,2.3,path
11527525361,11527525360,3.4,path
11527525360,11527525359,2.5,path
11527525359,11527525358,3.9,path
11527525358,11527525357,3.4,path
11527525357,11527525356,7.3,path
11527525356,11527525355,6.5,path
11527525355,11527525354,2.8,path
11527525354,11527525353,7.3,path
11527525353,11527525352,6.0,path
11527525352,11527525351,4.9,path
11527525351,11527525350,7.8,path
11527525350,11527525349,4.4,path
11527525349,11527525348,3.2,path
11527525348,11527525333,1.6,path
11527525333,11527525347,4.3,path
11527525347,11527525346,6.3,path
11527525346,11527525345,4.0,path
11527525345,11527525344,2.8,path
11527525344,11527525343,4.3,path
11527525343,11527525342,5.2,path
11527525342,11527525341,3.1,path
11527525341,11527525340,5.8,path
11527525340,11527525339,8.7,path
11527525339,11527525338,7.7,path
11527525338,11527525337,2.4,path
11527525337,11527525336,6.6,path
11527525336,11527525335,2.4,path
11527525335,11527525334,9.3,path
11527525334,11527529644,8.1,path
11350835715,11527525650,4.8,path
11527525650,11527525649,6.5,path
11527525649,11527525648,8.5,path
11527525648,11527525647,5.9,path
11527525647,11527525646,6.9,path
11527525646,11527525645,6.2,path
11527525645,11527525644,6.9,path
11527525644,11527525643,5.2,path
11527525643,11527525642,10.4,path
11527525642,11527525641,4.2,path
11527525641,11527525640,3.5,path
11527525640,11527525639,5.2,path
11527525639,11527525638,2.5,path
11527525638,11527525637,3.0,path
11527525637,11527525636,2.8,path
11527525636,11527525635,2.3,path
11527525635,11527525634,3.1,path
11527525634,11527525633,1.2,path
11527525633,11527525632,3.1,path
11527525632,11527525631,1.9,path
11527525631,11527525630,2.7,path
11527525630,11527525629,3.1,path
11527525629,11527525628,2.6,path
11527525628,11527525627,2.2,path
11527525627,11527525626,2.3,path
11527525626,11527525625,10.0,path
11527525625,11527525624,5.1,path
11527525624,11527525623,3.6,path
11527525623,11527525622,2.7,path
11527525622,11527525621,3.0,path
11527525621,11527525620,3.8,path
11527525620,11527525619,2.6,path
11527525619,11527525618,3.2,path
11527525618,11527525617,3.4,path
11527525617,11527525616,3.1,path
11527525616,11527525615,6.2,path
11527525615,11527525614,3.4,path
11527525614,11527525613,3.2,path
11527525613,11527525612,1.9,path
11527525612,11527525611,3.0,path
11527525611,11527525610,5.3,path
11527525610,11527525609,4.4,path
11527525609,11527525608,3.1,path
11527525608,11527525607,3.6,path
11527525607,11527525606,3.2,path
11527525714,11527525713,8.2,path
11527527022,11527527021,19.5,path
11527527021,11527527020,21.6,path
11527527020,11527527019,11.3,path
11527527019,11527527018,9.0,path
11527527018,11527527017,10.2,path
11527527017,11527527016,10.1,path
11527527016,11527527015,15.6,path
11527527015,11527527014,12.0,path
11527527014,11527527013,15.2,path
11527527013,11527527012,12.1,path
11527527012,11527527011,11.0,path
11527527011,11527525714,1.5,path
11527529644,11527529643,10.0,service
11527529643,11527529645,6.6,service
11527529645,11527529642,13.6,service
11527529642,11527529641,12.8,service
11527529641,11527529640,7.7,service
11527529640,11527529639,14.9,service
11527529639,11527529638,8.7,service
11527529638,11527529637,2.3,service
11527529637,11527529636,18.4,service
11527529636,11527529635,20.7,service
11527529635,11527529634,22.1,service
11527529732,11527529731,5.3,path
11527529731,11527529730,5.3,path
11527529730,11527529729,5.2,path
11527529729,11527529728,5.1,path
11527529728,11527529727,6.0,path
11527529727,11527529726,13.6,path
11527529726,11527529725,3.9,path
11527529725,11527529724,3.9,path
11527529724,11527529723,7.1,path
11527529723,11527529722,2.3,path
11527529722,11527529721,8.9,path
11527529721,11527529720,3.9,path
11527529720,11527529719,6.8,path
11527529719,11527529718,8.6,path
11527529718,11527529717,3.6,path
11527529717,11527529716,4.0,path
11527529716,11527529715,2.5,path
11527529715,11527529714,5.9,path
11527529714,11527529713,2.2,path
11527529713,11527529712,5.1,path
11527529712,11527529711,3.1,path
11527529711,11527529710,7.1,path
11527529710,11527529709,4.8,path
11527529709,11527529708,7.4,path
11527529708,11527529707,3.0,path
11527529707,11527529706,4.3,path
11527529706,11527529705,4.1,path
11527529705,11527529704,3.7,path
11527529704,11527529703,5.5,path
11527529703,11527529702,3.1,path
11527529702,11527529701,2.4,path
11527529701,11527529700,4.2,path
11527529700,11527529699,8.6,path
11527529699,11527529698,9.7,path
11527529698,11527529697,3.1,path
11527529697,11527529696,6.3,path
11527529696,11527529695,4.5,path
11527529695,11527529694,3.4,path
11527529694,11527529693,4.1,path
11527529693,11527529692,5.9,path
11527529692,11527529691,3.5,path
11527529691,11527529690,2.2,path
11527529690,11527529689,3.2,path
11527529689,11527529688,5.0,path
11527529688,11527529687,5.3,path
11527529687,11527529686,5.0,path
11527529686,11527529685,4.2,path
11527529685,11527529684,6.5,path
11527529684,11527529683,4.9,path
11527529683,11527529682,12.1,path
11527529682,11527529681,6.0,path
11527529681,11527529680,7.2,path
11527529680,11527529679,3.1,path
11527529679,11527529678,4.2,path
11527529678,11527529677,9.3,path
11527529677,11527529676,5.6,path
11527529676,11527529675,9.2,path
11527529675,11527529674,4.4,path
11527529674,11527529673,12.0,path
11527529673,11527529672,2.5,path
11527529672,11527529671,12.0,path
11527529671,11527529670,4.1,path
11527529670,11527529669,5.6,path
11527529669,11527529668,9.2,path
11527529668,11527529667,5.4,path
11527529667,11527529666,5.5,path
11527529666,11527529665,5.0,path
11527529665,11527529664,12.6,path
11527529664,11527529663,9.6,path
11527529663,11527529662,4.6,path
11527529662,11527529661,9.9,path
11527529661,11527529660,9.0,path
11527529660,11527529659,4.1,path
11527529659,11527529658,8.7,path
11527529658,11527529657,8.2,path
11527529657,11527529656,2.4,path
11527529656,11527529655,4.9,path
11527529655,11527529654,2.3,path
11527529654,11527529653,5.3,path
11527529653,11527529652,4.0,path
11527529652,11527529651,8.3,path
11527529651,11527529650,5.5,path
11527529650,11527529649,4.8,path
11527529649,11527529648,5.8,path
11527529648,11527529647,8.7,path
11527529647,11527529646,5.7,path
11527529646,11527529645,11.7,path
12293396447,11696319916,39.8,service
11696319916,11696319915,21.6,service
11696319915,11696319914,16.7,service
11696319914,11696319913,22.5,service
11696319913,11696319912,19.6,service
11696319912,11696319911,8.1,service
12293396453,12293396456,17.9,residential
12293396456,11696319922,10.4,residential
11696319922,11696319921,39.9,residential
11696319921,9544711845,6.2,residential
9544711845,11696319920,8.1,residential
11696319920,11696319919,13.8,residential
11696319919,11696319938,10.8,residential
11696319938,11696319918,16.0,residential
11696319918,11696319917,55.6,residential
11696384314,11696319956,6.3,path
11696319956,11696319955,12.5,path
11696319955,11696319954,13.7,path
11696319954,11696319953,9.4,path
11696319953,11696319952,4.0,path
11696319952,11696319951,6.8,path
11696319951,11696319950,14.9,path
11696319950,11696319949,6.4,path
11696319949,11696319948,4.7,path
11696319948,11696319947,11.6,path
11696319947,11696319946,3.1,path
11696319946,11696319945,3.7,path
11696319945,11696319944,3.1,path
11696319944,11696319943,10.6,path
11696319943,11696319942,3.6,path
11696319942,11696319941,8.0,path
11696319941,11696319940,4.1,path
11696319940,11696319939,5.1,path
11696319939,11696319938,6.8,path
11696384314,11696384313,3.2,path
11696384313,11696384312,3.7,path
11696384312,11696384311,8.3,path
11696384311,11696384310,5.6,path
11696384310,11696384309,3.9,path
11696384309,11696384308,15.8,path
11696384308,11696384307,26.6,path
11696384307,11696384306,17.6,path
11696384306,11696384305,13.9,path
11696384305,11696384304,4.5,path
11696384304,11696384303,5.3,path
11696384303,11696384302,7.1,path
11696384302,11696384301,7.3,path
11696384301,11696384300,4.8,path
11696384300,11696384299,4.6,path
11696384299,11696384298,11.5,path
11696384298,11696384297,9.5,path
11696384297,11696384296,4.6,path
11696384296,11696384295,4.2,path
11696384295,11696384294,8.6,path
11696384294,11696384293,26.5,path
11696384293,11696384292,6.1,path
11696384292,11696384291,3.5,path
11696384291,11696384290,4.0,path
11696384290,11696384289,17.5,path
11696384289,11696384288,3.4,path
11696384288,11696384287,4.2,path
11696384287,11696384286,3.6,path
11696384286,11696384285,11.0,path
11696384285,11696384284,3.6,path
11696384284,11696384283,4.7,path
11696384283,11696319925,19.1,path
11696319925,11696384282,17.8,path
11696384282,11696384281,4.9,path
11696384281,11696384280,3.7,path
11696384280,11696384279,8.8,path
11696384279,11696384278,4.4,path
11696384278,11696384277,5.7,path
11696384277,11696384276,9.4,path
11696384276,11696384275,9.5,path
11696384275,11696384274,4.3,path
11696384274,11696384273,4.4,path
11696384273,11696384272,3.5,path
11696384272,11696384271,7.2,path
11696384271,11696384270,3.4,path
11696384270,11696384269,8.4,path
11696384269,11696319968,4.6,path
11696319968,11696319967,5.7,path
11696319967,11696319966,5.2,path
11696319966,11696319965,3.3,path
11696319965,11696319964,3.1,path
11696319964,11696319963,6.4,path
11696319963,11696319962,4.7,path
11696319962,11696319959,8.9,path
11696384318,11696384317,4.0,path
11696384317,11696384316,5.6,path
11696384316,11696384315,4.7,path
11696384315,11696384314,4.1,path
11696403230,11696387660,9.8,path
11696387660,11696387659,20.8,path
11696387659,11696387658,15.2,path
11696387658,11696387657,13.4,path
11696387657,11696387656,7.7,path
11696387656,11696387655,37.9,path
11696387655,11696387654,24.7,path
11696387654,11696387653,6.6,path
11696403178,11696403248,5.3,path
11696403248,11696403307,5.6,path
11696403307,11696403214,3.8,path
11696403214,11696403227,3.4,path
11696403227,11696403287,3.3,path
11696403287,11696403193,3.1,path
11696403193,11696403255,14.8,path
11696403255,11696403314,18.7,path
11696403314,11696403221,3.8,path
11696403221,11696403281,3.3,path
11696403281,11696403188,3.0,path
11696403188,11696403203,3.5,path
11696403203,11696403266,14.8,path
11696403266,11696403173,6.2,path
11696403173,11696403234,10.1,path
11696403234,11696403293,5.0,path
11696403293,11696403199,8.8,path
11696403199,11696387628,7.3,path
11696403192,11696403215,3.5,path
11696403215,11696403229,13.4,path
11696403229,11696403289,4.1,path
11696403289,11696403195,4.4,path
11696403195,11696403257,4.9,path
11696403257,11696403316,22.2,path
11696403316,11696403223,22.0,path
11696403223,11696403283,10.2,path
11696403283,11696403189,10.5,path
11696403189,11696403204,3.6,path
11696403204,11696403267,5.7,path
11696403267,11696403174,5.3,path
11696403174,11696403235,12.5,path
11696403235,11696403294,8.4,path
11696403294,11696403200,24.7,path
11696403230,11696403182,4.0,path
11696403182,11696403245,9.0,path
11696403245,11696403304,3.7,path
11696403304,11696403210,3.9,path
11696403210,11696403272,3.0,path
11696403272,11696403263,3.7,path
11696403263,11696403170,10.1,path
11696403170,11696403231,21.2,path
11696403231,11696403290,4.1,path
11696403290,11696403196,4.1,path
11696403196,11696403259,4.3,path
11696403259,11696403318,6.2,path
11696403318,11696403225,3.5,path
11696403225,11696403242,8.0,path
11696403242,11696403301,3.9,path
11696403301,11696403207,3.4,path
11696403207,11696403270,4.0,path
11696403270,11696403177,4.0,path
11696403177,11696403238,4.2,path
11696403238,11696403297,14.7,path
11696403297,11696403263,14.6,path
11696403178,11696403310,14.6,path
11696403310,11696403217,8.0,path
11696403217,11696403278,7.3,path
11696403278,11696403185,14.6,path
11696403185,11696403249,7.4,path
11696403249,11696403308,5.1,path
11696403308,11696387668,9.5,path
11696387668,11696403228,8.2,path
11696403228,11696403288,12.5,path
11696403288,11696403194,12.0,path
11696403194,11696403256,4.8,path
11696403256,11696403315,4.3,path
11696403315,11696403222,4.0,path
11696403222,11696403282,5.6,path
11696403282,11696403180,2.4,path
11696403180,11696403241,13.3,path
11696403241,11696403300,4.5,path
11696403300,11696403206,13.9,path
11696403206,11696403269,6.6,path
11696403269,11696403176,8.7,path
11696403176,11696403237,7.9,path
11696403237,11696403296,4.1,path
11696403296,11696403309,4.7,path
11696403309,11696403216,16.3,path
11696403216,11696403277,19.1,path
11696403277,11696403184,3.8,path
11696403184,11696403247,4.3,path
11696403247,11696403306,4.5,path
11696403306,11696403212,3.8,path
11696403212,11696403274,5.8,path
11696403274,11696403284,10.4,path
11696403284,11696403190,4.5,path
11696403190,11696403252,11.8,path
11696403252,11696403311,5.2,path
11696403311,11696403218,3.5,path
11696403218,11696403279,3.4,path
11696403279,11696403186,4.8,path
11696403186,11696403250,16.1,path
11696403250,11696403261,44.0,path
11696403261,11696403169,7.1,path
11696403169,11696403230,14.8,path
11696403192,11696403254,5.4,path
11696403254,11696403313,5.4,path
11696403313,11696403220,10.6,path
11696403220,11696403239,11.1,path
11696403239,11696403298,11.2,path
11696403298,11696403202,37.5,path
11696403202,11696403265,3.7,path
11696403265,11696403172,4.3,path
11696403172,11696403233,3.3,path
11696403233,11696403292,4.9,path
11696403292,11696403198,18.8,path
11696403198,11696403213,18.2,path
11696403213,11696403275,2.5,path
11696403275,11696403181,7.2,path
11696403181,11696403244,6.4,path
11696403244,11696403303,4.6,path
11696403303,11696403209,8.0,path
11696403209,11696403271,7.9,path
11696403271,11696403178,20.2,path
11696403224,11696403285,20.2,path
11696403285,11696403299,24.1,path
11696403299,11696403205,40.7,path
11696403205,11696403268,8.0,path
11696403268,11696403175,10.1,path
11696403175,11696403236,7.2,path
11696403236,11696403295,5.3,path
11696403295,11696403201,7.2,path
11696403201,11696403262,10.1,path
11696403262,11696403276,9.9,path
11696403276,11696403183,7.3,path
11696403183,11696403246,6.8,path
11696403246,11696403305,15.9,path
11696403305,11696403211,13.1,path
11696403211,11696403273,6.1,path
11696403273,11696403179,3.2,path
11696403179,11696403240,3.6,path
11696403240,11696403286,15.9,path
11696403286,11696403191,3.5,path
11696403191,11696403253,3.1,path
11696403253,11696403312,4.6,path
11696403312,11696403219,9.6,path
11696403219,11696403280,43.2,path
11696403280,11696403187,6.9,path
11696403187,11696403251,6.2,path
11696403251,11696403264,8.2,path
11696403264,11696403171,10.6,path
11696403171,11696403232,10.5,path
11696403232,11696403291,13.4,path
11696403291,11696403197,14.6,path
11696403197,11696403260,11.3,path
11696403260,11696387667,7.4,path
11696387667,11696403226,5.1,path
11696403226,11696403243,6.7,path
11696403243,11696403302,14.8,path
11696403302,11696403208,4.7,path
11696403208,11696403192,3.2,path
11696433325,11696433324,2.8,footway
11696433324,11696433323,7.8,footway
11696433323,11696433322,3.1,footway
11696433322,11696433321,3.6,footway
11696433321,11696433320,11.7,footway
11696433320,11696433319,4.1,footway
11696433319,11696433318,6.8,footway
11696433318,11696433317,6.7,footway
11696433317,11696433316,11.1,footway
11696433316,11696433315,4.6,footway
11696433315,11696433314,6.6,footway
11696433314,11696433313,5.6,footway
11696433313,11696433312,3.6,footway
11696433312,11696433311,8.3,footway
11696433311,11696433310,3.6,footway
11696433310,11696433309,4.6,footway
11696433309,11696433308,7.2,footway
11696433308,11696433307,9.0,footway
11696433307,11696433306,4.2,footway
11696433306,11696433077,6.9,footway
11696433077,9249579492,9.2,footway
11696421764,11696433362,2.3,footway
11696433362,11696433361,4.4,footway
11696433361,11696433360,12.0,footway
11696433360,11696433359,22.5,footway
11696433359,11696433358,21.9,footway
11696433358,11696433357,8.9,footway
11696433357,11696433356,5.7,footway
11696433356,11696433355,12.4,footway
11696433355,11696433354,11.0,footway
11696433354,11696433353,9.7,footway
11696433353,11696433352,15.0,footway
11696433352,11696433351,15.6,footway
11696433351,11696433350,5.2,footway
11696433350,11696433349,4.7,footway
11696433349,11696433348,11.9,footway
11696433348,11696433347,3.4,footway
11696433347,11696433346,11.9,footway
11696433346,11696433345,5.4,footway
11696433345,11696433344,6.5,footway
11696433344,11696433343,7.5,footway
11696433343,11696433342,3.7,footway
11696433342,11696433341,3.7,footway
11696433341,11696433340,3.0,footway
11696433340,11696433339,10.7,footway
11696433339,11696433338,4.1,footway
11696433338,11696433337,7.3,footway
11696433337,11696433336,42.1,footway
11696433336,11696433335,7.7,footway
11696433335,11696433334,3.4,footway
11696433334,11696433333,3.8,footway
11696433333,11696433332,8.1,footway
11696433332,11696433331,30.8,footway
11696433331,11696433330,19.2,footway
11696433330,11696433329,19.7,footway
11696433329,11696433328,5.5,footway
11696433328,11696433327,11.5,footway
11696433327,11696433326,13.2,footway
11696433326,11696433325,7.8,footway
11696433101,11696433095,1.6,footway
11696433095,11696433094,5.6,footway
11696433094,11696433093,5.9,footway
11696433093,11696433092,6.0,footway
11696433092,11696433091,5.9,footway
11696433091,11696433090,4.2,footway
11696433090,11696433089,4.6,footway
11696433089,11696433088,11.0,footway
11696433088,11696433087,5.2,footway
11696433087,11696433086,21.2,footway
11696433086,11696433085,4.8,footway
11696433085,11696433084,7.8,footway
11696433084,11696433325,2.8,footway
11696433113,11696433100,25.0,footway
11696433100,11696433099,17.9,footway
11696433099,11696433098,4.5,footway
11696433098,11696433097,4.0,footway
11696433097,11696433096,4.7,footway
11696433096,11696433101,4.0,footway
11696433113,11696433112,4.5,footway
11696433112,11696433111,4.2,footway
11696433111,11696433110,9.7,footway
11696433110,11696433109,5.6,footway
11696433109,11696433108,9.0,footway
11696433108,11696433107,2.9,footway
11696433107,11696433106,3.8,footway
11696433106,11696433105,4.8,footway
11696433105,11696433104,9.8,footway
11696433104,11696433103,3.5,footway
11696433103,11696433102,7.3,footway
11696433102,11696433101,8.3,footway
11696433226,11696433124,6.6,footway
11696433124,11696433123,16.2,footway
11696433123,11696433122,8.5,footway
11696433122,11696433121,10.1,footway
11696433121,11696433120,10.9,footway
11696433120,11696433119,3.3,footway
11696433119,11696433118,4.2,footway
11696433118,11696433117,7.5,footway
11696433117,11696433116,5.4,footway
11696433116,11696433115,4.3,footway
11696433115,11696433114,12.1,footway
11696433114,11696433082,13.9,footway
11696433082,11696433113,15.9,footway
11696433166,11696433165,5.9,footway
11696433165,11696433164,5.7,footway
11696433164,11696433163,5.6,footway
11696433163,11696433162,8.5,footway
11696433162,11696433161,6.4,footway
11696433161,11696433160,10.9,footway
11696433160,11696433159,22.7,footway
11696433159,11696433158,15.7,footway
11696433158,11696433157,4.8,footway
11696433157,11696433156,11.8,footway
11696433156,11696433155,5.2,footway
11696433155,11696433154,4.0,footway
11696433154,11696433153,4.7,footway
11696433153,11696433152,5.8,footway
11696433152,11696433151,4.9,footway
11696433151,11696433150,4.7,footway
11696433150,11696433149,4.4,footway
11696433149,11696433148,3.4,footway
11696433148,11696433147,3.9,footway
11696433147,11696433146,14.8,footway
11696433146,11696433145,22.9,footway
11696433145,11696433144,16.6,footway
11696433144,11696433143,7.4,footway
11696433143,11696433142,3.3,footway
11696433142,11696433141,8.8,footway
11696433141,11696433140,4.6,footway
11696433140,11696433139,4.0,footway
11696433139,11696433138,3.6,footway
11696433138,11696433137,10.1,footway
11696433137,11696433136,3.5,footway
11696433136,11696433135,7.1,footway
11696433135,11696433134,8.3,footway
11696433134,11696433133,11.3,footway
11696433133,11696433132,3.1,footway
11696433132,11696433131,4.7,footway
11696433131,11696433130,14.4,footway
11696433130,11696433129,3.9,footway
11696433129,11696433128,4.8,footway
11696433128,11696433127,4.8,footway
11696433127,11696433126,4.0,footway
11696433126,11696433125,3.0,footway
11696433125,11696433226,6.2,footway
11696421766,11696433225,8.9,footway
11696433225,11696433224,14.6,footway
11696433224,11696433223,2.4,footway
11696433223,11696433222,4.1,footway
11696433222,11696433221,5.2,footway
11696433221,11696433220,3.8,footway
11696433220,11696433219,11.3,footway
11696433219,11696433218,4.1,footway
11696433218,11696433217,3.9,footway
11696433217,11696433216,16.8,footway
11696433216,11696433215,16.4,footway
11696433215,11696433214,4.8,footway
11696433214,11696433213,13.0,footway
11696433213,11696433212,5.1,footway
11696433212,11696433211,4.6,footway
11696433211,11696433210,5.2,footway
11696433210,11696433209,3.9,footway
11696433209,11696433208,4.6,footway
11696433208,11696433207,5.2,footway
11696433207,11696433206,7.7,footway
11696433206,11696433205,15.0,footway
11696433205,11696433204,6.0,footway
11696433204,11696433203,8.5,footway
11696433203,11696433202,4.2,footway
11696433202,11696433201,8.8,footway
11696433201,11696433200,2.9,footway
11696433200,11696433199,6.5,footway
11696433199,11696433198,4.5,footway
11696433198,11696433197,11.2,footway
11696433197,11696433196,6.5,footway
11696433196,11696433195,6.6,footway
11696433195,11696433194,3.4,footway
11696433194,11696433193,7.7,footway
11696433193,11696433192,3.3,footway
11696433192,11696433191,6.2,footway
11696433191,11696433190,4.4,footway
11696433190,11696433189,4.3,footway
11696433189,11696433188,4.1,footway
11696433188,11696433187,3.8,footway
11696433187,11696433186,9.9,footway
11696433186,11696433185,4.4,footway
11696433185,11696433184,3.8,footway
11696433184,11696433183,3.8,footway
11696433183,11696433182,4.0,footway
11696433182,11696433181,3.9,footway
11696433181,11696433180,7.6,footway
11696433180,11696433179,16.2,footway
11696433179,11696433178,31.0,footway
11696433178,11696433177,5.1,footway
11696433177,11696433176,3.9,footway
11696433176,11696433175,20.5,footway
11696433175,11696433174,3.9,footway
11696433174,11696433173,6.6,footway
11696433173,11696433172,31.6,footway
11696433172,11696433171,9.4,footway
11696433171,11696433170,10.5,footway
11696433170,11696433169,6.7,footway
11696433169,11696433168,16.4,footway
11696433168,11696433167,4.3,footway
11696433167,11696433245,3.8,footway
11696433245,11696433244,4.3,footway
11696433244,11696433243,7.7,footway
11696433243,11696433242,7.7,footway
11696433242,11696433241,5.6,footway
11696433241,11696433240,5.8,footway
11696433240,11696433239,5.9,footway
11696433239,11696433238,6.9,footway
11696433238,11696433237,11.0,footway
11696433237,11696433236,14.8,footway
11696433236,11696433235,4.2,footway
11696433235,11696433234,4.3,footway
11696433234,11696433233,7.8,footway
11696433233,11696433232,3.1,footway
11696433232,11696433231,3.9,footway
11696433231,11696433230,11.0,footway
11696433230,11696433229,8.2,footway
11696433229,11696433228,3.5,footway
11696433228,11696433227,3.6,footway
11696433227,11696433226,3.7,footway
11696433076,11696433305,6.2,footway
11696433305,11696433304,11.2,footway
11696433304,11696433303,9.2,footway
11696433303,11696433302,5.4,footway
11696433302,11696433301,3.9,footway
11696433301,11696433300,9.1,footway
11696433300,11696433299,4.2,footway
11696433299,11696433298,3.3,footway
11696433298,11696433297,11.5,footway
11696433297,11696433296,9.2,footway
11696433296,11696433295,5.6,footway
11696433295,11696433294,6.2,footway
11696433294,11696433293,5.3,footway
11696433293,11696433292,8.6,footway
11696433292,11696433291,4.0,footway
11696433291,11696433290,3.9,footway
11696433290,11696433289,3.3,footway
11696433289,11696433288,3.4,footway
11696433288,11696433287,4.3,footway
11696433287,11696433286,8.7,footway
11696433286,11696433285,3.5,footway
11696433285,11696433284,2.9,footway
11696433284,11696433283,3.2,footway
11696433283,11696433282,4.0,footway
11696433282,11696433281,7.3,footway
11696433281,11696433280,3.5,footway
11696433280,11696433279,3.5,footway
11696433279,11696433278,15.2,footway
11696433278,11696433277,6.6,footway
11696433277,11696433276,4.4,footway
11696433276,11696433275,3.5,footway
11696433275,11696433274,4.0,footway
11696433274,11696433273,10.3,footway
11696433273,11696433272,11.5,footway
11696433272,11696433271,12.1,footway
11696433271,11696433270,3.8,footway
11696433270,11696433269,3.1,footway
11696433269,11696433268,7.0,footway
11696433268,11696433267,3.8,footway
11696433267,11696433266,3.8,footway
11696433266,11696433265,11.3,footway
11696433265,11696433264,3.6,footway
11696433264,11696433263,3.8,footway
11696433263,11696433262,6.4,footway
11696433262,11696433261,4.2,footway
11696433261,11696433260,4.3,footway
11696433260,11696433259,7.2,footway
11696433259,11696433258,3.0,footway
11696433258,11696433257,3.9,footway
11696433257,11696433256,4.0,footway
11696433256,11696433255,11.4,footway
11696433255,11696433254,11.1,footway
11696433254,11696433253,6.8,footway
11696433253,11696433252,9.9,footway
11696433252,11696433251,6.5,footway
11696433251,11696433250,7.4,footway
11696433250,11696433249,7.5,footway
11696433249,11696433248,7.2,footway
11696433248,11696433247,5.0,footway
11696433247,11696433246,4.6,footway
11696433246,11696433245,3.8,footway
11696428026,11696427995,16.9,footway
11696427995,11696427994,6.2,footway
11696427994,11696427993,24.2,footway
11696427993,11696427992,9.6,footway
11696427992,11696427991,18.0,footway
11696427991,11696427990,6.7,footway
11696427990,11696427989,6.0,footway
11696427989,11696427988,12.7,footway
9196694111,11696428034,22.2,footway
11696428034,11696428033,19.5,footway
11696428033,11696428032,39.7,footway
11696428032,11696428031,15.7,footway
11696428031,11696428030,24.7,footway
11696428030,11696428029,8.3,footway
11696428029,11696428028,31.5,footway
11696428028,11696428027,15.4,footway
11696428027,11696428026,6.0,footway
11696428026,11696428025,20.5,footway
11696428025,11696428024,13.7,footway
11696428024,11696428023,15.5,footway
11696428023,11696428022,7.7,footway
11696428022,11696428021,11.2,footway
11696428021,11696428020,23.1,footway
11696428020,11696428019,5.7,footway
11696428019,11696428018,19.4,footway
11696428018,11696428017,10.7,footway
11696428017,11696428016,28.5,footway
11696428016,11696428015,14.1,footway
11919010867,11919010866,12.8,path
11919010866,11919010865,11.2,path
11919010865,11919010864,4.5,path
11919010864,11919010863,10.8,path
11919010863,11919010862,12.3,path
11919010862,11919010861,19.1,path
11919010861,11919010860,11.8,path
11919010860,11919010859,26.9,path
11919010859,11919010858,10.6,path
11919010858,11919010857,28.7,path
11919010857,11919010856,10.7,path
11919010856,11527529678,7.6,path
11919012826,11919012825,16.0,path
11919012825,11919012824,7.2,path
11919012824,11919012823,10.5,path
11919012823,11919012822,21.6,path
11964192970,11964193013,19.0,service
11964193013,11964192971,18.3,service
11964192971,11964192972,17.3,service
11964192972,11964193011,70.1,service
11964193011,11964192973,56.2,service
1645075253,11964192974,13.8,service
11964192974,13947240098,11.2,service
13947240098,11964192975,10.2,service
11964192975,11964192976,42.7,service
11964192976,11964192977,7.5,service
11964192977,11964192979,17.8,service
11964192979,11964192978,14.3,service
11964192978,11964192973,5.9,service
11964192979,11964192980,23.0,service
11964192973,11964192981,6.0,service
11964192981,11964192994,9.8,service
11964192994,11964192982,2.3,service
11964192982,11964192983,7.8,service
11964192983,11964192984,30.4,service
11964192983,11964192985,6.6,service
11964192985,11964192986,13.1,service
11964192986,11964192987,4.3,service
11964192987,11964192988,13.1,service
11964192988,11964192989,3.2,service
11964192989,11964192990,21.2,service
11964192990,11964192991,25.4,service
11964192991,11964192992,13.8,service
11964192992,11964192993,12.5,service
11964192994,11964192999,91.9,service
11964192999,11964192995,36.2,service
11964192995,11964192972,15.5,service
11964192995,11964192997,13.7,service
11964192997,11964193000,31.5,service
11964193000,11964192996,2.8,service
11964192997,11964192998,31.8,service
11964192998,11964192999,13.8,service
11964193000,11964193001,19.4,service
11964193001,11964193002,36.4,service
11964193002,11964193003,16.0,service
11964193003,11964193004,37.3,service
11964193004,11964193001,17.5,service
11964193000,11964193005,10.3,service
11964193005,11964193006,15.9,service
11964193011,11964193012,32.3,service
11964193012,11964192980,73.1,service
11964193012,11964193013,78.6,service
11964181497,11964181498,49.8,footway
11999299005,11999299004,43.8,service
11999299004,11999298998,43.3,service
11999302235,11999299013,11.3,residential
11999299013,11999299012,11.4,residential
11999299012,11999299011,11.4,residential
11999299011,11999299010,12.2,residential
11999299010,11999299009,12.5,residential
11999299009,11999299008,12.5,residential
11999299008,11999299007,44.2,residential
11999299007,11999299006,4.9,residential
11999299006,11999299005,10.8,residential
11999298187,11999298186,9.9,service
11999298186,11999298185,54.2,service
11999300166,11999300165,26.3,service
11999300172,11999300169,37.3,service
11999300169,11999300168,18.2,service
11999300168,11999300171,27.6,service
11999300172,11999300171,21.6,service
11999300171,11999300166,13.6,service
11999300166,11999300196,7.8,service
312236318,11999300196,20.3,residential
11999300196,11999300195,46.5,residential
11999300196,13807577496,36.5,residential
13807577496,13807577495,8.1,residential
13807577495,11999300197,7.1,residential
11999300197,11999300198,6.6,residential
11999300198,11999300199,7.6,residential
11999300199,11999300200,5.5,residential
11999300200,11999300201,4.8,residential
11999300201,11999300202,7.1,residential
11999300202,11999300203,8.9,residential
11999302308,11999302249,27.8,residential
11999302249,11999302248,17.3,residential
11999302248,11999302247,12.3,residential
11999302247,11999302246,13.0,residential
11999302246,11999302245,13.8,residential
11999302245,11999302244,14.6,residential
11999302244,11999302243,21.7,residential
11999302243,11999302242,19.3,residential
11999302242,11999302241,14.3,residential
11999302241,11999302240,19.2,residential
11999302240,11999302239,24.4,residential
11999302239,11999302238,23.9,residential
11999302238,11999302237,45.5,residential
11999302237,11999302236,12.1,residential
11999302236,11999302235,8.1,residential
11999302235,11999302234,18.1,residential
11999302234,11999302233,15.4,residential
11999302233,11999302232,14.8,residential
11999302232,11999302231,19.5,residential
11999302269,11999302268,70.4,service
11999302268,11999302267,86.6,service
11999302267,11999302266,14.0,service
11999302266,11999302265,12.2,service
11999302265,11999302264,21.5,service
11999302264,11999302263,20.6,service
11999302263,11999302262,22.4,service
11999302262,11999302261,15.6,service
11999302261,11999302260,14.7,service
11999302260,11999302259,12.5,service
11999302259,11999302258,43.5,service
11999302258,11999302257,10.5,service
11999302257,11999302256,70.8,service
11999302256,11999302255,10.3,service
11999302255,11999302254,46.4,service
11999302281,11999302275,48.6,service
11999302280,11999302276,48.7,service
11999302282,11999302281,18.9,service
11999302281,11999302280,18.4,service
11999302280,11999302279,20.7,service
11999302279,11999302278,49.5,service
11999302278,11999302276,19.5,service
11999302276,11999302275,17.6,service
11999302275,11999302277,21.1,service
11999302277,11999302282,52.3,service
1886344554,11999302290,12.1,residential
11999302290,11999302289,6.6,residential
11999302289,11999302288,5.4,residential
11999302288,11999302287,5.1,residential
11999302287,11999302286,28.6,residential
11999302286,11999302285,11.0,residential
11999302285,11999302284,13.0,residential
11999302284,11999302283,19.2,residential
11999302283,11999302282,16.4,residential
1886344554,11999302291,24.7,service
9211989854,9211989893,15.3,service
9211989893,9211989894,25.2,service
9211989894,9211989895,20.1,service
9211989895,12045041225,5.3,service
10821084556,10821084557,5.0,path
10821084555,10821084556,7.7,path
4736459450,436725639,27.6,primary
436725639,9310065469,151.4,primary
9310065469,436725638,14.1,primary
436725638,4525714792,12.2,primary
4658585441,4525714790,35.2,unclassified
4525714790,9215168007,17.0,unclassified
9215168007,4658585438,48.7,unclassified
4658585438,4525714791,57.3,unclassified
4525714791,12106269847,20.4,unclassified
12106269847,4658585425,12.0,unclassified
12106269850,4738684349,84.1,primary
4738684349,4738684347,29.2,primary
4738684347,4738791221,19.6,primary
4738791221,4736459448,17.8,primary
4736459448,9307356742,16.2,primary
9307356742,12949898104,6.5,primary
12949898104,4740288254,9.9,primary
4740288254,4740288257,10.5,primary
4738817587,4525714792,14.8,unclassified
4636664237,4636664266,18.9,residential
4740288265,4740288262,35.0,tertiary
4740288262,13947240092,20.2,tertiary
13947240092,13947240091,11.1,tertiary
13947240091,4740288261,11.1,tertiary
4740288261,13947240078,25.3,tertiary
13947240078,8795770879,28.3,tertiary
8795770879,4740288259,32.9,tertiary
4740288259,4740288256,42.2,tertiary
436561631,4740288254,12.6,tertiary
4740288254,12949898107,12.8,tertiary
12949898107,4736459444,41.3,tertiary
4736459444,4636875461,20.1,tertiary
4636875461,9198974093,31.6,tertiary
9198974093,4736456627,29.6,tertiary
4736456627,13947240079,21.8,tertiary
13947240079,436561630,24.4,tertiary
436561630,13947240093,16.5,tertiary
13947240093,4740299287,13.3,tertiary
4740299287,9310065473,32.0,tertiary
9310065473,436561625,11.1,tertiary
436561625,4740299288,24.4,tertiary
436913264,9310065420,10.0,tertiary
9310065420,4632583664,27.0,tertiary
4632583664,9291432714,14.8,tertiary
9291432714,4632583662,23.9,tertiary
4632583662,4632583656,47.3,tertiary
4632583656,4632583659,14.6,tertiary
4632583659,4632583658,28.6,tertiary
4632583658,436913255,63.5,tertiary
436913264,2918326170,38.1,tertiary
2918326170,4740205220,49.3,tertiary
4740205220,4740205218,55.5,tertiary
4740205218,4740205191,13.5,tertiary
4740205191,4632583637,8.4,tertiary
4632583637,2918326172,15.0,tertiary
414668430,4740213791,63.8,tertiary
4740213791,4740205176,42.2,tertiary
4740205176,4740205159,99.2,tertiary
4740205159,4740205175,18.4,tertiary
4740205175,4756571524,47.4,tertiary
4756571524,9310043683,11.9,tertiary
9310043683,6647012001,3.9,tertiary
6647012001,414898314,19.6,tertiary
414668430,4740205157,30.6,tertiary
4740205157,2918326169,62.6,tertiary
2918326169,9310065421,114.3,tertiary
9310065421,436913264,23.2,tertiary
436911721,10048613643,105.0,primary
10048613643,4740327355,20.2,primary
4740327355,4740327354,15.5,primary
4740327354,4740327353,13.1,primary
4740327353,4740327352,12.4,primary
4740327352,4740327351,13.7,primary
4740327351,12304715900,9.3,primary
12304715900,4740549432,8.2,primary
4740549432,12296984085,17.5,primary
12296984085,4740327350,19.1,primary
4740327350,4740327349,73.0,primary
4740327349,4740327348,47.0,primary
4740288301,4738791223,54.4,primary
4740288256,9307356743,32.4,tertiary
9307356743,12949898108,10.0,tertiary
12949898108,4740288257,15.5,tertiary
414668049,9271029061,10.5,secondary
9271029061,9310043712,127.2,secondary
9310043712,8265970118,19.6,secondary
8265970118,9310043713,3.6,secondary
9310043713,4701487691,3.6,secondary
4701487691,4632539441,66.1,secondary
4632539441,4632583607,9.9,secondary
4632583607,4632539439,51.0,secondary
4632539439,436913291,40.3,secondary
436913291,9310043714,11.9,secondary
9310043714,2918326174,17.1,secondary
4740468284,9222523486,25.5,secondary
9222523486,5164536877,16.4,secondary
5164536877,13952032116,26.1,secondary
13952032116,4736970024,25.6,secondary
4740288265,436561625,10.1,unclassified
436561625,9310065470,11.8,unclassified
9310065470,4658585441,26.4,unclassified
6776462196,12855618620,5.8,tertiary
12855618620,1645075250,16.5,tertiary
6351635651,4740299276,23.3,tertiary
4740299276,4740299277,127.8,tertiary
4740299277,4740299278,49.0,tertiary
4740299278,4740288278,58.1,tertiary
4740288278,4740288277,7.4,tertiary
4740288277,6132178370,43.0,tertiary
6132178370,13947279410,17.2,tertiary
13947279410,1645075241,34.4,tertiary
4740299279,1645075241,9.4,residential
4740299279,4632583624,108.3,tertiary
4632583624,4632583626,85.6,tertiary
4632583626,4632583629,63.7,tertiary
4632583629,4632583653,60.0,tertiary
4632583653,4740205538,40.7,tertiary
13989497054,1724839202,25.9,secondary
1724839202,13989497053,20.9,secondary
13989497053,4656644510,66.0,secondary
4656644510,4677788834,16.5,secondary
4677788834,4656644504,141.4,secondary
4656644504,13989497057,55.0,secondary
13989497057,13989497056,1.1,secondary
13989497056,4656644522,73.6,secondary
4656644522,9310043663,50.1,secondary
9310043663,13989497052,6.0,secondary
13989497052,436561592,12.4,secondary
436561592,4740710075,15.1,secondary
1645075241,1645075242,18.2,residential
1645075242,13947279407,23.7,residential
13947279407,1645075244,14.6,residential
1645075244,6132178380,11.0,residential
6132178380,1645075245,12.5,residential
1645075245,13937823877,24.9,residential
13937823877,1645075246,19.3,residential
1645075241,9310065476,93.5,tertiary
9310065476,13937823864,7.7,tertiary
13937823864,13947279404,6.6,tertiary
13947279404,6086993140,4.7,tertiary
6086993140,13947279403,5.2,tertiary
13947279403,13943208432,4.0,tertiary
13943208432,436561616,9.6,tertiary
13929640561,13929640557,9.9,tertiary
13929640557,13947279405,4.1,tertiary
13947279405,13929640558,5.1,tertiary
13929640558,13937823865,3.1,tertiary
13937823865,13929640560,30.7,tertiary
13929640560,4632583622,50.6,tertiary
4632583622,4740299279,27.3,tertiary
436913255,12112482713,50.5,tertiary
12104202413,12104202414,7.9,service
12104202414,12112444599,18.0,service
12112444599,12104202415,8.2,service
12112482714,12104202413,26.3,tertiary
12104202415,436913255,27.6,tertiary
436561611,12104202415,25.1,tertiary
12104202413,436561611,29.1,tertiary
4740288257,4740288301,13.1,primary
4740288257,414668434,10.8,primary
436561631,12949898103,10.4,primary
12949898103,4736459450,37.3,primary
4736459453,9307356741,40.6,primary
9307356741,12949883793,2.1,primary
12949883793,436561631,13.5,primary
8795938932,12144683016,18.7,primary_link
436725643,436725642,57.1,primary
436725642,8795938931,110.7,primary
8795938931,8795938932,7.2,primary
8795938932,4736459453,19.4,primary
4740288723,12949883787,15.3,primary
12949883787,4740288722,147.2,primary
4740288722,4740288721,144.3,primary
4740288721,9306379023,25.5,primary
9306379023,4740288320,16.2,primary
4636672250,4740288320,12.4,residential
4740288723,436725643,17.4,secondary
414668434,12949883794,13.8,primary
12949883794,4740288726,14.7,primary
4740288726,4740288303,28.2,primary
4740288303,4740288725,28.8,primary
4740288725,4740288724,105.5,primary
4740288724,4740288723,59.0,primary
4635239483,4635239733,150.1,residential
4635239483,14109094988,156.1,residential
14109094988,14109140901,6.2,residential
14109140901,9310479891,17.6,residential
9310479891,6271705615,5.3,residential
6271705615,4738684391,24.4,residential
414898268,13441908795,39.3,primary
13441908795,4738684386,42.5,primary
4738684386,4738684388,106.2,primary
4738684388,9310479892,151.2,primary
9310479892,4738684391,25.7,primary
4738684391,1645075315,10.3,residential
436913237,4632583891,67.4,tertiary
4632583891,4632583688,39.6,tertiary
4632583688,4740288289,49.8,tertiary
4740526327,4740526324,155.9,primary
9310065492,9310065489,13.9,primary
9310065489,436911693,14.1,primary
436911693,4740700160,36.8,primary
4740700160,4632583894,52.9,primary
4632583894,436913237,56.6,primary
4740526327,436913237,12.1,tertiary
4738684358,4738684356,153.0,primary
4738684356,4738684355,100.6,primary
4738684355,4738684354,85.4,primary
4738684354,4738684353,41.2,primary
4738684353,4738817585,79.5,primary
4738817585,4738684352,37.8,primary
4525714792,4658585424,41.4,primary
4658585424,436725637,63.7,primary
436725637,4738817584,45.1,primary
4738817584,436725636,60.9,primary
436725636,436725635,88.1,primary
436725635,436725634,93.0,primary
436725634,4634163411,106.1,primary
4634357999,4738282801,154.1,secondary
4738282801,9201416710,35.6,secondary
9201416710,4634172549,90.0,secondary
4634172549,4634163399,48.4,secondary
436581037,4631063422,16.9,residential
4631063422,9331381891,3.4,residential
9331381891,4631063418,22.4,residential
4631063418,4631063417,21.0,residential
4631063417,4631063416,16.8,residential
4631063416,4631063415,14.5,residential
4631063415,4631063414,16.6,residential
4631063414,4634327353,14.0,residential
4634327353,4631063413,16.7,residential
4631063413,4631063412,21.8,residential
4631063412,4631063411,21.0,residential
4631063411,4631063410,15.1,residential
4631063410,4634327350,16.1,residential
4634327350,4631063409,8.4,residential
4631063409,4634357801,9.8,residential
4634357801,4631063408,19.6,residential
4631063408,4631063407,32.0,residential
4631063407,4631063406,93.0,residential
4631063406,4631063405,47.8,residential
4631063405,4634327348,20.7,residential
4634327348,4631063404,14.9,residential
4631063404,4634327346,31.1,residential
4634327346,4631063396,98.2,residential
4631063396,4631063397,85.6,residential
4631063397,4631063400,50.5,residential
4631063400,4631063395,17.3,residential
436581043,9331381897,18.3,primary
9331381897,4631063398,79.7,primary
4631063398,4631063399,43.1,primary
4631063399,9331381894,98.0,primary
9331381894,436581045,4.8,primary
436581045,4636667702,6.6,primary
4636667702,436581046,7.7,primary
436581046,9331381898,5.2,primary
9331381898,436581047,58.3,primary
436581047,436581048,38.2,primary
436581048,9201416709,36.2,primary
9201416709,436581049,22.9,primary
436581049,436581050,62.5,primary
436581050,436581051,41.3,primary
436581051,436581052,47.6,primary
436581052,436581053,55.5,primary
436581053,436581054,35.9,primary
436581054,4738282782,65.1,primary
4738684365,4062146351,13.5,primary
4062146351,4634357807,17.3,primary
4634357807,9201416703,31.4,primary
9201416703,4634358005,32.7,primary
4634358005,436581030,42.9,primary
436581030,9311952569,15.3,primary
9311952569,436581031,9.2,primary
436581031,436581032,11.7,primary
5533858104,5533858105,16.3,primary_link
5533858105,4736469793,20.7,primary
4736469793,5533858102,14.7,primary
5533858102,12856171033,7.8,primary
12856171033,4057921170,64.9,primary
4057921170,4057921136,72.8,primary
4057921136,9271029021,22.4,primary
9271029021,9349894059,6.0,primary
9349894059,1724846514,16.4,primary
4738419675,9349894058,19.1,primary
9349894058,4738419676,29.4,primary
4738419676,4738419698,8.4,primary
4738419698,4738419677,64.4,primary
4738419677,9271029019,58.0,primary
9271029019,12856171032,3.7,primary
12856171032,5533858103,7.7,primary
9310043661,4740710075,30.2,primary
3956007583,13989496974,19.0,secondary
13989496974,9463031372,12.6,secondary
9463031372,4677674353,96.7,secondary
4677674353,13989497026,5.1,secondary
13989497026,4680086112,114.8,secondary
4680086112,13989497029,5.9,secondary
13989497029,4677674357,116.3,secondary
4677674357,13989497032,5.9,secondary
13989497032,4677674302,112.6,secondary
4677674302,13989497035,6.9,secondary
13989497035,3659520011,153.7,secondary
3659520011,4677674180,62.3,secondary
4677674180,4677674163,54.1,secondary
4677674163,4677752982,32.5,secondary
3956007583,13989496977,20.4,secondary
13989496977,9463031375,6.1,secondary
9463031375,4684280365,18.7,secondary
4684280365,4686037055,28.7,secondary
4686037055,4658585795,34.9,secondary
4736692042,4736692043,6.9,tertiary
4736692043,13989496991,19.9,tertiary
13989496991,9463031378,4.4,tertiary
9463031378,4677614554,35.1,tertiary
4677614554,6200369594,118.3,tertiary
4740205168,12310457840,10.9,tertiary
12310457840,12438050028,29.4,tertiary
12438050028,4677735371,14.3,tertiary
4677735371,4677735373,6.0,tertiary
4677735373,4677735375,52.8,tertiary
4677735375,12438050023,27.7,tertiary
12438050023,12438050018,16.9,tertiary
12438050018,4677735378,13.6,tertiary
4677735378,3956007625,47.7,tertiary
4740205172,12310457814,26.8,tertiary
12310457814,12313953888,14.0,tertiary
12313953888,4677735367,19.5,tertiary
4677735367,12313953891,11.4,tertiary
12313953891,4658585815,22.4,tertiary
4658585815,4740205169,36.0,tertiary
4740205169,6647011997,8.8,tertiary
6647011997,12310457821,7.2,tertiary
12310457821,12310457822,6.9,tertiary
12310457822,4740205168,7.2,tertiary
4740205165,12310457842,9.4,unclassified
12310457842,12438025298,9.8,unclassified
12438025298,4677735301,19.7,unclassified
4740205165,12310457844,80.7,tertiary
12310457844,3956007617,13.8,tertiary
6200369482,4677735257,13.4,tertiary
4677735257,3956007608,46.7,tertiary
5164536877,9222523490,26.4,secondary
9222523490,4736970033,17.2,secondary
5164536877,4740710038,41.0,primary
5533858103,4738419678,18.0,primary
4738419678,5533858104,20.0,primary
5533858104,4738419679,79.8,primary
4738419679,4738419670,57.0,primary
12106269847,13947240088,11.9,primary_link
13947240088,12106269848,10.9,primary_link
12106269848,12106269849,10.8,primary_link
12106269849,13947240087,13.3,primary_link
13947240087,12106269850,13.8,primary_link
4738817587,12106269850,61.2,primary
12112182149,12112182150,87.2,residential
12112182149,4658585755,16.3,primary
4658585755,4736970029,81.2,primary
4736970029,8591730477,14.8,primary
4740288289,6351635651,90.3,tertiary
4740288289,436561611,6.1,tertiary
12112482713,12118413293,4.4,residential
12118413293,12183540719,3.7,residential
12183540719,12112482714,11.4,residential
12112482713,4740205538,29.8,tertiary
4740205538,12112482714,27.5,tertiary
1831659722,5533769642,15.5,secondary
5533769642,9310043677,8.8,secondary
9310043677,13952032103,42.8,secondary
13952032103,13952030393,5.3,secondary
13952030393,13989496931,41.4,secondary
13989496931,5533769643,75.2,secondary
5533769643,13989496965,28.0,secondary
13989496965,4658585798,9.9,secondary
4658585798,4673526643,66.6,secondary
4673526643,4673449999,101.1,secondary
4673449999,9463031374,83.6,secondary
9463031374,13989496968,7.2,secondary
13989496968,3956007583,23.9,secondary
1831658914,6351635653,94.3,secondary
6351635653,9211970217,39.0,secondary
9211970217,6203796034,46.5,secondary
4632583609,9310043715,28.5,secondary
9310043715,2918326174,17.5,secondary
2918326174,9310043716,21.3,tertiary
9310043716,4632583616,21.3,tertiary
4632583616,4632539449,49.7,tertiary
4632539449,436913277,86.3,tertiary
436913277,436913273,35.4,tertiary
436913273,9310065418,42.4,tertiary
9310065418,1831659759,17.2,tertiary
10828183458,5224663702,7.2,primary
5224663702,529804007,26.8,primary
529804007,5982233052,44.9,primary
5982233045,10828183448,12.0,primary
10828183448,10828183475,17.9,primary
10828183475,10828183449,0.9,primary
10828183449,10828183458,7.7,primary
2122131957,2122131935,18.2,primary
2122131935,10831436500,19.4,primary
2122131957,10831436505,51.8,tertiary
2259058323,2259058738,30.1,primary_link
2259058738,10883977458,9.4,primary_link
4740468295,414668049,14.4,secondary
4740213800,9271029069,7.3,tertiary
9271029069,4740205179,11.9,tertiary
4740205179,414668430,22.6,tertiary
1831659759,436913264,9.9,tertiary
4740205193,4740205189,6.3,tertiary
4740205189,6378700732,15.2,tertiary
6378700732,9249579472,11.7,tertiary
9249579472,4740205186,10.9,tertiary
4740205186,4740205185,44.2,tertiary
4740205185,4740205184,55.0,tertiary
4740205184,9310065419,17.2,tertiary
9310065419,1831659759,17.3,tertiary
414668430,4740205158,19.1,primary
4740205158,4740213795,21.8,primary
1645075265,12304715961,23.4,primary
12304715961,4740525303,16.6,primary
4740525303,12304715963,7.4,primary
12304715963,4740525302,11.7,primary
4740525302,4740525301,59.0,primary
4736692042,6200369593,13.4,tertiary
6200369593,9463031376,10.1,tertiary
9463031376,4677614544,97.9,tertiary
4677614544,4677614542,110.1,tertiary
4677614542,12438049953,98.2,tertiary
12438049953,3956007577,27.8,tertiary
3956007577,4677674347,56.6,tertiary
4677674347,3956007574,41.5,tertiary
3956007574,12381266322,114.2,tertiary
5531321192,3956007605,12.4,tertiary
4740205172,12313959015,18.5,tertiary
12313959015,4677735366,52.0,tertiary
4677735366,3956007616,38.5,tertiary
3956007616,12315455213,15.0,tertiary
12315455213,12315455214,13.2,tertiary
12315455214,12315455215,10.3,tertiary
12315455215,4658585806,9.2,tertiary
4658585806,12315455282,13.2,tertiary
12315455282,3956007614,10.7,tertiary
3956007614,12315455283,13.3,tertiary
12315455283,12315455284,16.5,tertiary
12315455284,12315455285,14.5,tertiary
12315455285,12315455294,33.9,tertiary
12315455294,3956007613,87.3,tertiary
3956007613,3956007612,23.5,tertiary
3956007612,3956007611,8.6,tertiary
3956007611,12327752195,8.2,tertiary
12327752195,12327752196,8.7,tertiary
12327752196,12327752197,7.8,tertiary
12327752197,12327752193,7.9,tertiary
12327752193,12327752194,30.8,tertiary
12327752194,3956007609,114.9,tertiary
3956007609,12358246778,57.9,tertiary
12358246778,12358246779,14.9,tertiary
12358246779,12358246780,13.0,tertiary
12358246780,3956007606,11.8,tertiary
3956007606,12358246786,15.3,tertiary
12358246786,12358246787,19.1,tertiary
12358246787,12358246788,19.0,tertiary
12358246788,3956007605,12.2,tertiary
5164536882,4740205172,19.2,tertiary
1831659722,9310043678,21.6,tertiary
9310043678,4658585753,57.5,tertiary
4658585753,1831659724,29.6,tertiary
1831659724,4658585751,35.3,tertiary
4658585751,4658585745,33.9,tertiary
4658585745,1831659753,29.8,tertiary
1831659753,6351635654,20.8,tertiary
6351635654,1831659754,35.1,tertiary
1831659754,1831659755,38.1,tertiary
1831659755,1831659741,31.2,tertiary
1831659741,1831659737,59.4,tertiary
1831659737,1831659749,40.0,tertiary
1831659749,4632583940,124.2,tertiary
4632583940,1831659723,103.8,tertiary
1831659723,414898314,110.0,tertiary
414898314,4740205173,27.9,tertiary
1645075261,5533770072,76.2,tertiary
5533770072,4736648514,32.0,tertiary
4736648514,4736648513,10.9,tertiary
4736648513,4736648512,10.9,tertiary
4736648512,12308827465,10.2,tertiary
12308827465,12308827473,9.3,tertiary
12308827473,12308827474,9.6,tertiary
12308827474,12308827475,8.8,tertiary
12308827475,12308827492,8.2,tertiary
12308827492,12855618616,20.8,tertiary
3956007608,3956007610,15.9,primary
3956007610,12318709160,117.7,primary
12318709160,12318706873,88.9,primary
12318706873,12318706872,21.6,primary
12318706872,12318709159,11.0,primary
12318709159,4677674444,8.5,primary
4677674444,4677674446,15.8,primary
4677674446,4677674452,18.9,primary
4677674452,12956649970,158.8,primary
12956649970,12318709149,53.2,primary
12318709149,12956649973,145.7,primary
12956649973,12318706867,5.6,primary
12318706867,3956007617,7.2,primary
3956007605,12358246790,13.8,tertiary
12358246790,12358246791,24.2,tertiary
12358246791,12358246792,25.6,tertiary
12358246792,4663562453,83.1,tertiary
4663562453,5533769703,19.7,tertiary
5533769703,4663562454,47.9,tertiary
4663562454,3956007600,116.1,tertiary
3956007600,4677674345,114.5,tertiary
4677674345,9463031379,78.8,tertiary
9463031379,13989496994,1.3,tertiary
13989496994,4663562472,12.9,tertiary
4663562472,4736692042,14.6,tertiary
4736692044,9463031377,3.2,secondary
9463031377,13989496986,5.0,secondary
13989496986,4736692042,17.5,secondary
1724839204,4736916100,10.1,secondary
2193764930,436912360,15.9,secondary
436912360,4235824805,35.0,secondary
4235824805,436912363,30.0,secondary
436912363,9271029034,59.3,secondary
9271029034,436912366,3.9,secondary
436912366,9269451121,23.6,secondary
9269451121,9271029035,1.9,secondary
9271029035,436912371,48.4,secondary
436912371,436912376,61.5,secondary
436912376,9249579446,15.8,secondary
9249579446,4636677863,8.5,secondary
4636677863,436912381,16.1,secondary
436912381,9271029036,43.7,secondary
9271029036,436912389,14.9,secondary
4738282788,9307356736,25.2,tertiary
9307356736,4634172554,18.0,tertiary
4634172554,9307356737,15.7,primary
9307356737,436581056,36.5,primary
4634163399,4634163400,47.5,secondary
4634163400,5833894201,30.5,secondary
5833894201,4634163405,4.5,secondary
4738684352,9311952566,32.4,primary
9311952566,4738817587,20.7,primary
4658585425,9310065467,14.9,unclassified
9310065467,4738817587,29.8,unclassified
4738282782,9307356739,23.3,primary
9307356739,436581055,3.5,primary
436581055,4634172554,17.5,primary
4738684377,4738684378,8.3,primary
4738684378,4745497360,23.1,primary
4745497360,8795932051,26.4,primary
8795932051,4738684380,33.2,primary
4738684380,4738791228,33.2,primary
4738791228,4738684381,36.6,primary
4738684381,4738684382,35.3,primary
1645075280,4738684377,14.3,secondary
1831662611,6280676353,51.4,primary
6280676353,6280676346,41.2,primary
6280676346,5684343426,66.5,primary
5684343426,1645075284,54.9,primary
1645075284,1645075283,48.9,primary
1645075283,13441908793,21.8,primary
13441908793,4738791227,19.9,primary
4738791227,1645075282,28.1,primary
1645075282,9307356747,17.6,primary
9307356747,4655116062,21.9,primary
4655116062,1645075280,9.3,primary
8591730477,9222523487,25.7,primary
9222523487,5164536877,14.8,primary
5164536877,12146247479,21.7,secondary
12146247479,8591730480,11.4,secondary
4740327348,4740327347,24.9,primary
4740327347,3956019764,143.7,primary
4740710065,4740710064,9.9,primary
4740710064,12183499209,10.5,primary
12183499209,5164536877,19.7,primary
12202900710,13802091092,3.0,track
13802091092,12202900709,106.4,track
12202900709,12202900708,39.2,track
12202900750,12202900749,45.8,track
437281628,13807521035,2.8,unclassified
13807521035,12202900790,92.7,unclassified
12202900790,12202900791,5.5,unclassified
12202900791,12202900792,3.9,unclassified
12202900792,13807520722,4.3,unclassified
13807520722,13807520723,6.6,unclassified
13807520723,13807520724,4.1,unclassified
13807520724,13807520725,3.4,unclassified
13807520725,13807520726,3.6,unclassified
13807520726,12202900793,3.9,unclassified
12202900793,13807520727,3.8,unclassified
13807520727,12202900794,3.4,unclassified
12202900794,13807520728,3.2,unclassified
13807520728,13807520729,4.0,unclassified
13807520729,13807520730,4.7,unclassified
13807520730,13807520731,10.8,unclassified
13807520731,12202900795,8.3,unclassified
12202900795,13807520732,9.0,unclassified
13807520732,13807520733,12.9,unclassified
13807520733,12202900796,6.6,unclassified
12202900796,13807520734,4.8,unclassified
13807520734,13807520735,4.9,unclassified
13807520735,12202900797,5.9,unclassified
12202900797,13807520736,12.1,unclassified
13807520736,12202900798,4.8,unclassified
12202900798,13807520737,4.2,unclassified
13807520737,13807520738,4.2,unclassified
13807520738,13807520740,4.7,unclassified
13807520740,13807520739,6.3,unclassified
13807520739,13807520741,4.0,unclassified
13807520741,13807520742,3.5,unclassified
13807520742,13807520743,4.2,unclassified
13807520743,12202900799,5.1,unclassified
12202900799,13807520744,16.7,unclassified
13807520744,12202900800,31.8,unclassified
12202900800,12202900801,7.4,unclassified
12202900801,13807520763,7.8,unclassified
13807520763,12202900802,4.0,unclassified
12202900802,12202900803,3.6,unclassified
12202900803,12202900804,4.0,unclassified
12202900804,12202900805,17.3,unclassified
12202900805,13807520764,5.4,unclassified
13807520764,13807520765,4.6,unclassified
13807520765,12202900806,12.6,unclassified
12202900806,13807520770,9.7,unclassified
13807520770,13807520771,5.8,unclassified
13807520771,13807520772,8.8,unclassified
13807520772,13807520773,5.2,unclassified
13807520773,13807520774,5.3,unclassified
13807520774,13807520775,4.6,unclassified
13807520775,13807520776,8.4,unclassified
13807520776,13807520777,4.3,unclassified
13807520777,13807520778,4.5,unclassified
13807520778,13807520779,4.8,unclassified
13807520779,13807520780,13.7,unclassified
13807520780,13807520781,6.0,unclassified
13807520781,13807520782,6.1,unclassified
13807520782,12202900807,32.8,unclassified
12202900807,12202900808,11.1,unclassified
12202900808,12202900809,5.0,unclassified
12202900809,13807520789,4.4,unclassified
13807520789,13807520790,4.9,unclassified
13807520790,13807520791,3.4,unclassified
13807520791,13807520792,3.4,unclassified
13807520792,13807520793,4.0,unclassified
13807520793,13807520794,3.5,unclassified
13807520794,12202900811,11.4,unclassified
12202900811,12202900812,6.1,unclassified
12202900812,12202900813,5.1,unclassified
12202900813,12202900814,4.7,unclassified
12202900814,12202900816,3.7,unclassified
12202900816,13807520795,4.6,unclassified
13807520795,13807520796,5.5,unclassified
13807520796,13807520797,6.5,unclassified
13807520797,13807520798,5.8,unclassified
13807520798,13807520799,5.6,unclassified
13807520799,13807520800,5.6,unclassified
13807520800,13807520801,6.0,unclassified
13807520801,13807520802,14.1,unclassified
13807520802,13807520803,5.3,unclassified
13807520803,13807520804,5.2,unclassified
13807520804,13807520805,4.9,unclassified
13807520805,13807520806,4.4,unclassified
13807520806,13807520807,11.2,unclassified
13807520807,13807520808,6.2,unclassified
13807520808,13807520809,15.8,unclassified
13807520809,13807520810,2.7,unclassified
13807520810,13807520811,2.2,unclassified
13807520811,13807520812,2.4,unclassified
13807520812,13807520813,2.8,unclassified
13807520813,13807520814,2.7,unclassified
13807520814,13807520815,3.6,unclassified
13807520815,13807520816,2.5,unclassified
13807520816,13807520817,2.2,unclassified
13807520817,13807520820,23.3,unclassified
13807520820,13807520821,3.3,unclassified
13807520821,13807520822,1.8,unclassified
13807520822,13807520823,2.3,unclassified
13807520823,13807520824,1.6,unclassified
13807520824,13807520825,2.0,unclassified
13807520825,13807520826,11.5,unclassified
13807520826,13807520827,8.2,unclassified
13807520827,13807520828,2.2,unclassified
13807520828,13807520829,2.5,unclassified
13807520829,13807520830,2.5,unclassified
13807520830,13807520831,2.4,unclassified
13807520831,13807520832,2.8,unclassified
13807520832,13807520833,7.3,unclassified
13807520833,13807520834,3.4,unclassified
13807520834,13807520835,3.8,unclassified
13807520835,13807520836,7.6,unclassified
13807520836,13807520837,4.0,unclassified
13807520837,13807520838,4.5,unclassified
13807520838,13807520839,3.6,unclassified
13807520839,13807520840,4.1,unclassified
13807520840,13807520841,3.8,unclassified
13807520841,13807520842,4.0,unclassified
13807520842,13807520843,6.4,unclassified
13807520843,13807520844,3.6,unclassified
13807520844,13807520845,3.7,unclassified
13807520845,13807520846,4.2,unclassified
13807520846,13807520847,3.0,unclassified
13807520847,13807520848,3.2,unclassified
13807520848,13807520849,3.3,unclassified
13807520849,13807520850,3.2,unclassified
13807520850,13807520851,8.8,unclassified
12202900822,12202900709,151.1,track
12202900709,12202900821,109.9,track
12202900821,12202900820,239.3,track
12202900820,12202900819,310.8,track
12202900819,12202900818,5.0,track
12202900818,13807521023,101.2,track
13807521023,12202900817,2.6,track
12202900926,12202900925,4.4,track
12202900925,12202900924,16.7,track
12202900924,12202900923,19.1,track
12202900923,12202900922,13.4,track
12202900922,12202900921,14.1,track
12202900921,12202900920,10.2,track
12202900920,12202900919,8.8,track
12202900919,12202900918,10.2,track
12202900918,12202900917,13.0,track
12202900917,12202900916,11.2,track
12202900916,12202900915,11.6,track
12202900915,12202900914,9.2,track
12202900914,12202900913,8.6,track
12202900913,12202900912,14.9,track
12202900912,12202900911,14.7,track
12202900911,12202900910,6.1,track
12202900910,12202900909,8.5,track
12202900909,12202900908,5.6,track
12202900908,12202900907,12.1,track
12202900907,12202900906,7.0,track
12202900906,12202900905,7.7,track
12202900905,12202900904,34.4,track
12202900904,12202900903,5.0,track
12202900903,12202900902,12.4,track
12202900902,12202900901,14.3,track
12202900901,12202900900,6.2,track
12202900900,12202900899,11.5,track
12202900899,12202900898,5.2,track
12202900898,12202900897,6.0,track
12202900897,12202900896,15.3,track
12202900896,12202900895,13.7,track
12202900895,12202900894,37.0,track
12202900894,12202900893,36.9,track
12202900893,12202900892,11.1,track
12202900892,12202900891,6.5,track
12202900891,12202900890,10.5,track
12202900890,12202900889,4.3,track
12202900889,12202900888,10.7,track
12202900888,12202900887,4.3,track
12202900887,12202900886,11.0,track
12202900886,12202900885,12.2,track
12202900885,12202900884,21.4,track
12202900884,12202900883,15.0,track
12202900883,12202900882,35.8,track
12202900882,12202900881,8.5,track
12202900881,12202900880,32.5,track
12202900880,12202900879,17.4,track
12202900879,12202900878,13.8,track
12202900878,12202900877,20.1,track
12202900877,12202900876,8.8,track
12202900876,12202900875,14.1,track
12202900875,12202900874,9.0,track
12202900874,12202900873,9.3,track
12202900873,12202900872,8.3,track
12202900872,12202900871,8.0,track
12202900871,12202900870,9.0,track
12202900870,12202900869,4.2,track
12202900869,12202900868,14.9,track
12202900868,12202900867,7.8,track
12202900867,12202900866,6.3,track
12202900866,12202900865,5.9,track
12202900865,12202900864,11.6,track
12202900864,12202900863,6.1,track
12202900863,12202900862,8.3,track
12202900862,12202900861,17.2,track
12202900861,12202900860,8.2,track
12202900860,12202900859,4.7,track
12202900859,12202900858,6.2,track
12202900858,12202900857,13.6,track
12202900857,12202900856,13.0,track
12202900856,12202900855,26.0,track
12202900855,12202900854,13.1,track
12202900854,12202900853,37.6,track
12202900853,12202900852,11.6,track
12202900852,12202900851,27.2,track
12202900851,12202900850,8.5,track
12202900850,12202900849,5.3,track
12202900849,12202900848,7.3,track
12202900848,12202900847,13.9,track
12202900847,12202900846,8.4,track
12202900846,12202900845,7.2,track
12202900845,12202900844,7.1,track
12202900844,12202900843,5.8,track
12202900843,12202900842,22.7,track
12202900842,12202900841,16.8,track
12202900841,12202900840,17.0,track
12202900840,12202900839,10.6,track
12202900839,12202900838,16.6,track
12202900838,12202900837,7.4,track
12202900837,12202900836,10.8,track
12202900836,12202900835,14.6,track
12202900835,12202900834,16.3,track
12202900834,12202900833,6.7,track
12202900833,12202900832,5.8,track
12202900832,12202900831,10.6,track
12202900831,12202900830,13.7,track
12202900830,12202900829,8.5,track
12202900829,12202900828,7.7,track
12202900828,12202903030,5.7,track
13797512259,13797512258,4.9,unclassified
13797512258,12202899635,5.7,unclassified
12202899635,12202899634,17.8,unclassified
12202899634,12202899633,16.0,unclassified
12202899633,13797512168,3.9,unclassified
13797512168,13797512167,4.7,unclassified
13797512167,13797512166,4.4,unclassified
13797512166,13797512165,4.2,unclassified
13797512165,12202901052,5.0,unclassified
12202901052,13797512156,4.8,unclassified
13797512156,12202901051,5.2,unclassified
12202901051,13797512155,7.1,unclassified
13797512155,13797512154,3.2,unclassified
13797512154,13797512153,3.3,unclassified
13797512153,13797512152,3.3,unclassified
13797512152,13797512151,8.7,unclassified
13797512151,13797512150,3.8,unclassified
13797512150,12202901050,4.0,unclassified
12202901050,12202901049,4.3,unclassified
12202901049,12202901048,4.5,unclassified
12202901048,13797512189,2.1,unclassified
13797512189,12202901047,4.9,unclassified
12202901047,13797512072,3.6,unclassified
13797512072,13797512071,4.6,unclassified
13797512071,13797512070,7.7,unclassified
13797512070,12202901046,3.8,unclassified
12202901046,12202901045,3.7,unclassified
12202901045,13797512069,4.6,unclassified
13797512069,13797512068,9.3,unclassified
13797512068,13797512066,9.4,unclassified
13797512066,13797512067,13.0,unclassified
13797512067,12202901044,6.1,unclassified
12202901044,13797512031,5.2,unclassified
13797512031,13797512030,2.5,unclassified
13797512030,13797512029,2.2,unclassified
13797512029,12202901043,2.3,unclassified
12202901043,13797512015,2.8,unclassified
13797512015,13797512014,4.7,unclassified
13797512014,13797512013,4.8,unclassified
13797512013,13797512012,5.7,unclassified
13797512012,13797512011,5.7,unclassified
13797512011,12202901042,4.5,unclassified
12202901042,12202901041,12.9,unclassified
12202901041,13797512010,2.9,unclassified
13797512010,13797512009,2.3,unclassified
13797512009,13797512007,2.5,unclassified
13797512007,13797512008,16.6,unclassified
13797512008,12202901040,3.0,unclassified
12202901040,13797512006,2.8,unclassified
13797512006,13797512005,4.5,unclassified
13797512005,13797512004,1.7,unclassified
13797512004,12202901039,1.8,unclassified
12202901039,13797512003,1.8,unclassified
13797512003,13797512002,2.5,unclassified
13797512002,13797512001,2.9,unclassified
13797512001,13793839417,3.2,unclassified
13793839417,13793839416,6.6,unclassified
13793839416,13793839415,7.4,unclassified
13793839415,13793839414,5.1,unclassified
13793839414,13793839413,5.9,unclassified
13793839413,13793839412,4.6,unclassified
13793839412,13793839411,8.8,unclassified
13793839411,12202901038,5.1,unclassified
12202901038,13793839383,4.8,unclassified
13793839383,12202901037,9.7,unclassified
12202901037,13793839382,4.6,unclassified
13793839382,13793839381,21.5,unclassified
13793839381,12202901036,5.3,unclassified
12202901036,12202901035,5.2,unclassified
12202901035,12202901034,15.5,unclassified
12202901034,12202901033,9.2,unclassified
12202901033,13793839335,31.2,unclassified
13793839335,12202901032,5.1,unclassified
12202901032,12202901031,5.2,unclassified
12202901031,259979450,7.7,unclassified
12202899673,12202897487,6.2,path
12202897487,12202897486,10.4,path
12202897486,12202897485,10.9,path
12202897485,12202897484,10.7,path
12202897484,12202897483,20.6,path
12202897483,12202897482,21.6,path
12202897482,12202897481,10.1,path
12202897481,12202897480,10.4,path
12202897480,12202897479,10.2,path
12202897479,12202897478,10.1,path
12202897478,12202897477,10.3,path
12202897477,12202897476,10.0,path
12202897476,12202897475,10.2,path
12202897475,12202897474,10.9,path
12202897474,12202897473,10.2,path
12202897473,12202897472,10.2,path
12202897472,12202897471,10.2,path
12202897471,12202897470,10.4,path
12202897470,12202897469,10.7,path
12202897469,12202897468,10.2,path
12202897468,12202897467,20.4,path
12202897467,12202897466,10.5,path
12202897466,12202897465,10.6,path
12202897465,12202897464,10.0,path
12202897464,12202897463,10.3,path
12202897463,12202897462,11.2,path
12202897462,12202897461,10.1,path
12202897461,12202897460,10.1,path
12202897460,12202897459,10.0,path
12202897459,12202897458,13.4,path
12202897458,12202897457,10.9,path
12202897457,12202897456,10.9,path
12202897456,12202897455,22.0,path
12202897455,12202897454,10.3,path
12202897454,12202897453,11.4,path
12202897453,12202897452,11.0,path
12202897452,12202897451,10.0,path
12202897451,12202897450,10.7,path
12202897450,12202897449,11.1,path
12202897449,12202897448,20.6,path
12202897448,12202897447,10.9,path
12202897447,12202897446,21.5,path
12202897446,12202897445,32.3,path
12202897445,12202897444,20.4,path
12202897444,12202897443,10.1,path
12202897443,12202897442,11.0,path
12202897442,12202897441,11.1,path
12202897441,12202897440,10.7,path
12202897440,12202897439,10.6,path
12202897439,12202897438,10.5,path
12202897438,12202897437,10.4,path
12202897437,12202903055,20.9,path
12202903055,12202903054,10.1,path
12202903054,12202903053,11.0,path
12202903053,12202903052,10.8,path
12202903052,12202903051,10.4,path
12202903051,12202903050,11.3,path
12202903050,12202903049,43.1,path
12202903049,12202903048,21.5,path
12202903048,12202903047,32.2,path
12202903047,12202903046,11.3,path
12202903046,12202903045,10.7,path
12202903045,12202903044,10.3,path
12202903044,12202903043,10.3,path
12202903043,12202903042,22.2,path
12202903042,12202903041,10.9,path
12202903041,12202903040,10.4,path
12202903040,12202903039,10.2,path
12202903039,12202903038,11.0,path
12202903038,12202903037,21.4,path
12202903037,12202903036,10.6,path
12202903036,12202903035,10.4,path
12202903035,12202903034,13.3,path
12202903034,12202903033,10.9,path
12202903033,12202903032,20.6,path
12202903032,12202903031,10.6,path
12202903031,12202903030,9.7,path
12202903030,12202903029,14.2,path
12202903029,12202903028,10.7,path
12202903028,12202903027,10.6,path
12202903027,12202903026,11.1,path
12202903026,12202903025,20.3,path
12202903025,12202903024,11.3,path
12202903024,12202903023,10.4,path
12202903023,12202903022,20.6,path
12202903022,12202903021,10.3,path
12202903021,12202903020,10.9,path
12202903020,12202903019,10.4,path
12202903019,12202903018,10.3,path
12202903018,12202903017,10.5,path
12202903017,12202903016,10.4,path
12202903016,12202903015,23.2,path
12202903015,12202903014,11.5,path
12202903014,12202903013,11.2,path
12202903013,12202903012,10.2,path
12202903012,12202903011,10.5,path
12202903011,12202903010,11.4,path
12202903010,12202903009,20.4,path
12202903009,12202903008,10.2,path
12202903008,12202903007,21.6,path
12202903007,12202903006,32.9,path
12202903006,12202903005,10.3,path
12202903005,12202903004,10.5,path
12202903004,12202903003,20.5,path
12202903003,12202903002,10.2,path
12202903002,12202903001,21.3,path
12202903001,12202903000,22.1,path
12202903000,12202902999,32.2,path
12202902999,12202902998,11.5,path
12202902998,12202902997,10.1,path
12202902997,12202902996,10.4,path
12202902996,12202902995,11.1,path
12202902995,12202902994,20.8,path
12202902994,12202902993,53.0,path
12202902993,12202902992,10.4,path
12202902992,12202902991,10.5,path
12202902991,12202902990,10.4,path
12202902990,12202902989,10.0,path
12202902989,12202902988,20.9,path
12202902988,12202902987,20.9,path
12202902987,12202902986,20.7,path
12202902986,12202902985,11.2,path
12202902985,12202902984,21.4,path
12202902984,12202902983,11.3,path
12202902983,12202902982,11.1,path
12202902982,12202902981,10.2,path
12202902981,12202902980,10.4,path
12202902980,12202902979,10.9,path
12202902979,12202902978,10.3,path
12202902978,12202902977,54.0,path
12202902977,12202902976,22.6,path
12202902976,12202902975,11.1,path
12202902975,12202902974,21.1,path
12202902974,12202902973,11.4,path
12202902973,12202902972,10.6,path
12202902972,12202902971,10.6,path
12202902971,12202902970,55.0,path
12202902970,12202902969,10.9,path
12202902969,12202902968,11.2,path
12202902968,12202902967,10.3,path
12202902967,12202902966,20.9,path
12202902966,12202902965,31.8,path
12202902965,12202902964,10.6,path
12202902964,12202902963,30.4,path
12202902963,12202902962,21.5,path
12202902962,12202902961,10.4,path
12202902961,12202902960,10.3,path
12202902960,12202902959,10.5,path
12202902959,12202902958,11.0,path
12202902958,12202902957,11.1,path
12202902957,12202902956,21.5,path
12202902956,12202902955,10.9,path
12202902955,12202902954,10.3,path
12202902954,12202902953,21.0,path
12202902953,12202902952,21.7,path
12202902952,12202902951,11.0,path
12202902951,12202902950,11.1,path
12202902950,12202902949,11.1,path
12202902949,12202902948,20.9,path
12202902948,12202902947,10.8,path
12202902947,12202902946,20.5,path
12202902946,12202902945,11.3,path
12202902945,12202902944,21.0,path
12202902944,12202902943,43.6,path
12202902943,12202902942,11.2,path
12202902942,12202902941,11.6,path
12202902941,12202902940,22.5,path
12202902940,12202902939,21.3,path
12202902939,12202902938,10.7,path
12202902938,12202902937,10.6,path
12202902937,12202902936,10.3,path
12202902936,12202902935,10.1,path
12202902935,12202902934,10.3,path
12202902934,12202902933,10.2,path
12202902933,12202902932,11.1,path
12202902932,12202902931,21.1,path
12202902931,12202902930,10.5,path
12202902930,12202902929,10.2,path
12202902929,12202902928,10.5,path
12202902928,12202902927,10.3,path
12202902927,12202902926,10.4,path
12202902926,12202902925,10.6,path
12202902925,12202902924,20.5,path
12202902924,12202902923,10.4,path
12202902923,12202902922,11.6,path
12202902922,12202902921,33.5,path
12202902921,12202902920,10.7,path
12202902920,12202902919,10.1,path
12202902919,12202902918,10.8,path
12202902918,12202902917,10.5,path
12202902917,12202902916,10.8,path
12202902916,12202902915,11.0,path
12202902915,12202902914,21.0,path
12202902914,12202902913,20.7,path
12202902913,12202902912,10.1,path
12202902912,12202902911,10.4,path
12202902911,12202902910,10.3,path
12202902910,12202902909,20.9,path
12202902909,12202902908,10.4,path
12202902908,12202902907,22.2,path
12202902907,12202902906,10.0,path
12202902906,12202902905,10.0,path
9918349395,12207980635,28.3,path
12207980635,12207980636,9.8,path
12207980636,12207980637,12.1,path
12207980637,12207980638,99.7,path
12207980638,12207980639,11.2,path
12207980639,12207980640,22.7,path
12207980640,12207980641,25.0,path
10855840667,13585929642,48.5,tertiary_link
13585929642,12267530778,18.0,tertiary_link
12267530778,12267530777,73.3,tertiary_link
12267530778,12267530779,26.2,tertiary_link
12267530779,12267530780,9.7,tertiary_link
12267530780,12267530781,31.5,tertiary_link
12267530781,12267530782,23.1,tertiary_link
12279574841,12279574842,11.8,cycleway
12279574842,12279574849,13.2,cycleway
12279574849,12279574850,12.9,cycleway
12279574850,12279574851,210.0,cycleway
12279574851,12288377376,9.8,cycleway
12288377376,12288377377,10.6,cycleway
12288377377,12288377378,9.9,cycleway
12288377378,12288377379,12.8,cycleway
12288377379,12288377381,12.3,cycleway
12288377381,12288377382,223.5,cycleway
12288377382,12288377383,12.0,cycleway
12288377383,12288377384,10.5,cycleway
12288377384,12288377385,11.1,cycleway
12288377385,12288377386,11.4,cycleway
12288377386,12288377387,131.1,cycleway
12288377387,12288377393,12.5,cycleway
12288377393,12288377394,12.7,cycleway
12288377394,12288377395,12.7,cycleway
12288377395,12288377396,12.1,cycleway
12288377396,12288377397,13.0,cycleway
12288377397,12288377398,9.1,cycleway
12288377398,12288377399,11.7,cycleway
12288377399,12288377400,10.6,cycleway
12288377400,12288377402,62.0,cycleway
12288377402,12288377405,14.2,cycleway
12288377405,12288377406,12.1,cycleway
12288377406,12288377407,123.8,cycleway
12288377407,12288377410,13.1,cycleway
12288377410,12288377411,13.3,cycleway
12288377411,12288377412,12.5,cycleway
12288377412,12288377416,14.2,cycleway
12288377416,12288377417,13.8,cycleway
12288377417,12288377418,15.4,cycleway
12288377418,12288377423,14.9,cycleway
12288377423,12288377424,199.9,cycleway
12288377424,12288377514,10.5,cycleway
12288377514,12288377515,9.3,cycleway
12288377515,12288377516,8.1,cycleway
12288377516,12288377517,8.2,cycleway
12288377517,12288377518,7.6,cycleway
12288377518,12288377519,130.9,cycleway
12288377519,12288377520,6.0,cycleway
12288377520,12288377521,6.8,cycleway
12288377521,12288377522,13.1,cycleway
12288377522,12288377523,7.5,cycleway
12288377523,12288377524,7.4,cycleway
12288377524,12288377525,8.4,cycleway
12288377525,12288377526,9.5,cycleway
12288377526,12288377558,9.0,cycleway
12288377558,12288377559,69.5,cycleway
12288377559,12288377560,8.2,cycleway
12288377560,12288377561,5.8,cycleway
12288377561,12288377562,6.2,cycleway
12288377562,12288377563,6.3,cycleway
12288377563,12288377564,5.6,cycleway
12288377564,12288377565,6.3,cycleway
12288377565,12288377570,10.1,cycleway
12288377570,12288377571,10.4,cycleway
12288377571,12288377572,12.0,cycleway
12288377572,12288377573,11.3,cycleway
12288377573,12288377582,10.7,cycleway
12288377582,12288377583,8.0,cycleway
12288377583,12288377584,85.1,cycleway
12288377584,12288377585,6.6,cycleway
12288377585,12288377586,8.4,cycleway
12288377586,12288377587,7.8,cycleway
12288377587,12296984039,22.5,cycleway
12296984039,12296984040,29.9,cycleway
12296984040,12296984041,20.6,cycleway
12296984041,12296984042,16.0,cycleway
12296984042,12296984043,16.5,cycleway
12296984043,12296984044,16.6,cycleway
12296984044,12304640500,8.5,cycleway
12304640500,12296984045,10.0,cycleway
12296984045,12296984046,19.8,cycleway
12296984046,12296984047,17.8,cycleway
12296984047,12296984048,24.1,cycleway
12296984048,12296984049,133.9,cycleway
12296984049,12296984095,15.2,cycleway
12296984095,5237839546,21.5,cycleway
5237839546,12296984096,52.1,cycleway
12296984096,12296984097,12.0,cycleway
12296984097,12296988677,17.9,cycleway
12296988677,12296988678,12.4,cycleway
12296988678,12304715821,75.9,cycleway
12304715821,12296988679,80.6,cycleway
12296988679,12304715840,8.9,cycleway
12304715840,12304715841,8.9,cycleway
12304715841,12304715845,10.4,cycleway
12304715845,12304715846,225.8,cycleway
12304715846,12304715909,96.9,cycleway
12304715909,12304715917,16.5,cycleway
12304715917,12304715918,18.9,cycleway
12304715918,12304715919,20.6,cycleway
12304715919,12304715920,124.4,cycleway
12304715920,12304715926,9.2,cycleway
12304715926,12304715927,24.5,cycleway
12304715927,12304715928,12.8,cycleway
12304715928,12304715930,89.3,cycleway
12304715930,12304715931,19.4,cycleway
12304715931,12304715932,15.4,cycleway
12304715932,12304715935,15.3,cycleway
12304715935,12304715936,91.7,cycleway
12304715936,12304715937,65.7,cycleway
12304715937,12304715938,48.0,cycleway
12304715938,12305973894,7.0,cycleway
12305973894,12305973895,15.8,cycleway
12305973895,12305973897,4.1,cycleway
12305973897,12305973898,5.0,cycleway
12305973898,12305973896,3.8,cycleway
12305973896,12855608477,15.8,cycleway
12855608477,9201335487,12.7,cycleway
9201335487,12305995603,62.1,cycleway
12305995603,12305995637,48.5,cycleway
12305995637,12305995638,15.5,cycleway
12305995638,12305995639,110.2,cycleway
12305995639,12308827452,1.5,cycleway
12308827452,12305995645,11.9,cycleway
12305995645,12305995646,9.2,cycleway
12305995646,12305995647,19.2,cycleway
12305995647,12305995648,35.0,cycleway
12305995648,12308827476,5.8,cycleway
12308827476,12308827477,4.9,cycleway
12308827477,12308827478,5.5,cycleway
12308827478,12308827479,6.9,cycleway
12308827479,12308827480,19.2,cycleway
12308827480,12308827481,5.3,cycleway
12308827481,12308827482,15.2,cycleway
12308827482,12308827483,8.1,cycleway
12308827483,12308827484,13.6,cycleway
12308827484,12308827485,7.5,cycleway
12308827485,12308827486,11.0,cycleway
12308827486,12308827487,6.7,cycleway
12308827487,12308827488,8.8,cycleway
12308827488,12308827489,16.1,cycleway
12308827489,12308827490,8.3,cycleway
12308827490,12308827491,13.7,cycleway
12308827491,12308854804,5.6,cycleway
12308854804,12308854805,5.6,cycleway
12308854805,12308854806,5.0,cycleway
12308854806,12308854807,6.0,cycleway
12308854807,12308854808,10.6,cycleway
12308854808,12308854809,7.6,cycleway
12308854809,12308854810,12.1,cycleway
12308854810,12308854811,8.2,cycleway
12308854811,12308854812,8.1,cycleway
12308854812,12308854813,11.9,cycleway
12308854813,12308854814,6.8,cycleway
12308854814,12308854815,15.5,cycleway
12308854815,12308854816,7.4,cycleway
12308854816,12308854817,17.2,cycleway
12308854817,12308854818,23.6,cycleway
12308854818,12308854819,6.3,cycleway
12308854819,12308854820,12.8,cycleway
12308854820,12308854821,8.0,cycleway
12308854821,12308854822,15.8,cycleway
12308854822,12308854823,8.1,cycleway
12308854823,12308854824,12.3,cycleway
12308854824,12308854834,24.8,cycleway
12308854834,12308854835,24.5,cycleway
12308854835,12308854836,37.0,cycleway
12308854836,12308854837,139.1,cycleway
12308854837,12308854839,9.9,cycleway
12308854839,12308854840,10.1,cycleway
12308854840,12308854841,7.9,cycleway
12308854841,12308854842,7.5,cycleway
12308854842,12308854843,10.2,cycleway
12308854843,12308854844,9.5,cycleway
12308854844,12308854845,8.7,cycleway
12308854845,12308854846,10.7,cycleway
12308854846,12308854847,9.7,cycleway
12308854847,12308854848,7.4,cycleway
12308854848,12308854849,9.0,cycleway
12308854849,12308854850,7.8,cycleway
12308854850,12308854851,7.6,cycleway
12308854851,12308854852,8.9,cycleway
12308854852,12308854853,8.5,cycleway
12308854853,12308854854,8.8,cycleway
12308854854,12308854855,7.6,cycleway
12308854855,12308854856,8.1,cycleway
12308854856,12308854857,6.0,cycleway
12308854857,12308854858,6.4,cycleway
12308854858,12308854859,6.8,cycleway
12308854859,12308854860,5.9,cycleway
12308854860,12308854861,10.6,cycleway
12308854861,12308854862,9.3,cycleway
12308854862,12308854863,7.8,cycleway
12308854863,12308854864,7.5,cycleway
12308854864,12308854865,7.5,cycleway
12308854865,12308854866,6.1,cycleway
12308854866,12308854867,7.5,cycleway
12308854867,12308854868,6.3,cycleway
12308854868,12308854869,12.0,cycleway
12308854869,12308854870,7.0,cycleway
12308854870,12308854871,6.1,cycleway
12308854871,12308854872,6.4,cycleway
12308854872,12308854873,6.0,cycleway
12308854873,12308854874,6.9,cycleway
12308854874,12308854875,6.6,cycleway
12308854875,12308854876,4.1,cycleway
12308854876,12308854877,5.6,cycleway
12308854877,12308854878,6.3,cycleway
12308854878,12308854879,5.8,cycleway
12308854879,12308854880,13.3,cycleway
12308854880,12308854881,16.6,cycleway
12308854881,12308854882,15.0,cycleway
12308854882,12308854883,10.7,cycleway
12308854883,12308854884,15.2,cycleway
12308854884,12308854885,7.5,cycleway
12308854885,12308854886,6.4,cycleway
12308854886,12308854887,7.0,cycleway
12308854887,12308854888,7.2,cycleway
12308854888,12308854889,8.6,cycleway
12308854889,12308854890,7.5,cycleway
12308854890,12308854891,8.3,cycleway
12308854891,12308854892,11.8,cycleway
12308854892,12308854893,15.6,cycleway
12308854893,12308854894,13.4,cycleway
12308854894,12308854895,12.3,cycleway
12308854895,12308854896,11.6,cycleway
12308854896,12308854897,6.5,cycleway
12308854897,12308854898,6.0,cycleway
12308854898,12308854899,12.1,cycleway
12308854899,12308854900,6.1,cycleway
12308854900,12308854901,8.5,cycleway
12308854901,12308854902,5.8,cycleway
12308854902,12308854903,10.8,cycleway
12308854903,12308854904,7.4,cycleway
12308854904,12308854905,11.1,cycleway
12308854905,12308854906,7.3,cycleway
12308854906,12308854907,6.5,cycleway
12308854907,12308854908,6.2,cycleway
12308854908,12308854909,5.3,cycleway
12308854909,12308854910,12.6,cycleway
12308854910,12308854911,7.0,cycleway
12308854911,12308854912,7.3,cycleway
12308854912,12308854913,5.3,cycleway
12308854913,12308854914,5.2,cycleway
12308854914,12308854915,6.8,cycleway
12308854915,12308854916,5.4,cycleway
12308854916,12308854917,6.3,cycleway
12308854917,12308854918,5.8,cycleway
12308854918,12308854919,14.1,cycleway
12308854919,12308854920,10.0,cycleway
12308854920,12308854921,11.8,cycleway
12308854921,12308854922,8.7,cycleway
12308854922,12308854923,5.8,cycleway
12308854923,12308854924,5.2,cycleway
12308854924,12308854925,6.3,cycleway
12308854925,12308854926,9.6,cycleway
12308854926,12308854927,6.4,cycleway
12308854927,12308854928,7.4,cycleway
12308854928,12308854929,5.9,cycleway
12308854929,12308854930,5.9,cycleway
12308854930,12308854931,5.3,cycleway
12308854931,12308854932,6.0,cycleway
12308854932,12308854933,7.5,cycleway
12288377458,12288377516,9.5,service
12288377516,12288377459,60.0,service
12288377459,12288377460,5.1,service
12288377460,12288377461,5.8,service
12288377461,12288377462,5.4,service
12288377462,12288377463,5.9,service
12288377463,12288377464,24.2,service
12288377464,12288377465,7.3,service
12288377465,12288377466,8.2,service
12288377466,12288377467,95.0,service
12288377467,12288377468,18.6,service
12288377468,12288377469,48.0,service
12288377470,12288377481,26.3,unclassified
12288377481,12288377471,61.7,unclassified
12288377471,12288377472,23.4,unclassified
12288377471,12288377474,10.5,service
12288377474,12288377475,23.6,service
12288377454,12288377477,39.1,service
12288377477,12288377478,9.0,service
12288377478,12288377479,8.6,service
12288377479,12288377480,8.9,service
12288377480,12288377481,13.7,service
12288377481,12288377482,11.3,service
12288377482,12288377483,7.7,service
12288377483,12288377484,37.7,service
12288377484,12288377485,7.3,service
12288377485,12288377486,8.7,service
12288377486,12288377487,8.9,service
12288377487,12288377494,2.7,service
12288377494,1645075302,10.7,service
12288377494,12288377495,25.2,service
12288377509,12288377526,8.8,service
12288377526,12288377510,157.7,service
12288377510,12288377511,30.5,service
12288377512,12288377513,47.0,footway
12288377530,12288377562,9.1,service
12288377562,12288377532,13.6,service
12288377532,12288377533,50.8,service
12288377533,12288377534,19.9,service
12288377534,12288377535,48.7,service
12288377535,12288377532,18.2,service
12288377538,12288377539,30.5,service
12288377539,12288377540,37.7,service
4756571398,12288377549,19.7,service
4756571394,4756571395,38.7,unclassified
4756571395,12288377538,3.0,unclassified
12288377538,12288377536,3.0,unclassified
12288377536,12288377537,6.9,unclassified
12288377537,4756571397,7.1,unclassified
4756571397,12288377548,6.2,unclassified
12288377548,4756571398,14.9,unclassified
4756571398,12288377550,4.7,unclassified
12288377550,12288377551,5.0,unclassified
12288377551,12288377552,5.8,unclassified
12288377552,12288377553,22.9,unclassified
12288377553,12288377554,5.1,unclassified
12288377554,12288377555,4.1,unclassified
12288377555,9201303474,5.7,unclassified
9201303474,9918349391,6.4,unclassified
9918349391,4756571399,53.2,unclassified
12288377575,12296984020,53.0,unclassified
12296984020,12288377576,3.5,unclassified
12288377576,12296984013,3.4,unclassified
12296984013,12296984014,5.6,unclassified
12296984014,12296984015,9.3,unclassified
12296984015,12296984016,4.4,unclassified
12296984016,12296984017,4.1,unclassified
12296984017,12296984018,8.2,unclassified
12296984018,12296984019,7.2,unclassified
12296984019,9544711853,6.6,unclassified
12290911895,12290911896,48.5,service
12290911896,12290911897,29.0,service
12290911897,10831436510,47.1,service
10831436516,10831435188,10.6,tertiary
10831435188,13506265009,4.1,tertiary
13506265009,10831435194,26.2,tertiary
10831435194,10831435196,22.1,tertiary
10831435196,529778421,17.3,tertiary
529778421,10831435199,169.7,tertiary
529792247,529458573,16.7,tertiary
10828161885,10828161886,7.8,tertiary
10828161886,10828161887,43.6,tertiary
10828161887,10828161897,19.0,tertiary
10828161897,10828161896,19.3,tertiary
10828161896,10828161888,21.8,tertiary
10828161888,10831436513,35.1,tertiary
529470290,10828161895,65.8,tertiary
3972492227,529458568,7.9,tertiary
529458568,10857999958,12.1,tertiary
10857999958,2911126376,10.8,tertiary
10828161847,12306252512,19.9,tertiary
12306252512,4800702188,21.0,tertiary
5192963693,10828183408,45.8,secondary
12290932611,12290932612,26.4,primary_link
12290932612,12290932614,25.5,primary_link
12290932614,12290932613,13.3,primary_link
436737726,3756931683,11.0,primary
3756931683,9239317125,17.9,primary
9239317125,529470273,14.6,primary
529470273,12290932611,4.8,primary
436737719,6146988317,3.8,tertiary
6146988317,436737720,14.6,tertiary
436737720,2259058562,12.7,tertiary
2911126376,10857999956,12.3,tertiary
10857999956,10828161866,34.0,tertiary
4800702188,5192963692,41.9,secondary
12290929366,12290929367,17.5,residential
12290929367,12290929368,23.8,residential
12290929368,12290929369,30.8,residential
12290929369,12290929370,24.1,residential
12290929368,436666886,33.7,primary
436666886,12290929370,41.4,primary
12291008423,12291008424,36.2,service
12291008423,529792231,32.0,tertiary
529792231,13585868039,34.1,tertiary
13585868039,2818004363,20.2,tertiary
2818004363,529458564,90.2,tertiary
12293394877,12293394878,5.0,service
12293394890,12293394891,23.3,service
3985387262,12293396310,22.0,residential
12293396310,12293396332,4.5,residential
12293396332,12293396305,15.7,residential
12293396305,12293396306,24.3,service
12293396310,12293396311,56.0,service
12293396332,12293396333,24.7,service
12293396333,12293396334,5.8,service
12293396334,12293396335,5.5,service
12293396335,12293396336,11.7,service
12293396336,12293396337,5.1,service
12293396337,12293396338,10.4,service
12293396358,12293396361,15.2,service
12293396361,12293396359,15.6,service
12293396359,12293396360,63.9,service
12293396360,12293396362,19.2,service
12293396362,4756571470,20.3,service
12293396361,12293396362,73.3,service
12293396364,12293396383,41.9,footway
12293396383,12293396366,46.2,footway
12293396366,12293396368,46.0,footway
12293396369,12293396370,22.9,footway
12293396370,12293396371,6.7,footway
12293396371,12293396372,6.9,footway
12293396372,12293396373,6.4,footway
12293396373,12293396374,4.9,footway
12293396374,12293396375,3.7,footway
12293396383,12293396375,17.0,footway
12293396375,12293396384,8.7,footway
12293396384,12293396385,5.1,footway
12293396385,12293396386,5.1,footway
12293396355,12293396417,7.8,service
12293396417,12293396416,6.4,service
12293396416,12293396415,5.3,service
12293396415,12293396414,5.0,service
12293396414,12293396413,5.1,service
12293396413,12293396412,5.5,service
12293396412,4756571470,12.6,service
4756571470,12293396404,3.6,service
12293396404,12293396405,4.6,service
12293396405,12293396406,2.8,service
12293396406,12293396407,3.5,service
12293396407,12293396408,5.3,service
12293396408,12293396409,4.1,service
12293396409,12293396410,4.9,service
12293396410,12293396411,6.4,service
12293396411,12293396355,8.6,service
12293396414,12293396419,10.9,service
12293396419,12293396420,44.6,service
12293396420,12293396427,23.6,service
12293396427,12293396428,20.8,service
12293396428,12293396430,17.8,service
12293396430,12293396429,6.4,service
3985387267,12293396422,87.5,service
4740525272,12293396441,9.5,unclassified
12293396441,12293396440,7.4,unclassified
12293396440,12293396439,9.2,unclassified
12293396439,12293396438,15.0,unclassified
12293396438,12293396442,7.0,unclassified
12293396442,12293396443,4.3,unclassified
12293396443,12293396444,5.2,unclassified
12293396444,12293396445,4.1,unclassified
12293396445,12293396446,6.3,unclassified
12293396446,12293396434,10.2,unclassified
12296984020,12296984021,6.3,service
12296984021,12296984022,4.8,service
12296984022,12296984023,5.3,service
12296984023,12296984024,8.0,service
12296984024,12296984025,12.9,service
12296984026,12296984027,41.8,footway
12296984027,12296984028,4.6,footway
12296984028,12296984029,4.2,footway
12296984029,12296984030,4.7,footway
12296984030,12296984031,13.9,footway
12296984031,12296984032,9.0,footway
12296984032,12296984015,22.8,footway
1645075306,12296984034,37.1,service
12296984034,12296984033,34.9,service
12296984034,12296984035,39.7,footway
12296984035,12296984036,8.8,footway
12296984036,12296984037,9.3,footway
12296984037,12296984038,43.4,footway
9310065455,12304640497,5.8,service
12304640497,12296984071,8.9,service
12296984071,12296984072,4.6,service
12296984072,12296984070,16.6,service
12296984071,12296984073,51.4,service
12296984073,12304715808,10.2,service
12304715808,12296984075,14.3,service
12296984075,12304640481,4.7,service
12304640481,9310065453,11.3,service
12296984075,12296984072,47.4,service
12296984072,12296984076,27.2,service
12296984076,12296984079,28.4,service
12296984079,12296984080,8.2,service
12304715816,12296984099,60.9,unclassified
12296984099,12296988506,125.9,unclassified
12296988506,12296984098,24.1,unclassified
12296984098,12296984087,42.3,unclassified
12296984087,12296984081,24.0,unclassified
12296984087,12296984088,12.7,service
12296984088,12296984089,10.1,service
12296984089,12296984090,7.8,service
12296984090,12296984091,6.9,service
12296984091,12296984092,7.1,service
12296984092,12296984093,6.5,service
12296984093,12296984094,10.1,service
3956019764,12296988507,16.7,service
12296988507,12296984098,44.3,service
12296984100,12296988501,7.6,service
12296988501,12296988502,9.3,service
12296988502,12296988503,7.4,service
12296988503,12296988504,7.8,service
12296988504,12296988505,7.1,service
12296988505,12296988506,8.4,service
12304715821,12304715822,5.7,footway
12304715822,12304715820,4.3,footway
12304715820,12304715819,8.5,footway
12304715819,12304715818,6.7,footway
12304715818,12304715817,7.2,footway
12304715817,12304715815,11.5,footway
12304715815,12304715814,5.5,footway
12304715814,12304715813,5.1,footway
12304715813,12304715812,5.7,footway
12304715812,12304715811,6.4,footway
12304715811,12304715810,5.5,footway
12304715810,12304715809,9.4,footway
12304715809,12296988606,20.3,footway
12296988606,12296988605,19.9,footway
12296988605,12296988513,24.1,footway
12296988513,12296988512,15.8,footway
12296988512,12296988511,22.8,footway
12296988511,12296988510,14.1,footway
12296988510,12296988526,24.9,footway
12296988526,12296988584,3.7,footway
12296988584,12296984100,4.9,footway
12296984100,12296988507,19.5,footway
12296988507,12296984094,19.7,footway
12296984094,12304640495,8.7,footway
12304640495,12304640496,54.4,footway
12304640496,12304640497,47.0,footway
12304640497,12304640498,71.2,footway
12304640498,12304640499,7.3,footway
12304640499,12304640500,4.4,footway
12296988511,12296988514,7.3,footway
12296988514,12296988515,2.5,footway
12296988515,12296988516,3.1,footway
12296988516,12296988517,2.6,footway
12296988517,12296988518,2.4,footway
12296988518,12296988519,3.5,footway
12296988519,12296988520,3.8,footway
12296988520,12296988521,5.7,footway
12296988522,12296988514,4.9,footway
12296988514,12296988523,12.0,footway
12296988523,12296988524,18.9,footway
12296988524,12296988525,10.7,footway
12296988524,12296988526,11.7,footway
12296988567,12296988541,1.0,footway
12296988541,12296988542,1.0,footway
12296988542,12296988543,1.0,footway
12296988543,12296988544,1.0,footway
12296988544,12296988545,1.0,footway
12296988545,12296988527,1.0,footway
12296988527,12296988528,1.0,footway
12296988528,12296988529,1.0,footway
12296988529,12296988530,1.0,footway
12296988530,12296988535,1.0,footway
12296988535,12296988536,1.0,footway
12296988536,12296988537,1.0,footway
12296988537,12296988538,1.0,footway
12296988538,12296988539,1.0,footway
12296988539,12296988540,1.0,footway
12296988540,12296988531,1.0,footway
12296988531,12296988532,1.0,footway
12296988532,12296988533,1.0,footway
12296988533,12296988534,1.0,footway
12296988534,12296988567,1.0,footway
12296988527,12296988523,6.2,footway
12296988523,12296988510,4.2,footway
12296988536,12296988525,24.7,footway
12296988525,12296988546,4.6,footway
12296988561,12296988562,1.2,footway
12296988562,12296988563,1.2,footway
12296988563,12296988564,1.2,footway
12296988564,12296988565,1.2,footway
12296988565,12296988547,1.2,footway
12296988547,12296988548,1.2,footway
12296988548,12296988549,1.2,footway
12296988549,12296988550,1.2,footway
12296988550,12296988551,1.2,footway
12296988551,12296988557,1.2,footway
12296988557,12296988558,1.2,footway
12296988558,12296988559,1.2,footway
12296988559,12296988560,1.2,footway
12296988560,12296988552,1.2,footway
12296988552,12296988553,1.2,footway
12296988553,12296988554,1.2,footway
12296988554,12296988555,1.2,footway
12296988555,12296988556,1.2,footway
12296988556,12296988561,1.2,footway
12296988547,12296988525,15.4,footway
12296988541,12296988516,7.1,footway
12296988516,12296988566,5.8,footway
12296988566,12296988648,18.8,footway
12296988648,12296988568,6.4,footway
12296988568,12296988646,11.4,footway
12296988646,12296988620,15.2,footway
12296988620,12296988626,9.4,footway
12296988626,12296988625,8.7,footway
12296988625,12296988675,2.6,footway
12296988675,12296988663,8.5,footway
12296988663,12296988569,11.6,footway
12296988512,12296988570,7.4,footway
12296988570,12296988576,2.4,footway
12296988576,12296988568,2.7,footway
12296988568,12296988571,3.2,footway
12296988571,12296988572,3.1,footway
12296988572,12296988573,2.8,footway
12296988573,12296988574,3.8,footway
12296988574,12296988575,4.8,footway
12296988577,12296988570,6.1,footway
12296988570,12296988578,12.9,footway
12296988578,12296988621,17.0,footway
12296988560,12296988579,3.2,footway
12296988579,12296988580,4.0,footway
12296988580,12296988581,3.4,footway
12296988581,12296988582,3.9,footway
12296988582,12296988518,4.3,footway
12296988518,12296988583,5.2,footway
12296988531,12296988580,3.9,footway
12296988584,12296988585,3.9,footway
12296988585,12296988586,3.1,footway
12296988586,12296988587,3.2,footway
12296988587,12296988546,3.6,footway
12296988546,12296988588,6.4,footway
12296988588,12296988589,2.5,footway
12296988589,12296988590,2.8,footway
12296988590,12296988591,2.4,footway
12296988591,12296988592,3.2,footway
12296988592,12296988593,17.8,footway
12296988593,12296988653,30.1,footway
12296988653,12296988649,6.7,footway
12296988649,12296988651,7.6,footway
12296988651,12296988604,19.2,footway
12296988604,12296988647,16.0,footway
12296988647,12296988594,9.0,footway
12296988594,12296988662,20.1,footway
12296988561,12296988593,5.0,footway
12296988513,12296988578,4.8,footway
12296988578,12296988646,9.1,footway
12296988646,12296988645,10.6,footway
12296988645,12296988604,6.0,footway
12296988605,12296988607,5.3,footway
12296988607,12296988626,9.2,footway
12296988626,12296988616,9.1,footway
12296988616,12296988594,7.7,footway
12296988619,12296988620,3.2,footway
12296988620,12296988621,3.3,footway
12296988621,12296988622,2.3,footway
12296988622,12296988623,2.9,footway
12296988623,12296988624,2.9,footway
12296988624,12296988607,2.9,footway
12296988607,12296988608,3.1,footway
12296988608,12296988609,3.1,footway
12296988609,12296988610,3.1,footway
12296988610,12296988611,3.1,footway
12296988611,12296988625,1.8,footway
12296988625,12296988612,1.3,footway
12296988612,12296988613,3.1,footway
12296988613,12296988614,3.1,footway
12296988614,12296988615,3.1,footway
12296988615,12296988616,3.1,footway
12296988616,12296988617,2.9,footway
12296988617,12296988618,2.8,footway
12296988638,12296988639,1.2,footway
12296988639,12296988640,1.2,footway
12296988640,12296988641,1.3,footway
12296988641,12296988642,1.3,footway
12296988642,12296988643,1.2,footway
12296988643,12296988619,1.3,footway
12296988619,12296988627,1.1,footway
12296988627,12296988628,1.1,footway
12296988628,12296988629,1.1,footway
12296988629,12296988636,1.1,footway
12296988636,12296988637,1.1,footway
12296988637,12296988618,1.1,footway
12296988618,12296988630,1.3,footway
12296988630,12296988631,1.2,footway
12296988631,12296988632,1.3,footway
12296988632,12296988633,1.2,footway
12296988633,12296988634,1.2,footway
12296988634,12296988635,1.2,footway
12296988635,12296988638,1.3,footway
12296988640,12296988645,13.2,footway
12296988645,12296988572,13.1,footway
12296988572,12296988644,5.8,footway
12296988633,12296988647,6.3,footway
12296988577,12296988648,3.0,footway
12296988648,12296988644,3.8,footway
12296988522,12296988566,3.4,footway
12296988566,12296988583,3.6,footway
12296988522,12296988577,18.7,footway
12296988649,12296988650,7.5,footway
12296988651,12296988575,2.4,footway
12296988575,12296988652,5.9,footway
12296988653,12296988521,2.2,footway
12296988521,12296988654,5.9,footway
12296988583,12296988654,7.7,footway
12296988654,12296988650,4.0,footway
12296988650,12296988652,3.8,footway
12296988652,12296988644,7.4,footway
12296988577,12296988655,4.8,footway
12296988655,12296988656,2.9,footway
12296988656,12296988657,2.2,footway
12296988657,12296988658,2.2,footway
12296988658,12296988659,2.4,footway
12296988659,12296988522,6.2,footway
12296988606,12296988674,7.8,footway
12296988674,12296988663,6.8,footway
12296988663,12296988664,7.1,footway
12296988664,12296988662,9.7,footway
12296988664,12296988665,4.8,footway
12296988665,12296988666,1.4,footway
12296988666,12296988667,1.4,footway
12296988667,12296988668,1.2,footway
12296988668,12296988669,1.4,footway
12296988669,12296988675,3.9,footway
12296988675,12296988670,3.5,footway
12296988670,12296988671,1.6,footway
12296988671,12296988672,1.5,footway
12296988672,12296988673,1.5,footway
12296988673,12296988674,5.8,footway
12304640481,12304640482,38.6,footway
12304640482,12304640483,2.9,footway
12304640483,12304640484,2.7,footway
12304640484,12304640485,3.1,footway
12304640485,12304640486,3.3,footway
12304640486,12304640487,4.2,footway
12304640487,12304640488,3.4,footway
12304640488,12304640489,3.6,footway
12304640489,12304640490,4.6,footway
12304640490,12304640491,3.1,footway
12304640491,12304640492,3.4,footway
12304640492,12304640493,3.4,footway
12304640493,12304640494,3.9,footway
12304640494,12304640495,4.8,footway
12304640487,12304715801,7.9,footway
12304715801,12304715802,5.7,footway
12304715802,12304715803,4.4,footway
12304715803,12304715804,6.4,footway
12304715804,12304715805,6.1,footway
12304715805,12304715806,6.2,footway
12304715806,12304715807,6.5,footway
12304715807,12304715808,14.0,footway
4756570996,12304715816,8.3,unclassified
4658402846,12304715830,3.4,residential
12304715830,12304715831,2.9,residential
12304715831,12304715832,4.2,residential
12304715832,12304715834,5.4,residential
12304715834,12304715836,4.4,residential
12304715836,1645075287,7.1,residential
12304715829,12304715837,5.2,residential
12304715837,12304715838,3.9,residential
12304715838,12304715839,4.4,residential
12304715839,4658402846,11.2,residential
12304715843,12304715844,27.8,footway
9544711849,12304715852,25.8,footway
12304715862,12304715863,105.7,service
12304715863,12304715864,50.3,service
12304715863,12304715865,68.6,service
12304715866,12304715867,61.0,service
12304715867,12304715873,3.1,service
12304715873,12304715868,3.5,service
12304715868,12304715869,6.5,service
12304715869,12304715870,56.5,service
12304715870,6286280249,81.8,service
12304715872,12304715873,46.0,footway
12304715874,12304715875,31.0,footway
12304715885,12304715889,13.8,steps
12304715889,12304715886,14.2,steps
12304715887,12304715890,13.8,steps
12304715890,12304715888,14.2,steps
12304715889,12304715890,16.5,footway
12304715894,12304715895,44.0,service
12305995624,9201335510,17.4,footway
12305995649,12305995650,47.1,service
12305995650,12308827462,149.5,service
12308827462,12308827498,10.4,service
12308827498,12308827499,4.9,service
12308827499,12308827497,6.5,service
12308827497,12308827500,98.9,service
12308827500,8137538293,31.7,service
8481047426,8481047425,80.8,unclassified
8481047425,12525941058,84.4,unclassified
12525941058,11507258934,15.7,unclassified
530286880,10883977435,7.2,residential
10883977435,2259058365,34.8,tertiary
2259058365,10883977436,23.5,tertiary
10883977436,10883977451,8.3,tertiary
10883977454,10883977438,33.0,tertiary
10883977438,2259058610,4.6,primary
3076736296,10831436516,37.0,primary
10828183408,5192963691,39.5,tertiary
12290932613,436737726,28.8,primary
12305995650,12305995648,4.3,service
12305995648,12308827450,32.8,service
12308827450,12308827456,14.4,service
12308827456,12308827455,17.6,service
12308827455,12308827449,110.7,service
12308827450,12308827453,28.9,service
12308827453,12308827452,10.9,service
12308827452,12308827451,9.7,service
12308827453,12308827457,14.0,service
12308827457,12308827454,16.2,service
12308827454,12308827455,28.2,service
12308827456,12308827457,28.5,service
12308827462,12308827472,7.9,service
12308827472,12308827466,17.0,service
12308827466,12308827468,14.8,service
12308827468,12308827469,11.3,service
12308827469,5533770072,28.0,service
12308854933,12308854934,159.8,cycleway
12308854934,12308854935,3.8,cycleway
12308854935,12308854936,5.1,cycleway
12308854936,12308854937,2.8,cycleway
12308854937,12310457820,10.7,cycleway
12310457820,12310457815,7.6,cycleway
12310457815,12310457816,5.3,cycleway
12310457816,12310457817,5.9,cycleway
12310457817,12310457818,6.4,cycleway
12310457818,12313953889,20.9,cycleway
12313953889,12313953892,30.8,cycleway
12313953892,12310457819,66.8,cycleway
12310457819,12310457833,6.1,cycleway
12310457833,12310457834,5.9,cycleway
12310457834,12310457840,6.3,cycleway
12310457840,12310457835,11.7,cycleway
12310457835,12310457836,36.5,cycleway
12310457836,12310457837,18.7,cycleway
12310457837,12310457838,25.1,cycleway
12310457838,12310457839,20.6,cycleway
12310457839,12310457842,111.3,cycleway
12310457842,12310457841,83.0,cycleway
12310457841,12310457844,8.0,cycleway
12310457844,12310457843,10.7,cycleway
12310457843,12318706867,14.2,cycleway
12318706867,12318706868,10.9,cycleway
12318706868,12318706869,203.2,cycleway
12318706869,12318706870,161.7,cycleway
12318706870,12318706871,33.3,cycleway
12318706871,12318706874,23.8,cycleway
12318706874,12318706875,27.0,cycleway
12318706875,12318706876,196.4,cycleway
12318706876,12318709169,32.9,cycleway
12318709169,12318709170,37.8,cycleway
12318709170,12318709171,128.0,cycleway
12318709171,12318709172,101.7,cycleway
12318709172,12318709173,18.8,cycleway
12318709173,12318709174,15.8,cycleway
12318709174,12318709175,12.1,cycleway
12318709175,12318709176,10.5,cycleway
12318709176,12318709177,10.3,cycleway
12318709177,12318709180,13.5,cycleway
12318709180,12318709181,13.9,cycleway
12318709181,12318709182,12.7,cycleway
12318709182,12318709183,13.1,cycleway
12318709183,12318709193,12.4,cycleway
12318709193,12318709194,11.0,cycleway
12318709194,12318709201,2.4,cycleway
12318709201,12318709195,4.7,cycleway
4740205162,12310457837,8.6,service
12310457837,12310457825,32.0,service
12310457825,12310457826,4.8,service
12310457826,12310457827,4.1,service
12310457827,12310457828,4.1,service
12310457828,12310457829,5.6,service
12310457829,4677735371,54.1,service
12311483262,12311483263,16.2,path
12311483263,12311483264,29.9,path
12311483264,12311483265,8.7,path
12311483265,12311483266,12.5,path
12311483266,12311483267,7.3,path
12311483267,12311483268,5.9,path
12311483269,12311483270,11.6,footway
12311483270,12311483271,17.8,footway
12311483271,12311483275,46.9,footway
12311483275,12311483272,52.3,footway
12311483272,12311483273,22.0,footway
12311483273,12311483274,15.8,footway
12311483275,12311483276,11.6,path
12311483276,12311483277,6.2,path
12311483277,12311483278,8.7,path
12311483278,12311483279,6.9,path
12311483279,12311483280,10.9,path
12311483280,12311483281,8.3,path
12311483281,12311483282,16.5,path
12311483282,12311483283,5.4,path
12311483283,12311483284,7.0,path
12311483284,12311483285,6.3,path
12311483285,12311483286,5.1,path
12311483286,12311483287,5.1,path
12311483287,12311483288,3.7,path
12311483288,12311483289,5.2,path
12311483289,12311483290,4.4,path
12311483290,12311483291,5.0,path
12311483291,12311483292,9.5,path
12311483292,12311483293,5.5,path
12311483293,12311483294,6.7,path
12311483294,12311483295,6.0,path
12311483295,12311483297,2.5,path
12311483297,12311483296,5.8,path
12311483298,12311483299,26.2,path
12311483299,12311483300,16.7,path
12311483300,12311524201,16.5,path
12311524201,12311524202,21.4,path
12311524202,12311524203,23.4,path
12311524203,12311524204,22.4,path
12311524204,12311524205,13.6,path
529804002,5982233051,13.1,footway
5982233051,10828183452,17.6,footway
10828183452,10828183453,16.0,footway
10828183453,10828183454,9.4,footway
10828183454,10828183473,7.0,footway
10828183473,5224663701,8.3,footway
12311524226,12311524229,9.3,path
12311524229,12311524227,11.5,path
12311524227,12311524228,55.8,path
12311524230,12311524231,20.4,path
12311524231,12311524232,32.2,path
12311524232,12311524233,18.5,path
12311524233,12311524234,19.5,path
12311524234,12311524235,15.6,path
12311524235,12311524236,12.5,path
12311524239,12311524240,62.6,path
12311524240,529803999,55.0,path
12311524240,12311524241,17.9,path
12311524241,12311524242,27.5,path
12311524242,529804000,16.9,path
529804000,12311524243,34.5,path
12311524243,12311524244,24.7,path
12311524244,12311524245,34.9,path
12311524245,12311524246,14.7,path
12311524246,12311524247,21.0,path
12311524247,12311524248,13.5,path
12311524248,12311524249,11.3,path
12311524249,12311524250,15.0,path
12311524250,12311524251,18.5,path
12313953888,12313953889,8.2,service
12313953889,12438050016,32.9,service
12438050016,12313953887,20.2,service
12313953891,12313953892,8.1,service
12313953892,12313953890,52.8,service
12313953893,12313953894,50.0,service
12313953896,12313953897,49.5,service
12313959013,12313959017,160.5,cycleway
12313959009,12313959015,9.1,footway
12313959015,12313959014,9.4,footway
7591947439,12327802140,124.5,cycleway
12327802140,12327802139,17.3,cycleway
12327802139,12327802138,7.2,cycleway
12327802138,12327802137,8.0,cycleway
12327802137,12327802136,6.9,cycleway
12327802136,12327802135,5.8,cycleway
12327802135,12327802134,6.0,cycleway
12327802134,12327802133,6.0,cycleway
12327802133,12327802132,8.7,cycleway
12327802132,12327802131,18.1,cycleway
12327802131,12327802129,99.4,cycleway
12327802129,12327802130,33.4,cycleway
12327802130,12327802128,11.2,cycleway
12327802128,12327802127,23.6,cycleway
12327802127,12315451687,19.3,cycleway
12315451687,12315451686,11.6,cycleway
12315451686,12315451685,10.9,cycleway
12315451685,12315451684,11.6,cycleway
12315451684,12315451683,14.5,cycleway
12315451683,12313959016,34.7,cycleway
12313959016,12313959009,65.0,cycleway
12313959009,12313959010,5.0,cycleway
12313959010,12313959011,4.3,cycleway
12313959011,12313959012,2.6,cycleway
12313959012,12313959013,3.4,cycleway
12310457814,12315451688,70.4,service
12315451683,12315451689,8.1,footway
12315455186,12315455182,24.7,footway
12315455182,12315455181,43.4,footway
12315455181,12315455116,12.4,footway
12315455116,12315451689,12.1,footway
12315451689,12315451693,34.7,footway
12315451693,12315451690,27.2,footway
12315451690,12315451691,3.2,footway
12315451691,12315451692,36.8,footway
12313959016,12315451693,8.2,footway
12315455112,12315451694,6.1,footway
12315451694,12315451695,6.4,footway
12315451695,12315451696,6.4,footway
12315451696,12315451697,6.4,footway
12315451697,12315451698,6.4,footway
12315451698,12315451699,6.4,footway
12315451699,12315451700,6.4,footway
12315451700,12315455101,6.4,footway
12315455101,12315455102,6.4,footway
12315455102,12315455103,6.4,footway
12315455103,12315455104,6.1,footway
12315455104,12315455105,6.1,footway
12315455105,12315455106,6.1,footway
12315455106,12315455107,6.1,footway
12315455107,12315455108,6.1,footway
12315455108,12315455109,6.1,footway
12315455109,12315455110,6.1,footway
12315455110,12315455111,6.1,footway
12315455111,12315455112,6.1,footway
12315455104,12315455113,6.8,footway
12315455113,12315455114,5.0,footway
12315455114,12315455115,6.1,footway
12315455115,12315455268,4.6,footway
12315455268,12315455116,3.8,footway
12315451689,12315455117,8.0,footway
12315455117,12315455118,6.0,footway
12315455118,12315455119,5.7,footway
12315455119,12315455120,5.5,footway
12315455120,12315455121,6.2,footway
12315455121,12315455122,5.5,footway
12315455122,12315455123,7.5,footway
12315455123,12315455124,8.0,footway
12315455124,12315455125,6.6,footway
12315455125,12315455126,6.9,footway
12315455126,12315455127,8.0,footway
12315455127,12315455128,7.7,footway
12315455128,12315455187,8.3,footway
12315455187,12315455188,8.3,footway
12315455188,12315455189,7.4,footway
12315455189,12315455190,8.9,footway
12315455190,12315455191,8.4,footway
12315455191,12315455266,2.0,footway
12315455266,12315455192,6.5,footway
12315455192,12315455193,7.4,footway
12315455193,12315455194,9.2,footway
12315455194,12315455195,9.2,footway
12315455195,12315455196,7.8,footway
12315455196,12315455197,6.2,footway
12315455197,12315455198,8.0,footway
12315455118,12315455129,20.4,footway
12315455129,12315455130,7.6,footway
12315455130,12315455131,14.7,footway
12315455131,12315455199,8.3,footway
12315455199,12315455200,7.9,footway
12315451690,12315455132,8.0,footway
12315455132,12315455133,7.1,footway
12315455133,12315455134,7.6,footway
12315455134,12315455131,7.9,footway
12315455131,12315455135,8.9,footway
12315455135,12315455136,9.9,footway
12315455136,12315455142,1.9,footway
12315455142,12315455137,6.5,footway
12315455137,12315455126,11.8,footway
12315455129,12315455138,5.7,footway
12315455138,12315455139,6.7,footway
12315455139,12315455140,6.2,footway
12315455140,12315455141,4.7,footway
12315455141,12315455142,5.6,footway
12315455157,12315455158,12.2,service
12315455158,12315455159,9.7,service
12315455159,12315455160,10.6,service
12315455160,12315455161,10.4,service
12315455161,12315455162,14.1,service
12315455162,12315455163,29.1,service
12315455163,12315455164,8.4,service
12315455164,12315455165,7.5,service
12315455165,12315455166,7.0,service
12315455166,12315455167,6.7,service
12315455167,12315455168,4.9,service
12315455168,12315455169,4.0,service
12315455169,12315455170,3.4,service
12315455170,12315455171,3.7,service
12315455171,12315455172,4.0,service
12315455172,12315455173,9.6,service
12315455173,12315455174,2.8,service
12315455174,12315455175,3.4,service
12315455175,12315455176,3.4,service
12315455176,12315455177,7.0,service
12315455191,12315455252,10.2,footway
12315455252,12315455253,10.9,footway
12315455253,12315455254,10.3,footway
12315455254,12315455255,10.3,footway
12315455255,12315455277,2.3,footway
12315455277,12315455256,7.4,footway
12315455256,12315455257,9.0,footway
12315455257,12315455258,8.8,footway
12315455258,12315455259,9.3,footway
12315455259,12315455260,8.6,footway
12315455260,12315455261,14.6,footway
12315455261,12315455262,7.8,footway
12315455262,12315455263,7.2,footway
12315455263,12315455264,7.0,footway
12315455264,12315455265,8.4,footway
12315455266,12315455267,22.6,footway
12315455267,12315451697,9.2,footway
12315455268,12315455269,7.8,footway
12315455269,12315455270,10.5,footway
12315455270,12315455198,10.4,footway
12315455253,12315455271,10.7,footway
12315455271,12315455272,7.2,footway
12315455272,12315455273,9.5,footway
12315455273,12315455274,3.7,footway
12315455198,12315455275,10.2,footway
12315455275,12315455278,6.5,footway
12315455278,12315455274,4.0,footway
12315455274,12315455276,10.2,footway
12315455276,12315455281,13.0,footway
12315455281,12315455277,5.6,footway
12315455182,12315455279,8.2,footway
12315455279,12315455278,9.3,footway
12315455198,12315455279,21.0,footway
12315455279,12315455280,26.5,footway
12315455186,12315455280,9.3,footway
12315455280,12315455281,8.5,footway
12315455281,12315455253,22.2,footway
12315455285,12327802130,10.1,service
12327802130,12315455292,5.3,service
12315455292,12315455293,32.8,service
12315455293,12327802129,5.9,service
12327802129,12315455294,9.5,service
4740525301,12304715960,6.1,primary
12304715960,12304715959,26.7,primary
12304715959,4740525300,19.6,primary
4740525300,13533523200,14.9,primary
13533523200,12304715957,14.2,primary
12304715957,4740549427,12.0,primary
4740549427,13533526602,9.6,primary
13533526602,13533526601,8.5,primary
13533526601,436911707,7.7,primary
12315455317,12315455320,15.3,primary_link
12315455320,12315455321,5.0,primary_link
12315455321,12315455322,4.2,primary_link
12315455322,12315455323,3.6,primary_link
12315455323,12315455324,3.7,primary_link
12315455324,12315455325,3.1,primary_link
12315455325,12315455326,4.0,primary_link
12315455326,4658402957,5.9,primary_link
4658402957,12315455327,23.0,primary_link
12315455327,12315455328,13.6,primary_link
12315455328,4740525309,27.6,primary_link
12318706826,12318706827,17.2,service
12318706827,12318706828,19.7,service
9208701552,9208701553,30.4,service
9208701551,12318706840,5.0,service
12318706840,12318706841,3.3,service
12318706841,12318706842,3.8,service
12318706842,12318706843,10.5,service
12318706843,12318706844,3.3,service
12318706844,12318706845,4.2,service
12318706845,12318706846,17.4,service
4677674457,12318706855,40.6,footway
12318706855,12318706856,13.6,footway
12318706856,12318706857,6.8,footway
12318706857,12318706858,4.5,footway
12318706858,12318706859,27.6,footway
12318706859,12318706860,25.2,footway
12318706860,12318706861,22.6,footway
12318706861,12318706862,6.4,footway
12318706862,12318706853,39.4,footway
12318706863,12318706864,40.5,footway
12318706864,12318706865,7.7,footway
12318706865,12318706866,10.5,footway
4736916092,12318706881,10.4,primary
12318706881,3743134835,8.6,primary
3743134835,3956007602,9.3,primary
3956007602,3956007603,11.4,primary
3956007603,12318706880,224.5,primary
12318706880,12318706879,21.9,primary
12318706879,12318706878,20.6,primary
12318706878,12318706877,19.1,primary
12318706877,3956007608,17.3,primary
12305973895,12318709013,4.3,footway
12318709013,12318709014,5.1,footway
12318709014,12318709015,276.8,footway
12318709015,12318709016,3.8,footway
12318709016,12318709017,28.5,footway
12318709017,12318709018,110.1,footway
12318709018,12318709019,272.7,footway
12318709019,12318709020,10.0,footway
12318709020,12318709021,91.6,footway
12318709021,12318709022,134.3,footway
12318709022,12318709023,104.2,footway
12318709111,12318709097,26.5,footway
12318709097,12318709096,5.3,footway
12318709096,12318709095,5.8,footway
12318709095,12318709094,5.2,footway
12318709094,12318709093,10.4,footway
12318709093,12318709092,6.2,footway
12318709092,12318709091,6.3,footway
12318709091,12318709090,5.5,footway
12318709090,12318709089,5.8,footway
12318709089,12318709088,11.7,footway
12318709088,12318709087,5.7,footway
12318709087,12318709086,6.3,footway
12318709086,12318709085,6.5,footway
12318709085,12318709084,5.2,footway
12318709084,12318709083,8.7,footway
12318709083,12318709082,6.0,footway
12318709082,12318709081,5.9,footway
12318709081,12318709080,6.3,footway
12318709080,12318709079,5.5,footway
12318709079,12318709078,5.6,footway
12318709078,12318709077,10.1,footway
12318709077,12318709076,5.8,footway
12318709076,12318709075,5.2,footway
12318709075,12318709074,5.3,footway
12318709074,12318709073,4.7,footway
12318709073,12318709072,4.9,footway
12318709072,12318709071,6.4,footway
12318709071,12318709070,6.0,footway
12318709070,12318709068,5.0,footway
12318709068,12318709067,6.4,footway
12318709067,12318709066,5.8,footway
12318709066,12318709065,5.2,footway
12318709065,12318709064,12.3,footway
12318709064,12318709063,5.2,footway
12318709063,12318709043,4.4,footway
12318709043,12318709042,25.9,footway
12318709042,12318709041,7.2,footway
12318709041,12318709040,6.7,footway
12318709040,12318709039,11.2,footway
12318709039,12318709038,7.4,footway
12318709038,12318709037,5.7,footway
12318709037,12318709036,5.2,footway
12318709036,12318709035,5.8,footway
12318709035,12318709034,5.5,footway
12318709034,12318709033,4.2,footway
12318709033,12318709032,7.2,footway
12318709032,12318709031,6.4,footway
12318709031,12318709027,18.5,footway
12318709027,12318709026,38.9,footway
12318709026,12318709025,82.6,footway
12318709143,12318709145,37.4,service
12318709145,12318709146,7.8,service
12318709146,12318709147,7.1,service
12318709147,12318709148,7.7,service
12318709148,12318709149,28.5,service
12318709150,12318709151,17.6,footway
12318709151,12318709152,8.2,footway
12318709152,12318709153,7.0,footway
12318709153,12318709154,11.0,footway
12318709154,12318709155,9.8,footway
12318709155,12318709156,13.9,footway
12318709158,12318709159,56.3,service
4677735295,12318709160,57.1,service
6200369482,12318709163,10.9,unclassified
12318709163,4677735294,16.5,unclassified
4677735294,9342272155,33.3,unclassified
9342272155,12318709164,11.5,unclassified
12318709164,12318709165,11.0,unclassified
12318709165,12318709167,13.7,unclassified
12318709167,12318709166,26.4,unclassified
12318709185,12318709201,7.4,service
12318709201,12327752143,3.4,service
12327752143,12318709202,5.5,service
12318709202,12318709203,8.8,service
12318709203,12318709204,10.6,service
12318709204,12318709205,5.0,service
12318709205,12318709206,4.2,service
12318709206,12318709207,4.1,service
12318709207,12318709208,4.2,service
12318709208,12318709228,7.8,service
12318709228,12318709229,7.1,service
12318709229,12318709230,6.8,service
12318709230,12318709231,13.4,service
12318709231,12318709232,14.2,service
12318709232,12318709212,16.5,service
12318709212,12318709233,9.9,service
12318709233,12318709234,8.5,service
12318709234,12318709235,9.9,service
12318709235,12318709236,71.4,service
12318709236,12318709247,23.1,service
12318709247,12318709248,21.0,service
12318709248,12318709249,20.7,service
12318709249,12318709250,15.7,service
12318709250,12318709251,17.7,service
12318709251,12318709252,11.0,service
12318709252,12318709254,12.4,service
12318709254,12318709255,176.3,service
12318709255,12358246711,70.4,service
12358246711,12358246718,42.0,service
12358246718,12358246712,24.1,service
12358246712,12358246743,23.8,service
12358246743,12318709256,3.2,service
12318709256,12318709257,38.2,service
12318709257,12318709258,5.9,service
12318709258,12318709259,5.1,service
12318709259,12318709260,5.4,service
12318709260,12318709261,4.8,service
12318709261,12318709262,5.9,service
12318709262,12358246760,7.7,service
12358246760,12318709263,2.1,service
12318709263,12318709264,8.7,service
12318709264,12358246759,11.5,service
12358246759,12318709265,2.3,service
12318709265,12318709227,63.3,service
12318709227,12318709253,45.3,service
12318709253,12318709284,26.0,service
12318709284,12327752164,26.2,service
12318709237,12318709238,28.4,footway
12318709240,12318709237,11.1,steps
12318709237,12318709239,12.4,steps
12318709238,12318709241,2.4,steps
12318709241,12318709242,3.2,steps
12318709242,12318709243,3.1,steps
12318709243,12318709244,2.2,steps
12318709244,12318709245,2.7,steps
12318709245,12318709246,5.3,steps
12318709195,12318709267,12.6,footway
12318709267,12318709268,16.4,footway
12318709268,12318709269,16.8,footway
12318709269,12318709270,54.6,footway
12318709270,12318709271,15.3,footway
12318709271,12318709272,25.8,footway
12318709272,12318709273,12.2,footway
12318709273,12318709274,23.7,footway
12318709274,12318709281,23.8,footway
12318709281,12318709282,28.4,footway
12318709282,12318709283,29.0,footway
12318709283,12318709285,21.7,footway
12318709285,12318709286,27.6,footway
12318709286,12318709287,31.4,footway
12318709287,12318709288,32.9,footway
12318709288,12318709289,88.4,footway
12318709289,12318709299,162.8,footway
12318709299,12318709294,8.8,footway
12318709294,12318709295,29.1,footway
12318709295,12318709298,58.7,footway
12318709298,12318709297,57.3,footway
12318709297,12318709296,46.5,footway
12318709296,12358004422,11.3,footway
12358004422,12318709284,16.2,footway
12318709239,12318709275,3.6,footway
12318709275,12318709272,4.6,footway
12318709240,12318709276,2.8,footway
12318709276,12318709274,6.0,footway
12318709283,12318709251,12.4,steps
12318709289,12318709255,14.9,steps
12318709298,12318709265,10.4,steps
12318709256,12318709299,12.9,steps
12318709300,12318709301,29.2,footway
12318709302,12318709300,11.1,steps
12318709300,12318709303,12.1,steps
12318709303,12318709294,4.0,footway
12318709302,12318709295,5.3,footway
12318709268,12327752144,18.3,steps
12327752167,12327752168,24.7,primary
3956007568,12327752167,13.9,primary
12327752181,12327752182,34.8,service
12327752183,12327752184,25.4,footway
12327752185,12327752186,28.2,footway
12327752189,12327752190,45.9,service
12327752190,12327752191,21.6,service
4658585817,12327752198,28.8,footway
12327752199,12327752200,22.2,footway
12327802101,12327802102,35.1,footway
12327802103,12327802104,30.0,footway
12327802105,12327802106,45.0,footway
12327802107,12327802108,23.5,footway
12327802109,12327802110,26.6,footway
12327802113,12327802114,89.0,service
12327802120,12327802122,27.5,footway
12327802122,12327802121,29.1,footway
12327802122,12327802123,50.4,footway
12327802123,12327802124,27.5,footway
10831435193,10831436516,37.0,tertiary
10831436516,414664590,6.2,primary
12338850251,12338850252,6.2,tertiary_link
12338850252,12338850253,5.1,tertiary_link
12338850253,12338850254,8.3,tertiary_link
12338850257,12338850258,28.1,tertiary_link
12338850258,12338850259,6.7,tertiary_link
12338850259,12338850248,18.0,tertiary_link
12338850265,12338850266,15.3,residential
12338850266,12338850267,5.5,residential
12338850267,12338850268,8.1,residential
12338850264,12338850273,17.3,residential
12338850273,12338850270,10.5,residential
12338850270,12338850271,17.2,residential
12338850271,530290021,26.5,residential
12338935695,6015522825,78.0,residential
12342361331,12342361329,10.3,residential
12342361329,12342361328,10.5,residential
12342361328,12342361327,13.3,residential
12342361327,12342361326,22.9,residential
12342361326,12342361342,2.1,residential
12342361342,12342361325,2.7,residential
12342361325,12342361324,3.7,residential
12342361324,12342361323,13.4,residential
12342361323,12342361322,23.9,residential
12342361331,12342361332,8.4,service
12342361332,12342361333,9.8,service
12342361333,12342361334,15.8,service
12342361334,12342361335,26.9,service
10831436500,12342361330,19.3,residential
12342361330,12342361331,1.2,residential
12342361381,12342361382,34.5,service
12342361439,12342361440,34.2,service
12342361440,12342361441,43.7,service
12342810163,12342810164,10.4,residential
12342810164,12342810165,19.2,residential
12342810165,903866853,46.8,residential
12342810165,12342810166,23.7,service
12342880591,12342880597,16.9,service
12342880597,12342880592,37.3,service
12342880592,12342880593,2.7,service
12342880593,12342880594,10.9,service
12342880594,12342880595,3.9,service
12342880595,12342880596,52.2,service
12342880597,12342880598,15.1,service
12342880598,12342880599,32.8,service
12342880599,529458563,28.8,service
12342880600,12342937701,76.8,residential
12342937701,12342937702,36.8,residential
12342880599,12342937703,26.4,service
12342937718,12342937719,72.8,service
12342937726,12342937725,25.7,residential
12342937725,12342937720,23.3,residential
12342937720,12342937721,38.6,residential
12342937721,12342937722,38.5,residential
12342937722,12342937723,42.8,residential
12342937723,12342937719,8.5,residential
12342937719,12342937724,13.3,residential
12342937793,12342937794,134.9,residential
12342937794,529804460,38.3,residential
12318709195,12318709196,8.6,cycleway
12318709196,12318709197,6.2,cycleway
12318709197,12318709198,4.8,cycleway
12318709198,12318709199,5.2,cycleway
12318709199,12318709200,4.3,cycleway
12318709200,12318709209,6.4,cycleway
12318709209,12327752144,10.0,cycleway
12327752144,12318709210,2.6,cycleway
12318709210,12318709211,13.2,cycleway
12318709211,12318709212,12.8,cycleway
12318709212,12318709213,42.5,cycleway
12318709213,12318709214,9.9,cycleway
12318709214,12318709215,40.1,cycleway
12318709215,12318709216,31.3,cycleway
12318709216,12318709217,13.6,cycleway
12318709217,12318709218,66.7,cycleway
12318709218,12318709219,91.0,cycleway
12318709219,12318709220,58.3,cycleway
12318709220,12318709221,111.8,cycleway
12318709221,12358246715,16.8,cycleway
12358246715,12318709222,49.5,cycleway
12318709222,12358246744,30.1,cycleway
12358246744,12358246745,29.6,cycleway
12358246745,12318709223,18.0,cycleway
12318709223,12318709224,14.7,cycleway
12318709224,12318709225,28.5,cycleway
12318709225,12318709226,65.6,cycleway
12318709226,12318709227,35.7,cycleway
12318709227,12318709253,45.3,cycleway
12318709253,12318709284,26.0,cycleway
12318709284,12327752164,26.2,cycleway
12327752164,12358246764,5.3,cycleway
12358246764,12327752165,22.1,cycleway
12327752165,12358004423,21.2,cycleway
12358004423,12358004424,10.2,cycleway
12358004424,12358004425,8.4,cycleway
12358004425,12358004426,8.3,cycleway
12358004426,6647012047,21.3,cycleway
6647012047,12358004427,17.2,cycleway
12358004427,12358004428,51.4,cycleway
12358004428,12358004442,197.2,cycleway
4736916100,12358004421,33.1,primary
12358004421,4736916098,27.0,primary
12327752164,12358004429,48.9,service
12358004421,12327752164,30.4,service
12327752165,12358004446,11.1,footway
12358004446,12358004430,55.3,footway
12358004430,12358004445,160.5,footway
12358004445,12358004453,11.3,footway
12358004453,12358004477,70.7,footway
12318709266,12358004431,45.2,service
12358004431,12358004432,21.6,service
12358004432,12358004437,16.6,service
12358004437,12358004438,17.4,service
12358004438,12358004443,126.9,service
12318709266,12358004427,7.6,service
12358004427,6647012047,17.2,service
6647012047,12358004426,21.3,service
12358004426,12358004425,8.3,service
12358004425,12358004424,8.4,service
12358004424,12358004423,10.2,service
12358004423,12327752165,21.2,service
12327752165,12358246764,22.1,service
12358246764,12327752164,5.3,service
12358004444,12358004454,35.9,service
12358004454,12358004439,91.5,service
12358004439,12358004441,18.0,service
12358004441,12358004440,16.2,service
12358004440,12318709266,21.3,service
12358004440,12358004432,45.4,service
12358004441,12358004437,45.7,service
12358004439,12358004438,45.5,service
12358004430,6647012047,14.3,steps
12358004444,12358004452,13.4,service
12358004452,12358004450,15.8,service
12358004450,12358004443,17.5,service
12358004453,12358004454,14.7,steps
12358004476,12358004477,16.7,service
12358004477,12358004478,12.4,service
12358004478,12358004479,10.8,service
12358004479,12358004480,8.1,service
12358004480,12358004481,24.0,service
12358004481,12358004482,4.2,service
12358004482,12358004483,4.2,service
12358004483,12358004484,4.2,service
12358004484,12358004485,5.5,service
12358004445,4736916109,16.0,steps
12358010037,12358010038,49.2,service
12358010041,12358010042,53.6,service
12358246711,12358246735,12.1,footway
12358246735,12358246742,16.5,footway
12358246742,12358246728,6.6,footway
12358246728,12318709221,7.4,footway
12358246712,12358246717,11.3,footway
12358246717,12358246729,6.7,footway
12358246729,12358246721,13.3,footway
12358246721,12358246713,3.4,footway
12358246713,12358246719,23.3,footway
12358246719,12358246714,25.5,footway
12358246715,12358246714,7.9,footway
12358246714,12358246727,3.7,footway
12358246727,12358246733,12.7,footway
12358246733,12358246716,6.9,footway
12358246716,12358246720,23.9,footway
12358246720,12358246717,23.8,footway
12358246718,12358246720,11.3,footway
12358246720,12358246730,4.0,footway
12358246730,12358246724,7.7,footway
12358246724,12358246719,11.7,footway
12358246721,12358246722,8.1,footway
12358246722,12358246723,8.2,footway
12358246723,12358246724,9.0,footway
12358246724,12358246725,6.7,footway
12358246725,12358246726,9.0,footway
12358246726,12358246727,10.7,footway
12358246727,12358246728,17.9,footway
12358246729,12358246730,23.9,footway
12358246730,12358246731,8.1,footway
12358246731,12358246732,8.4,footway
12358246732,12358246733,8.0,footway
12358246733,12358246734,4.4,footway
12358246735,12358246736,4.8,footway
12358246736,12358246737,3.9,footway
12358246737,12358246738,3.5,footway
12358246738,12358246734,4.4,footway
12358246734,12358246739,3.4,footway
12358246739,12358246740,3.9,footway
12358246740,12358246741,4.8,footway
12358246741,12358246742,6.4,footway
12358246743,12358246747,19.3,footway
12358246747,12358246751,11.0,footway
12358246751,12358246744,12.7,footway
12318709259,12358246749,23.1,footway
12358246749,12358246746,7.2,footway
12358246746,12358246745,13.4,footway
12318709224,12358246746,28.2,footway
12358246746,12358246750,14.3,footway
12358246750,12358246747,25.5,footway
12358246747,12358246717,28.0,footway
12358246758,12358246757,7.8,footway
12358246757,12358246756,8.3,footway
12358246756,12358246755,6.8,footway
12358246755,12358246761,2.4,footway
12358246761,12358246754,5.3,footway
12358246754,12358246753,4.5,footway
12358246753,12358246752,3.9,footway
12358246752,12358246748,3.6,footway
12358246748,12358246749,11.7,footway
12358246749,12358246750,16.6,footway
12358246750,12358246751,23.0,footway
12358246751,12358246713,28.8,footway
12358246759,12358246758,24.5,footway
12358246758,12318709225,13.0,footway
12358246760,12358246761,21.3,footway
12318709226,12358246762,63.7,footway
12318709253,12358246763,18.3,footway
12358246763,12358246762,35.3,footway
12358246764,12358246771,14.1,footway
12358246771,12358246765,11.3,footway
12358246765,12358246766,16.4,footway
12358246766,12358246767,40.0,footway
12358246767,12358246768,9.8,footway
12358246768,12358246769,28.3,footway
12358246769,12358246762,13.5,footway
12358246769,12358246770,42.4,footway
12358246770,12358246771,31.2,footway
4677735223,4677735225,25.7,residential
4677735225,12381251691,6.5,residential
12381251691,12381251692,7.2,residential
12381251692,12381251693,7.1,residential
12381251693,4677735271,7.0,residential
4677735271,12381251695,6.4,residential
12381251695,12381251696,7.0,residential
12381251696,4677735226,9.1,residential
4677735226,4677735227,60.0,residential
12381251687,12381251688,16.9,footway
12381251688,12381251689,89.2,footway
12381251689,12381251690,157.7,footway
12381251690,4677735256,8.1,footway
12381251686,9211959812,29.6,residential
6647012025,12381251697,4.0,tertiary_link
12381251697,12381251698,4.4,tertiary_link
12381251698,12381266307,2.1,tertiary_link
12381266307,12381251699,2.5,tertiary_link
12381251699,12381251700,5.5,tertiary_link
12381251700,12381266301,5.2,tertiary_link
12381266301,12381266302,4.9,tertiary_link
12381266302,12381266303,5.0,tertiary_link
12318709246,12381266305,3.0,footway
12381266305,12381266304,8.6,footway
12318709246,12381266307,4.7,footway
12381266307,12381266306,4.7,footway
3956007586,12381266308,7.8,service
12381266308,12381266311,25.5,service
12381266311,12381266309,20.3,service
12381266309,12381266310,38.1,service
12381266311,12381266312,41.9,service
12381266308,12381266313,41.4,service
12381266314,12381266315,29.3,service
12381266317,12318709301,12.9,steps
12318709301,12381266318,13.1,steps
4736916098,12381266319,7.7,tertiary
12381266319,3956007568,10.4,tertiary
4677614570,12381266323,9.5,tertiary_link
12381266323,12381266324,4.9,tertiary_link
12381266324,12381266325,4.8,tertiary_link
12381266325,12381266326,4.7,tertiary_link
12381266326,12381266327,5.6,tertiary_link
12381266327,12381266322,8.3,tertiary_link
12381266329,12381266330,29.6,footway
12385816080,12385816081,8.9,steps
12385816082,12385816080,5.6,path
12385816085,12385816084,22.1,steps
529815679,12385816089,32.6,path
12385816089,12385816088,23.5,path
12385816088,12385816087,25.6,path
12385816087,12385816086,28.8,path
12385816086,2818013369,47.8,path
12385823579,13584911284,55.3,unclassified
13584911284,12385823578,78.1,unclassified
12385823583,12385823580,32.6,service
12385823580,13583414392,7.6,service
13583414392,12385823581,12.3,service
12385823581,12385823582,32.6,service
12385823582,12385823584,12.8,service
12385823584,12385823583,7.0,service
12385823585,12385823584,25.1,service
12385823587,13603910352,44.5,residential
13603910352,13065343617,20.5,residential
13065343617,13603910379,22.8,residential
13603910379,12385823586,26.9,residential
12438014636,12438014637,9.7,residential
12438014637,4677735213,76.3,residential
4677735219,12438049900,21.8,residential
12438049900,4677735232,21.5,residential
4677735232,4677614551,60.3,residential
4663562465,4677735245,72.6,unclassified
4677735245,4677735218,54.0,unclassified
4677735218,4677735231,42.2,residential
4677735231,4677614547,59.9,residential
4677735218,4677735250,52.3,unclassified
4677735250,4677735219,54.6,unclassified
6200369594,4677614545,69.8,residential
4677614544,4677614555,62.0,unclassified
4677614555,4677614545,90.0,unclassified
4677614545,4677614588,39.1,residential
4677614588,4677681890,34.9,residential
4677681890,4663562488,36.4,residential
4677614542,12438049950,28.1,unclassified
12438049950,4677614556,33.6,unclassified
4677614556,4663562488,56.3,unclassified
12438025245,12438025246,18.4,service
12438025247,12438025257,12.9,service
12438025257,12438025248,9.5,service
12438025248,12438025271,11.6,service
12438025271,12438025249,7.9,service
12438025249,12438025250,14.4,service
12438025251,12438025250,26.3,service
12438025250,12438025252,16.4,service
12438025253,12438025256,15.6,service
12438025256,12438025254,12.8,service
12438025254,12438025269,2.7,service
12438025269,12438025270,4.5,service
12438025255,12438025256,39.1,service
12438025257,12438025258,34.6,service
9331106526,12438025259,28.4,service
12438025259,12438025260,13.6,service
12438025261,12438025260,25.7,service
12438025260,12438025262,13.4,service
12438025263,12438025264,13.3,service
12438025264,12438025265,3.2,service
12438025265,12438025266,3.9,service
12438025266,12438025267,3.7,service
12438025268,12438025245,16.0,service
12438025298,12438025299,11.1,service
12438025299,12438025300,15.2,service
12438025300,12438049801,13.3,service
12438049801,12438049802,32.4,service
12438049802,12438049803,13.2,service
12438049803,12438049804,21.1,service
12438049804,12438049805,12.1,service
12438049805,12438049806,20.1,service
12438049806,12438049807,19.9,service
12438049807,12438049808,21.0,service
12438025299,12438049809,33.7,service
12438049809,12438049810,5.7,service
12438049810,12438049811,12.9,service
12438049812,12438049813,13.4,service
12438049813,12438049814,7.1,service
12438049814,12438049815,4.8,service
12438049815,12438049816,13.0,service
12438049818,12438049819,23.1,service
12438049819,12438049820,9.3,service
12438049820,12438049821,3.5,service
12438049821,12438049822,5.6,service
12438049822,12438049823,4.9,service
12438049823,12438049824,5.6,service
12438049824,12438049825,6.7,service
12438049825,12438049826,25.4,service
12438049826,12438049827,38.2,service
12438049819,12438049828,14.6,service
12438049828,12438049829,10.3,service
12438049829,12438049830,9.1,service
12438049830,12438049827,26.4,service
12438049827,12438049831,22.4,service
4677735264,9211959812,44.0,service
3956007591,12381266305,30.7,tertiary
12381266305,6647012025,13.1,tertiary
12438049887,12438049888,45.3,service
12438049888,12438049889,16.4,service
12438049889,12438049890,45.2,service
12438049889,12438049891,23.4,service
12438049892,12438049893,91.4,service
12438049894,12438049895,94.7,service
12438049896,12438049897,33.8,service
12438049897,12438049898,27.2,service
12438049898,12438049899,22.7,service
12438049900,12438049902,85.0,service
12438049902,12438049901,3.8,service
12438049902,12438049903,21.0,service
12438049904,12438049905,99.8,service
12438049905,12438049906,23.3,service
12438049914,12438049920,27.9,service
12438049920,12438049915,10.1,service
12438049915,12438049916,13.3,service
12438049916,12438049918,47.9,service
12438049918,12438049919,13.4,service
12438049919,12438049915,47.9,service
12438049917,12438049916,17.7,service
12438049920,12438049921,12.2,service
12438049931,12438049932,16.5,service
12438049932,12438049933,62.5,service
12438049939,12438049940,6.5,service
12438049940,12438049941,42.2,service
12438049946,12438049947,46.3,service
12438049948,12438049949,46.0,service
12438049950,12438049951,99.6,service
12438049952,12438049951,31.0,service
12438049951,12438049953,29.5,service
12438049965,12438049966,53.9,service
12438049967,12438049968,47.0,service
12438049975,12438049976,46.2,service
12438049977,12438049978,43.0,service
12438049978,12438049979,17.6,service
12381266322,12381266321,10.9,tertiary
12381266321,12381266320,8.1,tertiary
12381266320,3956007571,6.5,tertiary
3956007571,3956007570,6.1,tertiary
3956007570,3956007568,9.1,tertiary
12438049984,12438049985,26.0,service
12438049986,12438049987,25.6,service
12438049988,12438049989,25.4,service
12438049993,12438049994,25.1,service
12438050002,12438050006,59.0,service
12438050006,12438050004,42.6,service
12438050004,12438050003,12.9,service
12438050004,12438050005,32.1,service
12438050006,12438050007,15.8,service
12438050008,12438050009,42.2,service
12438050012,12438050013,16.7,service
12438050014,12438050015,16.4,service
12438050016,12438050017,25.9,service
12438050018,12438050019,8.8,service
12438050019,12438050020,3.1,service
12438050021,12438050020,9.2,service
12438050020,12438050025,17.3,service
12438050025,12438050022,10.8,service
12438050023,12438050024,11.8,service
12438050024,12438050025,5.5,service
12438050020,12438050026,32.0,service
12438050025,12438050027,30.3,service
12438050028,12438050029,56.6,service
12438050030,12438050031,44.5,service
12438050032,12438050033,23.6,service
12438050034,12438050038,8.7,service
12438050038,12438050040,18.2,service
12438050040,12438050042,19.5,service
12438050042,12438050035,17.3,service
12438050035,12438050036,69.6,service
12438050037,12438050038,74.1,service
12438050039,12438050040,72.7,service
12438050041,12438050042,71.1,service
4677735313,12438050043,44.3,service
12438050044,12438050043,20.7,service
12438050043,12438050045,27.1,service
12438050046,12438050047,34.9,service
12438050048,12438050049,31.8,service
12438050051,12438050055,34.0,service
12438050055,12438050052,6.1,service
12438050053,12438050048,12.6,service
12438050048,12438050055,17.9,service
12438050055,12438050054,18.5,service
12438050056,12438050054,33.5,service
12438050057,12438050058,34.7,service
12438050059,12438050060,33.4,service
12438050061,12438050062,24.1,service
12438050062,12438050063,33.9,service
12438050063,12438050064,16.9,service
12438050064,12438050065,10.9,service
12438049933,12438050067,19.6,service
12438050067,12438050066,22.7,service
12438050067,12438050068,27.5,service
12511769042,12511769043,9.1,service
12511769043,12511769044,5.4,service
12511769044,12511769045,12.1,service
12511769045,12511769046,18.9,service
12511769046,12511775722,47.1,service
12511775722,12525922249,12.6,service
12511769045,12511769047,41.9,service
12511769047,12511769048,10.3,service
12511769048,12511769049,10.8,service
12511769049,12511769050,20.9,service
12512219226,12512219225,20.4,tertiary
529470116,12512219226,42.0,tertiary
12512219225,12512219224,25.6,tertiary_link
12512219224,12512219223,30.0,tertiary_link
12512219223,12512219222,16.6,tertiary_link
12512219222,12512219221,10.6,tertiary_link
12512219229,12512219228,29.7,tertiary_link
12512219228,12512219227,16.7,tertiary_link
12512219227,12512219226,26.0,tertiary_link
12525922259,12525922260,4.3,cycleway
12525922260,12525922261,13.6,cycleway
12525922261,12525922262,11.5,cycleway
12525922252,12525922263,13.1,tertiary_link
12525922263,12525922264,29.1,tertiary_link
12525922264,12525922265,15.1,tertiary_link
12525922252,12525922250,10.9,tertiary_link
12525922250,12525922251,7.7,tertiary_link
12525922251,529483736,9.5,tertiary_link
529483736,12525922265,32.3,tertiary
12525922265,529483738,18.1,tertiary
529483738,529483735,78.0,tertiary
529483735,529483734,84.9,tertiary
529483734,530286879,70.2,tertiary
530286879,529483733,34.2,tertiary
529483733,12525941040,51.4,tertiary
12525941040,529483732,7.2,tertiary
529483732,12525941010,27.4,tertiary
12525922266,12525922270,15.0,service
12525922270,12525922267,39.0,service
12525922267,12525922268,12.3,service
12525922268,12525922269,40.3,service
12525922269,12525922270,8.6,service
12525922271,12525922272,50.6,service
12525922273,12525922274,52.8,residential
12525922274,12525922275,34.1,residential
12525922275,12525922276,8.3,residential
12525922276,12525922277,18.1,residential
12525922277,12525922278,51.6,residential
12525922278,12525922279,73.9,residential
12525922279,12525922280,7.5,residential
12525922280,12525922281,14.2,residential
12525922281,12525922282,19.3,residential
12525922282,12525922283,18.6,residential
12525922283,530286924,5.5,residential
12525941040,12525941041,12.0,service
12525941041,12525941042,7.8,service
12525941042,12525941045,42.9,service
12525941045,12525941043,41.4,service
12525941043,12525941044,27.1,service
12525941045,12525941048,16.0,service
12525941048,12525941046,14.5,service
12525941046,12525941047,34.3,service
12525941048,12525941049,40.7,service
12525941049,12525941041,11.3,service
12525941061,12525941062,8.0,residential
12525941062,12525941063,8.3,residential
12525941063,12525941064,6.4,residential
12525941064,12525941065,3.3,residential
12525941065,12525941066,5.0,residential
12525941066,12525941067,13.2,residential
12525941067,12525941068,26.1,residential
12525941069,12525941070,10.6,residential
12525941070,12525941071,18.2,residential
12525941071,12525941072,20.9,residential
12525941072,12525941073,26.1,residential
12525941073,12525941074,7.5,residential
12525941074,12525941075,17.4,residential
12525941075,12525941076,16.2,residential
12525941076,12525941077,17.7,residential
12525941077,12525941078,22.0,residential
12525941078,12525941079,26.3,residential
12525941079,12525941080,19.8,residential
12525941080,12525941081,8.3,residential
12525941084,11507258937,29.1,unclassified
12525941089,12525941090,9.5,tertiary_link
12525941090,12525941091,3.9,tertiary_link
12525941091,12525941092,6.7,tertiary_link
12525941092,12525941093,6.2,tertiary_link
12525941093,12525941094,6.0,tertiary_link
12525941094,12525941095,9.5,tertiary_link
12525941095,12525941096,13.3,tertiary_link
12525941096,12525941097,19.3,tertiary_link
12525941105,12525941106,15.2,unclassified
12525941106,12525941107,23.9,unclassified
12525941107,12525941108,20.0,unclassified
12525941108,12525941109,34.6,unclassified
12525941109,12525941110,22.3,unclassified
6699605860,12525941111,13.6,unclassified
12525941111,12525941113,41.1,unclassified
12525941113,12525941112,5.8,unclassified
12525941112,12525941110,47.8,unclassified
12525941113,12525941114,6.0,unclassified
12525941114,12525941115,5.6,unclassified
12525941115,12525941116,9.7,unclassified
12525941116,12525941117,13.0,unclassified
12525941117,12525941118,16.0,unclassified
12525941118,12525941119,10.0,unclassified
12525941119,12525941120,15.0,unclassified
12525941120,12525941121,13.7,unclassified
12525941121,12525941122,3.2,unclassified
12525941122,11507258935,12.3,unclassified
12525918097,12525918098,9.1,primary_link
12525918098,12525918099,16.8,primary_link
12525918099,12525918100,12.4,primary_link
12525918100,12525943401,14.7,primary_link
12525943401,12525943402,5.0,primary_link
12525943402,12525943403,11.7,primary_link
12525918097,10857621974,36.9,primary
12525943404,12525943405,25.5,primary_link
12525943405,12525943406,14.7,primary_link
12525943406,12525943407,21.7,primary_link
12525943407,12525943408,8.3,primary_link
12525943404,2158456551,26.7,tertiary
12525943409,12525943410,36.7,residential
12525943410,12525943411,16.3,residential
12525943412,12525943413,13.7,service
12525943413,12525943414,17.9,service
5313419371,12650228599,36.2,secondary
5313419372,12650228600,5.1,secondary_link
12650228600,12650228598,4.1,secondary_link
12650228598,13807521041,15.2,secondary_link
13807521041,12650228599,18.4,secondary_link
12650241303,12650241302,28.3,secondary_link
12650241302,12650228597,5.2,secondary_link
12650228597,12650241301,4.0,secondary_link
12650241301,5313419372,4.6,secondary_link
12650241303,5313419371,33.7,secondary
5313419371,5313419372,24.2,unclassified
12650241307,5313419371,28.1,unclassified
12650228599,13802091146,249.1,secondary
13802091146,5313419369,22.5,secondary
5313419369,13802091145,24.7,secondary
13802091145,13802091144,30.4,secondary
13802091144,5313419382,28.4,secondary
5313419382,13802091143,28.7,secondary
13802091143,13802091142,34.7,secondary
13802091142,5313419383,43.1,secondary
5313419383,13802091141,81.1,secondary
13802091141,13802091140,27.0,secondary
13802091140,5313419384,24.2,secondary
5313419384,13802091116,27.7,secondary
13802091116,13802091115,31.8,secondary
13802091115,13802091114,25.6,secondary
13802091114,13802091139,4.3,secondary
13802091139,5313419385,19.5,secondary
5313419385,5527273674,31.6,secondary
12650241307,12650241306,7.5,secondary_link
12650241306,12650241305,6.2,secondary_link
12650241305,12650241304,4.9,secondary_link
12650241304,13807521039,6.9,secondary_link
13807521039,13807521040,7.6,secondary_link
13807521040,12650241303,12.2,secondary_link
12650228599,12650241311,14.6,secondary_link
12650241311,12650241310,8.4,secondary_link
12650241310,12650241309,7.4,secondary_link
12650241309,12650241308,5.0,secondary_link
12650241308,13807521037,5.9,secondary_link
13807521037,12650241307,7.5,secondary_link
436561602,9271029065,12.5,tertiary
9271029065,4632539411,26.4,tertiary
4632539411,4632539409,116.6,tertiary
4632539409,1831658923,105.6,tertiary
436561602,4740710085,30.8,primary
1831658923,12658329382,14.8,residential
12658329382,4740468292,26.6,secondary
3017451146,904958840,39.3,tertiary
904958840,12801360739,48.6,tertiary
12801360739,12801360740,36.2,tertiary
12855608454,13055631347,7.2,residential
13055631347,13055631346,7.8,residential
13055631346,13055631348,9.7,residential
13055631348,12855608457,9.3,residential
12855608457,13055631345,14.3,residential
13055631345,12855618613,19.9,residential
12855618613,13671609561,18.8,residential
13671609561,436911699,7.0,residential
436911699,4658585654,73.3,residential
4658585654,13671609557,41.1,residential
13671609557,13671609567,9.6,residential
13671609567,13671609558,19.4,residential
13671609558,13671609563,13.2,residential
13671609563,13671609564,16.8,residential
13671609564,13671609565,22.5,residential
13671609565,13671609566,42.0,residential
12855608461,12855618613,11.0,footway
12855618613,12855608463,8.6,footway
12855608463,12855608462,8.4,footway
12855608468,12855618614,11.8,footway
12855618614,12855608469,14.3,footway
12855608469,12855618615,9.9,footway
12855618615,12855608471,9.0,footway
12855608472,12855618628,8.4,footway
12855618628,12855608473,5.1,footway
12855608482,12855608484,3.7,footway
12855608484,12855608485,6.1,footway
12855608485,12855608483,2.6,footway
12855608486,12855618617,8.2,footway
12855618617,12855608487,10.8,footway
12855608492,12855618620,9.7,footway
12855618620,12855608493,11.9,footway
12855608496,12855618622,11.2,footway
12855618622,12855608497,6.3,footway
12855608498,12855618626,8.2,footway
12855618626,12855608499,5.9,footway
12855608500,12855618623,7.4,footway
12855618623,12855618601,6.4,footway
12855618602,12855618627,8.3,footway
12855618627,12855618603,5.7,footway
12855618604,12855618624,3.8,footway
12855618624,12855618605,3.8,footway
12855618606,12855618629,6.3,footway
12855618629,12855618607,7.2,footway
12855618608,12855618625,4.4,footway
12855618625,12855618609,1.6,footway
12855618610,12855618630,6.0,footway
12855618630,12855618611,8.0,footway
12856161064,12856161066,5.6,footway
12856161066,13989496774,9.2,footway
13989496774,12856161065,4.8,footway
12856161068,12856161071,7.4,footway
12856161071,12856161070,7.1,footway
12856161070,13989496766,7.1,footway
12856161072,12856161074,18.3,footway
12856161074,12856161073,5.0,footway
12856161075,12856161077,5.6,footway
12856161077,12856161078,9.3,footway
12856161078,12856161076,6.3,footway
12856171029,12856171033,8.2,footway
12856171033,12856171032,16.1,footway
12856171032,12856171031,13.1,footway
12856171031,12856171030,1.1,footway
12871710694,12871710695,8.1,residential
12871710695,12871710696,7.7,residential
12871710696,12871710697,10.3,residential
12871710697,12871710698,11.5,residential
12871710698,12871710699,12.0,residential
12871710699,12871710700,5.2,residential
12871710700,12871742601,14.2,residential
12871742601,12871742602,8.0,residential
12871742602,12871742603,2.5,residential
12871742603,12871742604,15.0,residential
12871742604,12871742605,13.2,residential
12871742605,12871742606,7.1,residential
12871742606,12871742607,7.8,residential
12871742607,12871742608,8.9,residential
12871742608,12871742609,7.6,residential
12871742609,12871742610,5.3,residential
12949883777,12949883780,9.1,footway
12949883780,12949883779,13.0,footway
12949883779,12949883778,8.5,footway
12949883781,12949883783,11.8,footway
12949883783,12949883782,12.5,footway
12949883784,12949883787,10.8,footway
12949883787,12949883786,16.9,footway
12949883786,12949883785,2.0,footway
12949883788,12949883790,4.1,footway
12949883790,12949883789,2.5,footway
12949883791,12949883793,3.2,footway
12949883793,12949883794,11.9,footway
12949883794,12949883792,7.3,footway
12949883795,12949883797,6.5,footway
12949883797,12949883796,3.4,footway
12949883798,12949883799,8.6,footway
12949883799,4740288301,10.9,footway
4740288301,12949883800,7.4,footway
12949898101,12949898104,8.3,footway
12949898104,12949898103,13.1,footway
12949898103,12949898102,6.8,footway
12949898105,12949898107,4.3,footway
12949898107,12949898108,9.3,footway
12949898108,12949898106,8.2,footway
12949898109,12949898111,4.0,footway
12949898111,12949898110,3.5,footway
12949898112,12949898114,8.4,footway
12949898114,12949898113,2.0,footway
12949898144,12949898145,10.4,footway
12949898145,12949898146,9.8,footway
12949898146,12949883795,9.0,footway
12949883795,12949898147,7.9,footway
12949898147,12949898148,18.6,footway
12949898148,12949898149,42.5,footway
12949898149,12949898150,32.9,footway
12949898151,12949898152,5.3,footway
12949898152,12949898150,9.0,footway
12949898151,12949898153,14.4,footway
12949898153,12949898154,29.5,footway
12949898154,8523400202,18.0,footway
8523400202,12949898155,20.5,footway
12949898155,12949898156,51.6,footway
12949898156,12949898157,44.8,footway
12949898157,12949898158,32.3,footway
12949898158,12949898165,1.0,footway
12949898165,12949898159,2.7,footway
12949898159,12949898160,4.5,footway
12949898160,12949898161,4.4,footway
12949898161,12949898162,2.2,footway
12949898159,12949898164,11.5,footway
12949898164,12949898163,11.2,footway
12949898165,12949898167,5.7,footway
12949898167,12949898168,14.5,footway
12949898168,12949898166,3.4,footway
12949898169,12949898171,6.4,footway
12949898171,12949898172,13.9,footway
12949898172,12949898170,6.0,footway
12949898173,12949898175,4.8,footway
12949898175,12949898174,6.3,footway
12949898176,12949898177,4.8,footway
12949898177,12949898178,4.3,footway
12949898178,12949898201,3.2,footway
12949898201,12949898179,2.6,footway
12949898179,12949898180,28.2,footway
12949898180,12949898181,48.2,footway
12949898181,12949898182,7.0,footway
12949898182,12949898163,4.9,footway
12949898163,12949898169,3.1,footway
12949898169,12949898183,1.8,footway
12949898183,8523400204,16.6,footway
8523400204,12949898184,38.6,footway
12949898184,12949898185,69.6,footway
12949898185,12949898186,70.7,footway
12949898186,12949898187,70.6,footway
12949898187,12949898188,69.8,footway
12949898188,12949898189,55.5,footway
12949898189,12949898190,76.4,footway
12949898190,12949898191,84.6,footway
12949898191,12949898192,30.8,footway
12949898192,12949898193,36.3,footway
12949898193,12949898194,17.0,footway
12949898194,12949898195,5.6,footway
12949898195,12949898196,4.9,footway
12949898196,12949898197,9.0,footway
12949898197,12949898198,23.6,footway
12949898177,12949898200,5.0,footway
12949898200,12949898199,12.7,footway
12949898201,12949898203,9.2,footway
12949898203,12949898202,8.7,footway
12949898204,12949898206,7.1,footway
12949898206,12949898205,7.1,footway
12949898207,12949898209,14.3,footway
12949898209,12949898208,1.9,footway
12949898210,12949898211,20.5,footway
12949898211,12949898212,3.3,footway
12949898212,12949898213,9.5,footway
12949898213,12949898215,1.0,footway
12949898215,12949898214,8.4,footway
12949898214,12949898216,16.7,footway
12949898216,12949898202,10.7,footway
12949898202,12949898217,5.1,footway
12949898217,12949898208,4.6,footway
12949898208,12949898218,14.2,footway
12949898218,12949898219,38.3,footway
12949898219,12949898220,44.0,footway
12949898220,12949898221,17.9,footway
12949898221,12949898222,8.0,footway
12949898222,12949898223,9.2,footway
12949898223,12949898224,9.9,footway
12949898224,12949898225,9.8,footway
12949898225,12949898226,3.1,footway
12949898227,12949898205,3.8,footway
12949898205,12949898207,7.8,footway
12949898207,12949898228,29.5,footway
12949898228,12949898229,32.6,footway
12949898229,12949898230,32.7,footway
12949898230,12949898231,13.1,footway
12949898231,12949898232,3.9,footway
12949898232,12949898233,5.6,footway
12949898231,12949898235,7.4,footway
12949898235,12949898234,9.4,footway
12949898234,12949898236,10.2,footway
12949898236,12949898237,13.7,footway
12949898237,12949898238,6.3,footway
12949898238,12949898239,16.4,footway
12949898239,12949898240,5.6,footway
12949898240,12949898241,9.0,footway
12949898241,12949898242,42.5,footway
12949898242,12949898243,32.9,footway
12949898243,12949898244,27.9,footway
12949898244,12949898245,29.6,footway
12949898245,12949898246,31.6,footway
12949898246,12949898247,29.6,footway
12949898247,12949898248,36.7,footway
12949898248,12949898249,18.7,footway
12949898249,12949898250,7.8,footway
12949898250,12949898251,9.6,footway
12949898237,12949898253,9.9,footway
12949898253,12949898252,7.0,footway
12949898238,4658585597,6.6,footway
4658585597,12949898254,4.7,footway
12949898255,12949898257,9.7,footway
12949898257,12949898256,3.6,footway
12956649908,12956649909,8.4,footway
12956649909,12956649910,2.8,footway
12956649910,12956649911,2.7,footway
12956649911,12956649912,31.1,footway
12956649912,12956649913,2.9,footway
12956649913,12956649914,2.7,footway
12956649914,12956649915,3.4,footway
12956649915,12956649916,3.8,footway
12956649916,12956649917,24.9,footway
12956649917,12956649918,56.4,footway
12956649918,12956649919,26.9,footway
12956649919,12956649920,3.6,footway
12956649921,12956649922,2.9,footway
12956649922,12956649923,107.7,footway
12956649923,12956649924,2.1,footway
12956649925,12956649926,2.5,footway
12956649926,12956649964,3.0,footway
12956649964,12956649927,23.6,footway
12956649927,12956649928,63.4,footway
12956649928,12956649929,67.8,footway
12956649929,12956649966,38.9,footway
12956649966,12956649930,4.6,footway
12956649930,12956649931,50.5,footway
12956649931,12956649932,2.6,footway
12956649933,12956649934,4.5,footway
12956649934,12956649935,79.9,footway
12956649935,12956649971,49.3,footway
12956649971,12956649936,2.0,footway
12956649936,12310457843,2.9,footway
12310457843,12956649937,2.3,footway
12956649937,12956649938,5.0,footway
12956649938,12956649939,39.4,footway
12956649939,12956649940,20.9,footway
12956649940,12956649941,3.2,footway
12956649941,12956649942,3.1,footway
12956649942,12956649943,4.4,footway
12956649943,12956649944,21.3,footway
12956649944,12956649945,11.5,footway
12956649945,12956649946,14.2,footway
12956649946,12956649947,14.8,footway
12956649947,12956649948,21.1,footway
12956649948,12956649949,21.4,footway
12956649949,12956649950,20.3,footway
12956649950,12956649951,16.8,footway
12956649951,12956649952,10.7,footway
12956649952,12956649953,22.5,footway
12956649953,12956649954,28.6,footway
12956649954,12956649955,22.4,footway
12956649955,12956649956,27.5,footway
12956649956,12956649957,28.8,footway
12956649957,12956649958,49.0,footway
12956649958,12956649959,43.4,footway
12956649959,12956649960,34.8,footway
12956649960,12956649961,10.7,footway
12956649961,12956649962,3.5,footway
12956649962,12956649963,31.7,footway
12956649963,12956649925,4.8,footway
12956649964,4677674444,11.9,footway
4677674444,12318706871,12.3,footway
12318706871,12956649965,6.2,footway
12956649969,12956649970,6.0,footway
12956649970,12956649968,6.0,footway
12956649968,12956649967,11.9,footway
12956649966,12956649969,7.3,footway
12956649971,12956649973,13.1,footway
12956649973,12956649972,13.3,footway
12956649974,12956649975,3.9,footway
12956649975,12956649976,74.3,footway
12956649976,12956649977,1.1,footway
12956649977,12956649978,3.3,footway
12956649978,12956649979,9.6,footway
12956649979,12956649980,30.3,footway
12995205406,12995205407,107.3,living_street
12995205408,12995205409,43.2,living_street
12995205409,12995205407,10.3,living_street
12995205407,12995205410,15.3,living_street
12995218462,12995218463,70.0,service
12995218463,12995218464,12.3,service
12995905515,12995905508,7.2,residential
12995905508,12995905509,49.2,residential
12995905509,12995905510,19.8,residential
12995905510,12995905511,15.5,residential
12995905511,12995905512,23.0,residential
12995905512,12995905513,28.5,residential
12995905513,12995905514,19.0,residential
12995905514,12995905511,29.8,residential
12996837997,12996837998,6.2,footway
12996837998,12996837999,8.8,footway
12996837999,12996838000,7.3,footway
12996838000,12996838001,14.4,footway
12996838001,12996838002,21.6,footway
12996838002,12996838003,24.4,footway
12996838003,12996838004,21.7,footway
12996838004,12996838005,18.7,footway
12996838006,12996838007,5.0,footway
12996838007,12996838008,7.2,footway
12996838008,12996838009,9.9,footway
12996838009,12996838010,28.4,footway
12996838010,12996838011,12.8,footway
12996838011,12996838012,24.1,footway
12996838012,12996838013,14.0,footway
12996838013,12996838014,66.7,footway
12996838014,12996838015,86.3,footway
12996838015,8730115472,3.9,footway
8730115472,12996838016,14.8,footway
12996838016,12996838017,3.8,footway
12996838018,12996838019,4.2,footway
12996838019,12996838020,23.7,footway
12996838020,12996838021,4.1,footway
12996838022,12139844196,3.3,footway
12139844196,12996838023,32.7,footway
12996838023,12996838024,6.8,footway
12996838024,12996838025,18.0,footway
12996838025,12996838026,94.6,footway
12996838026,12996838027,3.9,footway
13026558126,13026558127,71.6,service
13026558127,13585929644,42.5,service
13585929644,13585929645,32.7,service
13053067066,13533468882,12.8,primary
13533468882,13533526603,11.1,primary
13533526603,13515899588,13.2,primary
13515899588,13533468883,20.6,primary
13533468883,13515899582,303.4,primary
13515899582,13533526604,28.9,primary
13533526604,13515899581,22.8,primary
13515899581,13142408639,34.3,primary
13055631342,13055631343,19.6,tertiary_link
13055631343,13055631344,17.6,tertiary_link
13055631344,12855608457,19.9,tertiary_link
13055631349,13055631352,6.8,service
13055631352,13055631353,5.9,service
13055631353,13055631356,4.3,service
13055631356,13055631354,4.2,service
13055631354,13055631355,4.3,service
13055631355,13055631348,4.8,service
13058713513,13058713514,15.3,footway
13058713514,13058713515,12.7,footway
13058713515,13058713516,8.9,footway
13058713542,13058713543,34.6,footway
13058713543,13058713544,17.7,footway
13058713544,13058713545,6.0,footway
13058713544,13058713546,17.4,footway
13058713546,13058713547,7.7,footway
13058713547,13058713548,13.0,footway
13058713548,13058713549,7.5,footway
13058713549,13058713550,7.0,footway
13058713550,13058713551,7.7,footway
13058713546,13058713566,55.5,footway
13058713566,13058713552,19.2,footway
13058713551,13058713553,3.6,footway
13058713553,13058713554,33.8,footway
13058713554,13058713555,27.1,footway
13058713556,13058713557,14.3,footway
13058713557,13058713558,91.4,footway
13058713558,13058713559,34.8,footway
13058713566,13058713567,22.3,footway
12202901009,13059969442,17.2,track
13059969442,13059969443,10.6,track
13059969443,13059969444,13.7,track
13059969444,13059969445,5.1,track
13059969445,13059969446,4.6,track
13059969446,13059969447,7.6,track
13059969447,13059969448,9.3,track
13059969448,13059969449,6.6,track
13059969449,13059969450,3.9,track
13059969450,13059969451,2.7,track
13059969451,13059969452,4.9,track
13059969452,13059969453,8.0,track
13059969453,13059969454,7.4,track
13059969454,13059969455,8.2,track
13059969455,13059969456,6.7,track
13059969456,13059969457,5.4,track
13059969457,13059969458,4.9,track
13059969458,13059969459,6.8,track
13059969459,13059969460,7.7,track
13059969460,13059969461,5.3,track
13059969461,13059969462,4.7,track
13059969462,13059969463,5.3,track
13059969463,13059969464,4.7,track
13059969464,13059969465,16.6,track
13059969465,13059969466,10.9,track
13059969466,13059969467,4.2,track
13059969467,13059969468,3.7,track
13059969468,13059969469,7.4,track
13059969469,13059969470,20.0,track
13059969470,13059969471,4.6,track
13059969471,13059969472,6.4,track
13059969472,13059969473,4.3,track
13059969473,13059969474,3.8,track
13059969474,13059969475,3.3,track
13059969475,13059969476,5.5,track
13059969476,13059969477,6.6,track
13059969477,13059969478,5.2,track
13059969478,13059969479,5.2,track
13059969479,13059969480,7.7,track
13059969480,13059969481,5.3,track
13059969481,13059969482,4.9,track
13059969482,13059969483,4.3,track
13059969483,13059969484,6.1,track
13059969484,13059969485,6.3,track
13059969485,13059969486,6.8,track
13059969486,13059969487,7.0,track
13059969487,13059969488,7.8,track
13059969488,13059969489,9.1,track
13059969489,13059969490,6.6,track
13059969490,13059969491,4.7,track
13059969491,13059969492,6.4,track
13059969492,13059969493,13.9,track
13059969493,13059969494,14.8,track
13059969494,13059969495,4.2,track
13059969495,13059969496,3.9,track
13059969496,13059969497,3.9,track
13059969497,13059969498,17.8,track
13059969498,13059969499,3.9,track
13059969499,13059969500,3.4,track
13059969500,13059982201,3.3,track
13059982201,13059982202,5.9,track
13059982202,13059982203,13.6,track
13059982203,13059982204,6.1,track
13059982204,13059982205,6.4,track
13059982205,13059982206,7.8,track
13059982206,13059982207,10.9,track
13059982207,13059982208,15.6,track
13059982208,13059982209,6.0,track
13059982209,13059982210,4.5,track
13059982210,13059982211,5.4,track
13059982211,13059982212,6.1,track
13059982212,13059982213,5.5,track
13059982213,13059982214,14.5,track
13059982214,13059982215,5.8,track
13059982215,13059982216,5.9,track
13059982216,13059982217,7.0,track
13059982217,13059982218,5.0,track
13059982218,13059982219,7.6,track
13059982219,13059982220,8.7,track
13059982220,13059982221,5.9,track
13059982221,13059982222,6.4,track
13059982222,13059982223,11.3,track
13059982223,13059982224,8.2,track
13059982224,13059982225,6.4,track
13059982225,13059982226,5.8,track
13059982226,13059982227,7.8,track
13059982227,13059982228,10.4,track
13060722287,13060722288,16.3,footway
13060722288,13060722289,1.9,footway
13060722289,13060722293,12.6,footway
13060722293,13060722295,0.5,footway
13060722295,13060722290,1.1,footway
13060722290,13060722291,39.7,footway
13060722291,13060722292,28.4,footway
13060722292,13060722716,35.8,footway
13060722716,13060722717,16.8,footway
13060722717,13060722718,56.0,footway
13060768111,13060768112,61.9,footway
13061803954,13061803955,26.9,residential
13061803955,13061803956,10.3,residential
13061803956,13061803958,2.6,residential
13061803958,13061803957,21.7,residential
13061803958,13061803959,31.9,residential
13061803959,13061803960,17.4,residential
13061803960,13061803961,7.6,residential
13061803961,13061803962,17.4,residential
13061803962,13061803963,7.9,residential
13061803963,13061803964,8.5,residential
13061803964,13061803982,14.8,residential
13061803982,13061803965,2.8,residential
13061803965,13061803966,9.3,residential
13061803966,13061803967,8.5,residential
13061803967,13061803968,23.3,residential
13061803968,13061803969,9.4,residential
13061803969,13061803970,3.2,residential
13061803970,13061803971,8.1,residential
13061803971,13061803972,5.3,residential
13061803972,13061803973,5.5,residential
13061803973,13061803974,4.7,residential
13061803974,10902214843,26.8,residential
10902214845,13061803975,10.2,residential
13061803975,13061803976,4.8,residential
13061803976,13061803977,6.1,residential
13061803977,13061803978,5.8,residential
13061803978,13061803979,6.3,residential
13061803980,13061803981,39.1,residential
13061803981,13061803982,19.4,residential
13061803983,13061803984,35.0,service
13061803984,13061803985,4.6,service
13061803985,13061803986,9.2,service
13061803987,13061803988,38.4,residential
13061803988,13061803989,14.4,residential
13061803989,13061803990,19.2,residential
13061803990,13061803991,20.4,residential
13061803991,13061803992,27.8,residential
13061803992,13061803993,12.6,residential
13061803993,13061803994,14.6,residential
13061803994,5224648447,26.7,residential
13061816006,13061816012,20.8,service
13061816012,13061803999,11.7,service
13061803999,13061804000,3.7,service
13061804000,13061816001,3.2,service
13061816001,13061816002,2.9,service
13061816002,13061816011,62.4,service
13061816011,13061816003,56.9,service
13061816003,13061816004,4.1,service
13061816005,13061816004,15.1,service
13061803995,13061803996,126.0,service
13061803996,13061803997,3.2,service
13061803997,13061803998,2.6,service
13061803998,13061816006,9.4,service
13061816006,13061816010,57.3,service
13061816010,13061816009,57.4,service
13061816009,13061816007,3.2,service
13061816007,13061816008,2.7,service
13061816008,13061816014,17.1,service
13061816014,13061816004,17.6,service
13061816010,13061816013,20.3,service
13061816013,13061816011,18.3,service
13061816012,13061816013,62.8,service
13061816013,13061816014,61.2,service
13061816015,13061816016,19.5,residential
13061816016,13061816017,12.7,residential
13061816017,13061816018,19.0,residential
13061816018,13061816019,11.3,residential
13061816019,13061816020,4.6,residential
13061816020,13061816021,2.4,residential
13061816021,13061816022,15.7,residential
13061816022,13061816025,35.5,residential
13061816025,13061816023,21.1,residential
13061816023,13061816024,25.3,residential
13061816025,13061816026,44.5,residential
13061816026,13061816032,25.1,residential
13061816032,13061816027,7.0,residential
13061816027,13061816028,15.1,residential
13061816029,13061816030,28.1,residential
13061816030,13061816031,10.1,residential
13061816031,13061816032,10.4,residential
13061816032,13061816033,5.7,residential
13061816033,13061816034,7.6,residential
13061816034,13061816035,26.0,residential
13061816035,13061816036,14.6,residential
13061816036,13061816037,5.0,residential
13061816037,13061816038,27.4,residential
13061816038,13061816039,4.2,residential
13061816039,13061816040,3.8,residential
13061816040,13061816041,35.6,residential
13061816041,13061816042,10.3,residential
13061816042,13061816043,5.5,residential
13061816043,13061816044,4.5,residential
13061816044,13061816028,9.3,residential
13061816045,13061816046,12.8,residential
13061816046,13061816047,125.5,residential
13061816048,13061816049,10.8,residential
13061816049,13061816050,43.8,residential
13061816050,13061816051,11.5,residential
13061816051,13061816052,44.5,residential
13061816053,13061816054,37.6,service
13061816054,13061816058,4.7,service
13061816058,13061816055,3.0,service
13061816055,13061816056,17.5,service
13061816057,13061816058,30.1,service
13061816059,13061816070,2.2,service
13061816070,13061816067,17.8,service
13061816067,13061816060,51.0,service
13061816059,13061816069,2.0,service
13061816069,13061816061,7.8,service
13061816061,13061816056,25.2,service
13061816056,13061816062,28.2,service
13061816062,13061816063,6.8,service
13061816063,13061816064,1.9,service
13061816064,13061816065,12.4,service
13061816065,13061816071,2.4,service
13061816071,13061816073,1.6,service
13061816073,13061816068,29.1,service
13061816068,13061816066,26.4,service
13061816066,13061816067,8.4,service
13061816056,13061816068,18.9,service
13061816065,13061816072,36.1,service
13061816074,13061816075,8.4,residential
13061816075,13061816076,7.3,residential
13061816076,13061816077,15.8,residential
13061816077,13061816078,13.0,residential
13061816078,13061816079,10.2,residential
13061816079,13061816080,15.0,residential
13061816080,13061816081,12.3,residential
13061816081,13061816082,19.2,residential
13061816083,13061816084,22.2,residential
13061816084,13061816085,26.5,residential
13061816085,13061816086,5.3,residential
13061816086,13061816087,5.1,residential
13061816087,13061816088,9.4,residential
13061816088,13061816089,13.4,residential
13061816090,13061816091,65.7,residential
13061816091,13061816092,17.1,residential
13061816092,13061816131,7.8,residential
13061816131,13061816093,3.5,residential
13061816093,13061816094,26.5,residential
13061816094,13061816134,9.0,residential
13061816134,13061816095,9.3,residential
13061816095,13061816089,12.4,residential
13061816089,13061816114,27.9,residential
13061816114,13061816096,9.4,residential
5224648434,5224648435,32.3,service
5224648435,5224648436,58.0,service
5224648436,5224648437,29.5,service
5224648434,13061816098,13.6,track
13061816098,13061816099,14.2,track
13061816099,13061816100,16.4,track
13061816100,13061816101,7.2,track
13061816101,13061816102,22.6,track
13061816102,13061816103,32.8,track
13061816103,13061816104,7.6,track
13061816104,13061816105,15.0,track
13061816105,13061816106,5.0,track
13061816106,13061816107,5.1,track
13061816107,13061816108,11.7,track
13061816108,13061816109,10.5,track
13061816109,13061816110,8.2,track
13061816110,13061816111,11.5,track
13061816111,13061816112,12.5,track
13061816112,13061816113,8.0,track
13061816113,2817930574,4.7,track
13061816096,13061816097,26.4,track
13061816097,5224648434,28.6,track
13061816114,13061816115,54.0,residential
13061816115,13061816116,6.1,residential
13061816116,13061816117,6.5,residential
13061816117,13061816118,23.2,residential
13061816119,13061816120,26.1,residential
13061816120,13061816121,53.2,residential
13061816121,13061816144,5.8,residential
13061816144,13061816122,41.0,residential
13061816122,13061816118,47.6,residential
13061816118,13061816123,74.8,residential
13061816123,13061816124,15.1,track
13061816124,13061816125,12.7,track
13061816125,13061816126,22.7,track
13061816126,13061816127,34.8,track
13061816127,13061816128,31.7,track
13061816128,13061816129,22.8,track
13061816129,13061816130,41.8,track
5224648433,13061816123,36.5,service
13061816131,13061816132,21.6,residential
13061816132,13061816133,15.4,residential
13061816134,13061816135,20.8,residential
13061816145,13061816137,13.8,residential
13061816137,13061816138,35.1,residential
13061816138,13061816147,4.6,residential
13061816147,13061816139,10.1,residential
13061816139,13061816140,25.1,residential
13061816140,13061816141,19.8,residential
13061816141,13061816142,5.1,residential
13061816142,13061816143,14.0,residential
13061816144,13061816145,57.1,residential
13061816145,13061816146,43.2,service
13061816136,13061816152,72.8,residential
13061816152,13061816145,9.5,residential
13061816147,13061816148,13.2,residential
13061816148,13061816149,11.5,residential
13061816149,13061816150,4.0,residential
13061816150,13061816151,11.9,residential
13061816152,13061816154,37.1,service
13061816154,13061816155,13.0,service
13061816156,13061816157,18.1,service
13061816157,13061816158,17.1,service
13061816158,13061816159,14.1,service
13061816159,13061816160,44.9,service
13062080966,13062080967,80.3,residential
13062080967,13062080968,4.0,residential
13062080968,13062080969,5.7,residential
13062080969,13062080970,62.2,residential
13062080971,13062080972,27.6,residential
13062057997,13062057998,31.9,residential
13062057998,13062057999,7.7,residential
13062057999,13062058000,8.2,residential
13062058000,13062107201,22.5,residential
13062107201,13062107202,21.2,residential
13062107202,13062107203,3.9,residential
13062107203,13062107204,4.5,residential
13062107204,13062107205,38.7,residential
13062107203,13062107206,7.0,residential
13062107206,13062107207,5.4,residential
13062107207,13062107208,6.3,residential
13062107208,13062107209,53.7,residential
13065119139,13065119140,50.0,residential
13065119140,13065119141,27.0,residential
13065119141,13065119142,38.7,residential
13065119142,13065119143,30.0,residential
13065119143,13089143789,23.3,residential
13089143789,13065119144,7.6,residential
13065119144,13065119145,19.6,residential
13065119145,13065119146,15.4,residential
13065119146,13065119147,11.6,residential
13065119147,13065119148,13.0,residential
13065119148,13065119149,22.4,residential
13065119149,13065119150,34.4,residential
13065119150,13065119151,19.4,residential
13065119151,13065119152,16.0,residential
13065119152,13065119153,13.2,residential
13065119153,13065119154,33.5,residential
13065119154,13065119155,13.7,residential
13065119155,13065119156,5.1,residential
13065119156,13065119157,65.1,residential
13065119157,13065119158,5.2,residential
13065119158,13065119159,14.8,residential
13065119159,13065119160,58.4,residential
13065119160,13065119161,40.5,residential
13065119161,13065119162,26.5,residential
13065119162,13065119163,4.1,residential
13065119163,13065119164,15.3,residential
13065119164,13065119151,13.0,residential
13065119159,13065119165,34.4,residential
13065119165,13065119166,12.0,residential
13065119166,13065119167,7.0,residential
13065119167,13065119168,8.0,residential
13065119168,13065119169,5.6,residential
13065119169,13065119170,23.6,residential
13065119170,13065119171,16.9,residential
13065119180,13065119172,6.3,residential
13065119172,13065119173,28.6,residential
13065119173,13065119174,19.3,residential
13065119174,13065119175,17.2,residential
13065119175,13065119176,14.1,residential
13065119176,13065119177,9.3,residential
13065119177,13065119178,27.2,residential
13065119178,13065119179,30.5,residential
13065119181,13065119180,13.0,residential
13065119168,13065119181,5.5,residential
13065119182,13065119179,21.1,residential
13065119179,13065119183,21.1,residential
13065119183,13065119184,32.1,residential
13065119184,13065119185,26.9,residential
13065119185,13065119186,12.9,residential
13065119186,13065119187,39.6,residential
13065119187,13065119188,53.5,residential
13065119188,13065119189,20.9,residential
13065119189,13065119190,28.5,residential
13065119190,13065119191,9.8,residential
13065119191,13065119192,13.9,residential
13065119187,13065119193,38.8,residential
13065119193,13065119194,15.9,residential
13065119194,13065119195,22.0,residential
13065119195,13065119196,16.8,residential
13065119196,2375716672,9.6,residential
13065164316,13065164317,21.4,track
13065164317,13065164318,15.7,track
13065164318,13065164319,10.6,track
13065164319,13065164320,10.0,track
13065164320,13065164321,15.2,track
13065164321,13065164322,20.5,track
13065164322,13065164323,27.2,track
13065164323,13065164324,10.9,track
13065164324,13065164325,9.0,track
13065164325,13065164326,12.5,track
13065164326,13065164327,12.3,track
13065164327,13065164328,8.1,track
13065164328,13065164329,8.4,track
13065164329,13065164330,6.2,track
13065164330,13065164331,5.5,track
13065164331,13065164332,4.0,track
13065164332,13065164333,4.9,track
13065164333,13065164334,6.8,track
13065164334,13065164335,9.0,track
13065164335,13065164336,10.8,track
13065164336,13065164337,6.9,track
13065164337,13065164338,7.4,track
13065164338,13065164339,18.2,track
13065355402,13065355403,78.9,residential
13065355403,436736916,73.1,residential
13065355403,13065355404,38.2,residential
13065355404,13065355405,43.6,residential
13065355405,13065355406,21.8,residential
13065355407,13065355408,134.9,residential
13065355402,5342836239,134.6,residential
10857621955,13065343619,65.6,residential
13065343619,13065343617,83.7,residential
13065343618,13603718421,50.2,residential
13603718421,13603718422,4.6,residential
13603718422,13065343619,17.7,residential
13072994527,13072994528,18.1,residential
13072994528,13072994529,5.7,residential
13072994529,13072994530,10.1,residential
13072994530,13072994531,46.2,residential
13072994531,13072994532,6.4,residential
13072994532,13072994533,4.8,residential
13072994533,13072994534,7.5,residential
13072994534,13072994538,15.0,residential
13072994538,13072994535,36.8,residential
13072994536,13072994537,16.2,residential
13072994537,13072994538,19.9,residential
13078999360,13078999361,36.2,service
13078999361,13078999362,25.2,service
13078999362,13078999363,25.4,service
12202900682,13084910347,13.5,track
13084910347,13084910348,10.4,track
13084910348,13084910349,7.8,track
13084910349,13084910350,10.4,track
13084910350,13084910351,15.3,track
13084910351,13084910352,20.2,track
12202900790,13084910356,7.2,track
13084910356,13084910357,7.9,track
13084910357,13084910358,9.6,track
13065119182,13089108752,21.3,residential
13089108752,13089108753,19.2,residential
13089108753,13089108754,12.2,residential
13089108754,13089108755,7.6,residential
13089108755,13089108756,22.3,residential
13089108756,13089108757,19.6,residential
13089108757,13089108758,21.6,residential
13089108758,13089108759,13.1,residential
13089108759,13089108760,8.9,residential
13089108760,13089108761,6.7,residential
13089108761,13089108762,11.4,residential
13089108762,13089108763,13.4,residential
13089108763,13089108764,12.8,residential
13089108764,13089108765,11.6,residential
13089108765,13089108766,10.0,residential
13089108766,13089108767,10.1,residential
13089108767,13089108768,9.4,residential
13089108768,13089108769,10.0,residential
13089108769,13089108770,11.6,residential
13089108770,13089108771,7.1,residential
13089108771,13089108772,6.5,residential
13089108772,13089108773,10.1,residential
13089108773,13089108774,8.2,residential
13089108774,13089108775,11.1,residential
13089108775,13089108776,12.8,residential
13089108776,13089108777,32.0,residential
13089108777,13089108778,32.8,residential
13089108778,13089108779,14.7,residential
13089108779,13089108780,7.0,residential
13089108780,13089108781,6.5,residential
13089108781,13089108782,15.8,residential
13089108782,13089108783,9.7,residential
13089108783,13089108784,11.3,residential
13089108784,13089108785,14.7,residential
13089143789,13089143796,5.9,service
13089143796,13089143795,9.6,service
13089164913,13807519557,13.3,unclassified
13807519557,13089164906,23.2,unclassified
13089164906,13807519558,33.3,unclassified
13807519558,13807519559,5.8,unclassified
13807519559,13807519560,4.4,unclassified
13807519560,13807519561,5.0,unclassified
13807519561,13807519562,4.5,unclassified
13807519562,13807519563,5.7,unclassified
13807519563,13807519564,5.4,unclassified
13807519564,13807519565,5.9,unclassified
13807519565,13807519566,5.6,unclassified
13807519566,13807519567,5.5,unclassified
13807519567,13807519568,7.1,unclassified
13807519568,13807519569,12.5,unclassified
13807519569,13807519570,26.2,unclassified
13807519570,13807519572,87.5,unclassified
13807519572,13807519573,7.9,unclassified
13807519573,13807519574,5.2,unclassified
13807519574,13807519575,5.3,unclassified
13807519575,13807519576,4.6,unclassified
13807519576,13807519589,35.4,unclassified
13807519589,13807519590,9.7,unclassified
13807519590,13807519591,9.0,unclassified
13807519591,13807519592,33.9,unclassified
13807519592,13807519593,25.8,unclassified
13089135689,13802091167,39.6,service
13802091167,13089135690,36.3,service
12202899657,13089135691,19.6,service
13089135691,13089135692,7.9,service
13089135692,13089135693,4.9,service
13089135693,13089135694,4.2,service
13089135694,13807519528,3.7,service
13807519528,13807519529,4.3,service
13807519529,13807519530,3.6,service
13807519530,13807519531,3.5,service
13807519531,13807519532,7.1,service
13807519532,13089135695,45.7,service
13089135695,13807519533,30.6,service
13807519533,13807519534,15.1,service
13807519534,13089135696,22.3,service
13089135696,13802091176,53.0,service
13802091176,13089135697,29.6,service
13089135697,13807519535,15.3,service
13807519535,13807519536,15.5,service
13807519536,13089135698,125.8,service
13089135698,13807519544,4.3,service
13807519544,13807519545,3.6,service
13807519545,13807519546,4.8,service
13807519546,13807519547,5.0,service
13807519547,13807519548,20.0,service
13807519548,13807519549,6.8,service
13807519549,13807519550,4.7,service
13807519550,13807519551,6.3,service
13807519551,13807519552,5.9,service
13807519552,13807519553,5.6,service
13807519553,13089166001,7.5,service
13089166001,13807520712,3.2,service
13807520712,13807520713,4.0,service
13807520713,13807519595,8.5,service
13092319493,13092309044,24.7,residential
13092309044,13092309045,29.5,residential
13092309045,13092295184,37.7,residential
13092287900,13092309051,21.8,service
13092309051,13092326701,72.2,service
13092326701,13092322885,20.6,service
13092322885,13092304412,70.8,service
13092304412,13092309051,18.6,service
13092309128,13092309129,10.6,service
13092309129,13092309130,5.2,service
13092309130,13092309131,10.0,service
13092309131,13092309132,6.5,service
13092309132,13092309133,9.8,service
13092309133,13092309134,20.9,service
13092309129,13092306387,49.4,service
13092321871,13092329392,38.5,service
13092329392,13092321872,18.1,service
13092321872,13092329384,85.7,service
13092329384,13092329385,4.8,service
13092329385,13092329386,4.5,service
13092329386,13092329387,4.6,service
13092329387,13092329388,5.5,service
13092329388,13092329389,3.2,service
13092329389,13092329390,4.6,service
13092329390,13092329391,53.3,service
13092329391,13092329392,35.5,service
13092322921,13092322922,41.3,service
13092322922,13092310495,29.6,service
13092310495,13092318120,25.1,service
13092330934,13092330935,50.0,service
13092330935,13092321124,45.3,service
13092326184,13092326185,109.4,service
13092309134,13092314228,5.6,service
13092314228,13092314229,47.5,service
13092314229,13092314230,6.3,service
13094888878,13094888879,22.0,service
13094888879,13094888880,29.8,service
13094888880,13094888881,27.4,service
13094888881,13094888882,20.6,service
13094888882,13094888883,19.7,service
13094888883,13094888886,21.5,service
13094888886,13094888884,13.0,service
13094888884,13094888885,116.5,service
13094888886,13094888887,16.0,service
13094888887,13094888888,8.6,service
13094888888,13094888889,3.1,service
13094888889,13094888890,42.3,service
13094888890,13094888891,5.1,service
13094888891,13094888892,46.1,service
13094888893,13094888894,38.0,residential
13094888894,13094888895,7.7,residential
13094888895,13094888896,13.3,residential
13094888896,13094888897,7.1,residential
13094888897,13094888898,13.1,residential
13094888898,13094888899,22.4,residential
13094888899,13094888900,5.3,residential
13094888900,13094910801,8.2,residential
13094910801,13094910802,7.3,residential
13094910802,13094910803,9.3,residential
13094910803,13094910804,37.3,residential
13094910803,13094910805,15.3,track
13094910805,13094910806,29.0,track
529778397,13094900098,24.1,track
13094900098,13094900099,11.3,track
13094900099,13094900100,6.9,track
13094900100,13094920901,11.4,track
13094920901,13094920902,33.2,track
13094920902,13094920903,13.7,track
13094920903,13094920904,18.8,track
13094920904,13094920905,24.5,track
13094920905,13094920906,20.8,track
13094920906,13094920907,22.3,track
13094920907,13094920908,17.3,track
13094920908,13094920909,14.4,track
13094920909,13094920910,16.0,track
13094920910,8298098279,25.4,track
8298098279,13094920911,23.3,residential
13094920911,13094920912,35.5,residential
13094920912,13094920913,19.3,residential
13094920913,13094920914,14.7,residential
13094920914,13094920915,10.8,residential
13094920915,13094920916,10.9,residential
13094920916,9326936458,8.7,residential
13094906951,13094906952,97.4,residential
13094912430,13094912431,29.0,residential
13094912431,13094912432,20.6,residential
13094912432,13094912433,31.2,residential
13094912433,13094912434,17.0,residential
13094912434,13094912435,15.2,residential
13094912435,13094912436,12.4,residential
13094912436,13094912437,20.2,residential
13094912437,13094912438,25.3,residential
13094912438,13094912439,9.9,residential
13094912439,13094912440,6.8,residential
13094912440,13094912441,15.7,residential
13094912441,13094912442,60.0,residential
13094912435,530278164,41.2,residential
530278172,13094912443,28.6,residential
13094912443,13094912444,16.5,residential
13094912444,13094912445,8.5,residential
530278164,13094912446,11.0,residential
13094912446,13094912447,17.7,residential
13094912447,13094912448,21.9,residential
13094923381,6007183726,76.8,residential
12385816084,12385816082,55.1,path
13096041012,13096041013,22.2,footway
13096041013,13096041014,8.1,footway
13096041014,13096041015,9.3,footway
13096041015,13096041016,11.0,footway
13096041016,13096041017,9.6,footway
13096041017,13096041018,19.7,footway
13096041018,13096041019,10.7,footway
13096041019,13096041020,11.4,footway
13096041020,13096041021,12.9,footway
13096041021,13096041022,12.3,footway
13096041022,13096041023,15.7,footway
13096041023,13096041024,5.8,footway
13096041024,13096041025,13.9,footway
13096041025,13096041026,72.4,footway
13096041026,13096041027,45.5,footway
13096041027,13096041028,17.9,footway
13096041028,13271601637,15.6,footway
13271601637,13096041029,13.1,footway
13096041029,13096041030,30.2,footway
13096041030,13096041031,7.5,footway
13096041031,13271601661,17.2,footway
13271601661,13096041032,27.4,footway
13096041032,13271601660,27.2,footway
13271601660,13096041033,11.4,footway
13096041033,13271601659,29.1,footway
13271601659,13096041034,13.7,footway
13096041034,13271601658,20.9,footway
13271601658,13096041035,20.9,footway
13096041035,13271601657,8.4,footway
13271601657,13096041036,19.1,footway
13096041036,13271601656,14.7,footway
13271601656,13096041037,7.6,footway
13096041037,13096041038,8.6,footway
13096041279,13192563310,12.2,service
13192563310,13096041280,4.0,service
13096041280,13096041281,44.2,service
13099201856,13099201857,52.7,residential
13108208323,13108208324,14.5,residential
13108208324,13108208325,16.5,residential
13108208325,13108208326,24.4,residential
13108208326,13108208341,2.5,residential
13108208341,13108208334,15.9,residential
13108208334,13108208327,7.1,residential
13108208327,13108208328,18.2,residential
13108208328,13108208329,13.6,residential
13108208329,13108208330,4.3,residential
13108208331,13108208332,27.5,service
13108208332,13108208333,14.8,service
13108208333,13108208328,8.5,service
13108208334,13108208335,5.8,service
13108208335,13108208336,7.0,service
13108208336,13108208337,4.7,service
13108208337,13108208338,17.0,service
13108208339,13108208340,16.0,service
13108208340,13108208341,9.3,service
13108208342,13108208343,49.7,service
13108208344,13108208345,34.9,residential
13108208345,13108208346,19.4,residential
13108208346,13108208347,7.5,residential
13108208347,13108208348,4.3,residential
13108208348,13108208349,6.2,residential
13108208349,530287002,57.2,residential
13108208350,13108208351,19.3,residential
13108208351,13108208352,8.2,residential
13108208352,13108208355,10.0,residential
13108208355,13108208353,38.7,residential
13108208354,13108208355,68.2,residential
13108208356,13108208357,7.7,residential
13108208357,13108208358,15.8,residential
13108208358,13108208359,9.0,residential
13108208359,13108208360,9.6,residential
13108208360,13108208361,12.0,residential
13108208362,13108208363,42.7,residential
13108208363,13108208364,19.0,residential
13108208364,13108208365,22.5,residential
13108208365,13108208366,32.3,residential
13108208366,13108208367,18.3,residential
13108208367,13108208368,10.9,residential
13108208369,13108208370,26.2,residential
13108208370,13108208371,33.1,residential
13108208371,13108208374,8.7,residential
13108208374,13108208375,11.2,residential
13108208375,13108208376,9.0,residential
13108208376,13108208377,11.6,residential
13108208377,13108208378,17.7,residential
13108208378,13108208379,16.1,residential
13108208379,13108208380,23.1,residential
13108208381,13108208382,22.8,residential
13108208382,530290054,21.4,residential
13108208383,13108208384,8.5,residential
13108208384,13108208385,47.0,residential
530290019,13108208386,41.4,residential
13108208389,13108208390,17.2,residential
13108382561,13108382563,8.9,residential
13108382564,13108382565,8.0,residential
13108382565,13108382566,6.5,residential
9201335477,13108382567,7.2,residential
13108382567,13108382568,6.2,residential
13108382568,13108382569,4.9,residential
13108382569,13108382570,4.4,residential
13108382596,13108382597,58.2,service
13108382599,13108382600,35.4,service
13108382599,13108382608,7.1,service
13108382608,13108382604,8.5,service
13108382604,13108382605,12.8,service
13108382605,13108382606,41.8,service
13108382607,13108382608,12.5,service
9215168009,13108382609,9.9,unclassified
13108382609,13947240082,12.9,unclassified
13947240082,4658585425,15.6,unclassified
9215168011,4658585427,7.5,residential
9215179017,9215168013,26.9,service
13206367778,13108382613,32.1,service
13108382613,13108382614,12.5,service
13108382614,13108382615,31.7,service
13108382614,13092326184,43.1,service
13108382617,13108382618,14.1,footway
13108382618,13108382619,9.4,footway
13108382619,13108382620,19.0,footway
13108382620,13108382621,9.6,footway
13108382621,13108382622,5.1,footway
13108382622,13108382617,7.3,footway
13108382623,13108382624,11.6,footway
13108382624,13108382625,16.6,footway
13108382625,13108382626,6.1,footway
13108382626,13108382623,15.0,footway
12949898144,13108412815,171.1,footway
13108412815,13108412816,5.3,footway
13108412816,13108412817,6.3,footway
13108412817,13108412818,10.6,footway
13108412818,13108412819,19.7,footway
13108412819,13108412820,59.2,footway
13108412820,13108412821,3.9,footway
13108412821,13108412822,5.9,footway
13108412822,13108412823,21.3,footway
13108412823,13108412824,3.5,footway
13108412825,13108412826,4.7,footway
13108412826,13108412827,85.4,footway
13108412827,13108412828,6.2,footway
13108412828,13108412829,6.0,footway
13108412829,12949883784,1.1,footway
12949883784,13108412830,3.8,footway
13108412830,13108412831,77.3,footway
13108412831,13108412832,5.0,footway
13108412832,8523400198,3.0,footway
8523400198,13108412833,17.5,footway
13108412833,13108412834,6.7,footway
13108412834,13108412835,42.0,footway
13108412835,13108412836,43.6,footway
13108412836,13108412837,49.5,footway
13108412837,13108412838,36.0,footway
13108412838,13108412839,30.4,footway
13108412839,12949883782,3.3,footway
12949883782,13108412840,4.3,footway
13108412840,13108412841,6.0,footway
13108412841,13108412842,68.9,footway
13108412842,13108412843,2.5,footway
13108412843,13108412844,4.4,footway
13108412844,13108412845,9.4,footway
13108412845,13108412846,101.3,footway
13108412846,13108412847,54.5,footway
13108412847,13108412848,38.5,footway
13108412848,13108412849,17.8,footway
13108412849,13108412850,63.5,footway
13108412850,13108412825,11.5,footway
13108412851,13108412852,5.1,footway
13108412852,13108412853,82.1,footway
13108412853,12949883781,2.4,footway
12949883781,12949883777,5.1,footway
12949883777,13108412854,64.0,footway
13108412854,13108412855,53.1,footway
13108412855,13108412856,313.0,footway
13108412856,13108412857,21.2,footway
13108412857,13108412858,5.5,footway
13108412859,13108412860,5.7,footway
13108412860,13108412861,43.7,footway
13108412861,13108412862,19.1,footway
13108412863,8523400196,6.6,footway
8523400196,13108412864,104.0,footway
13108412864,13108412865,2.3,footway
13108412866,13108412867,3.1,footway
13108412867,13108412868,26.6,footway
13108412871,13108412872,4.9,footway
13108412872,13108412873,65.3,footway
13108412873,13108412874,48.1,footway
13108514902,13108514903,13.6,residential
13108514903,13108514904,22.0,residential
13108514904,13108514905,21.8,residential
13108514905,13108514906,6.0,residential
13108514906,13108514907,5.2,residential
13108514907,13108514908,11.0,residential
13108514908,13108514909,18.9,residential
13108514909,13108514910,18.9,residential
13108514910,13108514911,15.7,residential
13108514911,13108514912,13.4,residential
13108514912,13108514913,10.6,residential
13108514913,13108514914,25.9,residential
13108514909,13108514915,12.2,residential
13108514915,13108514916,15.0,residential
13108514916,13108514917,3.8,residential
13108514917,13108514918,4.2,residential
13108514918,13108514919,6.5,residential
13108514919,13108514920,4.1,residential
13108514920,13108514921,5.4,residential
13108514921,13108514922,5.7,residential
13108514922,13108514923,4.5,residential
13108514923,13108514924,3.0,residential
13108514924,13108514925,4.3,residential
13108514925,13108514926,11.5,residential
13108514926,13108514927,19.0,residential
13108514927,13108514928,7.7,residential
2259058316,11518968778,23.6,residential
11518968778,11518968779,30.6,residential
11518968779,13108514930,1.6,residential
13108514930,13108514902,8.6,residential
13108511381,13108511382,16.0,residential
13108511382,13108511383,16.7,residential
13108511383,13108511384,16.6,residential
13108511384,13108511385,8.4,residential
13108511385,13108511386,4.5,residential
13108511386,13108511387,4.5,residential
13108511387,13108511388,8.3,residential
13108511388,13108511389,22.6,residential
13108511389,13108511390,19.7,residential
13108511390,13108511391,11.5,residential
13108511391,13108511392,22.1,residential
13108511392,13108511393,17.3,residential
13108511393,2519237165,14.6,residential
2519237165,13108511394,11.9,residential
13108511394,13108511395,16.8,residential
13108511395,13108511396,11.0,residential
13108511396,13108511397,7.1,residential
13108511397,13108511398,11.4,residential
13108511398,13108511399,18.3,residential
13108511399,13108511400,16.3,residential
13108511400,13108537601,17.4,residential
13108537601,13108537603,8.9,residential
13108537603,13108537602,6.5,residential
13108537602,13108511391,19.5,residential
13108537603,13108537604,15.3,residential
13108537604,13108537605,3.3,residential
13108537605,13108537606,2.2,residential
13108537606,13108537607,2.9,residential
13108537607,13108537608,28.8,residential
13108511397,13108537609,5.2,residential
13108537609,13108537610,3.0,residential
13108537610,13108537611,2.6,residential
13108537611,13108537612,18.7,residential
13108537612,13108537613,5.0,residential
13108537613,13108537614,5.8,residential
13108537614,13108537615,4.6,residential
13108537615,13108537616,4.3,residential
13108537616,13108537617,5.3,residential
13108537617,13108537618,14.0,residential
13108537618,13108537619,31.1,residential
13108537619,13108537620,3.7,residential
13108537620,13108537621,4.4,residential
13108537621,13108537622,7.8,residential
13108537622,13108537623,5.8,residential
13108537623,13108537624,4.4,residential
13108537624,13108537625,6.0,residential
13108537625,13108537626,18.7,residential
13108537626,13108537627,3.2,residential
13108537627,13108537628,3.0,residential
13108537628,13108537629,15.5,residential
13108537629,13108537630,33.3,residential
13108537630,13108537631,12.3,residential
13108537631,13108537632,9.6,residential
13108537632,13108537633,7.3,residential
13108537633,13108537634,8.3,residential
13108537634,13108537635,7.0,residential
13108537635,13108537636,11.3,residential
13109934495,13109934496,28.5,residential
13109934496,13109934497,31.1,residential
13109934497,13109934498,18.5,residential
13109934498,13109934499,18.4,residential
13109934499,13109934500,24.8,residential
13109934500,13109948701,11.0,residential
13109948701,13109948702,9.9,residential
13109948702,13109948703,21.8,residential
13109948703,13109948704,19.2,residential
13109948704,13109948705,6.7,residential
13109948705,13109948706,8.7,residential
13109948706,13109948707,10.2,residential
13109948707,13109948708,9.7,residential
13109948708,13109948709,14.5,residential
13109948709,13109948710,11.5,residential
13109948710,13109948711,6.9,residential
13109948711,13109948712,7.7,residential
13109934499,13109948713,17.6,residential
13109948713,13109948714,45.9,residential
13109948714,13109948715,6.0,residential
13109948715,13109948716,4.4,residential
13109948716,13109948717,14.7,residential
13109948717,13109948718,10.7,residential
13109948718,13108514928,6.4,residential
13109948705,13109948719,10.3,residential
13109948719,13109948720,16.0,residential
13109948720,13109948721,5.7,residential
13109948721,13109948722,4.2,residential
13109948722,13109948723,4.7,residential
13109948723,13109948724,4.7,residential
13109948724,13109948725,7.5,residential
13109948725,13109948726,4.4,residential
13109948726,13108514928,9.7,residential
530990640,13109938299,26.5,residential
13109938299,13109938300,34.4,residential
13109938300,13109952301,29.2,residential
13109952301,13109952302,10.9,residential
13109952302,13109952303,8.6,residential
13109952303,13109952304,22.4,residential
13109952304,13109952305,20.2,residential
13109952305,13109952306,15.7,residential
13109952306,13109952307,6.8,residential
13109952307,13109952308,3.7,residential
13109952308,13109952309,4.9,residential
13109952309,13109952310,9.3,residential
13109952310,13109952311,8.7,residential
13109952311,13109952312,9.5,residential
13109952312,13109952313,4.4,residential
13109952313,13109952314,5.9,residential
13109952314,13109952315,6.3,residential
13109952315,13109952316,6.5,residential
13109952316,13109952317,11.6,residential
13109952317,13109952318,11.4,residential
530990577,13109952319,10.6,residential
13109952319,13109952320,21.8,residential
13109952320,13109952321,24.4,residential
13109952321,13109952322,21.2,residential
13109952322,13109952323,8.5,residential
13109952323,13109952324,7.8,residential
13109952324,13109952325,8.0,residential
13109952325,13109952318,9.5,residential
13109952318,13109952326,15.5,residential
13109952326,13109952303,16.7,residential
13109952303,13109952327,9.0,service
13109952327,13109952328,10.1,service
13109952328,13109952329,9.0,service
13109952329,13109952330,9.2,service
13109952330,13109952331,11.5,service
13109952331,13109952332,14.3,service
13109952332,13109952333,18.4,service
13109952333,13109952334,13.9,service
13109890699,13109890700,40.2,residential
13109890700,13109953801,51.6,residential
13109953801,13109953802,61.5,residential
5224671242,13109953805,15.6,service
13109924332,13109924333,13.3,residential
13109924333,13109924334,21.0,residential
13109924334,13109924335,9.7,residential
13109924335,13109924336,3.6,residential
13109924336,13109924337,5.5,residential
13109924337,13109924338,6.4,residential
13109924338,13109924339,8.4,residential
13109924339,13109924340,5.7,residential
13109924340,13109924341,5.1,residential
13109924341,13109924342,5.6,residential
13109924342,13109924343,5.7,residential
13109924343,13109924344,6.6,residential
13109924344,13109924345,5.5,residential
13109924345,13109924346,7.0,residential
13109924346,13109924347,5.2,residential
13109924347,13109924348,4.9,residential
13109924348,13109924349,4.6,residential
13109924335,13109924350,5.3,residential
13109924350,13109924351,5.6,residential
13109924351,13109924352,7.8,residential
13109924352,13109924353,8.9,residential
13109924353,13109924354,2.5,residential
13109924354,13109924355,2.0,residential
13109924355,13109924356,5.9,residential
13109924356,13109924357,7.7,residential
13109924357,13109924358,7.1,residential
13109924358,13109924359,8.6,residential
13109924359,13109924360,3.8,residential
13109924360,13109924361,4.4,residential
13109924361,13109924362,3.7,residential
13109924362,13109924363,5.7,residential
13109924363,13109924364,9.9,residential
13109924364,13109924365,25.8,residential
13109924365,13109924366,31.6,residential
13109924366,13109924367,9.9,residential
13109924367,13109924368,11.4,residential
13109924368,13109924369,16.3,residential
13109924369,13109924370,6.7,residential
13109924370,13109924371,6.6,residential
13109924371,13109924372,7.6,residential
13109924372,13109924373,7.2,residential
13109924373,13109924374,9.6,residential
13109924374,13109924375,9.2,residential
13109924375,13109924376,8.2,residential
13109924376,13109924377,7.6,residential
13109924377,13109924378,6.6,residential
13109924378,13109924379,4.7,residential
13109924379,13109924380,3.8,residential
13109924380,5313720660,6.5,residential
13120677743,13120677742,21.0,service
13120677742,13120677741,18.9,service
13120677741,10866146237,9.4,service
9313410540,13120677753,79.6,service
13120677753,13120677752,61.4,service
13120677752,13120677751,80.0,service
13120677751,13120677750,54.4,service
13120677750,13120677749,57.8,service
13120677749,13120677748,64.1,service
13142302397,13142302398,6.4,residential
13142302398,13142302399,13.4,residential
13142302399,13142302400,26.3,residential
13142302400,13142317701,28.0,residential
13142317701,13142440226,2.2,residential
13142440226,13142317706,24.6,residential
13142317706,13142317702,9.6,residential
13142317702,13142317703,17.8,residential
13142317703,13142317704,4.4,residential
13142317704,13142440237,3.4,residential
13142440237,13142317705,18.0,residential
13142317706,13142317707,21.8,residential
13142317707,13142317708,39.1,residential
13142408654,13142408656,11.2,footway
13142408656,13142408655,14.0,footway
13142401420,13142401421,9.5,service
13142401421,13142401425,10.0,service
13142401425,13142401422,7.5,service
13142401422,13142401423,45.9,service
13142401425,13142401426,41.4,service
13142401426,13142401427,9.7,service
13142401427,13142401428,11.3,service
13142401428,13142401429,18.4,service
13142401429,13142401430,10.8,service
13142401430,13142401431,10.0,service
13142401445,13142401446,30.1,service
13142401446,13142401447,6.8,service
13142401448,13142401449,20.8,service
13142401449,13142401450,28.4,service
13142401450,13142401451,36.5,service
13142401451,13142401452,40.6,service
13142302400,13142440223,17.5,service
13142440223,13142440224,28.3,service
13142440224,13142440225,12.4,service
13142440226,13142440227,23.6,service
13142440227,13142440232,9.1,service
13142440232,13142440228,10.3,service
13142440228,13142440229,19.1,service
13142440229,13142440230,11.6,service
13142440230,13142440231,6.9,service
13142440232,13142440233,14.8,service
13142440233,13142440234,16.4,service
13142440234,13142440235,16.4,service
13142440235,13142440236,14.2,service
13142440236,13142440237,9.4,service
13142421144,13142421145,27.2,service
13142421145,13142421157,2.8,service
13142421157,13142421146,12.1,service
13142421146,13142421147,14.7,service
13142421147,13142421148,7.9,service
13142421148,13142421149,8.8,service
13142421149,13142421150,7.4,service
13142421150,13142421151,16.3,service
13142421151,13142421152,6.1,service
13142421152,13142421153,51.2,service
13142421148,13142421154,9.7,service
13142421154,13142421155,27.4,service
13142421155,13142421156,9.9,service
13142421157,13142421158,58.2,service
13142421158,13142421159,7.6,service
13142421159,13142421160,8.6,service
13142421160,13142421161,9.3,service
13142421161,13142421162,10.7,service
9331381910,13142421163,14.1,service
13142421163,13142421164,14.1,service
13142421164,13142421165,13.4,service
13142421165,13142421166,14.9,service
13142421166,13142421167,15.0,service
13144923482,13144923483,1.9,pedestrian
13144923483,12949883798,18.2,pedestrian
12949883798,13144923484,3.1,pedestrian
13144923484,12949883792,3.6,pedestrian
12949883792,13144923485,20.7,pedestrian
13144923485,13144923486,8.5,pedestrian
13144923486,12949883796,6.8,pedestrian
12949883796,13144923487,7.2,pedestrian
13144923487,13144923482,8.2,pedestrian
12949898136,13144923491,12.1,pedestrian
13144923491,12949898109,15.8,pedestrian
12949898109,13144923488,32.4,pedestrian
13144923488,12949883800,36.1,pedestrian
12949883800,13144923489,3.3,pedestrian
13144923489,13144923490,3.2,pedestrian
13144923490,12949898106,6.0,pedestrian
12949898106,12949898136,30.1,pedestrian
13144923493,12949898105,3.1,pedestrian
12949898105,13144923494,15.2,pedestrian
13144923494,13144923495,8.9,pedestrian
13144923495,12949898113,6.3,pedestrian
12949898113,13144923496,0.2,pedestrian
13144923496,13144923497,9.2,pedestrian
13144923497,12949898101,15.0,pedestrian
12949898101,13144923493,3.8,pedestrian
13144923498,12949883791,30.9,pedestrian
12949883791,13144923499,6.4,pedestrian
13144923499,12949898102,8.0,pedestrian
12949898102,13144923500,14.3,pedestrian
13144923500,12949883789,19.3,pedestrian
12949883789,13144923501,1.5,pedestrian
13144923501,13144923498,27.7,pedestrian
13144923502,12949898112,11.6,footway
12949898112,13144923503,11.8,footway
13144923503,13144923504,9.4,footway
13144923504,13144923505,49.4,footway
13144923505,13144923506,113.7,footway
13144923506,13144923507,13.6,footway
13144923507,13144923508,10.8,footway
13144923508,13144923509,10.1,footway
13144923509,13144923510,10.3,footway
13144923510,13144923511,39.4,footway
13144923511,13144923512,5.2,footway
13144923512,13947240072,1.7,footway
13947240072,13947240071,1.7,footway
13144923502,13144923513,43.4,footway
13144923513,368736541,87.4,footway
368736541,13144923514,15.6,footway
13144923514,13144923515,8.5,footway
13144923515,13144923516,8.5,footway
13144923516,13144923517,6.7,footway
13144923517,13144923518,8.7,footway
13144923518,13144923519,6.7,footway
13144923519,13144923520,9.5,footway
13144923520,13144923521,10.8,footway
13144923521,8243225872,22.4,footway
8243225872,13144923522,30.1,footway
13144923522,13144923523,3.4,footway
13947240069,13144923525,3.6,footway
13144923525,13947240065,2.8,footway
13947240065,13144923526,2.5,footway
13144923526,13144923527,35.6,footway
13144923528,13144923529,2.4,footway
13144923529,12949898110,9.9,footway
12949898110,13144923530,35.2,footway
13144923530,13144923531,13.8,footway
13144923531,8523400203,53.6,footway
8523400203,13144923533,23.2,footway
13144923533,13144923534,0.9,footway
13144923534,13144923535,19.2,footway
13144923535,13144923536,47.9,footway
13144923536,13144923537,130.2,footway
13144923537,13144923538,3.9,footway
13144923538,13144923539,3.3,footway
13144923539,13144923540,10.1,footway
13144923540,13144923541,12.1,footway
13144923541,13144923542,9.8,footway
13144923542,13144923543,51.1,footway
13144923543,13144923544,3.7,footway
13144923544,13144923545,5.1,footway
13144923545,13144923546,7.8,footway
13144923546,13144923547,8.5,footway
13144923547,13144923548,14.7,footway
13144923548,13144923549,27.1,footway
13144923549,13144923550,22.2,footway
13144923550,13144923551,15.6,footway
13144923551,13144923552,2.6,footway
13144923553,13144923554,23.4,footway
13144923554,13144923555,12.8,footway
13144923555,13144923556,19.9,footway
13144923556,13144923557,18.0,footway
13144923557,13144923560,23.2,footway
13144923560,13144923559,7.0,footway
13144923559,13144923562,6.0,footway
13144923562,13144923561,20.1,footway
13144923561,13144923558,8.2,footway
13144923558,13144923563,20.1,footway
13144923563,13144923564,69.4,footway
13144923564,13144923565,57.7,footway
13144923565,13144923566,57.3,footway
13144923566,13144923567,51.6,footway
13144923567,13144923568,49.5,footway
13144923568,13144923569,49.5,footway
13144923569,13144923570,52.5,footway
13144923570,13144923571,73.1,footway
13144923571,13144923572,13.0,footway
13144923572,9342234729,8.8,footway
13147446217,13147446218,100.3,service
13147446256,13147446257,49.9,footway
13147446257,13147446258,6.1,footway
13147446259,13147446260,59.8,footway
13147446261,13147446262,71.9,unclassified
13147446262,13147446267,20.9,unclassified
13147446267,13147446263,24.6,unclassified
13147446264,13147446265,22.7,unclassified
13147446265,13147446266,31.2,unclassified
13147446266,13147446267,56.5,unclassified
13147446267,13147446268,26.2,unclassified
13147446269,13147446270,69.0,unclassified
13147446270,13147446272,7.6,unclassified
13147446272,13147446271,28.1,unclassified
13147446272,13147446273,24.1,unclassified
13147446273,13147446274,29.5,unclassified
13147446274,13147446275,38.2,unclassified
13147446348,13147446349,13.1,service
13147446349,13147446350,9.3,service
13147463220,13147463221,14.5,service
13147463221,13147463222,3.6,service
13147463223,13147463224,16.0,unclassified
13147463224,13147463225,21.4,unclassified
13147463225,13147463226,17.0,unclassified
13147463226,13147463227,19.9,unclassified
13147463227,13147463228,15.2,unclassified
13147463228,13147463229,29.8,unclassified
13147463229,13147463230,29.1,unclassified
13147574032,13147574033,58.0,service
13147574033,13147574034,33.5,service
13147574034,13147574035,32.0,service
13147574035,13147574040,17.1,service
13147574040,13147574038,17.6,service
13147574038,13147574036,16.5,service
13147574036,13147574037,36.4,service
13147574038,13147574039,34.3,service
13147574040,13147574041,30.8,service
13147574042,13147574043,7.9,footway
13147574043,13147574044,6.7,footway
13147574044,13147574045,5.9,footway
13147574045,13147574046,10.5,footway
13147574046,13147574089,6.7,footway
13147574089,13147574047,4.4,footway
13147574047,13147574048,8.0,footway
13147574048,13147574049,8.6,footway
13147574049,13147574050,5.5,footway
13147574050,13147574051,6.0,footway
13147574051,13147574052,5.0,footway
13147574052,13147574053,6.8,footway
13147574053,13147574054,5.4,footway
13147574054,13147574122,8.2,footway
13147574122,13147574055,1.3,footway
13147574055,13147574056,8.8,footway
13147574056,13147574057,5.3,footway
13147574057,13147574058,5.7,footway
13147574058,13147574059,4.7,footway
13147574059,13147574060,7.0,footway
13147574060,13147574061,4.4,footway
13147574061,13147574062,6.6,footway
13147574062,13147574063,5.3,footway
13147574063,13147574064,5.0,footway
13147574064,13147574065,4.0,footway
13147574065,13147574066,4.6,footway
13147574066,13147574067,8.1,footway
13147574067,13147574068,7.6,footway
13147574068,13147574069,4.4,footway
13147574069,13147574118,2.7,footway
13147574118,13147574070,3.3,footway
13147574070,13147574071,5.5,footway
13147574071,13147574072,6.0,footway
13147574072,13147574073,4.5,footway
13147574073,13147574074,3.9,footway
13147574074,13147574075,3.3,footway
13147574075,13147574076,4.6,footway
13147574076,13147574077,7.9,footway
13147574077,13147574078,8.1,footway
13147574078,13147574079,7.0,footway
13147574079,13147574080,8.9,footway
13147574080,13147574081,5.5,footway
13147574081,13147574082,6.1,footway
13147574082,13147574083,6.2,footway
13147574083,13147574084,4.6,footway
13147574084,13147574085,6.3,footway
13147574085,13147574086,7.9,footway
13147574086,13147574087,5.7,footway
13147574087,13147574088,4.3,footway
13147574088,13147574089,6.9,footway
13147574089,13147574090,6.0,footway
13147574090,13147574091,7.6,footway
13147574091,13147574092,6.4,footway
13147574092,13147574093,8.4,footway
13147574093,13147574094,5.7,footway
13147574094,13147574095,6.2,footway
13147574095,13147574096,7.5,footway
13147574096,13147574097,7.3,footway
13147574097,13147574098,4.9,footway
13147574098,13147574061,5.8,footway
13147574099,13147574100,10.8,footway
13147574100,13147574101,5.9,footway
13147574101,13147574102,6.7,footway
13147574102,13147574103,8.1,footway
13147574103,13147574104,3.6,footway
13147574104,13147574062,10.3,footway
13147574104,13147574105,6.4,footway
13147574105,13147574106,6.4,footway
13147574106,13147574107,7.7,footway
13147574107,13147574108,8.2,footway
13147574108,13147574109,4.7,footway
13147574109,13147574110,5.7,footway
13147574110,13147574111,5.1,footway
13147574111,13147574112,5.9,footway
13147574112,13147574113,4.2,footway
13147574113,13147574114,4.7,footway
13147574114,13147574115,4.5,footway
13147574115,13147574116,4.8,footway
13147574116,13147574117,8.1,footway
13147574117,13147574069,6.4,footway
13147574118,13147574119,2.6,footway
13147574119,13147574120,7.8,footway
13147574120,13147574121,5.7,footway
13147574121,13147574122,9.7,footway
5224591933,11064166574,50.2,footway
11064166574,11064166584,69.1,footway
11064166584,11064166578,28.5,footway
11064166578,13147574145,9.6,footway
13147574145,11064166580,81.0,footway
529470116,12512219221,61.9,tertiary
2260026948,2260026950,5.3,tertiary
2260026950,2260026964,5.3,tertiary
2260026964,2260026871,6.5,tertiary
2260026871,2260026867,6.1,tertiary
2260026867,2260026904,6.3,tertiary
2260026904,2260026896,5.3,tertiary
2260026896,2260026936,18.3,tertiary
2260026936,2260026888,18.3,tertiary
2260026888,2260026940,18.2,tertiary
2260026940,2260026901,18.2,tertiary
2260026901,2260026967,15.4,tertiary
2260026967,11174878089,18.4,tertiary
11174878089,2260026947,32.2,tertiary
2260026947,2260026875,15.3,tertiary
2260026960,2260026948,43.2,tertiary
529458580,529458581,58.1,tertiary
529458581,529458582,91.7,tertiary
529458582,529458569,98.9,tertiary
529458569,529804448,25.4,tertiary
10828183435,436736918,23.8,secondary
436736918,10828183441,8.1,secondary
10828183437,10828183435,29.4,tertiary
13184054929,13184054930,56.6,service
13184054930,13184054931,22.6,footway
13184054931,13184054932,42.3,footway
13184054933,13184054934,76.6,footway
13184054934,13184054935,4.7,footway
13184054935,13184054936,4.0,footway
13184054936,13184054937,4.8,footway
13184054937,13184054938,7.8,footway
13184054939,13184054940,18.9,service
13184054940,13184054941,10.3,service
13184054941,13184054942,59.3,service
13184054942,13184054945,3.1,service
13184054945,13184054943,14.0,service
13184054943,13184054944,58.7,service
13184054944,13184054940,6.4,service
13184054938,13184054945,26.4,footway
13184054931,13184054938,26.2,footway
13184061814,13184061815,36.3,service
13184061815,13184061816,4.8,footway
13184061816,13184061817,9.6,footway
13184061817,13184061820,29.6,footway
13184061820,13184061818,11.5,footway
13184061818,13184061819,23.1,footway
13184061820,13184061821,35.6,footway
13184061823,13184061824,41.5,footway
10831436237,10831436245,45.0,primary
436597949,10831436238,15.4,primary
2122131937,2122131965,8.0,primary
2122131965,2122131967,18.8,primary
2122131967,10828183451,9.8,primary
10828161832,2122131937,29.6,secondary
3076736297,414664590,41.6,tertiary
414664590,3076736294,40.5,primary
4055395297,13603977756,33.6,tertiary
13603977756,529778449,14.5,tertiary
529778449,13603977940,32.0,tertiary
13603977940,13603977904,19.0,tertiary
13603977904,13603977907,19.8,tertiary
13603977907,13603977827,34.1,tertiary
13603977827,436597965,54.2,tertiary
529483798,530290031,113.5,tertiary
530290031,530290034,135.0,tertiary
530290034,12338850264,67.4,tertiary
13192563306,13192563307,14.9,primary_link
13192563307,13192563308,6.3,primary_link
13192563308,13192563309,19.0,primary_link
13192563306,5224663692,22.2,primary
5224663692,12290932613,7.1,primary
13192563309,5224663693,23.7,tertiary
5224663693,436737726,34.3,tertiary
529470234,13109918341,12.0,tertiary
13109918341,5224566456,8.1,tertiary
5224566456,529470236,15.0,tertiary
529470236,529470238,23.6,tertiary
529470238,529470240,22.2,tertiary
529470240,529470242,21.7,tertiary
529470242,529470243,21.2,tertiary
529470243,529470245,20.8,tertiary
529470245,529470247,29.3,tertiary
529470247,529470249,38.7,tertiary
414665037,13476523345,5.2,tertiary
13476523345,2250734766,11.7,tertiary
436737724,6146988301,12.6,tertiary
6146988301,9176536067,72.1,tertiary
9176536067,5224591945,11.7,tertiary
5224591945,530981034,205.8,tertiary
530981034,6146988074,7.2,tertiary
6146988074,436737725,83.9,tertiary
436737725,530981023,68.3,tertiary
530981023,530981024,65.2,tertiary
530981024,6146988077,13.0,tertiary
6146988077,530981026,123.7,tertiary
530981026,5224589589,48.6,tertiary
5224589589,530981005,21.4,tertiary
3972492242,10857999953,20.9,tertiary
10857999953,10828161863,11.4,tertiary
10828161863,10857999952,12.2,tertiary
10857999952,10828161870,20.0,tertiary
5373466821,12338850250,7.1,tertiary
12338850250,12338850248,9.1,tertiary
12338850248,12338850251,10.5,tertiary
12338850251,529483680,15.2,tertiary
436666879,6225821775,74.3,primary
5373391896,529470353,49.8,tertiary
529470353,6007183714,1.6,tertiary
6007183714,13060722718,39.6,tertiary
13060722718,10933466707,103.3,tertiary
10933466707,13058713513,62.4,tertiary
13058713513,13058713542,23.5,tertiary
13058713542,13058713556,42.8,tertiary
13058713556,436666879,13.1,tertiary
529470376,2259058178,58.6,tertiary
2259058178,529483720,68.1,tertiary
529483720,530286851,49.3,tertiary
530286851,529483702,64.9,tertiary
529483702,529483705,55.8,tertiary
529483705,529483709,46.2,tertiary
529483709,529483708,83.3,tertiary
529483708,5373440847,46.4,tertiary
5373440847,5373440846,19.2,tertiary
5373440846,530286998,18.3,tertiary
530286998,5373391883,61.3,tertiary
5373391883,529483798,60.2,tertiary
13206367778,13092326184,16.0,residential
9310065468,4636664267,7.4,residential
4636664267,13206367778,15.4,residential
4525714792,9310065468,13.8,residential
2259058662,2259058225,59.6,tertiary
2259058225,9287939821,29.1,tertiary
9287939821,2259058094,38.4,tertiary
2259058094,5373466840,48.2,tertiary
5373466840,530282343,6.6,tertiary
530282356,530282359,16.4,residential
530282382,530282389,30.7,residential
530282389,530282385,26.7,residential
530282385,530282370,53.8,residential
7456175744,530282377,117.0,tertiary
530282377,530286887,32.7,tertiary
529483790,10883977424,5.4,tertiary
10883977424,7437065257,27.7,tertiary
7437065257,530290147,97.9,tertiary
530290147,530287011,51.8,tertiary
13227695287,13227695286,50.5,residential
13227695297,13227695296,62.7,service
13227695299,13227695298,38.5,service
13227695301,13227695300,38.8,service
13227695308,13227695307,27.9,service
13227695307,13227695296,4.1,service
13227695296,13227695302,12.4,service
13227695302,13227695306,3.0,service
13227695306,13227695305,35.4,service
13227695305,13227695299,17.6,service
13227695299,13227695301,18.1,service
13227695301,13227695304,17.7,service
13227695304,13227695303,39.1,service
13227695303,13227695300,18.1,service
13227695300,13227695298,17.5,service
13227695298,13227695302,18.7,service
13227695320,13227695319,35.2,service
13227695326,13227695321,16.6,service
13227695323,13227688850,25.8,service
13227688850,13227695322,16.9,service
13227695325,13227688852,26.3,service
13227688852,13227688851,25.9,service
13227688851,13227695324,17.1,service
8298098254,13227688852,19.7,service
13227688852,13227695323,19.0,service
13227695323,13227695327,19.5,service
13227695327,13227695326,25.8,service
13227695326,13227688850,19.5,service
13227688850,13227688851,18.9,service
13227688851,13227695320,12.6,service
13227695320,8298098247,7.2,service
5527273674,13802091131,51.5,secondary
13802091131,13802091113,23.3,secondary
13802091113,13802091051,163.2,secondary
13802091051,5313419386,13.9,secondary
5313419386,13802091050,12.6,secondary
13802091050,13802091049,12.7,secondary
13802091049,13802091048,10.3,secondary
13802091048,13802091047,12.0,secondary
13802091047,13802091046,12.3,secondary
13802091046,5313419387,11.6,secondary
5313419387,13802091045,11.6,secondary
13802091045,13802091044,11.3,secondary
13802091044,13802091043,11.7,secondary
13802091043,13802091042,14.5,secondary
13802091042,13802091041,16.8,secondary
13802091041,5313419388,42.2,secondary
5313419388,5313419389,12.4,secondary
5313419389,13802090994,11.7,secondary
13802090994,13802090993,12.7,secondary
13802090993,13802090992,12.6,secondary
13802090992,13802090991,13.1,secondary
13802090991,5313419390,13.2,secondary
5313419390,13802090990,12.2,secondary
13802090990,13802090989,12.3,secondary
13802090989,5313419391,12.2,secondary
5313419391,13802090966,12.0,secondary
13802090966,5313419392,12.5,secondary
5313419392,5313419393,15.5,secondary
13802090937,13802090936,9.5,primary
13802090936,13802090954,39.2,primary
13802090954,414664986,5.0,primary
5528018521,13807577457,6.5,primary
13807577457,1574630654,5.6,primary
5528018523,259979183,40.5,primary
5313419393,13802090965,14.1,secondary
13802090965,13802090962,13.5,secondary
13802090962,13802090967,8.0,secondary
13802090967,5313419394,13.6,secondary
5313419394,5313419406,22.7,secondary
5527273675,13802091117,30.2,tertiary
13802091117,12202900710,76.8,tertiary
12202900710,1503595826,122.3,tertiary
1503595826,13802091075,17.9,tertiary
13802091075,13802091079,26.0,tertiary
13802091079,1503595823,85.2,tertiary
10861820179,436666879,246.3,primary
9094561897,530278133,10.4,tertiary
530278133,530278137,8.7,tertiary
530278137,530278141,31.7,tertiary
530278141,4149631592,34.0,tertiary
4149631592,8481047435,35.8,tertiary
8481047435,530278134,4.9,tertiary
530278134,530278135,33.1,tertiary
530278135,530278144,15.5,tertiary
530278144,530278187,60.0,tertiary
530278187,530278189,38.8,tertiary
530278189,529470358,90.5,tertiary
529470358,530278185,100.9,tertiary
530278185,530278199,50.1,tertiary
530278199,10861820178,195.9,tertiary
5313419406,13253924057,11.8,secondary_link
13253924057,13253924058,8.4,secondary_link
13253924058,13802090938,7.4,secondary_link
13802090938,13802090939,4.9,secondary_link
13802090939,13802090940,5.5,secondary_link
13802090940,13802090941,4.6,secondary_link
13802090941,13802090942,5.9,secondary_link
13802090942,13802090943,5.1,secondary_link
13802090943,13802090947,5.2,secondary_link
13802090947,13802090936,9.4,secondary_link
13802090936,13802090946,6.7,primary_link
13802090946,13802090945,6.0,primary_link
13802090945,13802090944,6.0,primary_link
13802090944,13802090935,6.2,primary_link
13802090935,13802090934,5.9,primary_link
13802090934,13802090933,7.0,primary_link
13802090933,13802090932,7.1,primary_link
13802090932,13802090931,7.9,primary_link
13802090931,13253924059,7.4,primary_link
13253924059,13253924060,10.0,primary_link
13253924060,13253924061,10.7,primary_link
5313419406,414664986,44.7,secondary
2260026875,2260026916,9.4,tertiary
2260026916,2260026903,6.1,tertiary
2260026903,2260026881,5.3,tertiary
2260026881,2260026961,11.6,tertiary
2260026961,2260026906,11.2,tertiary
2260026906,2260026965,14.1,tertiary
2260026965,2260026894,38.9,tertiary
12525943403,9313418302,8.6,primary
9313418302,436666866,5.1,primary
3853322446,3756798892,102.6,footway
3756798892,13271601631,29.1,footway
13271601631,529815754,8.3,footway
13271601645,13271601636,3.9,footway
13271601636,13271601635,5.9,footway
13271601635,13271601634,7.2,footway
13271601634,13271601633,18.0,footway
13271601633,13271601632,15.1,footway
13271601632,904021096,37.2,footway
13271601653,13271601644,4.9,footway
13271601644,13271601643,7.2,footway
13271601643,13271601642,6.5,footway
13271601642,13271601641,8.2,footway
13271601641,13271601640,10.7,footway
13271601640,13271601639,9.4,footway
13271601639,13271601638,7.6,footway
13271601638,13271601649,5.5,footway
13096041034,13271601655,4.9,footway
13271601655,13271601654,5.2,footway
13271601654,13271601653,18.8,footway
13271601653,13271601652,14.9,footway
13271601652,13271601651,6.6,footway
13271601651,13271601650,17.2,footway
13271601650,13271601649,18.5,footway
13271601649,13271601648,13.7,footway
13271601648,13271601647,10.0,footway
13271601647,13271601646,5.5,footway
13271601646,13271601645,2.6,footway
13271601645,13271601661,6.0,footway
529815681,13289757096,36.6,footway
13289757096,13289757097,40.7,footway
13289757097,2818013367,49.7,footway
529470258,13325814190,10.9,residential
13325814190,13325814189,17.2,residential
13327784388,5833894214,44.1,service
5833894202,5833894203,55.9,service
9215133112,13327784391,59.1,service
4658645869,13432283980,2.7,residential
13432283980,13432283981,3.3,residential
13432283981,4658645870,13.9,residential
4658645867,4658645862,16.6,residential
13441908796,13523702635,6.3,primary_link
13523702635,13523702629,1.3,primary_link
13523702629,13523702630,1.2,primary_link
13523702630,13523702628,8.9,primary_link
13523702628,13523702632,1.3,primary_link
13523702632,13523702631,0.9,primary_link
13523702631,13523702636,0.8,primary_link
13523702636,13523702633,1.3,primary_link
13523702633,13523702634,1.4,primary_link
13523702634,13441908795,1.9,primary_link
13441914886,6280676353,10.5,service
10857705896,13462734099,20.4,residential
13462734099,13462734100,73.8,residential
13462741401,13462741402,59.1,residential
13462741402,13462741403,38.9,residential
13462741403,13462741404,75.7,residential
13462741405,13462741406,7.7,primary_link
13462741406,13462741407,17.6,primary_link
13462741407,13462741408,15.9,primary_link
13462741408,13462741409,36.7,primary_link
13462741409,529470271,27.8,primary_link
13464372246,13464372253,3.3,path
13464372253,13464372401,7.7,path
13464372401,13464372247,6.3,path
13464372247,13464372241,1.7,path
13464372241,13464372248,9.7,path
13464372248,13464372249,26.1,path
13464372249,13464372250,7.7,path
13464372250,13464372229,1.9,path
13464372229,13464372251,9.2,path
13464372252,13464372243,5.6,path
13464372243,13464372244,39.8,path
13464372244,13464372245,26.4,path
13464372245,13464372246,52.2,path
13464372253,13464372271,5.0,path
13464372271,13464372255,4.0,path
13464372255,13464372256,2.5,path
13464372256,13464372216,5.0,path
13464372216,13464372257,30.6,path
13464372257,13464372258,6.2,path
13464372258,13464372259,6.8,path
13464372259,13464372260,4.8,path
13464372260,13464372286,15.3,path
13464372286,530278157,14.1,path
13473107937,13473107938,8.0,track
13473107938,13473107939,21.9,track
13473107939,13473107940,42.2,track
13473107940,13473107941,10.9,track
13473107941,13473107942,7.8,track
13473107942,2519290313,11.3,track
13473107944,13473107945,8.3,path
13473107945,13473107946,35.1,path
13473107946,13473107947,183.4,track
13473107947,13473107948,23.1,track
10831436457,13473107949,10.6,track
13473107949,13473107952,15.2,track
13473107952,13473107950,6.1,track
13473107950,13473107951,46.4,track
13473107951,13473107970,131.0,track
13473107970,10831436471,101.0,track
10831436471,13473107971,115.4,track
13473107971,13473107972,135.8,track
13473107972,13473107973,125.9,track
13473107973,13473107974,64.4,track
13473107974,13473107975,92.4,track
13473107975,13473107976,105.5,track
13473107976,13473107977,104.3,track
13473107977,13473107978,76.8,track
13473107978,13473107979,42.0,track
13473107979,13473107980,87.6,track
13473107980,13473107981,58.4,track
13473107981,13473107982,35.6,track
13473107982,13473107983,122.8,track
13473107983,13473107984,29.7,track
13473107984,13473107985,30.4,track
13473107952,13473107953,5.8,track
13473107953,13473107954,12.4,track
13473107954,13473107955,13.9,track
13473107955,13473107956,11.3,track
13473107956,13473107957,5.0,track
13473107957,13473107958,5.8,track
13473107958,13473107959,5.6,track
13473107959,13473107960,93.8,track
13473107960,13473107961,35.4,track
13473107961,13473107962,8.8,track
13473107962,13473107963,7.6,track
13473107963,13473107964,5.4,track
13473107964,13473107965,7.7,track
13473107965,13473107966,21.7,track
13473107966,13473107967,10.5,track
13473107967,13473107968,4.6,track
13473107968,13473107969,8.7,track
13473107969,9365255201,8.8,track
13473107986,13473107987,12.7,unclassified
13473107988,13473107983,11.4,unclassified
13473107987,13473107988,40.8,unclassified
9251915295,13473107990,7.1,track
13473107990,13473107991,11.3,track
13473107991,13473107992,43.4,track
13473107992,13473107985,23.9,track
13473107985,13473107993,69.2,track
13473107993,13473107994,23.1,track
13473107994,13473107995,21.5,track
13473107995,13473107996,11.2,track
13473107996,13473107997,18.4,track
13473107997,13473107998,16.6,track
13473107998,13473107999,13.4,track
13473107999,13473108000,40.1,track
13473108000,13473114001,60.4,track
13473114001,13473114002,24.1,track
13473114002,13473114003,23.2,track
13473114003,13473114004,207.4,track
13473114004,13473114005,50.1,track
13473114005,13473107978,24.7,track
2817924544,13473114011,7.1,unclassified
13473114011,13473114012,36.2,unclassified
13473114012,13473114013,11.4,unclassified
13473114013,13473114014,18.1,unclassified
13473114014,13473114015,60.3,unclassified
13473114015,13473114016,39.0,unclassified
13473114016,13473114017,25.4,unclassified
13473114017,13473114018,35.3,unclassified
13473114018,13473114019,87.0,unclassified
13473114019,13473114027,79.2,unclassified
13473114027,13473114028,37.2,unclassified
13473114028,13473114029,20.0,unclassified
13473114020,13473114021,21.6,unclassified
13473114021,13473114022,62.8,unclassified
13473114022,13473114023,62.1,unclassified
13473114023,9313410539,51.0,unclassified
13473114018,13473114025,6.0,unclassified
13473114026,13473114022,4.0,unclassified
13473114025,13473114026,39.2,unclassified
2158456645,13473114040,22.5,track
13473114040,13473114041,7.7,track
13473114041,13473114042,11.7,track
13473114050,13473114049,29.5,unclassified
13473114049,13473114051,11.3,unclassified
13473114051,13473114052,12.1,unclassified
13473114052,13473114053,15.9,unclassified
13473114053,8296445146,7.3,unclassified
13476523343,13476523344,67.9,track
13476523344,13476523345,9.5,track
13476523349,13476523348,6.7,track
13476523348,13476523350,143.7,track
13476523350,13476523351,14.6,track
13108511389,9251898158,4.5,track
9251898158,13108537608,63.1,track
13108537608,9251898169,103.2,track
9251898169,9251898159,182.5,track
9251898157,2911126392,30.6,unclassified
2911126392,13476523354,6.8,unclassified
13476529123,13476529125,5.5,track
13476529125,13476529126,348.8,track
13476529126,3793075193,5.9,track
13509391304,13509391305,53.8,residential
13509391305,13509391306,70.8,residential
13509391304,529778370,26.2,tertiary
529778370,529778371,35.2,tertiary
529778371,529778368,37.8,tertiary
529778368,10831435184,60.7,tertiary
436597965,529778398,82.1,tertiary
529778398,529778397,70.0,tertiary
529778397,8298098274,9.9,tertiary
8298098274,8298098248,130.7,tertiary
8298098248,13227695308,11.8,tertiary
13227695308,529778406,29.5,tertiary
6699605788,529470165,9.7,tertiary
529470165,529470167,35.0,tertiary
529470167,529470169,33.9,tertiary
529470169,6479769502,23.2,tertiary
6479769502,529470171,7.9,tertiary
529470171,8954116260,12.8,tertiary
8954116260,529470130,18.0,tertiary
529470130,529470133,36.7,tertiary
529470133,529470140,37.9,tertiary
13514266129,13514266130,25.8,residential
13514266130,13514266131,31.3,residential
13514266130,529470198,22.1,tertiary
529778406,10857624510,28.2,tertiary
10857624510,13514266129,45.6,tertiary
13514266129,529470198,16.9,tertiary
8124792415,9463031409,15.9,service
9463031409,8124792421,8.4,service
8124792421,9463031407,7.7,service
9463031407,9463031405,16.1,service
9463031405,8124792416,13.9,service
8124792416,8124792418,33.3,service
8124792418,13515899584,28.9,service
9463031406,8124792420,9.3,service
8124792420,9463031408,7.9,service
9463031408,8124792414,17.6,service
436911707,13515899592,14.9,primary
13515899592,13533468881,11.6,primary
13533468881,13515899590,14.4,primary
13515899590,13053067066,12.7,primary
4677735383,13532608963,40.7,primary_link
13532608963,13533495277,28.9,primary_link
13533495277,4677735382,38.8,primary_link
4677735382,13515899596,23.7,primary_link
13515899596,13515899597,28.3,primary_link
13515899597,13515899598,21.4,primary_link
13515899598,13515899599,15.1,primary_link
13515899599,13515899600,12.5,primary_link
13515899600,13515947102,10.8,primary_link
13515947102,13515947103,11.5,primary_link
13515947103,13515947113,5.9,primary_link
13515947113,13515947114,5.7,primary_link
13515899593,4647047814,34.6,primary
4647047814,13515899580,25.1,primary
13515899580,13142408639,30.7,primary
13515947114,13515947106,6.0,primary_link
13515947106,13515947107,5.7,primary_link
13515947107,13515947108,10.4,primary_link
13515947108,13515947109,20.5,primary_link
13515947109,13515947110,23.6,primary_link
13515947110,13515947111,36.6,primary_link
13515947111,13515947112,38.3,primary_link
13515947112,13532608964,44.5,primary_link
13532608964,13532608965,24.3,primary_link
13532608965,4677735383,19.3,primary_link
4677735383,13515899593,82.8,primary
7384411490,9306379026,30.9,unclassified
9306379026,9306379027,57.7,unclassified
9306379027,9306379028,24.3,unclassified
9306379028,9306379029,13.7,unclassified
13570728306,13570728307,11.9,service
13570728307,13570728308,42.0,service
13577620283,13577620284,25.8,residential
13577620284,13577620285,33.5,residential
13577620341,13577620342,19.1,service
13577620343,13577620344,8.8,service
13577620344,13577620345,14.4,service
13577620346,13577620348,29.2,residential
13577620348,13577620347,11.3,residential
13577620348,13577620349,13.9,residential
13577620350,13577620351,16.1,residential
13577620351,13577620352,15.1,residential
13577620351,13577620353,9.2,service
13577620355,13577620356,9.9,service
13577620357,13577620358,16.2,service
13577620359,13577620360,40.2,residential
13577620365,13577620366,26.0,residential
13577620367,13577620368,23.4,service
13577620368,13577620369,4.1,service
13577620369,13577620370,3.1,service
13577620370,13577620371,5.9,service
13577620371,13577620372,9.4,service
13577620373,13577620374,24.2,residential
13577620375,13577620376,43.2,residential
13577620376,13577620377,6.0,residential
13577620377,13577620378,40.7,residential
529778455,13577620383,28.9,service
13577620383,13577620384,7.7,service
13582999497,13582999500,14.6,service
13582999500,13582999498,33.6,service
13582999498,13582999499,19.2,service
13582999500,13582999501,20.4,service
13583187953,13583187954,5.5,service
13583187954,13583187955,4.6,service
13583187955,13583187956,2.7,service
13583187956,13583187957,9.4,service
13583187957,13583187958,11.1,service
13583187958,13583187959,22.7,service
13583187959,13583187960,4.7,service
13583187960,13583187961,8.8,service
13583187962,13583187967,3.7,service
13583187967,13583187963,1.5,service
13583187963,13583187955,14.0,service
13583187964,13583187965,12.6,service
13583187965,13583187966,15.4,service
13583187966,13583187967,18.4,service
13583187996,13583187997,32.2,residential
10857622002,13583188070,5.2,path
13583188070,13583188071,6.4,path
13583188071,13583188072,3.8,path
13583188072,13583188073,2.7,path
13583188073,13583188074,3.6,path
13583188074,13583188075,13.1,path
13583188075,13583188076,11.4,path
13583188077,13583188078,15.9,path
13583188078,13583188079,24.7,path
13583188079,13583188080,13.1,path
13583188080,13583188081,16.7,path
13583188081,13583188082,8.3,path
13583188082,13583188083,11.2,path
13583188100,13583188101,13.0,residential
13583188101,13583188102,22.5,residential
13583188102,10857621997,12.3,residential
13583188103,13583188104,16.3,service
13583188104,13583188105,16.4,service
13583188105,13583188106,22.8,service
13583188111,13583188112,22.8,service
13577620354,13583188166,15.9,path
13583188166,13583188167,13.8,path
13583188167,13583188168,19.4,path
13583188177,13583188178,6.2,path
13583188178,13583188179,4.8,path
13583188179,13583188180,5.9,path
13583187958,13583188181,7.8,service
13583188181,13583188182,17.4,service
13583188182,13583188183,17.0,service
13583188183,13583188184,9.8,service
13583188211,13583188212,14.9,residential
13583188212,13583188213,12.3,residential
13583188213,13583188214,34.5,residential
10831435198,13583273088,9.8,service
13583273088,13583273089,9.6,service
13583273089,13583273096,9.7,service
13583273096,13583273090,9.2,service
13583273090,13583273091,7.5,service
13583273091,13583273092,9.0,service
13583273092,13583273093,7.1,service
13583273093,13583273094,5.2,service
13583273094,13583273095,11.7,service
13583273095,13583273096,17.7,service
13583273089,13583273097,5.1,service
13583273097,13583273098,16.6,service
13583273098,13583275703,16.5,service
13583275703,13583273099,11.3,service
13583273099,13583273100,21.8,service
13583273100,13583275701,5.4,service
13583275701,13583275704,6.9,service
13583275704,13583275702,1.7,service
13583275702,10831435198,9.6,service
13583275703,13583275704,27.0,service
13583414037,13583414039,22.5,service
13583414039,13583414038,19.4,service
13583414039,13583414040,16.0,service
13583414040,13583414036,22.4,service
13583414392,13583414393,11.7,service
13584766592,13584766593,32.1,track
13584766594,13584766595,16.7,service
529470161,13584766888,23.7,service
13584766888,13584766889,16.6,service
13584766889,13584766890,13.4,service
13584766890,13584766891,50.1,service
13584766891,13584766892,23.8,service
13584766892,13584766893,16.6,service
13584766893,13584766894,28.8,service
13584766894,13584766895,8.9,service
13584766895,13584766896,5.2,service
13584766989,13584766990,33.3,track
13584766990,13584766991,21.3,track
13584766991,13584766992,16.0,track
13584766993,13584766994,20.3,service
13584766994,13584766995,18.3,service
13584766995,13584766996,20.8,service
13584766997,13584766998,9.9,service
13584766998,13584766999,29.9,service
530990662,13584767000,21.4,track
13584767000,13584767001,8.3,track
13584767001,13584767002,28.8,track
13584767002,13584767003,34.5,track
13584767003,13584767004,3.0,track
5224566461,13584767025,24.9,service
13584767025,13584767026,9.8,service
13584767026,13584767027,31.5,service
13584767027,13584767028,13.2,service
13584911284,13584911285,25.3,service
13584911285,13584911286,56.3,service
13584911621,13584911622,16.0,service
13584911622,13584911623,10.7,service
13584911623,13584911624,10.5,service
13584911643,13584911644,11.5,service
13584911644,13584911645,14.4,service
13584911645,13584911646,19.5,service
13584911646,13584911647,8.9,service
13584911647,13584911648,9.2,service
13584911660,13584911661,21.4,service
13584911661,13584911662,18.1,service
13584911662,13584911663,18.8,service
13584911663,13584911664,15.0,service
13584911664,13584911665,13.9,service
13584911665,13584911666,13.4,service
13584911711,13584911712,35.8,service
13584911713,13584911714,22.6,service
13584911714,13584911715,18.6,service
13584911715,13584911716,13.2,service
13584911716,13584911717,18.3,service
13584911877,13584911878,26.3,service
13584911878,13584911879,20.2,service
13585867817,13585867818,34.6,service
13585867853,13585867854,24.8,service
13585867855,13585867856,18.0,service
13585867912,13585867913,32.9,service
13585868039,13585868040,16.0,service
529792235,13585868085,8.3,service
13585868085,13585868086,32.9,service
13585868086,13585868087,13.7,service
13585896916,13585896917,37.0,service
13585896994,13585896995,29.1,service
13585929642,13585929643,81.4,residential
13587969351,13587969352,21.8,service
13587969352,13587969354,17.7,service
13587969354,13587969356,15.1,service
13587969356,13587969358,21.0,service
13587969358,13587969353,10.7,service
13587969354,13587969355,40.9,service
13587969356,13587969357,43.0,service
13587969358,13587969359,45.3,service
13587969592,13587969593,16.3,service
13587969593,13587969594,4.5,service
13587969594,3759586199,51.9,service
13096041281,13588234282,4.1,service
13588234282,13588234278,2.6,service
13588234278,13588234283,14.7,service
13588234283,13588234279,5.5,service
13588234279,13588234280,13.5,service
13588234280,13588234281,20.9,service
13588234281,13588234282,11.2,service
13588234283,13588234284,21.5,service
13588234335,13588234336,8.7,footway
13588234336,13588234337,13.0,footway
13588234337,3759567260,8.4,footway
13588234346,13588234347,11.9,service
13588234347,13588234348,23.9,service
13588234349,13588234350,12.1,service
13588234350,13588234351,8.8,service
13588234351,13588234352,8.1,service
13588234352,13588234353,20.7,service
13588234977,13588234978,36.4,service
13588235055,13588235056,14.1,service
13588235056,13588235058,1.0,service
13588235058,13588235057,26.2,service
13588235058,13588235059,11.9,service
13588235084,13588235085,36.8,service
13588263401,13588263402,38.7,service
13588440997,13588440998,9.1,service
13588440998,13588440999,23.4,service
13588440999,13588441000,30.7,service
13588441000,13588441001,5.5,service
13588441001,13588441002,29.4,service
13588441000,13588441003,2.7,service
13588441003,13588441004,4.3,service
13588441004,13588441005,3.9,service
13588441005,13588441006,23.3,service
13588441007,13588441008,7.6,service
13588441008,13588441009,14.5,service
13588441042,13588441043,18.7,service
13588441077,13588441078,9.0,service
13588441078,13588441079,12.5,service
13588441079,13588441083,19.9,service
13588441083,13588441080,6.4,service
13588441080,13588441081,12.4,service
13588441081,13588441082,8.4,service
13588441083,13588441084,14.9,service
13588441364,13588441365,10.9,service
13588441365,13588441366,10.8,service
13588441366,13588441367,4.5,service
13588441367,13588441370,12.5,service
13588441370,13588441368,11.0,service
13588441368,13588441369,8.2,service
13588441370,13588441371,5.7,service
13588441371,13588441372,11.7,service
13588441372,13588441373,17.5,service
13588441373,13588441374,1.9,service
13588441374,13588441375,2.4,service
13588441375,13588441376,24.6,service
13588441376,13588441377,3.3,service
13588441377,13588441378,5.2,service
13588441374,13588441379,3.9,service
13588441379,13588441380,6.1,service
13588441380,13588441381,10.4,service
13588441381,13588441382,12.9,service
13588441382,13588441383,1.2,service
13588441384,13588441385,45.8,service
13588441390,13588441391,9.6,service
13588441391,13588441392,36.5,service
13588441392,13588441393,15.2,service
13588441393,13588441394,36.0,service
13588441394,13588441395,13.3,service
13588441395,13588441396,26.5,service
13588441396,13588441397,8.2,service
13588441397,13588441398,27.6,service
13588441398,13588441399,9.6,service
13588441418,13588441419,32.2,service
13602507942,13602472569,16.8,path
13602472568,13602507911,18.8,path
13602507911,13602507912,11.6,path
13602507912,13602507913,9.3,path
13602507913,13602507914,8.6,path
13602507914,13602507915,8.6,path
13602507915,903876916,6.2,path
903877020,13602507916,10.5,path
13602507916,13602507917,20.7,path
13602507917,13602507918,9.2,path
13602507918,13602507919,29.9,path
13602507919,13602507920,14.6,path
13602507920,13602507931,3.9,path
13602507931,13602507921,9.9,path
13602507921,13602507922,18.3,path
13602507922,13602507923,12.8,path
13602507923,13602507924,10.1,path
13602507924,13602507925,16.1,path
13602507925,13602507926,17.2,path
13602507926,13602507927,18.6,path
13602507927,13602507928,8.6,path
13602507928,13602507929,19.8,path
13602507929,13602507930,9.0,path
13602507931,13602507932,22.8,path
13602507932,3854432285,22.2,path
13602472568,13602507941,5.5,path
13602507941,13602507942,2.3,path
13602507931,13602507943,7.6,path
13602507943,13602507944,4.4,path
13602507944,13602507945,2.7,path
13602507945,13602507946,8.0,path
13603201697,13603201698,37.0,path
13603310985,13603310986,16.2,service
13603310986,13603310987,21.3,service
13603310987,13603310988,23.8,service
13603718462,13603718463,11.5,service
13603718461,13603718462,8.1,service
13603718421,13603910350,26.6,residential
13603910350,13603910351,40.0,residential
13603910351,13603910352,17.7,residential
13603910379,13603910380,18.7,service
13603910593,13603910594,36.2,path
13603910594,13603910595,41.3,path
13603910616,13603910617,46.8,service
13603975368,13603975369,27.0,service
13603977757,13603977758,7.8,service
13603977758,13603977759,11.4,service
13603977759,13603977760,26.8,service
13603977756,13603977757,14.6,service
13603977827,13603977828,48.6,residential
13603977828,13603977829,29.3,residential
13603977904,13603977905,78.8,residential
13603977906,13603977907,78.5,residential
13603977938,13603977939,65.2,residential
13603977939,13603977940,14.0,residential
13604051801,13604051802,82.4,residential
13604051802,13604051855,32.6,residential
13604051976,13604051977,24.4,residential
13604051977,13604051978,28.8,residential
13604051978,13604051979,14.4,residential
13604106622,13604106623,37.0,service
13604115002,13604115003,20.0,path
13604115121,13604115122,23.8,service
13604115122,13604115123,31.1,service
13604115123,13604115124,23.9,service
13604115122,13604115125,23.7,service
13604115123,13604115126,25.4,service
13604115195,13604115196,16.2,path
13604115196,13604115197,23.5,path
13604115197,13604115198,13.3,path
13604115221,13604115222,25.2,service
13604115265,13604115266,9.5,path
13604115266,13604115267,14.8,path
13604115267,13604115268,24.0,path
13604115268,13604115269,7.3,path
13604115269,13604115270,5.6,path
13604115270,13604115271,2.9,path
13610551921,13610551922,24.3,service
13610551923,13610551924,74.4,service
13610559489,13610559490,10.9,residential
13610559490,13610559491,20.4,residential
13610559491,13610559497,11.8,residential
13610559497,13610559492,22.2,residential
13610559492,13610559493,19.7,residential
13610559493,13610559494,2.8,residential
13610559494,13610559495,8.9,residential
13610559496,13610559497,40.0,residential
13612860396,13612860397,17.1,service
13612860397,13612860398,5.0,service
13612860398,13612860399,18.9,service
13612860400,13612860401,34.1,service
1645075250,12855618626,16.0,residential
12855618626,9310065482,5.7,residential
9310065482,3649885028,35.7,residential
3649885028,13671609566,32.7,residential
13671609575,13671609574,9.8,residential
13671609574,13952032119,18.2,residential
13952032119,13671609573,22.5,residential
13671609573,13671609572,28.9,residential
13671609572,13952032152,27.6,residential
13952032152,13952032120,18.5,residential
13952032120,13671609570,55.5,residential
13671609570,12855480855,22.9,residential
12855480855,13671609571,107.0,residential
13671609571,13671609577,49.7,residential
13671609577,6378700733,22.3,residential
1645075253,4740288267,9.3,residential
4740288267,13947240094,7.8,residential
13947240094,13947240099,10.2,residential
13947240099,6192248364,32.5,residential
6192248364,6378700733,48.1,residential
6378700722,6378700733,15.1,footway
13727740597,13727740598,62.2,residential
13727740598,13727740599,26.0,residential
13727740600,13727741802,52.9,residential
13727741802,13727741801,54.3,residential
13727741802,13727741803,28.8,residential
530981005,13735342845,22.9,tertiary
13735342836,5224663689,26.5,tertiary
5224663689,436737726,23.4,tertiary
13735342836,13735342837,8.2,tertiary
13735342837,13735342838,22.1,tertiary
13735342838,13735342839,321.2,tertiary
13735342839,13735342840,107.8,tertiary
13735342840,13735342841,11.3,tertiary
13735342841,13735342842,31.6,tertiary
13735342842,13735342843,228.1,tertiary
13735342843,13735342844,3.7,tertiary
13735342844,13735342845,10.7,tertiary
13784654856,13784654857,4.0,cycleway
13784654857,13784654870,7.6,cycleway
13784654870,13784654871,29.7,cycleway
13784654871,13784654872,17.7,cycleway
13784654872,13784654873,18.8,cycleway
13784654873,13784654881,16.6,cycleway
13784654881,13784654882,12.8,cycleway
13784654882,13784654883,13.3,cycleway
13784654883,13784654884,10.6,cycleway
13784654884,13784654885,10.2,cycleway
13784654885,13784654889,89.1,cycleway
13784654889,13784654890,12.3,cycleway
13784654890,13784654895,13.8,cycleway
13784654895,13784654896,11.1,cycleway
13784654896,13784654897,12.3,cycleway
13784654897,13784654898,13.5,cycleway
13784654898,13784654906,60.5,cycleway
13784654906,13793838639,12.3,cycleway
13793838639,13793838640,15.3,cycleway
13793838640,13793838641,24.8,cycleway
13793838641,13793838643,10.6,cycleway
13793838643,13793838644,9.8,cycleway
13793838644,13793838654,11.6,cycleway
13793838654,13793838655,10.9,cycleway
13793838655,13793838656,12.5,cycleway
13793838656,13793838657,11.9,cycleway
13793838657,13793838675,12.8,cycleway
13793838675,13793838676,10.6,cycleway
13793838676,13793838677,12.6,cycleway
13793838677,13793838678,19.1,cycleway
13793838678,13793838739,25.3,cycleway
13793838739,13793838740,69.2,cycleway
13793838740,13793838741,15.2,cycleway
13793838741,13793838742,12.1,cycleway
13793838742,13793838743,8.5,cycleway
13793838743,13793838744,5.6,cycleway
13793838744,13793838767,11.8,cycleway
13793838767,13793838768,48.9,cycleway
13793838768,13793838769,20.7,cycleway
13793838769,13793838770,10.9,cycleway
13793838770,13793838771,11.4,cycleway
13793838771,13793838772,17.7,cycleway
13793838772,13793838773,67.2,cycleway
13793838773,13793838799,128.8,cycleway
13793838799,13793838833,15.8,cycleway
13793838833,13793838834,13.4,cycleway
13793838834,13793838835,11.3,cycleway
13793838835,13793838836,11.4,cycleway
13793838836,13793838837,11.2,cycleway
13793838837,13793838838,10.1,cycleway
13793838838,13793838839,10.9,cycleway
13793838839,13793838840,13.8,cycleway
13793838840,13793838841,14.9,cycleway
13793838841,13793839240,19.3,cycleway
13793839240,13793839241,167.4,cycleway
13793839241,13793839301,10.7,cycleway
13793839301,13793839320,13.0,cycleway
13793839320,13793839321,12.8,cycleway
13793839321,13793839322,11.5,cycleway
13793839322,13793839323,12.1,cycleway
13793839323,13793839324,9.5,cycleway
13793839324,13793839325,9.8,cycleway
13793839325,13793839326,11.9,cycleway
13793839326,13793839327,13.8,cycleway
13793839327,13793839328,13.1,cycleway
13793839328,13793839329,13.2,cycleway
13793839329,13793839330,12.8,cycleway
13793839330,13793839331,14.6,cycleway
13793839331,13793839332,13.2,cycleway
13793839332,13793839347,88.2,cycleway
13793839347,13793839348,28.2,cycleway
13793839348,13793839349,13.1,cycleway
13793839349,13793839350,14.1,cycleway
13793839350,13793839351,116.1,cycleway
13793839351,13793839352,12.2,cycleway
13793839352,13793839353,11.1,cycleway
13793839353,13793839354,12.5,cycleway
13793839354,13793839355,10.3,cycleway
13793839355,13793839356,11.9,cycleway
13793839356,13793839357,20.1,cycleway
13793839357,13793839358,7.7,cycleway
13793839358,259979449,3.7,cycleway
259979449,13797495085,3.8,cycleway
13797495085,13797495086,2.1,cycleway
13797495086,13797495087,2.0,cycleway
13797495087,13797495088,4.2,cycleway
13797495088,13797495089,18.3,cycleway
13797495089,13797495090,11.8,cycleway
13797495090,13797495091,26.4,cycleway
13797495091,13797495092,6.2,cycleway
13797495092,13797495093,5.4,cycleway
13797495093,13797495094,20.4,cycleway
13797495094,13797495095,4.8,cycleway
13797495095,13797495096,9.4,cycleway
13797495096,13797495097,4.3,cycleway
13797495097,13797495098,4.0,cycleway
13797495098,13797495099,10.2,cycleway
13797495099,13797512032,3.5,cycleway
13797512032,13797512033,4.4,cycleway
13797512033,13797512034,2.8,cycleway
13797512034,13797512035,4.1,cycleway
13797512035,13797512036,6.7,cycleway
13797512036,13797512037,3.3,cycleway
13797512037,13797512038,3.2,cycleway
13797512038,13797512039,3.8,cycleway
13797512039,13797512040,3.2,cycleway
13797512040,13797512041,2.5,cycleway
13797512041,13797512042,1.7,cycleway
13797512042,13797512043,1.2,cycleway
13797512043,13797512053,1.5,cycleway
13797512053,13797512054,1.9,cycleway
13797512054,13797512055,5.7,cycleway
13797512055,13797512056,1.9,cycleway
13797512056,13797512057,2.1,cycleway
13797512057,13797512104,18.2,cycleway
13797512104,13797512105,3.6,cycleway
13797512105,13797512106,3.7,cycleway
13797512106,13797512107,17.3,cycleway
13797512107,13797512108,6.0,cycleway
13797512108,13797512109,15.4,cycleway
13797512109,13797512110,4.3,cycleway
13797512110,13797512111,2.8,cycleway
13797512111,13797512112,11.4,cycleway
13797512112,13797512113,5.8,cycleway
13797512113,13797512114,19.1,cycleway
13797512114,13797512115,7.2,cycleway
13797512115,13797512116,6.4,cycleway
13797512116,13797512117,6.0,cycleway
13797512117,13797512118,10.6,cycleway
13797512118,13797512119,3.2,cycleway
13797512119,13797512212,3.7,cycleway
13797512212,13797512213,7.0,cycleway
13797512213,13797512214,5.1,cycleway
13797512214,13797512215,3.6,cycleway
13797512215,13797512216,4.1,cycleway
13797512216,13797512217,3.3,cycleway
13797512217,13797512218,3.9,cycleway
13797512218,13797512219,4.4,cycleway
13797512219,13797512220,3.6,cycleway
13797512220,13797512221,4.0,cycleway
13797512221,13797512222,2.9,cycleway
13797512222,13797512223,3.7,cycleway
13797512223,13797512224,6.9,cycleway
13797512224,13797512225,4.8,cycleway
13797512225,13797512226,4.1,cycleway
13797512226,13797512227,3.8,cycleway
13797512227,13797512228,3.4,cycleway
13797512228,13797512229,3.7,cycleway
13797512229,13797512279,3.8,cycleway
13797512279,13797512280,3.5,cycleway
13797512280,13797512281,18.1,cycleway
13797512281,13797512282,19.6,cycleway
13797512282,13797512283,9.4,cycleway
13797512283,13802089391,25.0,cycleway
13802089391,13802089392,3.6,cycleway
13802089392,13802089393,4.0,cycleway
13802089393,13802089394,3.1,cycleway
13802089394,13802089395,3.7,cycleway
13802089395,13802089396,3.9,cycleway
13802089396,13802089397,3.5,cycleway
13802089397,13802089398,3.8,cycleway
13802089398,13802090799,5.3,cycleway
13802090799,13802090800,4.9,cycleway
13802090800,13802090801,19.9,cycleway
13802090801,13802090802,4.6,cycleway
13802090802,13802090803,4.2,cycleway
13802090803,13802090804,5.0,cycleway
13802090804,13802090805,15.3,cycleway
13802090805,13802090806,6.6,cycleway
13802090806,13802090807,5.9,cycleway
13802090807,13802090808,7.0,cycleway
13802090808,13802090809,5.3,cycleway
13802090809,13802090810,2.6,cycleway
13802090810,13802090811,3.8,cycleway
13802090811,13802090812,4.2,cycleway
13802090812,13802090828,5.5,cycleway
13802090828,13802090829,22.5,cycleway
13802090829,13802090830,7.2,cycleway
13802090830,13802090831,7.0,cycleway
13802090831,13802090832,23.1,cycleway
13802090832,13802090833,4.0,cycleway
13802090833,13802090834,2.1,cycleway
13802090834,13802090835,1.8,cycleway
13802090835,13802090848,22.1,cycleway
13802090848,13802090849,8.8,cycleway
13802090849,13802090850,6.3,cycleway
13802090850,13802090851,6.2,cycleway
13802090851,13802090852,5.4,cycleway
13802090852,13802090853,25.9,cycleway
13802090853,13802090868,12.7,cycleway
13802090868,13802090869,4.1,cycleway
13802090869,13802090870,4.3,cycleway
13802090870,13802090871,4.0,cycleway
13802090871,13802090872,3.9,cycleway
13802090872,13802090873,26.9,cycleway
13802090873,13802090874,5.5,cycleway
13802090874,13802090875,5.9,cycleway
13802090875,13802090876,6.3,cycleway
13802090876,13802090877,12.8,cycleway
13802090877,13802090878,6.7,cycleway
13802090878,13802090879,7.8,cycleway
13802090879,13802090880,11.0,cycleway
13802090880,13802090881,6.1,cycleway
13802090881,13802090882,6.4,cycleway
13802090882,13802090883,6.5,cycleway
13802090883,13802090904,9.7,cycleway
13802090904,13802090905,4.6,cycleway
13802090905,13802090906,4.6,cycleway
13802090906,13802090907,3.1,cycleway
13802090907,13802090908,3.4,cycleway
13802090908,13802090909,2.7,cycleway
13802090909,13802090910,3.4,cycleway
13802090910,13802090911,10.4,cycleway
13802090911,13802090912,3.4,cycleway
13802090912,13802090913,3.7,cycleway
13802090913,13802090914,2.7,cycleway
13802090914,13802090915,3.9,cycleway
13802090915,13802090916,3.5,cycleway
13802090916,13802090917,16.5,cycleway
13802090917,13802090918,5.1,cycleway
13802090918,13802090919,5.7,cycleway
13802090919,13802090920,5.0,cycleway
13802090920,13802090921,5.9,cycleway
13802090921,13802090922,7.3,cycleway
13802090922,13802090923,6.6,cycleway
13802090923,13802090690,8.7,cycleway
13802090690,13802090924,23.2,cycleway
13802090924,13802090948,7.8,cycleway
13802090948,13802090949,3.3,cycleway
13802090949,13802090950,4.6,cycleway
13802090950,13802090951,100.1,cycleway
13802090951,13802090956,22.9,cycleway
13802090956,13802090957,103.8,cycleway
13802090957,13802090983,16.4,cycleway
13802090983,13802090984,20.9,cycleway
13802090984,13802090985,34.4,cycleway
13802090985,13802090986,13.3,cycleway
13802090986,13802090987,14.3,cycleway
13802090987,13802090988,12.0,cycleway
13802090988,13802091021,12.7,cycleway
13802091021,13802091022,11.7,cycleway
13802091022,13802091023,16.6,cycleway
13802091023,13802091024,6.7,cycleway
13802091024,13802091025,5.1,cycleway
13802091025,13802091026,5.9,cycleway
13802091026,13802091087,117.6,cycleway
13802091087,13802091088,26.0,cycleway
13802091088,13802091089,17.9,cycleway
13802091089,13807521020,229.3,cycleway
13807521020,13807521024,240.8,cycleway
13807521024,13807521025,316.8,cycleway
13807521025,13807521026,48.3,cycleway
13807521026,13807521027,26.6,cycleway
13807521027,13807521028,20.3,cycleway
13807521028,13807521033,14.8,cycleway
13807521033,13807521034,19.6,cycleway
13807521034,13807521035,461.2,cycleway
13802091064,13802091063,8.1,cycleway
13802091063,13802091062,2.7,cycleway
13802091062,13802091061,8.9,cycleway
13802091061,13802091020,39.7,cycleway
13802091020,13802091019,12.1,cycleway
13802091019,13802091018,11.7,cycleway
13802091018,13802091017,11.7,cycleway
13802091017,13802091016,10.3,cycleway
13802091016,13802091015,11.4,cycleway
13802091015,13802091014,10.5,cycleway
13802091014,13802091013,56.9,cycleway
13802091013,13802091012,7.6,cycleway
13802091012,13802091011,62.3,cycleway
13802091011,13802091010,9.9,cycleway
13802091010,13802091009,6.2,cycleway
13802091009,13802091008,5.5,cycleway
13802091008,13802091007,5.1,cycleway
13802091007,13802090939,2.4,cycleway
13802090939,13802090955,11.1,cycleway
13802090955,13802090954,6.7,cycleway
13802090954,13253924059,39.1,cycleway
13253924059,13802090953,13.4,cycleway
13802090953,13802090952,88.5,cycleway
13802090952,13802090930,12.5,cycleway
13802090930,13802090929,22.6,cycleway
13802090929,13802090928,6.8,cycleway
13802090928,13802090927,7.1,cycleway
13802090927,13802090926,19.3,cycleway
13802090926,13802090925,7.2,cycleway
13802090925,13802090903,6.8,cycleway
13802090903,13802090902,11.5,cycleway
13802090902,13802090901,7.0,cycleway
13802090901,13802090900,3.6,cycleway
13802090900,13802090899,3.2,cycleway
13802090899,13802090898,3.3,cycleway
13802090898,13802090897,9.6,cycleway
13802090897,13802090896,3.2,cycleway
13802090896,13802090895,4.1,cycleway
13802090895,13802090894,4.8,cycleway
13802090894,13802090893,2.9,cycleway
13802090893,13802090892,3.5,cycleway
13802090892,13802090891,4.7,cycleway
13802090891,13802090890,10.1,cycleway
13802090890,13802090889,6.2,cycleway
13802090889,13802090888,6.3,cycleway
13802090888,13802090887,4.6,cycleway
13802090887,13802090886,7.0,cycleway
13802090886,13802090885,9.5,cycleway
13802090885,13802090884,5.3,cycleway
13802090884,13802090867,23.7,cycleway
13802090867,13802090866,6.0,cycleway
13802090866,13802090865,4.7,cycleway
13802090865,13802090864,5.1,cycleway
13802090864,13802090863,16.0,cycleway
13802090863,13802090862,5.5,cycleway
13802090862,13802090861,12.4,cycleway
13802090861,13802090860,3.6,cycleway
13802090860,13802090859,2.7,cycleway
13802090859,13802090858,3.8,cycleway
13802090858,13802090857,3.2,cycleway
13802090857,13802090856,8.8,cycleway
13802090856,13802090855,3.0,cycleway
13802090855,13802090854,3.3,cycleway
13802090854,13802090847,27.7,cycleway
13802090847,13802090846,5.8,cycleway
13802090846,13802090845,5.1,cycleway
13802090845,13802090844,6.0,cycleway
13802090844,13802090843,30.2,cycleway
13802090843,13802090842,3.0,cycleway
13802090842,13802090841,2.4,cycleway
13802090841,13802090840,2.5,cycleway
13802090840,13802090839,13.7,cycleway
13802090839,13802090838,6.3,cycleway
13802090838,13802090837,7.5,cycleway
13802090837,13802090836,7.0,cycleway
13802090836,13802090827,6.1,cycleway
13802090827,13802090826,21.5,cycleway
13802090826,13802090825,4.3,cycleway
13802090825,13802090824,3.9,cycleway
13802090824,13802090823,4.2,cycleway
13802090823,13802090822,4.3,cycleway
13802090822,13802090821,4.1,cycleway
13802090821,13802090820,4.9,cycleway
13802090820,13802090819,23.2,cycleway
13802090819,13802090818,3.8,cycleway
13802090818,13802090817,4.9,cycleway
13802090817,13802090816,5.4,cycleway
13802090816,13802090815,4.6,cycleway
13802090815,13802090814,4.2,cycleway
13802090814,13802090813,17.8,cycleway
13802090813,13802090778,1.7,cycleway
13802090778,13802090777,4.8,cycleway
13802090777,13802090776,3.8,cycleway
13802090776,13802089390,3.9,cycleway
13802089390,13802089389,3.7,cycleway
13802089389,13802089388,3.3,cycleway
13802089388,13802089387,2.9,cycleway
13802089387,13802089386,3.6,cycleway
13802089386,13802089385,2.3,cycleway
13802089385,13802089384,3.2,cycleway
13802089384,13802089383,4.5,cycleway
13802089383,13802089382,17.7,cycleway
13802089382,13802089381,7.4,cycleway
13802089381,13802089380,6.0,cycleway
13802089380,13802089379,6.6,cycleway
13802089379,13797512257,15.4,cycleway
13797512257,13797512256,13.2,cycleway
13797512256,13797512255,5.3,cycleway
13797512255,13797512254,4.9,cycleway
13797512254,13797512253,7.6,cycleway
13797512253,13797512252,4.1,cycleway
13797512252,13797512251,4.6,cycleway
13797512251,13797512250,4.5,cycleway
13797512250,13797512249,9.8,cycleway
13797512249,13797512248,2.9,cycleway
13797512248,13797512247,2.6,cycleway
13797512247,13797512246,2.4,cycleway
13797512246,13797512245,3.3,cycleway
13797512245,13797512244,8.6,cycleway
13797512244,13797512243,3.4,cycleway
13797512243,13797512242,4.0,cycleway
13797512242,13797512241,4.0,cycleway
13797512241,13797512240,4.5,cycleway
13797512240,13797512211,5.3,cycleway
13797512211,13797512210,3.8,cycleway
13797512210,13797512209,3.8,cycleway
13797512209,13797512208,4.4,cycleway
13797512208,13797512207,13.0,cycleway
13797512207,13797512206,7.1,cycleway
13797512206,13797512205,8.1,cycleway
13797512205,13797512204,16.9,cycleway
13797512204,13797512203,5.1,cycleway
13797512203,13797512202,5.0,cycleway
13797512202,13797512201,4.4,cycleway
13797512201,13797512200,3.6,cycleway
13797512200,13797512199,3.6,cycleway
13797512199,13797512198,2.3,cycleway
13797512198,13797512197,4.2,cycleway
13797512197,13797512196,5.1,cycleway
13797512196,13797512065,9.1,cycleway
13797512065,13797512064,5.3,cycleway
13797512064,13797512063,6.3,cycleway
13797512063,13797512062,12.1,cycleway
13797512062,13797512061,3.1,cycleway
13797512061,13797512060,3.5,cycleway
13797512060,13797512059,17.8,cycleway
13797512059,13797512058,3.1,cycleway
13797512058,13797512052,3.7,cycleway
13797512052,13797512051,3.0,cycleway
13797512051,13797512050,2.3,cycleway
13797512050,13797512049,2.3,cycleway
13797512049,13797512048,2.3,cycleway
13797512048,13797512047,10.2,cycleway
13797512047,13797512046,2.9,cycleway
13797512046,13797512045,3.3,cycleway
13797512045,13797512044,3.2,cycleway
13797512044,13793839428,2.5,cycleway
13793839428,13793839427,7.0,cycleway
13793839427,13793839426,6.7,cycleway
13793839426,13793839425,12.3,cycleway
13793839425,13793839424,7.5,cycleway
13793839424,13793839423,5.0,cycleway
13793839423,13793839422,6.3,cycleway
13793839422,13793839421,21.4,cycleway
13793839421,13793839420,7.9,cycleway
13793839420,13793839419,5.9,cycleway
13793839419,13793839418,15.6,cycleway
13793839418,13793839380,40.2,cycleway
13793839380,13793839379,7.1,cycleway
13793839379,13793839368,10.4,cycleway
13793839368,13793839367,8.8,cycleway
13793839367,13793839366,12.9,cycleway
13793839366,13793839365,14.2,cycleway
13793839365,13793839364,12.2,cycleway
13793839364,13793839363,14.3,cycleway
13793839363,13793839362,13.0,cycleway
13793839362,13793839361,27.6,cycleway
13793839361,13793839360,86.3,cycleway
13793839360,13793839359,11.1,cycleway
13793839359,13793839346,10.3,cycleway
13793839346,13793839345,14.1,cycleway
13793839345,13793839344,14.3,cycleway
13793839344,13793839343,15.2,cycleway
13793839343,13793839342,74.5,cycleway
13793839342,13793839341,19.6,cycleway
13793839341,13793839340,15.2,cycleway
13793839340,13793839339,15.6,cycleway
13793839339,13793839338,17.3,cycleway
13793839338,13793839337,17.4,cycleway
13793839337,13793839336,12.5,cycleway
13793839336,13793839319,11.5,cycleway
13793839319,13793839318,6.3,cycleway
13793839318,13793839317,8.1,cycleway
13793839317,13793839316,8.7,cycleway
13793839316,13793839315,12.3,cycleway
13793839315,13793839314,11.6,cycleway
13793839314,13793839313,12.0,cycleway
13793839313,13793838848,11.2,cycleway
13793838848,13793839244,163.3,cycleway
13793839244,13793838847,64.1,cycleway
13793838847,13793838846,11.9,cycleway
13793838846,13793838845,13.7,cycleway
13793838845,13793838844,11.1,cycleway
13793838844,13793838843,12.8,cycleway
13793838843,13793838842,15.3,cycleway
13793838842,13793838766,15.2,cycleway
13793838766,13793838765,180.6,cycleway
13793838765,13793838764,18.8,cycleway
13793838764,13793838763,18.0,cycleway
13793838763,13793838762,12.2,cycleway
13793838762,13793838761,14.0,cycleway
13793838761,13793838760,15.5,cycleway
13793838760,13793838759,53.0,cycleway
13793838759,13793838758,9.5,cycleway
13793838758,13793838757,10.1,cycleway
13793838757,13793838756,10.1,cycleway
13793838756,13793838755,20.6,cycleway
13793838755,13793838754,41.2,cycleway
13793838754,13793838753,33.3,cycleway
13793838753,13793838752,15.8,cycleway
13793838752,13793838751,14.5,cycleway
13793838751,13793838750,14.6,cycleway
13793838750,13793838749,11.4,cycleway
13793838749,13793838748,11.8,cycleway
13793838748,13793838747,11.9,cycleway
13793838747,13793838746,12.8,cycleway
13793838746,13793838745,13.1,cycleway
13793838745,13793838662,17.1,cycleway
13793838662,13793838661,15.1,cycleway
13793838661,13793838638,28.0,cycleway
13793838638,13784654907,16.5,cycleway
13784654907,13784654902,66.2,cycleway
13784654902,13784654901,14.2,cycleway
13784654901,13784654900,12.6,cycleway
13784654900,13784654899,13.6,cycleway
13784654899,13784654891,18.7,cycleway
13784654891,13784654886,91.2,cycleway
13784654886,13784654880,15.2,cycleway
13784654880,13784654879,12.7,cycleway
13784654879,13784654878,13.6,cycleway
13784654878,13784654877,15.2,cycleway
13784654877,13793804448,5.6,cycleway
13793804448,13784654869,7.2,cycleway
13784654869,13784654868,16.9,cycleway
13784654868,13784654867,15.2,cycleway
13784654867,13784654866,17.1,cycleway
13784654866,13784654834,18.1,cycleway
13793804448,13793804449,11.1,footway
13793804449,13793804450,9.6,footway
13793804450,13793804451,7.1,footway
13793804451,13793804452,12.3,footway
13793804452,13793804453,51.2,unclassified
13793804453,13793838342,8.1,unclassified
13793838342,13793838343,7.5,unclassified
13793838343,13793838344,7.0,unclassified
13793838344,13793838345,6.3,unclassified
13793838345,13793838346,7.3,unclassified
13793838346,13793838347,6.0,unclassified
13793838347,13793838349,5.3,unclassified
13793838349,13793838348,14.4,unclassified
13793838348,13793838351,5.3,unclassified
13793838351,13793838352,4.3,unclassified
13793838352,13793838353,6.0,unclassified
13793838353,13793838354,5.7,unclassified
13793838354,13793838355,4.3,unclassified
13793838355,13793838356,2.9,unclassified
13793838356,13793838357,3.3,unclassified
13793838357,13793838358,4.1,unclassified
13793838358,13793838359,11.6,unclassified
13793838359,13793838360,7.9,unclassified
13793838360,13793838361,7.1,unclassified
13793838361,13793838362,6.9,unclassified
13793838362,13793838363,30.3,unclassified
13793838363,13793838364,8.5,unclassified
13793838364,13793838365,7.2,unclassified
13793838365,13793838366,43.7,unclassified
13793838366,13793838367,8.8,unclassified
13793838367,13793838368,6.6,unclassified
13793838368,13793838369,5.6,unclassified
13793838369,13793838370,5.8,unclassified
13793838370,13793838371,6.0,unclassified
13793838371,13793838372,10.0,unclassified
13793838372,13793838377,3.5,unclassified
13793838377,13793838373,4.5,unclassified
13793804452,13793804454,4.6,service
13793804454,13793804455,3.1,service
13793804455,13793804456,3.8,service
13793804456,13793804457,20.0,service
13793804457,13793804458,4.4,service
13793804458,13793804459,5.3,service
13793804459,13793804460,12.6,service
13793804460,13793804461,6.1,service
13793804461,13793804462,5.3,service
13793804462,13793804463,5.9,service
13793838349,13793838350,19.5,service
13793838374,13793838546,3.3,unclassified
13793838546,13793838547,3.5,unclassified
13793838547,13793838548,3.6,unclassified
13793838548,13793838549,3.3,unclassified
13793838549,13793838638,3.0,unclassified
13793838638,13793838550,4.0,unclassified
13072307011,13784654907,3.5,service
13784654907,13793838375,7.7,service
13793838375,13793838376,7.4,service
13793838376,13793838377,8.0,service
13793838381,13784654906,3.9,unclassified
13784654906,13793838382,77.4,unclassified
13793838382,13793838399,33.3,unclassified
13793838399,13793838401,7.4,unclassified
13793838401,13793838402,10.1,unclassified
13793838402,13793838410,12.8,unclassified
13793838410,13793838411,6.4,unclassified
13793838411,13793838412,5.1,unclassified
13793838412,13793838413,4.7,unclassified
13793838413,13793838414,4.6,unclassified
13793838414,13793838415,5.0,unclassified
13793838415,13793838416,5.2,unclassified
13793838416,13793838433,7.8,unclassified
13793838433,13793838435,12.2,unclassified
13793838435,13793838434,12.5,unclassified
13793838434,13793838514,26.2,unclassified
13793838514,13793838515,6.4,unclassified
13793838515,13793838516,34.0,unclassified
13793838516,13793838517,32.2,unclassified
13793838517,13793838518,7.0,unclassified
13793838518,13793838519,5.5,unclassified
13793838519,13793838520,6.4,unclassified
13793838520,13793838521,5.5,unclassified
13793838521,13793838522,5.0,unclassified
13793838383,13793838639,3.8,unclassified
13793838639,13793838384,18.6,unclassified
13793838384,13793838385,5.2,unclassified
13793838385,13793838386,5.3,unclassified
13793838386,13793838387,34.5,unclassified
13793838387,13793838404,16.0,unclassified
13793838404,13793838406,20.9,unclassified
13793838406,13793838407,11.6,unclassified
13793838407,13793838408,7.1,unclassified
13793838408,13793838409,6.9,unclassified
13793838409,13793838423,16.0,unclassified
13793838423,13793838427,6.4,unclassified
13793838427,13793838428,4.7,unclassified
13793838428,13793838429,8.0,unclassified
13793838429,13793838430,16.8,unclassified
13793838430,13793838431,12.1,unclassified
13793838431,13793838432,12.9,unclassified
13793838432,13793838523,25.3,unclassified
13793838523,13793838524,10.3,unclassified
13793838524,13793838525,8.2,unclassified
13793838525,13793838526,6.6,unclassified
13793838526,13793838527,15.1,unclassified
13793838527,13793838528,31.1,unclassified
13793838528,13793838529,23.4,unclassified
13793838529,13793838530,8.0,unclassified
13793838530,13793838531,6.9,unclassified
13793838531,13793838532,7.6,unclassified
13793838532,13793838533,41.3,unclassified
13793838382,13793838393,13.8,service
13793838393,13793838394,1.9,service
13793838394,13793838395,1.8,service
13793838395,13793838396,1.8,service
13793838396,13793838397,1.6,service
13793838397,13793838398,3.9,service
13793838399,13793838400,21.6,footway
13793838402,13793838403,23.4,service
13793838404,13793838405,13.7,service
13793838410,13793838417,6.6,service
13793838417,13793838421,9.1,service
13793838421,13793838418,2.6,service
13793838418,13793838419,11.6,service
13793838419,13793838420,31.0,service
13793838421,13793838422,17.9,service
13793838416,13793838419,17.8,footway
13793838411,13793838423,9.5,service
13793838434,13793838432,10.4,service
13793838435,13793838431,9.9,footway
13793838429,13793838438,21.8,track
13793838438,13793838439,3.4,track
13793838439,13793838440,2.9,track
13793838440,13793838441,2.7,track
13793838441,13793838442,2.7,track
13793838442,13793838443,2.6,track
13793838443,13793838444,9.4,track
13793838444,13793838445,2.6,track
13793838445,13793838446,2.3,track
13793838446,13793838447,3.5,track
13793838447,13793838448,3.2,track
13793838448,13793838449,14.1,track
13793838449,13793838450,5.4,track
13793838450,13793838451,10.4,track
13793838451,13793838452,4.1,track
13793838452,13793838453,4.1,track
13793838453,13793838454,3.6,track
13793838454,13793838455,3.2,track
13793838455,13793838456,8.3,track
13793838456,13793838457,3.2,track
13793838457,13793838458,3.9,track
13793838458,13793838459,7.2,track
13793838459,13793838460,3.3,track
13793838460,13793838461,10.7,track
13793838461,13793838462,4.4,track
13793838462,13793838463,4.6,track
13793838463,13793838464,9.9,track
13793838464,13793838465,4.8,track
13793838465,13793838466,6.6,track
13793838466,13793838467,3.5,track
13793838467,13793838468,2.1,track
13793838468,13793838469,2.5,track
13793838469,13793838470,17.7,track
13793838470,13793838471,3.4,track
13793838471,13793838472,3.1,track
13793838472,13793838473,8.7,track
13793838473,13793838474,3.0,track
13793838474,13793838475,3.7,track
13793838475,13793838476,19.7,track
13793838476,13793838477,6.3,track
13793838477,13793838478,11.2,track
13793838478,13793838479,3.3,track
13793838479,13793838480,13.7,track
13793838480,13793838481,6.1,track
13793838481,13793838482,4.9,track
13793838482,13793838483,9.0,track
13793838483,13793838484,2.3,track
13793838484,13793838485,2.8,track
13793838485,13793838486,2.9,track
13793838486,13793838487,9.1,track
13793838487,13793838488,3.3,track
13793838488,13793838489,3.7,track
13793838489,13793838490,4.2,track
13793838490,13793838491,3.8,track
13793838491,13793838492,9.6,track
13793838492,13793838493,2.6,track
13793838493,13793838494,3.5,track
13793838494,13793838495,3.6,track
13793838495,13793838496,22.3,track
13793838496,13793838497,4.4,track
13793838497,13793838498,4.4,track
13793838498,13793838499,14.6,track
13793838499,13793838500,3.8,track
13793838500,13793838501,3.9,track
13793838501,13793838502,5.3,track
13793838502,13793838503,5.1,track
13793838503,13793838504,15.0,track
13793838504,13793838505,3.1,track
13793838505,13793838506,2.1,track
13793838506,13793838507,3.3,track
13793838507,13793838508,12.3,track
13793838508,13793838509,4.4,track
13793838432,13793838510,5.1,service
13793838510,13793838511,3.2,service
13793838511,13793838512,3.0,service
13793838512,13793838513,21.8,service
13793838522,13793838534,45.0,service
13793838534,13793838535,49.9,service
13793838535,13793838536,9.1,service
13793838533,13793838537,47.2,service
13793838516,13793838527,10.1,service
13793838373,13793838374,10.7,unclassified
13793838357,13793838600,11.4,service
13793838600,13793838599,7.6,service
13793838599,13793838593,11.6,service
13793838593,13793838594,25.5,service
13793838594,13793838595,123.4,service
13793838595,13793838596,83.1,service
13793838596,13793838597,11.6,service
13793838548,13793838615,34.3,service
13793838615,13793838616,35.7,service
13793838617,13793838640,3.7,service
13793838640,13793838618,4.4,service
13793838618,13793838619,6.2,service
13793838619,13793838620,5.1,service
13793838620,13793838621,5.3,service
13793838622,13793838641,3.7,footway
13793838641,13793838623,15.7,footway
13793838623,13793838624,4.3,footway
13793838624,13793838625,3.0,footway
13793838625,13793838626,3.8,footway
13793838626,13793838627,17.1,footway
13793838627,13793838628,6.2,footway
13793838628,13793838629,4.7,footway
13793838629,13793838630,4.5,footway
13793838630,13793838631,3.9,footway
13793838631,13793838632,4.0,footway
13793838632,13793838633,4.2,footway
13793838633,13793838634,3.7,footway
13793838634,13793838635,2.8,footway
13793838635,13793838636,3.8,footway
13793838636,13793838637,17.0,footway
259979723,13793838644,4.1,footway
13793838644,13793838642,19.9,footway
13793838645,13793838655,4.1,footway
13793838655,13793838646,5.6,footway
13793838646,13793838647,6.2,footway
13793838647,13793838648,9.5,footway
13793838650,13793838657,4.2,service
13793838657,13793838651,19.7,service
13793838651,13793838652,4.8,service
13793838652,13793838653,13.2,service
13793838658,13793838662,3.7,service
13793838662,13793838616,45.4,service
13793838616,13793838659,69.2,service
13793838659,13793838660,24.5,service
13793838665,13793838678,4.6,unclassified
13793838678,13793838666,9.5,unclassified
13793838666,13793838667,6.1,unclassified
13793838667,13793838668,5.4,unclassified
13793838668,13793838669,6.6,unclassified
13793838669,13793838670,3.0,unclassified
13793838670,13793838671,3.3,unclassified
13793838671,13793838672,2.9,unclassified
13793838672,13793838673,4.3,unclassified
13793838673,13793838674,14.3,unclassified
13793838674,13793838681,4.7,unclassified
13793838681,13793838682,2.5,unclassified
13793838682,13793838683,2.5,unclassified
13793838683,13793838684,2.7,unclassified
13793838684,13793838685,9.2,unclassified
13793838685,13793838686,5.9,unclassified
13793838686,13793838687,7.6,unclassified
13793838687,13793838688,4.8,unclassified
13793838688,13793838689,5.1,unclassified
13793838689,13793838690,5.9,unclassified
13793838690,13793838691,5.2,unclassified
13793838691,13793838692,24.1,unclassified
13793838692,13793838693,12.8,unclassified
13793838693,13793838694,5.7,unclassified
13793838694,13793838853,3.8,unclassified
13793838853,13793838854,4.4,unclassified
13793838854,13793838855,3.2,unclassified
13793838855,13793838856,51.6,unclassified
13793838856,13793838857,8.6,unclassified
13793838857,13793838858,7.4,unclassified
13793838858,13793838859,8.1,unclassified
13793838859,13793838860,39.2,unclassified
13793838860,13793838861,7.7,unclassified
13793838861,13793838862,7.2,unclassified
13793838862,13793838863,4.3,unclassified
13793838863,13793838864,4.5,unclassified
13793838864,13793838865,28.1,unclassified
13793838865,13793838866,7.7,unclassified
13793838866,13793838867,6.9,unclassified
13793838867,13793838868,5.9,unclassified
13793838868,13793838869,7.4,unclassified
13793838869,13793838870,8.3,unclassified
13793838870,13793838871,8.8,unclassified
13793838871,13793838872,34.2,unclassified
13793838872,13793838873,9.4,unclassified
13793838873,13793838874,7.3,unclassified
13793838874,13793838875,25.8,unclassified
13793838875,13793838876,8.8,unclassified
13793838876,13793838877,7.0,unclassified
13793838877,13793838878,8.0,unclassified
13793838878,13793838879,22.4,unclassified
13793838879,13793838880,4.5,unclassified
13793838880,13793838881,6.4,unclassified
13793838881,13793838882,51.3,unclassified
13793838882,13793838883,3.8,unclassified
13793838883,13793838884,3.9,unclassified
13793838884,13793838885,15.5,unclassified
13793838885,13793838886,4.3,unclassified
13793838886,13793838887,3.8,unclassified
13793838887,13793838888,5.3,unclassified
13793838888,13793838889,30.0,unclassified
13793838889,13793838890,9.2,unclassified
13793838890,13793838891,19.0,unclassified
13793838891,13793838892,7.3,unclassified
13793838892,13793838893,12.8,unclassified
13793838893,13793838894,10.2,unclassified
13793838894,13793838895,27.2,unclassified
13793838895,13793838896,6.5,unclassified
13793838896,13793838897,6.1,unclassified
13793838897,13793838898,5.5,unclassified
13793838898,13793838899,9.2,unclassified
13793838899,13793838900,16.4,unclassified
13793838900,13793838901,11.7,unclassified
13793838901,13793838902,7.0,unclassified
13793838902,13793838903,6.4,unclassified
13793838903,13793838904,5.3,unclassified
13793838904,13793838905,9.1,unclassified
13793838905,13793838906,6.2,unclassified
13793838906,13793838907,4.6,unclassified
13793838907,13793838908,10.4,unclassified
13793838908,13793838909,3.7,unclassified
13793838909,13793838910,4.4,unclassified
13793838910,13793838911,5.1,unclassified
13793838911,13793838912,19.3,unclassified
13793838912,13793838913,7.0,unclassified
13793838913,13793838914,7.7,unclassified
13793838914,13793838915,6.6,unclassified
13793838915,13793838916,27.1,unclassified
13793838916,13793838917,34.5,unclassified
13793838917,13793838918,3.8,unclassified
13793838918,13793838919,4.3,unclassified
13793838919,13793838920,4.5,unclassified
13793838920,13793838921,8.5,unclassified
13793838921,13793838922,5.3,unclassified
13793838922,13793838923,15.3,unclassified
13793838696,13793838744,4.7,track
13793838744,13793838697,22.7,track
13793838697,13793838698,6.4,track
13793838698,13793838699,5.4,track
13793838699,13793838700,7.3,track
13793838700,13793838701,5.3,track
13793838701,13793838702,6.0,track
13793838702,13793838703,6.2,track
13793838703,13793838704,12.2,track
13793838704,13793838705,6.0,track
13793838705,13793838706,7.5,track
13793838706,13793838707,11.5,track
13793838707,13793838708,7.8,track
13793838708,13793838709,19.8,track
13793838709,13793838710,4.2,track
13793838710,13793838711,4.0,track
13793838711,13793838712,9.1,track
13793838712,13793838713,5.8,track
13793838713,13793838714,19.4,track
13793838714,13793838715,7.2,track
13793838715,13793838716,7.7,track
13793838716,13793838717,8.7,track
13793838717,13793838718,6.8,track
13793838718,13793838719,6.8,track
13793838719,13793838720,5.9,track
13793838720,13793838721,28.2,track
13793838721,13793838722,9.7,track
13793838722,13793838723,7.7,track
13793838723,13793838724,7.6,track
13793838724,13793838725,25.0,track
13793838725,13793838726,9.0,track
13793838726,13793838727,16.7,track
13793838727,13793838728,9.0,track
13793838728,13793838729,20.4,track
259979579,13793838799,4.4,service
13793838799,13793838775,2.7,service
13793838775,13793838776,6.3,service
13793838776,13793838777,6.5,service
13793838777,13793838778,58.6,service
13793838778,13793838779,12.9,service
13793838779,13793838780,17.5,service
13793838780,13793838781,13.7,service
13793838781,13793838782,13.8,service
13793838782,13793838783,17.5,service
13793838780,13793838784,56.0,service
13793838784,13793838785,4.3,service
13793838785,13793838786,5.5,service
13793838786,13793838787,27.8,service
13793838787,13793838788,4.1,service
13793838788,13793838789,4.5,service
13793838789,13793838790,4.5,service
13793838790,13793838791,49.1,service
13793838782,13793838792,29.6,service
13793838792,13793838793,7.5,service
13793838793,13793838794,4.5,service
13793838794,13793838795,4.5,service
13793838795,13793838796,24.0,service
13793838796,13793838797,35.0,service
13793838797,13793838798,29.5,service
13793838826,13793838841,4.9,unclassified
13793838841,13793838827,26.8,unclassified
13793838827,13793838828,9.0,unclassified
13793838828,13793838829,9.3,unclassified
13793838829,13793838830,9.1,unclassified
13793838830,13793838831,8.5,unclassified
13793838831,13793838832,19.3,unclassified
13793838832,13793838849,32.9,unclassified
13793838849,13793838850,6.4,unclassified
13793838850,13793838851,6.3,unclassified
13793838851,13793838852,7.0,unclassified
13793838852,13793838964,2.2,unclassified
13793838964,13793838957,6.7,unclassified
13793838957,13793838958,19.2,unclassified
13793838958,13793838959,8.0,unclassified
13793838959,13793838960,8.4,unclassified
13793838960,13793838961,7.5,unclassified
13793838961,13793838962,22.4,unclassified
13793838962,13793838963,10.1,unclassified
13793838963,13793839007,7.9,unclassified
13793839007,13793839008,6.7,unclassified
13793839008,13793839009,25.3,unclassified
13793839009,13793839012,27.4,unclassified
13793839012,13793839013,8.4,unclassified
13793839013,13793839014,9.9,unclassified
13793839014,13793839023,11.3,unclassified
13793839023,13793839034,68.2,unclassified
13793839034,13793839040,5.9,unclassified
13793839040,13793839035,14.5,unclassified
13793839035,13793839036,7.3,unclassified
13793839036,13793839037,6.4,unclassified
13793839037,13793839038,4.9,unclassified
13793839038,13793839039,5.6,unclassified
13793839039,13793839047,11.9,unclassified
13793839047,13793839054,17.9,unclassified
13793839054,13793839055,17.7,unclassified
13793839055,13793839056,6.0,unclassified
13793839056,13793839057,5.7,unclassified
13793839057,13793839058,68.2,unclassified
13793839058,13793839078,9.2,unclassified
13793839078,13793839079,8.0,unclassified
13793839079,13793839080,6.6,unclassified
13793839080,13793839081,5.7,unclassified
13793839081,13793839082,4.0,unclassified
13793839082,13793839083,4.3,unclassified
13793839083,13793839084,4.4,unclassified
13793839084,13793839085,12.8,unclassified
13793839085,13793839086,8.1,unclassified
13793839086,13793839087,7.5,unclassified
13793839087,13793839088,7.2,unclassified
13793839088,13793839089,28.9,unclassified
13793839089,13793839090,6.1,unclassified
13793839090,13793839091,6.0,unclassified
13793839091,13793839092,6.1,unclassified
13793839092,13793839093,5.3,unclassified
13793839093,13793839094,4.4,unclassified
13793839094,13793839095,4.5,unclassified
13793839095,13793839096,4.3,unclassified
13793839096,13793839097,4.8,unclassified
13793839097,13793839098,55.3,unclassified
13793839098,13793839099,3.6,unclassified
13793839099,13793839100,3.7,unclassified
13793839100,13793839123,3.6,unclassified
13793839123,13793839124,4.0,unclassified
13793839124,13793839125,8.9,unclassified
13793839125,13793839126,6.9,unclassified
13793839126,13793839127,13.4,unclassified
13793839127,13793839128,9.4,unclassified
13793839128,13793839129,11.8,unclassified
13793839129,13793839130,5.3,unclassified
13793839130,13793839131,4.7,unclassified
13793839131,13793839132,5.6,unclassified
13793839132,13793839133,5.1,unclassified
13793839133,13793839134,8.9,unclassified
13793839134,13793839135,6.4,unclassified
13793839135,13793839136,6.7,unclassified
13793839136,13793839137,7.4,unclassified
13793839137,13793839138,6.6,unclassified
13793839138,13793839139,52.1,unclassified
13793839139,13793839140,10.5,unclassified
13793839140,13793839141,10.0,unclassified
13793839141,13793839142,28.1,unclassified
13793839142,13793839143,8.7,unclassified
13793839143,13793839144,10.3,unclassified
13793839144,13793839145,18.1,unclassified
13793839145,13793839146,6.3,unclassified
13793839146,13793839147,5.4,unclassified
13793839147,13793839210,2.9,unclassified
13793839210,13793839211,2.0,unclassified
13793839211,13793839212,2.3,unclassified
13793839212,13793839213,4.8,unclassified
13793839213,13793839214,10.2,unclassified
13793839214,13793839215,5.7,unclassified
13793839215,13793839216,5.2,unclassified
13793839216,13793839217,4.8,unclassified
13793839217,13793839218,5.1,unclassified
13793839218,13793839219,20.6,unclassified
13793839219,13793839220,6.2,unclassified
13793839220,13793839221,6.2,unclassified
13793839221,13793839222,10.2,unclassified
13793839222,13793839223,5.0,unclassified
13793839223,13793839224,4.6,unclassified
13793839224,13793839225,4.5,unclassified
13793839225,13793839226,3.9,unclassified
13793839226,13793839227,5.4,unclassified
13793839227,13793839228,17.6,unclassified
13793839228,13793839229,4.4,unclassified
13793839229,13793839230,4.6,unclassified
13793839230,13793839231,23.1,unclassified
13793839231,13793839232,2.6,unclassified
13793839232,13793839233,3.0,unclassified
13793839233,13793839234,28.4,unclassified
13793839234,13793839235,3.6,unclassified
13793839235,13793839236,4.6,unclassified
13793839236,13793839237,3.8,unclassified
13793839237,13793839238,10.4,unclassified
13793838924,13793839240,4.3,residential
13793839240,13793838925,25.2,residential
13793838925,13793838926,8.5,residential
13793838926,13793838927,8.1,residential
13793838927,13793838928,8.7,residential
13793838928,13793838929,7.9,residential
13793838929,13793838930,7.7,residential
13793838930,13793838932,15.0,residential
13793838932,13793838931,31.6,residential
13793838931,13793838956,9.4,residential
13793838956,13793838966,8.2,residential
13793838966,13793838967,8.1,residential
13793838967,13793838968,7.6,residential
13793838968,13793838969,8.7,residential
13793838969,13793838970,10.2,residential
13793838970,13793838971,8.4,residential
13793838971,13793838972,9.0,residential
13793838972,13793838973,9.1,residential
13793838973,13793838974,9.2,residential
13793838974,13793838975,36.8,residential
13793838975,13793838976,10.9,residential
13793838832,13793838932,17.7,residential
13793838832,13793838933,22.6,service
13793838933,13793838934,5.4,service
13793838934,13793838935,3.4,service
13793838935,13793838936,4.6,service
13793838936,13793838937,5.3,service
13793838937,13793838938,5.3,service
13793838938,13793838939,4.8,service
13793838939,13793838940,4.7,service
13793838940,13793838941,5.6,service
13793838941,13793838942,4.8,service
13793838796,13793838943,10.0,footway
13793838943,13793838944,3.7,footway
13793838944,13793838945,3.8,footway
13793838945,13793838946,4.3,footway
13793838946,13793838947,7.3,footway
13793838947,13793838948,4.0,footway
13793838948,13793838949,6.8,footway
13793838949,13793838950,4.6,footway
13793838950,13793838951,4.0,footway
13793838951,13793838952,29.3,footway
13793838952,13793838953,5.1,footway
13793838953,13793838954,5.9,footway
13793838954,13793838955,5.2,footway
13793838955,13793838939,5.3,footway
13793838964,13793838965,22.2,service
13793838976,13793838977,13.0,residential
13793838977,13793838978,12.3,residential
13793838978,13793838979,9.0,residential
13793838979,13793838980,12.4,residential
13793838980,13793838981,14.8,residential
13793838981,13793838982,7.9,residential
13793838982,13793838995,9.1,residential
13793838995,13793838996,12.5,residential
13793838996,13793838994,6.1,residential
13793838994,13793838993,6.7,residential
13793838993,13793838992,5.7,residential
13793838992,13793838991,5.4,residential
13793838991,13793838990,6.7,residential
13793838990,13793838989,4.2,residential
13793838989,13793838988,4.6,residential
13793838988,13793838987,4.8,residential
13793838987,13793838986,4.9,residential
13793838986,13793838985,6.0,residential
13793838985,13793838984,7.7,residential
13793838984,13793838983,7.3,residential
13793838983,13793838976,21.6,residential
13793838957,13793838968,18.7,residential
13793838957,13793838997,5.7,service
13793838997,13793838998,4.9,service
13793838998,13793838999,5.4,service
13793838999,13793839000,11.0,service
13793838960,13793839001,19.8,service
13793839001,13793839002,18.3,service
13793838961,13793839004,22.1,service
13793839004,13793839005,6.5,service
13793839005,13793839006,6.5,service
13793839008,13793839010,9.3,service
13793839010,13793839011,8.3,service
13793839012,13793838980,15.5,residential
13793838996,13793839015,51.5,residential
13793839015,13793839024,14.7,residential
13793839024,13793839025,7.8,residential
13793839025,13793839026,6.9,residential
13793839026,13793839027,7.0,residential
13793839027,13793839028,6.2,residential
13793839028,13793839029,6.5,residential
13793839029,13793839030,5.2,residential
13793839030,13793839031,25.0,residential
13793839031,13793839049,3.4,residential
13793839049,13793839050,3.4,residential
13793839050,13793839051,3.7,residential
13793839051,13793839052,3.2,residential
13793839052,13793839053,4.0,residential
13793839053,13793839055,14.7,residential
13793839014,13793839016,10.7,service
13793839016,13793839017,6.5,service
13793839017,13793839018,6.1,service
13793839018,13793839019,6.1,service
13793839019,13793839020,9.4,service
13793839020,13793839021,4.3,service
13793839021,13793839022,9.7,service
13793838994,13793839032,46.2,service
13793839034,13793839015,17.7,service
13793839040,13793839041,10.2,service
13793839041,13793839042,4.4,service
13793839042,13793839043,9.7,service
13793839043,13793839044,2.8,service
13793839044,13793839045,2.8,service
13793839045,13793839046,18.0,service
13793839047,13793839048,24.8,service
13793839039,13793839030,17.9,service
13793839056,13793839059,10.1,service
13793839059,13793839060,7.5,service
13793839060,13793839061,8.1,service
13793839061,13793839062,5.0,service
13793839062,13793839063,17.4,service
13793839063,13793839064,4.2,service
13793839064,13793839065,20.6,service
13793839065,13793839066,4.9,service
13793839066,13793839067,4.4,service
13793839067,13793839068,16.8,service
13793839031,13793839069,15.0,service
13793839069,13793839070,9.7,service
13793839070,13793839071,8.7,service
13793839071,12202901009,4.7,service
12202901009,13793839072,36.6,service
13793839072,13793839073,48.3,service
13793839073,13793839074,6.8,service
13793839074,13793839075,6.1,service
13793839075,13793839076,7.1,service
13793839076,13793839077,6.8,service
13793839091,13793839101,13.6,track
13793839101,13793839102,5.8,track
13793839102,13793839103,5.2,track
13793839103,13793839122,3.9,track
13793839122,13793839104,6.7,track
13793839104,13793839105,5.0,track
13793839105,13793839106,5.1,track
13793839106,13793839107,21.5,track
13793839107,13793839108,7.5,track
13793839108,13793839109,8.8,track
13793839109,13793839110,23.0,track
13793839110,13793839111,6.6,track
13793839111,13793839112,86.4,track
13793839112,13793839113,7.8,track
13793839113,13793839114,6.2,track
13793839114,13793839115,17.7,track
13793839115,13793839116,7.7,track
13793839116,13793839117,18.3,track
13793839117,13793839118,6.0,track
13793839118,13793839119,6.7,track
13793839119,13793839120,5.1,track
13793839120,13793839121,23.9,track
13793839121,13793839148,7.1,track
13793839148,13793839149,7.5,track
13793839149,13793839150,26.7,track
13793839150,13793839151,6.3,track
13793839151,13793839152,5.4,track
13793839152,13793839153,23.3,track
13793839153,13793839213,6.9,track
13793839099,13793839154,28.6,service
13793839154,13793839155,3.4,service
13793839155,13793839156,5.7,service
13793839156,13793839157,4.9,service
13793839157,13793839158,2.5,service
13793839158,13793839159,3.2,service
13793839159,13793839160,3.2,service
13793839160,13793839161,12.3,service
13793839161,13793839162,4.4,service
13793839162,13793839163,5.1,service
13793839163,13793839164,4.6,service
13793839164,13793839165,4.3,service
13793839165,13793839166,5.5,service
13793839166,13793839167,9.2,service
13793839167,13793839168,11.1,service
13793839168,13793839169,26.3,service
13793839169,13793839170,8.0,service
13793839170,13793839171,8.6,service
13793839171,13793839172,10.2,service
13793839172,13793839173,6.9,service
13793839173,13793839174,12.8,service
13793839174,13793839175,4.6,service
13793839175,13793839176,3.5,service
13793839176,13793839177,6.4,service
13793839177,13793839178,5.9,service
13793839178,13793839179,5.8,service
13793839179,13793839180,10.5,service
13793839166,13793839181,17.1,service
13793839181,13793839182,24.2,service
13793839182,13793839183,5.9,service
13793839167,13793839184,4.7,service
13793839184,13793839185,2.8,service
13793839185,13793839186,2.9,service
13793839186,13793839187,3.7,service
13793839187,13793839188,25.1,service
13793839188,13793839189,22.0,service
13793839189,13793839190,7.5,service
13793839190,13793839191,6.8,service
13793839191,13793839192,8.4,service
13793839192,13793839193,14.7,service
13793839193,13793839194,8.2,service
13793839194,13793839195,6.7,service
13793839195,13793839180,6.3,service
13793839180,13793839196,31.7,service
13793839196,13793839197,3.6,service
13793839197,13793839198,4.2,service
13793839198,13793839199,4.6,service
13793839199,13793839200,15.9,service
13793839200,13793839201,7.2,service
13793839201,13793839202,7.1,service
13793839202,13793839203,4.6,service
13793839203,13793839204,3.1,service
13793839204,13793839205,4.7,service
13793839205,13793839206,13.9,service
13793839206,13793839207,4.2,service
13793839207,13793839208,4.3,service
13793839208,13793839209,13.2,service
13793839242,13793839244,5.9,service
13793839244,13793839243,60.4,service
13793839243,13793839245,4.6,service
13793839245,13793839246,4.8,service
13793839246,13793839247,115.4,service
13793839247,13793839248,50.4,service
259979518,13793839301,6.8,service
13793839301,13793839249,6.0,service
13793839249,13793839250,4.6,service
13793839250,13793839251,4.9,service
13793839251,13793839252,8.3,service
13793839252,13793839253,4.7,service
13793839253,13793839254,5.1,service
13793839254,13793839255,3.6,service
13793839255,13793839256,3.6,service
13793839256,13793839257,4.1,service
13793839257,13793839258,3.7,service
13793839258,13793839259,20.4,service
13793839259,13793839260,12.7,service
13793839260,13793839261,11.7,service
13793839261,13793839262,8.9,service
13793839262,13793839263,7.3,service
13793839263,13793839264,9.1,service
13793839264,13793839265,9.2,service
13793839265,13793839266,8.0,service
13793839266,13793839267,8.6,service
13793839267,13793839268,7.1,service
13793839268,13793839269,5.6,service
13793839269,13793839270,59.2,service
13793839270,13793839271,8.0,service
13793839271,13793839272,8.0,service
13793839272,13793839273,7.3,service
13793839273,13793839274,22.6,service
13793839274,13793839275,6.4,service
13793839275,13793839276,8.2,service
13793839276,12202900926,5.0,service
12202900926,13793839277,5.1,service
13793839277,13793839278,12.6,service
13793839278,13793839279,9.6,service
13793839279,13793839280,18.0,service
13793839280,13793839281,6.7,service
13793839281,13793839282,7.5,service
259979481,13793839319,3.9,service
13793839319,13793839302,6.3,service
13793839302,13793839303,30.0,service
13793839303,13793839304,30.5,service
13793838824,13793839332,5.8,service
13793839332,13793839308,17.2,service
13793839308,13793839310,8.1,service
13793839310,13793839309,18.2,service
13793839309,13793839311,68.2,service
13793839308,13793839312,50.4,service
13793839384,13793839385,33.9,service
13793839385,13793839386,22.4,service
13793839386,13793839387,5.2,service
13793839387,13793839388,5.1,service
13793839388,13793839389,7.3,service
13793839389,13793839390,5.1,service
13793839390,13793839391,5.7,service
13793839391,13793839392,7.8,service
13793839392,13793839393,5.1,service
13793839393,13793839394,11.8,service
13793839385,13793839395,8.5,service
13793839395,13793839396,5.0,service
13793839396,13793839397,5.1,service
13793839397,13793839398,11.2,service
13793839398,13793839399,4.8,service
13793839399,13793839400,5.8,service
13793839400,13793839401,5.2,service
13793839401,13793839402,3.7,service
13793839402,13793839403,5.3,service
13793839403,13793839404,18.9,service
13793839405,13793839406,5.4,footway
13793839406,13793839407,5.5,footway
13793839407,13793839408,6.8,footway
13793839408,13793839409,4.6,footway
13793839409,13793839410,4.3,footway
13793839410,13797512035,9.8,footway
13797512035,13793839416,7.9,footway
13797512012,13797512065,1.2,service
13797512065,13797512016,7.3,service
13797512016,13797512017,3.3,service
13797512017,13797512018,3.1,service
13797512018,13797512019,3.3,service
13797512019,13797512020,8.0,service
13797512020,13797512021,2.6,service
13797512021,13797512022,2.3,service
13797512022,13797512023,2.8,service
13797512023,13797512024,3.8,service
13797512024,13797512025,19.1,service
13797512025,13797512026,2.6,service
13797512026,13797512027,4.2,service
13797512027,13797512028,9.0,service
13797512073,13797512074,16.4,service
13797512074,13797512075,4.4,service
13797512075,13797512076,5.9,service
13797512076,13797512077,6.2,service
13797512077,13797512078,30.0,service
13797512078,13797512079,4.0,service
13797512079,13797512080,4.3,service
13797512080,13797512081,4.0,service
13797512081,13797512082,36.6,service
13797512082,13797512083,35.8,service
13797512083,13797512084,6.9,service
13797512084,13797512085,4.8,service
13797512085,13797512086,4.3,service
13797512086,13797512087,9.7,service
13797512087,13797512088,4.0,service
13797512088,13797512089,4.0,service
13797512091,13797512092,6.4,service
13797512092,13797512093,2.7,service
13797512093,13797512094,3.0,service
13797512094,13797512095,3.1,service
13797512095,13797512096,4.6,service
13797512096,13797512097,2.8,service
13797512097,13797512098,3.6,service
13797512098,13797512099,3.4,service
13797512099,13797512100,3.8,service
13797512100,13797512101,6.1,service
13797512101,13797512102,2.6,service
13797512102,13797512103,2.9,service
13797512103,13797512119,6.2,service
13797512119,13797512072,1.5,service
13797512121,13797512122,19.7,service
13797512122,13797512123,23.7,service
13797512123,13797512124,2.9,service
13797512124,13797512125,2.8,service
13797512125,13797512126,3.5,service
13797512126,13797512127,3.9,service
13797512127,13797512128,43.6,service
13797512128,13797512129,6.0,service
13797512129,13797512130,5.9,service
13797512130,13797512131,14.8,service
13797512131,13797512132,7.3,service
13797512132,13797512133,3.7,service
13797512133,13797512134,3.8,service
13797512134,13797512135,4.2,service
13797512135,13797512136,4.9,service
13797512136,13797512137,8.4,service
13797512137,13797512138,4.1,service
13797512138,13797512139,3.4,service
13797512139,13797512140,2.8,service
13797512140,13797512141,4.2,service
13797512141,13797512142,3.8,service
13797512142,13797512143,3.5,service
13797512143,13797512144,4.1,service
13797512144,13797512145,12.0,service
13797512145,13797512146,3.2,service
13797512146,13797512147,3.8,service
13797512147,13797512148,4.8,service
13797512148,13797512149,19.2,service
13797512157,13797512158,29.4,service
13797512158,13797512159,3.3,service
13797512159,13797512160,4.3,service
13797512160,13797512221,5.2,service
13797512221,13797512154,1.4,service
13797512169,13797512170,20.7,service
13797512170,13797512171,8.8,service
13797512171,13797512172,4.0,service
13797512172,13797512173,2.8,service
13797512173,13797512229,3.0,service
13797512229,13797512167,1.6,service
13797512068,13797512205,1.3,service
13797512205,13797512177,5.7,service
13797512177,13797512178,4.7,service
13797512178,13797512179,2.1,service
13797512179,13797512180,2.3,service
13797512180,13797512181,2.1,service
13797512181,13797512182,2.8,service
13797512182,13797512183,3.0,service
13797512183,13797512184,4.4,service
13797512184,13797512185,3.9,service
13797512185,13797512186,4.4,service
13797512186,13797512187,9.1,service
13797512187,13797512188,5.8,service
13797512188,13797512211,4.8,service
13797512211,13797512189,1.8,service
13797512183,13797512190,8.6,footway
13797512190,13797512191,3.1,footway
13797512191,13797512192,4.2,footway
13797512192,13797512193,3.7,footway
13797512193,13797512194,4.3,footway
13797512194,13797512195,2.7,footway
13797512195,13797512028,7.1,footway
12202899634,13797512257,1.8,footway
13797512257,13797512230,7.5,footway
13797512230,13797512231,10.1,footway
13797512231,13797512232,3.1,footway
13797512232,13797512233,5.9,footway
13797512233,13797512234,4.5,footway
13797512234,13797512235,2.8,footway
13797512235,13797512236,3.3,footway
13797512236,13797512237,4.0,footway
13797512237,13797512238,3.4,footway
13797512238,13797512239,12.5,footway
13802090773,13802090775,5.5,residential
13802090775,13797512266,5.1,residential
13797512266,13797512265,3.6,residential
13797512265,13797512264,3.1,residential
13797512264,13797512263,3.5,residential
13797512263,13797512262,3.2,residential
13797512262,13797512261,3.6,residential
13797512261,12202899638,2.9,residential
12202899638,12202899637,3.7,residential
12202899637,12202899636,3.9,residential
12202899636,13797512260,19.6,residential
13797512260,13797512259,5.8,residential
259979410,13797512278,27.9,footway
13797512278,13797512277,25.1,footway
13797512277,13797512276,2.7,footway
13797512276,13797512275,3.0,footway
13797512275,13797512274,12.8,footway
13797512274,13797512273,6.8,footway
13797512273,13797512272,6.7,footway
13797512272,13797512267,4.6,footway
13797512267,13797512268,4.5,footway
13797512268,13797512269,3.3,footway
13797512269,13797512270,13.5,footway
13797512270,13797512271,2.9,footway
13797512271,13797512283,2.3,footway
13797512283,13797512259,1.7,footway
13802089372,13802089373,17.8,service
13802089373,13802089374,6.1,service
13802089374,13802089375,4.5,service
13802089375,13802089376,6.8,service
13802089377,13802089378,22.1,service
259979410,13802089399,11.4,service
13802089399,13802089400,24.7,service
13797512276,13802090601,9.1,footway
13802090601,13802090602,31.1,footway
13797512286,13802090603,7.0,service
13802090603,13802090604,3.4,service
13802090604,13802090605,4.0,service
13802090605,13802090606,20.2,service
13802090606,13802090607,4.9,service
13802090607,13802090608,10.5,service
13802090608,13802090609,4.3,service
13802090609,13802090610,7.9,service
13802090610,13802090611,2.4,service
13802090611,13802090612,2.1,service
13802090612,13802090613,2.6,service
13802090613,13802090614,3.0,service
13802090614,13802090615,26.7,service
13802090615,13802090616,4.8,service
13802090616,13802090617,6.5,service
13802090617,13802090618,12.3,service
13802090618,13802090619,14.3,service
13802090619,13802090620,6.6,service
13802090620,13802090628,4.6,service
13802090628,13802090621,2.1,service
13802090621,13802090622,10.7,service
13802090617,13802090623,11.2,service
13802090623,13802090624,7.3,service
13802090624,13802090625,6.3,service
13802090625,13802090626,3.4,service
13802090626,13802090627,3.2,service
13802090628,13802090629,18.5,service
13802090629,13802090630,14.4,service
13802090630,13802090631,7.9,service
13802090631,13802089376,19.4,service
13802090641,13802090642,14.4,service
13802090642,13802090643,5.6,service
13802090643,13802090644,20.3,service
13802090644,13802090645,3.4,service
13802090645,13802090646,4.4,service
13802090646,13802090647,23.9,service
13802090648,13802090649,11.6,service
13802090649,13802090650,5.5,service
13802090650,13802090651,3.9,service
13802090651,13802090652,2.9,service
13802090652,13802090653,2.7,service
13802090653,13802090654,3.6,service
13802090654,13802090655,2.5,service
13802090655,13802090656,3.3,service
13802090656,13802090657,3.5,service
13802090657,13802090658,3.2,service
13802090658,13802090659,14.1,service
13802090659,13802090660,17.3,service
13802090688,13802090689,13.3,residential
13802090689,13802090690,5.1,residential
13802090690,13802090691,4.8,residential
13802090691,13802090692,5.8,residential
13802090692,13802090693,6.6,residential
13802090693,13802090694,8.2,residential
13802090694,13802090695,7.1,residential
13802090695,13802090696,11.6,residential
13802090696,13802090697,7.2,residential
13802090697,13802090698,7.7,residential
13802090698,13802090699,4.2,residential
13802090699,13802090700,3.4,residential
13802090700,13802090701,3.0,residential
13802090701,13802090702,3.1,residential
13802090702,13802090703,3.4,residential
13802090703,13802090704,3.6,residential
13802090704,13802090705,7.2,residential
13802090705,13802090706,3.7,residential
13802090706,13802090707,3.6,residential
13802090707,13802090708,3.5,residential
13802090708,13802090709,3.6,residential
13802090709,13802090710,4.1,residential
13802090710,13802090711,3.7,residential
13802090711,13802090712,4.5,residential
13802090712,13802090713,5.7,residential
13802090713,13802090714,5.0,residential
13802090714,13802090715,5.3,residential
13802090715,13802090716,4.4,residential
13802090716,13802090717,4.6,residential
13802090717,13802090718,14.0,residential
13802090718,13802090719,5.9,residential
13802090719,13802090720,6.4,residential
13802090720,13802090721,7.5,residential
13802090721,13802090722,6.6,residential
13802090722,13802090723,6.6,residential
13802090723,13802090724,7.2,residential
13802090724,13802090725,6.5,residential
13802090725,13802090726,22.8,residential
13802090726,13802090727,4.5,residential
13802090727,13802090728,3.4,residential
13802090728,13802090729,3.4,residential
13802090729,13802090730,3.0,residential
13802090730,13802090731,3.5,residential
13802090731,13802090732,3.7,residential
13802090732,13802090733,8.1,residential
13802090733,13802090734,2.7,residential
13802090734,13802090735,3.3,residential
13802090735,13802090736,32.0,residential
13802090736,13802090737,4.7,residential
13802090737,13802090738,4.7,residential
13802090738,13802090739,4.5,residential
13802090739,13802090740,24.2,residential
13802090740,13802090741,4.1,residential
13802090741,13802090742,3.4,residential
13802090742,13802090743,3.3,residential
13802090743,13802090744,3.6,residential
13802090744,13802090745,12.6,residential
13802090745,13802090746,4.8,residential
13802090746,13802090747,5.4,residential
13802090747,13802090748,7.8,residential
13802090748,13802090749,9.2,residential
13802090749,13802090750,6.9,residential
13802090750,13802090751,6.7,residential
13802090751,13802090752,5.7,residential
13802090752,13802090753,4.1,residential
13802090753,13802090754,4.0,residential
13802090754,13802090755,4.3,residential
13802090755,13802090756,4.3,residential
13802090756,13802090757,4.6,residential
13802090757,13802090758,4.2,residential
13802090758,13802090759,8.4,residential
13802090759,13802090760,7.0,residential
13802090760,13802090761,8.4,residential
13802090761,13802090762,3.9,residential
13802090762,13802090763,3.8,residential
13802090763,13802090769,5.5,residential
13802090769,13802090770,4.4,residential
13802090770,13802090771,4.6,residential
13802090771,13802090772,5.4,residential
13802090772,13802090773,10.0,residential
13802090773,13802090778,1.8,residential
13802090778,13802090774,20.2,residential
13802090774,13802090779,4.4,residential
13802090779,13802090780,3.4,residential
13802090780,13802090781,3.2,residential
13802090781,13802090782,3.0,residential
13802090782,13802090783,3.4,residential
13802090783,13802090784,4.2,residential
13802090784,13802090785,4.1,residential
13802090785,13802090786,3.4,residential
13802090786,13802090787,3.0,residential
13802090787,13802090788,3.6,residential
13802090788,13797512239,8.0,residential
13802090754,13802090810,4.6,footway
13802090810,13802090764,15.8,footway
13802090764,13802090765,19.8,footway
13802090765,13802090766,5.8,footway
13802090766,13802090767,5.3,footway
13802090767,13802090768,4.5,footway
13802090768,13797512285,19.2,footway
13797512239,13802090789,44.6,service
13802090789,13802090790,73.9,service
13802090790,13802090791,37.9,service
13802090770,13802090815,1.9,service
13802090815,13802090793,47.8,service
13802090793,13802090794,6.0,service
13802090794,13802090795,6.4,service
13802090795,13802090796,25.8,service
13802090796,13802090797,5.2,service
13802090797,13802090798,5.4,service
13802090967,13802090957,10.3,track
13802090957,13802090968,15.9,track
13802090968,13802090969,4.6,track
13802090969,13802090970,3.9,track
13802090970,13802090971,14.8,track
13802090971,13802090972,5.9,track
13802090972,13802090973,7.6,track
13802090973,13802090974,4.0,track
13802090974,13802090975,8.6,track
13802090975,13802090976,4.3,track
13802090976,13802090977,28.5,track
13802090977,13802090978,5.8,track
13802090978,13802090979,6.2,track
13802090979,13802090980,69.6,track
13802090980,13802090981,27.1,track
13802090981,13802090982,20.5,track
1503595823,13802091006,35.4,tertiary
13802091006,13802091005,4.0,tertiary
13802091005,5313419401,3.6,tertiary
5313419401,13802091004,4.3,tertiary
13802091004,13802091003,23.4,tertiary
13802090936,13802091027,25.2,track
13802091027,13802091028,8.4,track
13802091028,13802091029,8.8,track
13802091029,13802091030,208.5,track
13802091030,13802091031,81.9,track
13802091031,13802091032,106.9,track
13802091032,13802091033,46.4,track
13802091033,12202900707,84.7,track
12202900707,13802091093,114.9,track
13802091093,13802091094,25.7,track
13802091094,13802091095,19.6,track
13802091095,13802091096,17.8,track
13802091096,13802091097,33.4,track
13802091097,13802091098,38.2,track
13802091098,13802091099,91.5,track
13802091099,13802091100,45.6,track
13802091100,13802091101,40.3,track
13802091101,13802091102,36.0,track
13802091102,13802091103,73.0,track
13802091103,13802091104,148.7,track
13802091104,13802091105,85.0,track
13802091105,13802091106,12.9,track
13802091106,13802091107,25.8,track
13802091107,13802091108,13.2,track
13802091108,13802091109,15.9,track
13802091109,13802091110,12.0,track
13802091110,13807521060,6.7,track
13807521060,13807521061,15.5,track
13802091031,13802091034,8.3,service
13802091034,13802091035,6.3,service
13802091035,13802091036,25.4,service
13802091036,13802091037,6.4,service
13802091037,13802091038,6.2,service
13802091038,13802091039,8.0,service
13802091039,13802091040,6.2,service
13802091040,13802091063,8.3,service
13802091063,5313419402,2.5,service
5313419402,13802091061,6.7,track
13802091061,13802091052,2.1,track
13802091052,13802091053,11.4,track
13802091053,13802091054,43.1,track
13802091054,13802091055,12.9,track
13802091055,13802091056,8.6,track
13802091056,13802091057,6.4,track
13802091057,13802091058,8.4,track
13802091058,13802091059,7.1,track
13802091059,13802091060,8.9,track
13802091075,13802091088,2.7,service
13802091088,13802091076,34.2,service
13802091077,13802091076,17.9,service
13802091076,13802091078,24.8,service
13802091078,13802091087,34.3,service
13802091087,13802091079,2.6,service
13802091131,13802091130,15.3,residential
13802091130,13802091129,10.3,residential
13802091129,13802091128,7.0,residential
13802091128,13802091122,5.8,residential
13802091122,13802091123,4.8,residential
13802091123,13802091124,4.8,residential
13802091124,13802091125,4.0,residential
13802091125,13802091126,3.4,residential
13802091126,13802091127,5.0,residential
13802091127,13802091132,5.4,residential
13802091132,13802091133,6.9,residential
13802091133,13802091134,8.1,residential
13802091134,13802091135,7.7,residential
13802091135,13802091136,8.8,residential
13802091136,13802091137,11.0,residential
13802091137,13802091138,10.2,residential
13802091138,13802091139,13.9,residential
13802091167,13802091168,33.9,service
13802091168,13802091169,6.9,service
13802091169,13802091170,5.5,service
13802091170,13802091171,4.5,service
13802091171,13802091172,6.2,service
13802091172,13802091173,5.2,service
13802091173,13802091174,9.7,service
13089135690,13802091175,5.9,footway
13802091175,13802091176,26.1,footway
2984433269,2984433270,27.3,unclassified
2984433270,2984433260,8.9,unclassified
2984433260,2984433316,8.6,unclassified
2984433316,13802091163,18.4,unclassified
13802091163,13802091164,10.8,unclassified
13802091164,13802091165,10.2,unclassified
13802091165,13802091166,9.0,unclassified
13802091166,13089135689,11.8,unclassified
13089135689,2984433391,22.6,unclassified
2984433391,13802091177,39.5,unclassified
13802091177,12202899659,16.2,unclassified
12202899659,13802091178,11.0,unclassified
13802091178,13802091179,8.4,unclassified
13802091179,13802091180,9.9,unclassified
13802091180,13802091181,11.8,unclassified
13802091181,13802091182,13.6,unclassified
13802091182,13802091183,20.7,unclassified
13802091193,13802091200,10.3,service
13802091200,13802091201,8.5,service
13802091201,13802091202,9.2,service
13802091202,13802091203,10.4,service
13802091203,13802091204,14.7,service
13802091204,13802091205,9.6,service
13802091205,13802091206,9.6,service
13802091206,13802091207,17.1,service
13802091207,13802091208,5.6,service
13802091208,13802091209,4.9,service
13802091209,13802091210,5.0,service
13802091210,13802091211,2.8,service
13802091211,13802091212,3.8,service
13802091212,13802091213,5.8,service
13802091213,13802091214,4.0,service
13802091214,13802091215,5.6,service
13802091215,13802091216,5.5,service
13802091216,13802091217,6.0,service
13802091217,13802091218,21.8,service
13802091218,13802091219,6.1,service
13802091219,13802091220,22.0,service
13802091205,13802091221,4.8,service
13802091221,13802091222,4.8,service
13802091222,13802091223,4.6,service
13802091223,13802091224,15.5,service
13802091224,13802091225,4.9,service
13802091225,13802091226,6.0,service
13802091226,13802091227,4.7,service
13802091227,13802091228,4.4,service
13802091228,13802091229,5.0,service
13802091229,13802091230,4.9,service
13802091230,13802091231,4.7,service
13802091231,13802091232,5.4,service
13802091232,13802091233,9.1,service
13802091233,13802091234,7.2,service
13802091234,13802091235,7.2,service
13802091235,13802091236,5.5,service
13802091236,13802091237,30.1,service
13802091237,13802091238,9.5,service
13802091238,13802091239,6.3,service
13802091239,13802091240,30.4,service
13802091240,13802091241,9.1,service
13802091241,13802091242,12.4,service
13802091242,13802091243,25.7,service
13802091243,13802091244,7.5,service
13802091244,13802091245,7.1,service
13802091245,13802091246,13.5,service
13802091246,13802091247,4.4,service
13802091247,13802091248,3.7,service
13802091248,13802091249,8.2,service
13802091199,13802091250,25.7,service
13802091250,13802091251,4.8,service
13802091251,13802091252,3.9,service
13802091252,13802091253,4.6,service
13802091253,13802091254,5.1,service
13802091254,13802091255,3.2,service
13802091255,13802091256,2.5,service
13802091256,13802091257,2.9,service
13802091257,13802091258,3.2,service
13802091258,13802091229,11.2,service
13802091229,13802091259,8.3,service
13802091259,13802091260,6.7,service
13802091260,13802091261,4.3,service
13807521032,13807521031,64.3,cycleway
13807521031,13807521030,29.0,cycleway
13807521030,13807521029,20.9,cycleway
13807521029,13807521023,60.0,cycleway
13807521023,13807521022,315.2,cycleway
13807521022,13807521021,240.8,cycleway
13807521021,13802091092,107.1,cycleway
13802091092,13802091091,243.9,cycleway
13802091091,13802091090,2.9,cycleway
13802091090,13802091070,3.8,cycleway
13802091070,13802091069,25.8,cycleway
13802091069,13802091068,3.4,cycleway
13802091068,13802091067,3.5,cycleway
13802091067,13802091066,3.2,cycleway
13802091066,13802091065,5.0,cycleway
13802091065,13802091064,23.9,cycleway
1574630662,13807519516,12.7,service
13807519516,13807519517,4.7,service
13807519517,13807519518,4.4,service
13807519518,13807519519,4.7,service
13807519519,13807519520,63.7,service
13089135698,13807519537,54.3,service
13807519537,13807519538,3.2,service
13807519538,13807519539,2.9,service
13807519539,13807519540,2.9,service
13807519540,13807519541,3.1,service
13807519541,13807519542,4.1,service
13807519542,13807519543,58.9,service
13089164906,13089164907,10.5,service
13089164907,13089164908,9.0,service
13089164908,13089164909,13.6,service
13089164909,13089164910,23.5,service
13089164910,13089164911,19.6,service
13089164911,13065119140,19.2,service
13807519571,13807519570,60.7,service
13807519577,13807519578,7.3,service
13807519578,13807519579,2.7,service
13807519579,13807519580,2.4,service
13807519580,13807519581,3.1,service
13807519581,13807519582,41.1,service
13807519582,13807519583,11.2,service
13807519583,13807519584,38.5,service
13807519524,13807519584,29.6,residential
13807519584,13807519589,6.2,residential
1503595798,13807519592,38.8,service
13807519593,13807519594,126.0,service
13807519594,13807519595,3.3,service
13807519595,13807519596,2.5,service
13807519596,13807519597,3.2,service
13807519597,13807519598,2.7,service
13807519598,13807519599,3.2,service
13807519599,13807519600,3.4,service
13807519600,13807520701,3.3,service
13807520701,13807520702,105.0,service
13807520702,13807520703,4.9,service
13807520703,13807520704,5.4,service
13807520704,13807519593,12.7,service
13807520744,13807520745,25.2,service
13807520745,13807520746,4.4,service
13807520746,13807520747,3.4,service
13807520747,13807520748,3.2,service
13807520748,13807520749,3.1,service
13807520749,13807520750,2.7,service
13807520750,13807520751,3.0,service
13807520751,13807520752,34.2,service
13807520752,13807520753,6.5,service
13807520753,13807520754,4.0,service
13807520754,13807520755,5.5,service
13807520755,13807520756,5.0,service
13807520756,13807520757,5.8,service
13807520757,13807520758,9.3,service
13807520758,13807520759,5.1,service
13807520759,13807520760,4.3,service
13807520760,13807520761,5.2,service
13807520761,13807520762,24.5,service
12202900806,13807520767,25.9,service
13807520767,13807520768,10.8,service
13807520768,13807520769,13.2,service
12202900807,13807520783,42.1,track
13807520783,13807520784,2.3,track
13807520784,13807520785,1.5,track
13807520785,13807520786,2.4,track
13807520786,13807520787,109.4,track
13807520787,13807520788,381.3,track
1503595842,13807521028,4.1,unclassified
13807521028,13807520787,161.6,unclassified
13807520787,13807520852,101.7,unclassified
13807520852,13807520855,67.0,unclassified
13807520855,13807520897,3.9,unclassified
13807520897,13807520898,3.8,unclassified
13807520898,13807520899,3.5,unclassified
13807520899,13807520900,3.2,unclassified
13807520900,13807520901,3.7,unclassified
13807520901,13807520902,4.6,unclassified
13807520902,13807520903,24.9,unclassified
13807520903,13807520906,5.5,unclassified
13807520906,13807520907,2.8,unclassified
13807520907,13807520908,2.9,unclassified
13807520908,13807520909,3.2,unclassified
13807520909,13807520910,4.0,unclassified
13807520910,13807520911,17.6,unclassified
13807520911,13807520912,5.8,unclassified
13807520912,13807520913,4.7,unclassified
13807520913,13807520914,5.9,unclassified
13807520914,13807520915,5.9,unclassified
13807520915,13807520916,6.1,unclassified
13807520916,13807520917,5.2,unclassified
13807520917,13807520851,6.1,unclassified
13807520851,13807520918,3.5,unclassified
13807520918,12202900682,3.0,unclassified
12202900682,13807520919,2.6,unclassified
13807520919,13807520920,2.8,unclassified
13807520920,13807520921,2.7,unclassified
13807520921,13807520922,3.1,unclassified
13807520922,13807520923,26.7,unclassified
13807520923,13807520924,3.7,unclassified
13807520924,13807520925,4.5,unclassified
13807520925,13807520926,8.1,unclassified
13807520926,13807520927,3.6,unclassified
13807520927,13807520928,3.1,unclassified
13807520928,13807520929,3.2,unclassified
13807520929,13807520930,3.5,unclassified
13807520930,13807520931,7.4,unclassified
13807520931,13807520932,5.7,unclassified
13807520932,13807520933,5.4,unclassified
13807520933,13807520934,5.6,unclassified
13807520934,13807520935,28.6,unclassified
13807520935,13807520936,4.6,unclassified
13807520936,13807520937,4.0,unclassified
13807520937,13807520938,17.7,unclassified
13807520938,13807520939,3.8,unclassified
13807520939,13807520940,3.3,unclassified
13807520940,13807520941,3.5,unclassified
13807520941,13807520942,42.3,unclassified
13807520942,13807520943,6.6,unclassified
13807520943,13807520944,6.0,unclassified
13807520944,13807520945,9.6,unclassified
13807520945,13807520946,6.0,unclassified
13807520946,13807520947,5.1,unclassified
13807520947,13807520948,4.7,unclassified
13807520948,13807520949,5.1,unclassified
13807520949,13807520950,23.0,unclassified
13807520950,13807520951,4.9,unclassified
13807520951,13807520952,9.3,unclassified
13807520952,13807520953,5.8,unclassified
13807520953,13807520954,4.8,unclassified
13807520954,13807520955,10.2,unclassified
13807520955,13807520956,4.4,unclassified
13807520956,13807520957,4.7,unclassified
13807520957,13807520958,12.9,unclassified
13807520958,13807520959,3.6,unclassified
13807520959,13807520960,3.4,unclassified
13807520960,13807520961,3.6,unclassified
13807520961,13807520962,4.3,unclassified
13807520962,13807520967,16.6,unclassified
13807520967,13807520968,3.2,unclassified
13807520968,13807520969,3.0,unclassified
13807520969,13807520970,4.1,unclassified
13807520970,13807520971,5.8,unclassified
13807520971,13807520972,4.7,unclassified
13807520972,13807520973,4.5,unclassified
13807520973,13807520974,4.6,unclassified
13807520974,13807520975,5.2,unclassified
13807520975,13807520976,5.2,unclassified
13807520976,13807520977,5.9,unclassified
13807520977,13807520978,8.4,unclassified
13807520978,13807520979,4.1,unclassified
13807520979,13807520980,3.8,unclassified
13807520980,13807520981,5.2,unclassified
13807520981,13807520993,9.1,unclassified
13807520993,13807520994,5.0,unclassified
13807520994,13807520995,3.4,unclassified
13807520995,13807520996,5.4,unclassified
13807520996,13807521004,29.3,unclassified
13807521004,13807521020,125.9,unclassified
13807521020,5527273675,3.1,unclassified
13807520804,13807520853,2.7,residential
13807520853,13807520854,2.2,residential
13807520854,13807520852,2.6,residential
13807520810,13807520856,20.7,service
13807520856,13807520857,2.8,service
13807520857,13807520858,2.8,service
13807520858,13807520859,2.8,service
13807520859,13807520860,3.1,service
13807520860,13807520861,20.9,service
13807520861,13807520862,5.6,service
13807520862,13807520863,37.6,service
12202900811,13807520864,4.0,service
13807520864,13807520865,2.5,service
13807520865,13807520866,3.3,service
13807520866,13807520867,16.2,service
13807520867,13807520868,3.9,service
13807520868,13807520869,4.1,service
13807520869,13807520870,5.2,service
13807520870,13807520871,5.1,service
13807520871,13807520872,4.5,service
13807520872,13807520873,4.4,service
13807520873,13807520874,4.1,service
13807520874,13807520875,4.1,service
13807520875,13807520876,5.8,service
13807520876,13807520882,21.4,service
13807520882,13807520883,3.8,service
13807520883,13807520884,4.4,service
13807520884,13807520885,5.6,service
13807520885,13807520886,13.7,service
13807520886,13807520887,5.0,service
13807520887,13807520888,5.1,service
13807520888,13807520889,4.4,service
13807520889,13807520890,6.0,service
13807520890,13807520891,7.1,service
13807520891,13807520892,26.9,service
13807520876,13807520877,12.7,service
13807520877,13807520878,2.6,service
13807520878,13807520879,2.0,service
13807520879,13807520880,2.7,service
13807520880,13807520881,10.3,service
13807520882,13807520893,25.9,service
13807520826,13807520894,3.1,service
13807520894,13807520895,2.5,service
13807520895,13807520896,13.8,service
13807520902,13807520904,43.2,service
13807520903,13807520905,30.6,service
12202900824,13807521022,2.7,track
13807521022,12202900820,106.9,track
12202900820,13807520963,103.0,track
12202900824,13807521024,3.1,service
13807521024,13807520964,142.2,service
13807520964,13807520965,12.8,service
13807520965,13807520788,9.2,service
13807520788,13807520945,7.8,service
13807520972,13807520982,18.5,service
13807520982,13807520983,15.1,service
13807520983,13807520984,10.3,service
13807520984,13807520985,12.8,service
13807520984,13807520986,20.4,service
13807520986,13807520987,9.3,service
13807520987,13807520988,16.5,service
13807520988,13807520989,5.0,service
13807520989,13807520990,3.8,service
13807520990,13807520991,3.9,service
13807520991,13807520992,8.4,service
13807520996,13807520997,24.2,service
13807520997,13807520992,2.0,service
13807520992,13807520998,2.8,service
13807520998,13807520999,11.4,service
13807520999,13807521000,3.5,service
13807521000,13807521001,3.5,service
13807521001,13807521002,3.3,service
13807521002,13807521003,10.5,service
13807521004,13807521005,30.9,service
13807521005,13807521006,8.2,service
13807521006,13807521007,7.2,service
13807521007,13807521008,6.8,service
13807521008,13807521009,6.3,service
13807521009,13807521010,7.9,service
13807521010,13807521011,13.6,service
13807521011,13807521012,2.9,service
13807521012,13807521013,1.8,service
13807521013,13807521014,2.4,service
13807521014,13807521015,4.1,service
13807521015,13807521016,2.2,service
13807521016,13807521017,1.9,service
13807521017,13807521018,2.9,service
13807521018,13807521019,21.2,service
12650228598,13807521061,9.0,service
13807521061,13807521042,45.2,service
13807521042,13807521043,4.0,service
13807521043,13807521044,3.7,service
13807521044,13807521045,2.8,service
13807521045,13807521046,2.5,service
13807521046,13807521047,33.0,service
13807521047,13807521048,8.0,service
13807521050,13807521051,90.3,service
13807521051,13807521048,27.4,service
13807521048,13807521049,48.0,service
13807521049,13807521052,3.1,service
13807521052,13807521053,3.4,service
13807521053,13807521054,3.1,service
13807521054,13807521055,3.6,service
13807521055,13807521056,17.1,service
13807521056,13807521057,4.9,service
13807521057,13807521058,3.0,service
13807521058,13807521059,3.8,service
13807521059,12202900779,4.2,service
12202900779,13807521082,3.0,service
13807521082,13807521083,3.4,service
13807521083,13807521084,2.7,service
13807521084,13807521085,3.2,service
13807521085,13807521086,18.8,service
13807521086,13807521087,4.4,service
13807521087,13807521088,4.2,service
13807521088,13807521089,4.0,service
13807521089,13807521090,4.8,service
13807521090,13807521091,44.8,service
13807521091,13807521092,58.7,service
13807521092,13807521093,26.0,service
13807521093,13807521094,23.4,service
13807521094,13807521095,29.4,service
13807521095,13807521096,17.3,service
13807521096,13807521097,18.2,service
13807521097,13807521098,102.6,service
13807521098,13807521099,64.1,service
13807521099,13807521100,23.7,service
13807521063,13807521064,2.6,service
13807521064,13807521065,2.5,service
13807521065,13807521066,3.1,service
13807521066,13807521067,49.6,service
13807521067,12650241301,12.1,service
13807521062,13807521063,35.9,service
13807521067,13807521068,5.0,track
13807521068,13807521069,3.1,track
13807521069,13807521070,4.3,track
13807521070,13807521071,4.9,track
13807521071,13807521072,86.8,track
13807521072,13807521073,75.4,track
13807521073,13807521074,89.4,track
13807521074,13807521075,51.6,track
13807521075,13807521076,62.4,track
13807521091,13807521062,5.6,service
13807577479,13807577480,13.3,tertiary_link
13807577480,13807577481,7.7,tertiary_link
13807577481,13807577482,6.4,tertiary_link
13807577482,13807577483,5.9,tertiary_link
13807577483,13807577484,5.3,tertiary_link
13807577484,13807577485,5.3,tertiary_link
13807577485,13807577486,6.1,tertiary_link
13807577486,13807577487,6.6,tertiary_link
13807577487,13807577488,9.2,tertiary_link
11999300203,13807577494,4.3,residential
13807577494,13807577493,4.1,residential
13807577493,13807577492,6.1,residential
13807577492,13807577491,6.6,residential
13807577491,312236277,6.5,residential
312236277,11999300205,9.4,residential
11999300205,312236266,8.2,residential
312236266,13807577490,28.2,residential
13807577490,13807577489,6.4,residential
13807577489,312236255,7.5,residential
312236255,312236245,6.5,residential
312236245,312236235,7.0,residential
312236235,312236219,8.0,residential
312236219,11999302269,44.7,residential
11999302269,1886344558,10.4,residential
1886344558,1886344546,56.6,residential
13089143795,13807621408,35.3,footway
13807621408,13807621409,12.9,footway
11999302297,11999302296,16.1,tertiary
11999302296,11999302295,34.9,tertiary
11999302295,13807621406,10.6,tertiary
13807621406,13807621405,11.9,tertiary
13807621405,11999302294,13.2,tertiary
11999302294,13807621404,14.4,tertiary
13807621404,11999302293,32.2,tertiary
11999302293,13807621403,11.8,tertiary
13807621403,11999302292,11.5,tertiary
11999302292,1886344554,14.6,tertiary
1886344554,13807621402,50.2,tertiary
13807621402,13807621401,121.1,tertiary
13807621401,13807577488,21.8,tertiary
13807577488,1886344546,39.5,tertiary
1886344546,13807577479,43.8,tertiary
13807577479,13807577478,7.2,tertiary
13807577478,13807577477,8.4,tertiary
13807577477,13807577476,7.3,tertiary
13807577476,2375716738,6.5,tertiary
2375716738,13807577475,35.6,tertiary
13807577475,13807577474,10.0,tertiary
13807577474,2375716731,8.6,tertiary
2375716731,13807577473,18.7,tertiary
13807577473,2375716776,9.5,tertiary
2375716776,13807577472,12.5,tertiary
13807577472,13807577471,14.1,tertiary
13807577471,2375716781,50.2,tertiary
2375716781,13807577470,51.6,tertiary
13807577470,13807577469,130.2,tertiary
13807577469,5528018527,71.7,tertiary
5528018527,259979183,42.2,tertiary
5313419375,13807732947,34.0,service
13807732947,13807732948,6.8,service
13807732948,13807732949,7.5,service
13807732949,13807732950,59.0,service
13807732950,13807732951,8.6,service
13807732951,13807732952,5.9,service
13807732952,13807732953,8.8,service
13807747919,13807747920,3.2,service
13807747920,13807747921,3.9,service
13807747921,13807747922,3.2,service
13807747922,13807747923,6.8,service
13807747933,13807747934,26.2,service
13807747934,13807747935,3.6,service
13807747935,13807747936,2.5,service
13807747936,13807747937,3.3,service
13807747937,13807747938,2.6,service
13807747938,13807747939,25.7,service
13807747939,13807747940,4.2,service
13807747940,13807747941,5.4,service
13807747951,13807747982,26.0,service
13807747982,13807747952,2.9,service
13807747952,13807747948,22.6,service
13807747948,13807747953,19.3,service
13807747953,13807747941,16.7,service
13807747941,13807747954,28.9,service
13807747954,13807747955,9.0,service
13807747955,13807747956,23.8,service
13807747956,13807747957,20.6,service
13807747957,13807747958,26.4,service
13807747958,13807747959,6.9,service
13807747959,13807747960,5.4,service
13807747960,13807747961,6.7,service
13807747961,13807747962,5.3,service
13807747962,13807747963,5.6,service
13807747963,13807747964,5.2,service
13807747954,13807747965,10.8,service
13807747965,13807747966,15.1,service
13807747966,13807747967,9.0,service
13807747956,13807747968,7.3,service
13807747968,13807747969,5.3,service
13807747969,13807747970,11.2,service
13807747960,13807747971,6.8,service
13807747971,13807747972,4.8,service
13807747972,13807747973,30.9,service
13807747955,13807747974,43.5,service
13807747974,13807747975,7.4,service
13807747975,13807747976,5.2,service
13807747976,13807747977,23.5,service
13807747977,13807747978,6.4,service
13807747978,13807747979,49.6,service
13807747979,13807747980,20.7,service
13807747980,13807747981,19.6,service
13807747981,13807747948,16.3,service
13807747982,13807748000,14.9,track
13807748000,13807747983,66.7,track
13807747983,13807747984,15.1,track
13807747984,13807747985,14.6,track
13807747985,13807747986,18.0,track
13807747986,13807747987,52.1,track
13807747987,13807747988,10.0,track
13807747988,13807747989,9.6,track
13807747989,13807747990,33.9,track
13807747990,13807747991,13.0,track
13807747991,13807747992,87.9,track
13807747992,13807747993,8.0,track
13807747993,13807747994,45.5,track
13807747994,13807747995,3.7,track
13807747995,13807747996,4.4,track
13807747996,13807747997,3.6,track
13807747997,13807747998,3.2,track
13807747998,13807747999,4.5,track
13807748000,13807748001,297.5,track
13807748001,13807748002,74.9,track
13807748002,13807748003,31.2,track
13077358214,13807748004,37.5,service
13807748004,13807748005,8.6,service
13807748005,13807748006,11.8,service
13807748006,13807748007,35.9,service
13807748007,13807748008,107.2,service
13807748008,13807748009,57.2,service
13807748009,13807748015,25.2,track
436561616,13929640561,7.5,residential
13937823862,13937823865,4.8,footway
13937823865,13937823864,5.1,footway
13937823864,13937823863,4.1,footway
13937823866,13937823868,7.1,footway
13937823868,13937823867,9.6,footway
13937823869,13937823871,7.1,footway
13937823871,13937823870,4.2,footway
13937823872,13937823874,11.5,footway
13937823874,13937823873,10.4,footway
13937823875,13937823877,9.5,footway
13937823877,13937823876,7.2,footway
13937823878,13937823880,9.7,footway
13937823880,13937823879,6.9,footway
13937823881,13937823883,5.0,footway
13937823883,13937823882,7.9,footway
13937823884,13937823886,8.5,footway
13937823886,13937823885,6.4,footway
13937823887,13937823889,10.5,footway
13937823889,13937823888,8.2,footway
13947240058,13937823866,3.6,footway
13937823870,13947240058,18.1,footway
13947240058,6132178405,41.8,footway
6378700721,13947240061,11.0,footway
13947240061,13947240060,3.9,footway
13947240060,13947240059,4.9,footway
13947240059,13937823862,3.4,footway
13937823867,13947240062,4.9,footway
13947240062,13937823863,6.0,footway
9342234730,13937823869,7.2,footway
13947240067,13947240066,14.5,service
13947240066,13947240068,4.4,service
13947240068,4658585438,11.3,service
13144923527,13947240068,3.6,footway
13947240068,13144923523,5.2,footway
13947240069,13947240070,6.6,footway
13947240070,13947240071,7.9,footway
13937823881,13937823876,18.9,footway
13937823875,13947240073,2.1,footway
13947240073,13937823873,2.3,footway
13937823879,13952032183,3.6,footway
13952032183,13937823882,1.0,footway
13937823878,13937823872,13.1,footway
13947279410,13947279409,34.4,tertiary_link
13947279409,13947279408,18.4,tertiary_link
13947279408,13947279407,17.9,tertiary_link
13989496906,13989496905,3.3,residential
13989496905,13989496915,3.6,residential
13989496915,13952030326,38.3,residential
13952030326,13952030327,10.9,residential
13952030327,13952030328,4.4,residential
13952030386,13952030389,7.2,footway
13952030389,13952030388,8.7,footway
13952030388,13952030387,5.3,footway
13952030390,13952030392,10.4,footway
13952030392,13989496916,13.2,footway
13989496916,13952030391,7.8,footway
13952032103,13989496940,16.1,residential
13989496940,13952032104,65.4,residential
13952032104,13952032102,9.0,residential
13952032102,13989496961,10.9,residential
13989496961,13989496947,68.2,residential
13989496947,13952032105,12.7,residential
13952032105,13989496953,17.4,residential
13989496953,13952032106,7.2,residential
13952032106,13952030398,171.1,residential
13952030398,13952032107,10.6,residential
13952032107,13952030400,60.7,residential
13952030400,13952032108,24.2,residential
13952032108,13952032109,57.6,residential
4658585769,13952032110,22.2,residential
13952032110,13952032111,7.8,residential
13952032111,13952032112,61.9,residential
13952032118,13952032117,12.7,footway
9276462954,13952032123,7.2,service
13952032123,13952032124,11.4,service
13952032124,13952032125,15.2,service
13952032122,13952032126,5.3,service
13952032126,13952032127,8.0,service
13952032127,13952032128,7.0,service
13952032128,13952032129,11.8,service
13952032129,13952032130,7.2,service
13952032130,13952032131,9.7,service
13952032131,13952032132,16.0,service
13952032132,13952032133,46.7,service
13952032133,13952032134,45.6,service
13952032134,13952032135,27.9,service
13952032135,13952032136,18.9,service
13952032118,13952032152,3.2,footway
13952032152,13952032151,2.6,footway
13952032154,13952032155,2.3,footway
13952032155,13952032151,10.5,footway
13952032151,13952032156,33.2,footway
13952032156,13952032157,18.0,footway
13952032157,13952032158,30.1,footway
13952032158,13952032159,17.2,footway
13952032159,13937823887,11.3,footway
13937823887,13952032160,7.4,footway
13952032160,13952032161,3.8,footway
13952032117,1645075258,3.1,footway
1645075258,13952032162,2.5,footway
13952032163,13952032164,5.6,footway
13952032164,13952032165,68.1,footway
13952032165,13952032166,56.7,footway
13952032166,13952032167,17.7,footway
13952032167,13952032168,8.1,footway
13952032168,13952032169,7.1,footway
13952032169,13952032170,4.8,footway
13952032170,13952032171,2.3,footway
13952032172,13952032173,2.4,footway
13952032173,13952032174,13.4,footway
13952032174,12855608493,5.1,footway
12855608493,13952032175,1.7,footway
13952032175,12855608496,5.6,footway
12855608496,13952032176,23.0,footway
13952032176,13952032177,86.0,footway
13952032177,13952032178,13.5,footway
13952032178,13952032179,19.9,footway
13952032179,12097147729,61.2,footway
12097147729,13952032180,2.8,footway
13952032180,13937823878,17.9,footway
13952032109,1831659739,9.6,residential
9271029049,13952032204,7.6,residential
13952032204,13952032191,5.6,residential
13952032191,13989496886,5.7,residential
13989496886,13952032192,5.2,residential
13952032192,13952032193,8.9,residential
13952032193,414898548,6.5,residential
13952032194,13952032196,5.3,footway
13952032196,13952032192,5.8,footway
13952032192,13952032195,5.2,footway
13952032197,13952032199,8.8,footway
13952032199,13952032200,6.5,footway
13952032200,13952032198,7.1,footway
13952032201,13952032204,4.3,footway
13952032204,13952032203,3.1,footway
13952032203,13989496894,8.8,footway
13989496894,13952032202,4.6,footway
13952032205,13952032206,8.1,footway
13952032207,13952032209,11.7,footway
13952032209,13989496885,5.7,footway
13989496885,13952032208,6.1,footway
13952032210,13952032212,6.9,footway
13952032212,13952032213,8.1,footway
13952032213,13952032211,4.9,footway
13952032214,13952032216,7.3,footway
13952032216,13952032215,6.9,footway
8825312836,13953462550,24.3,residential
13953462550,13953462551,12.4,residential
13953462551,13953462552,46.2,residential
13953462551,13953462553,57.8,residential
13953462553,13953462554,39.4,residential
13953462553,13953462555,51.6,residential
13953462553,13953462556,18.8,residential
13953462556,13953462557,52.5,residential
13953462557,13953462558,50.6,residential
13953462557,13953462559,48.2,residential
13953462557,13953462560,28.4,residential
13953462560,13953462561,42.8,residential
13953462560,13953462562,29.7,residential
13953462562,13953462563,37.9,residential
13953462562,13953462564,24.8,residential
13953462564,7895481652,47.0,residential
13953462564,13953462565,24.3,residential
13953462565,13953462566,35.9,residential
13953462565,13953462567,33.4,residential
13953462573,13953462574,60.3,residential
13953462574,7895481651,28.9,residential
13953462574,13953462575,50.2,residential
13953462576,13953462577,11.9,residential
13953462577,13953462578,82.1,residential
13953462579,13953462580,8.5,residential
13953462580,13953462581,84.3,residential
13953462582,13953462583,60.2,residential
13953462583,6280677234,35.8,residential
4635301007,13953462652,86.4,service
13953462652,4635301015,12.5,service
4635301012,4635301014,100.6,service
4635301012,4635301004,37.0,service
4635301002,13953462656,53.9,service
13953462657,13953462658,23.0,service
13953462658,13953462659,59.1,service
13953462660,13953462661,59.0,residential
13953462662,13953462663,35.3,residential
13953462682,13953462683,51.4,residential
4658645664,13953462684,32.3,residential
13953462685,13953462686,23.9,residential
13953462687,13953462688,23.5,residential
13953462693,13953462694,37.0,residential
4635300993,4675563359,41.5,residential
4675563359,4658645650,64.0,residential
4658645650,4646834109,54.8,residential
4646834109,13953462693,34.0,residential
13953462693,4646834106,17.8,residential
4646834106,4646834107,45.7,residential
4646834106,13953462695,9.8,residential
13953462695,4646907778,29.3,residential
4646907779,4646834109,39.2,residential
13953462700,13953462701,27.5,residential
13953462701,13953462702,21.6,residential
13953462702,13953462704,1.7,residential
13953462704,13953462712,91.4,residential
13953462712,13953462703,42.6,residential
13953462704,13953462705,57.2,residential
13953462705,13953462706,7.2,residential
13953462706,13953462707,6.1,service
13953462707,13953462708,6.8,service
13953462708,13953462709,8.2,service
13953462709,13953462710,7.0,service
13953462710,13953462711,4.3,service
13953462712,13953462713,22.5,residential
13953462713,13953462714,44.5,residential
13953462714,13953462715,10.9,residential
13953462703,13953462716,43.5,residential
13953462716,13953462721,3.9,residential
13953462721,13953462717,3.8,residential
13953462717,13953462718,36.4,residential
13953462718,13953462719,14.8,residential
13953462719,13953462720,39.9,residential
13953462720,13953462721,14.9,residential
13953462703,13953462722,58.3,residential
13953462722,13953462723,24.6,residential
13953462723,13953462734,73.6,residential
13953462734,13953462724,1.7,residential
13953462724,13953462725,92.4,residential
13953462725,13953462726,59.7,residential
13953462726,13953462727,5.2,residential
13953462727,13953462728,11.2,residential
13953462728,13953462729,30.1,residential
13953462729,13953462767,2.2,residential
13953462767,13953462730,25.2,residential
13953462730,13953462731,8.2,residential
13953462734,13953462735,46.8,residential
13953462735,13953462742,2.9,residential
13953462742,13953462743,16.8,residential
13953462743,13953462738,16.0,residential
13953462738,13953462736,1.3,residential
13953462736,13953462737,8.2,residential
13953462738,13953462739,34.9,residential
13953462739,13953462740,16.0,residential
13953462739,13953462744,15.4,residential
13953462744,13953462741,17.0,residential
13953462741,13953462742,35.1,residential
13953462743,13953462744,35.0,residential
13953462737,13953462745,4.2,service
13953462745,13953462746,19.8,service
13953462746,13953462747,5.4,service
13953462735,13953462748,15.9,service
13953462725,13953462749,44.9,residential
13953462749,13953462750,10.4,residential
13953462749,13953462755,25.4,residential
13953462755,13953462751,27.5,residential
13953462751,13953462752,15.6,residential
13953462752,13953462753,16.2,residential
13953462753,13953462754,10.7,residential
13953462754,13953462755,12.6,residential
13953462750,13953462756,9.1,service
13953462756,13953462757,21.8,service
13953462734,13953462760,35.9,residential
13953462760,13953462758,23.5,residential
13953462758,13953462759,50.6,residential
13953462760,13953462761,8.4,service
13953462763,13953462764,12.5,residential
13953462764,13953462765,23.1,residential
13953462765,13953462766,14.6,residential
13953462766,13953462763,23.3,residential
13953462767,4658645720,33.9,residential
13953462725,13953462776,35.8,residential
13953462776,13953462768,70.8,residential
13953462768,13953462769,15.9,residential
13953462769,13953462770,8.4,residential
13953462770,13953462771,41.2,residential
13953462771,13953462772,11.8,residential
13953462772,13953462773,8.2,residential
13953462773,13953462774,29.1,service
13953462768,13953462775,5.0,service
13953462776,13953462777,6.7,service
13953462759,13953462778,14.0,residential
13953462778,13953462779,10.9,residential
13953462779,13953462780,34.3,residential
13953462838,13953462840,15.5,residential
13953462840,13953462839,38.5,residential
13953462840,13953462841,15.3,residential
13953462841,13953462842,27.9,residential
13953462843,13953462844,27.8,residential
13953462844,13953462845,12.2,residential
13953462845,13953462846,27.7,residential
13953462846,13953462847,48.7,residential
13953462847,13953462849,12.3,residential
13953462849,13953462848,16.2,residential
13953462848,13953462845,47.3,residential
13953462849,13953462850,29.7,service
13953462851,13953462852,18.5,residential
4635301037,13953462854,9.8,residential
13953462854,13953462853,37.0,residential
13953462854,13953462855,15.8,residential
13953462855,13953462856,37.3,residential
13953462857,13953462861,15.8,residential
13953462861,13953462858,43.7,residential
13953462858,13953462859,23.8,residential
13953462859,13953462860,42.2,residential
13953462860,13953462862,5.7,residential
13953462862,13953462861,16.7,residential
13953462862,13953462863,25.0,service
13953462864,13953462866,11.4,residential
13953462866,13953462865,42.0,residential
13953462866,13953462867,14.6,residential
13953462867,13953462868,40.1,residential
13953462869,13953462870,12.0,residential
13953462870,13953462871,24.5,residential
13953462870,13953462872,10.9,residential
13953462872,13953462873,25.6,residential
13953462879,13953462876,4.8,residential
13953462876,13953462877,41.6,residential
13953462879,13953462880,25.4,service
13958219613,13958219615,5.3,footway
13958219615,13958219616,13.1,footway
13958219616,13958219614,2.3,footway
13958219617,13958219619,12.7,footway
13958219619,13958219618,7.0,footway
13958219620,13958219622,6.3,footway
13958219622,13958219621,1.3,footway
13958219623,13958219625,4.8,footway
13958219625,13958219624,3.6,footway
13958219626,13958219628,11.1,footway
13958219628,13958219627,8.1,footway
13958219629,13958219631,3.5,footway
13958219631,13958219630,10.3,footway
13958219632,13958219634,4.7,footway
13958219634,13958219633,4.1,footway
13958219635,13958219637,8.5,footway
13958219637,13958219636,9.0,footway
8591741626,13989496774,11.5,residential
9288127476,12856161066,9.3,residential
12856161066,8591741626,11.3,residential
13989496783,13989496785,86.4,residential
13989496785,13989496788,1.0,residential
13989496788,1724846504,14.3,residential
13989496786,13989496789,9.6,footway
13989496789,13989496788,6.2,footway
13989496788,13989496787,9.3,footway
13989496790,13989496792,14.6,footway
13989496792,13989496791,7.1,footway
13989496793,13989496795,4.8,footway
13989496795,13989496857,9.4,footway
13989496857,13989496794,6.8,footway
13989496796,13989496798,12.1,footway
13989496798,13989496797,7.6,footway
13989496799,13989496801,11.3,footway
13989496801,13989496800,4.4,footway
13989496802,13989496804,8.4,footway
13989496804,13989496805,10.4,footway
13989496805,13989496803,4.3,footway
13989496806,13989496808,13.5,footway
13989496808,13989496807,6.7,footway
13989496809,13989496811,8.1,footway
13989496811,13989496812,10.7,footway
13989496812,13989496810,5.2,footway
13989496813,13989497058,5.0,footway
13989497058,13989496814,2.9,footway
13989496815,13989496817,5.8,footway
13989496817,13989496816,3.2,footway
13989496818,13989496820,7.9,footway
13989496820,13989496819,1.6,footway
13989496845,13989496846,10.6,secondary
13989496846,13989496847,4.4,secondary
13989496847,13989496848,10.0,secondary
13989496849,13989496850,8.4,secondary
13989496850,13989496851,3.9,secondary
13989496851,13989496852,9.8,secondary
13989496853,13989496854,12.1,secondary
13989496854,13989496855,3.6,secondary
13989496855,13989496856,11.9,secondary
1724846504,13989496857,16.2,residential
13989496857,13989496858,48.3,residential
13989496858,13989496864,7.3,residential
13989496864,13989496859,3.7,residential
13989496859,13989496865,11.9,residential
13989496865,13989496876,72.5,residential
13989496876,13989496860,32.9,residential
13989496860,13989496873,46.6,residential
13989496873,13989496861,3.8,residential
13989496861,4677788855,10.7,residential
13989496864,4677788843,9.2,residential
4677788843,13989496865,12.8,residential
13989496866,13989496870,26.3,residential
13989496870,13989496867,1.5,residential
13989496867,4677788855,12.0,residential
13989496868,13989496870,5.6,footway
13989496870,13989496869,5.6,footway
13989496871,13989496862,4.5,footway
13989496862,13989496873,8.1,footway
13989496873,13989496872,5.6,footway
13989496874,1724846518,5.6,footway
1724846518,13989496881,8.9,footway
13989496881,13989496875,3.7,footway
13989496876,13989496877,7.2,residential
13989496877,13989496878,2.8,residential
13989496878,13989496879,11.9,residential
4677788855,13989496881,15.9,residential
13989496881,13989496893,27.0,residential
13989496893,13989496882,20.2,residential
13989496882,13989496883,41.7,residential
13989496883,13989496880,34.1,residential
13989496880,13989496884,53.6,residential
13989496884,13989496885,9.6,residential
13989496885,3969570780,14.2,residential
3969570780,13989496886,9.7,residential
13989496887,13989496889,1.3,footway
13989496889,13989496888,7.3,footway
13989496890,13989496891,5.0,residential
13989496891,13989496892,4.2,residential
13989496892,13989496893,7.1,residential
3969570780,13989496894,15.0,residential
13989496894,13989496895,29.4,residential
13989496895,13952032189,67.5,residential
13952032189,13952032188,77.7,residential
13952032188,13952032185,213.3,residential
13952032185,13989496902,49.9,residential
13989496902,13989496896,7.3,residential
13989496900,13989496899,10.4,footway
13989496899,13989496896,9.9,footway
13989496896,13989496901,7.2,footway
13989496907,13989496908,5.7,residential
13989496908,13989496910,4.2,residential
13952030328,13952030329,7.6,residential
13952030329,13989496904,33.9,residential
13989496904,13989496906,6.7,residential
13989496907,13952030330,4.6,primary
13952030330,9271029055,5.9,primary
9271029055,4677753710,72.4,primary
4677753710,4677788829,99.5,primary
4677788829,4680086111,16.8,primary
4680086111,9310043669,1.1,primary
9310043669,9310043668,101.7,primary
9310043668,436561594,12.7,primary
436561594,4677788819,21.2,primary
4677788819,3969570779,100.0,primary
3969570779,436561593,16.8,primary
436561593,9310043666,10.7,primary
9310043666,13989497048,121.3,primary
13989497048,9310043662,2.3,primary
9310043662,436561592,19.6,primary
13989496910,13989496906,4.0,residential
13989496910,13989496909,3.4,primary
13989496909,9271029051,2.9,primary
9271029051,13952030389,14.4,primary
13952030389,436561599,25.6,primary
436561599,13989496897,21.8,primary
13989496897,4740710067,201.2,primary
4740710067,9310043671,2.1,primary
9310043671,9310043673,92.4,primary
9310043673,9269459901,14.9,primary
9269459901,4740710066,41.3,primary
4740710066,4740710036,42.4,primary
4740710036,9222523489,48.7,primary
9222523489,4740710065,11.3,primary
13989496911,13989496897,4.3,footway
13989496897,13989496898,7.7,footway
13989496898,13989496912,4.8,footway
13989496913,13989496904,7.2,footway
13989496904,13989496915,2.1,footway
13989496915,13989496914,6.1,footway
436561599,13989496916,16.8,residential
13989496916,13989496917,44.4,residential
13989496917,13989496919,30.4,residential
13989496919,13989496918,34.7,residential
13989496918,13989496920,12.2,residential
13989496920,13952032101,52.3,residential
13952032101,13952030399,60.7,residential
13952030399,13989496921,25.9,residential
13989496921,14070265349,83.2,residential
14070265349,13952030397,10.4,residential
13952030397,13989496922,9.4,residential
13989496922,13989496923,81.7,residential
13989496923,13989496954,1.0,residential
13989496954,13952030395,14.8,residential
13952030395,13989496924,14.8,residential
13989496924,13989496946,3.8,residential
13989496946,13989496925,39.7,residential
13989496925,13989496960,22.9,residential
13989496960,13952030394,12.8,residential
13952030394,13989496926,14.2,residential
13989496926,13989496927,39.0,residential
13989496927,13989496928,7.8,residential
13989496928,13989496943,2.8,residential
13989496943,13989496929,4.0,residential
13989496929,13989496930,6.5,residential
13989496930,13989496931,9.4,residential
4658585785,9463031373,36.8,secondary
9463031373,13989496971,6.4,secondary
13989496971,3956007583,18.6,secondary
13989496918,13989496932,7.8,residential
13989496932,4677753720,61.7,residential
4677753720,4677753709,61.7,residential
4677753709,4677753718,62.6,residential
4677753718,4696326943,55.4,residential
4696326943,4677753722,59.9,residential
4677753722,4677753693,62.4,residential
13989496933,13989496939,3.4,pedestrian
13989496939,13989496934,17.9,pedestrian
13989496934,13989496935,2.2,pedestrian
13989496935,13989496936,3.0,pedestrian
13989496936,13989496942,7.5,pedestrian
13989496942,13989496937,4.3,pedestrian
13989496937,13989496933,19.0,pedestrian
13989496938,13989496940,4.1,footway
13989496940,13989496939,3.0,footway
13989496941,13989496943,3.4,footway
13989496943,13989496942,3.2,footway
13989496944,13989496947,7.9,footway
13989496947,13989496946,7.5,footway
13989496946,13989496945,4.4,footway
13989496948,13989496950,9.0,footway
13989496950,13989496949,9.5,footway
13989496951,13989496953,6.7,footway
13989496953,13989496954,11.0,footway
13989496954,13989496952,2.1,footway
13989496955,13989496957,6.1,footway
13989496957,13989496956,5.3,footway
13989496958,13989496961,5.6,footway
13989496961,13989496960,9.7,footway
13989496960,13989496959,4.9,footway
13989496963,13989496965,6.4,footway
13989496965,13989496964,6.7,footway
13989496966,13989496968,7.7,footway
13989496968,13989496967,7.5,footway
13989496969,13989496971,10.2,footway
13989496971,13989496970,7.0,footway
13989496972,13989496974,7.8,footway
13989496974,13989496973,3.8,footway
13989496975,13989496977,7.1,footway
13989496977,13989496976,6.7,footway
13989496978,13989496980,6.3,footway
13989496980,13989496979,2.7,footway
13989496981,13989496983,5.7,footway
13989496983,13989496982,2.0,footway
13989496984,13989496986,10.7,footway
13989496986,13989496985,5.2,footway
13989496987,6200369593,12.7,footway
6200369593,13989496988,6.1,footway
13989496989,13989496991,12.0,footway
13989496991,13989496990,4.2,footway
13989496992,13989496994,10.0,footway
13989496994,13989496993,8.7,footway
13989497024,13989497026,8.9,footway
13989497026,13989497025,3.6,footway
13989497027,13989497029,8.2,footway
13989497029,13989497028,5.5,footway
13989497030,13989497032,8.0,footway
13989497032,13989497031,3.2,footway
13989497033,13989497035,6.2,footway
13989497035,13989497034,6.2,footway
4677752953,3659520011,63.0,secondary
3659520011,4677674306,48.5,secondary
4677674306,4677674308,31.7,secondary
4677674308,4677674310,34.2,secondary
4677674310,4677674165,14.1,secondary
4677674165,4677674312,16.3,secondary
4677674312,4677674181,16.0,secondary
4677674181,4677674318,13.7,secondary
4677674318,4677674183,16.5,secondary
4677674183,4677674316,14.2,secondary
4677674316,4677674335,37.2,secondary
4677674335,4677674337,31.0,secondary
4677674337,4677674171,5.6,secondary
4677674171,4677674339,28.5,secondary
4677674339,9310479895,10.7,secondary
9310479895,4677674297,8.7,secondary
4677674297,12137763386,5.7,secondary
12137763386,4680086108,6.0,secondary
4680086108,1724839204,3.5,secondary
4677752955,13989497045,55.7,secondary
13989497045,4677752952,64.1,secondary
4677752952,4677753699,61.7,secondary
4677753699,4677752953,59.5,secondary
13989497043,13989497045,9.1,footway
13989497045,13989497044,6.7,footway
13989497046,13989497049,3.0,footway
13989497049,13989497048,15.3,footway
13989497048,13989497047,1.5,footway
13989497050,13989497052,8.1,footway
13989497052,13989497051,7.4,footway
13989497057,3969570778,13.4,residential
2817999134,2817999129,139.2,path
2817999129,5199200983,27.1,path
4635239699,9249585238,13.2,service
9249585238,4635300061,7.1,service
4635300061,4635300075,23.1,service
1470477217,10729515705,20.6,path
10729515705,10729515701,120.0,path
14053148796,14053148797,8.3,path
14053148797,14053148798,6.5,path
14070414376,14070414377,12.0,service
14070414377,14070414378,6.8,service
14070414378,14070414379,7.2,service
14070414379,14070414380,12.7,service
13515899590,14070414389,21.9,service
14070414389,14070414388,7.4,service
14070414388,14070414387,5.0,service
14070414387,12304715953,7.6,service
530287006,14091919767,57.9,residential
14091919767,14091919766,31.5,residential
530290113,14091921928,65.6,residential
14091921928,14091921929,19.1,residential
14091921929,8462375100,30.7,residential
12338850268,12338850255,8.9,tertiary
12338850255,12338850257,32.9,tertiary
12338850257,12338850256,15.9,tertiary
12338850256,5373466821,26.2,tertiary
12338850265,530290022,13.6,residential
530290022,530290018,67.3,residential
530290021,12338850265,8.8,residential
530290020,12338850262,16.4,tertiary
12338850262,12338850268,3.1,tertiary
12338850264,12338850263,19.2,tertiary
12338850263,12338850274,14.3,tertiary
12338850274,530290020,13.7,tertiary
14104631217,14104631216,12.4,residential
14104631216,14104631215,11.5,residential
14104631215,14104631219,7.8,residential
14104631219,14104631218,6.4,residential
14104631218,10883977428,18.6,residential
14109121137,14109121136,11.6,service
14109121136,14109121135,7.5,service
14109121135,14109121134,7.2,service
14109121134,14109121133,54.7,service
14109121133,14109121132,4.3,service
14109121132,14109121131,4.4,service
14109121131,14109121130,25.5,service
14109094985,14109094984,23.2,service
14109094987,14109094986,22.9,service
14109140901,14109095000,17.3,service
14109095000,14109094999,1.6,service
14109094999,14109094998,11.8,service
14109094998,14109094997,2.5,service
14109094997,14109094996,2.7,service
14109094996,14109094987,15.2,service
14109094987,14109094985,16.0,service
14109094985,14109094995,8.5,service
14109094995,14109094994,2.4,service
14109094994,14109094993,1.4,service
14109094993,14109094992,18.5,service
14109094992,14109094991,2.0,service
14109094991,14109094990,2.5,service
14109094990,14109094984,9.7,service
14109094984,14109094986,16.1,service
14109094986,14109094989,18.0,service
14109094989,14109094988,18.7,service
