id,lat,lon
4634163411,36.0462741,129.3581453
9249577875,36.0458616,129.3581912
4634163407,36.0457698,129.3582169
6086993142,36.0454909,129.358252
436725633,36.0452221,129.3582875
4631063394,36.0447993,129.3583465
4301542629,36.0439751,129.3584753
8259383394,36.0437619,129.3585112
436725632,36.0432224,129.3586053
6204708606,36.042455,129.3587118
4301542427,36.0421405,129.3587691
436725631,36.0411369,129.3589539
4301542389,36.0406771,129.3590838
436725630,36.0402171,129.3591954
4717687630,36.0454446,129.3426323
4717687631,36.0454095,129.3428925
4717687632,36.0453567,129.3430907
9201416707,36.0452754,129.3432443
4738282794,36.0452364,129.3433242
436581056,36.0452169,129.3434414
1494218787,36.0242243,129.3484158
1494218775,36.024663,129.3474762
4736970024,36.0323942,129.365661
6284023511,36.0321819,129.3654941
5158711971,36.0313941,129.3649532
9288127490,36.0313626,129.3649266
1494268692,36.0307584,129.3644162
9310032720,36.0300702,129.3638624
4636677871,36.0299158,129.3637382
1503595826,35.7467973,129.4763872
13802091089,35.7468172,129.4764066
13802091077,35.7470564,129.4766407
1503595831,35.7476063,129.4771793
1503595833,35.7477146,129.4775761
259979264,35.7433178,129.4791701
13802090937,35.7445136,129.479942
1574630654,35.7369042,129.4838058
1574630656,35.7370751,129.4837754
13065119139,35.7371007,129.4837699
13089164913,35.7372557,129.4837392
13807519556,35.7380925,129.4835803
13807519571,35.7382214,129.4835596
1503595793,35.7384542,129.4835221
13807519554,35.7386616,129.4834825
13807519577,35.7387673,129.4834611
13807519555,35.7388519,129.4834439
13807519527,35.7389936,129.4834106
13807519526,35.7394564,129.4832972
13807519524,35.7395503,129.4832718
13807519525,35.7396385,129.4832454
13807519523,35.739721,129.4832171
13807519522,35.7398167,129.4831788
13807519521,35.7398713,129.4831553
259979191,35.7399219,129.4831303
1503595798,35.7399831,129.4830932
13802091162,35.7400491,129.4830465
13802091161,35.7401176,129.4829926
13802091160,35.7402134,129.4829094
13802091159,35.7402846,129.4828344
1574630658,35.7403369,129.4827769
13807520714,35.7403846,129.4827113
13802091158,35.7404225,129.4826458
1574630661,35.7404832,129.4825303
1574630662,35.7405576,129.4823551
1574630664,35.7406311,129.4821768
2984433269,35.7412208,129.4807502
13802091157,35.7415871,129.4798718
13802091156,35.741635,129.4797731
13802091155,35.7416912,129.4796711
13802091154,35.7417556,129.4795768
13802091153,35.7418268,129.479486
13802091152,35.7419033,129.4793998
1574630667,35.7419934,129.4793107
13802091151,35.7420787,129.4792412
1574630669,35.7421664,129.4791798
1574630671,35.7422618,129.4791233
13802091150,35.7423555,129.4790723
13802091149,35.7424509,129.4790406
1574630679,35.742546,129.4790178
13802091148,35.7426496,129.4790039
13802091147,35.7427416,129.4789991
1574630681,35.7428399,129.4790017
1574630682,35.7429139,129.4790105
1574630684,35.7429994,129.4790322
1574630687,35.7430856,129.4790585
11725950329,35.7431651,129.4790911
1574630689,35.7432351,129.4791251
1645075317,36.0682057,129.3721172
13441899638,36.067853,129.3720214
1645075316,36.0675004,129.371947
9310479887,36.0668778,129.3718115
4635167774,36.0662254,129.3717417
9310479889,36.0648258,129.3714367
1645075315,36.0646746,129.3713985
4635300995,36.0644461,129.3713393
13953462657,36.0635319,129.3711105
4655142521,36.0625149,129.3708559
13441908796,36.0619555,129.3707166
1831662611,36.061483,129.3705842
4641836027,36.0687112,129.3837717
4641836028,36.0686437,129.3838341
4635081380,36.0682874,129.3839949
6286283156,36.0682171,129.3840321
4635081381,36.0681544,129.384081
4635081383,36.0678946,129.3840904
4635081384,36.0676243,129.3840345
1574718096,36.0685985,129.3788561
4641836026,36.0685744,129.3789562
4635085502,36.0685953,129.3798099
1574718098,36.068653,129.3811355
4635085544,36.0686102,129.3818875
4635085504,36.0686725,129.3825655
4635119065,36.06868,129.3832293
12293396461,36.0641166,129.3830989
4635085538,36.0645517,129.3826129
4635085542,36.0649717,129.3821671
4634992619,36.0653861,129.3817121
4639822563,36.0656863,129.3813824
4641836012,36.0657318,129.3813347
12304715881,36.0657649,129.3813172
12304715882,36.065802,129.3813097
4639824259,36.0661058,129.3812982
4635085525,36.0665655,129.3812674
4635085508,36.0670334,129.3812435
4635085517,36.0675632,129.381207
1645075254,36.0491978,129.3676728
13952032182,36.0490998,129.3676242
6776462196,36.048989,129.3676006
1645075260,36.0508823,129.371742
9310065484,36.0508068,129.3715371
4658402960,36.0505788,129.3710042
7947730307,36.0504856,129.3707908
4658585125,36.0501643,129.3700174
9342203981,36.0498621,129.3692962
4658585138,36.0498059,129.3691615
9342203980,36.0497548,129.369039
4658585147,36.0495936,129.3686398
9276462968,36.0494199,129.3680747
13937823889,36.0493896,129.3679683
13671609575,36.0493742,129.3678779
13671609576,36.0493277,129.3678164
4738684377,36.058118,129.3695953
9307356746,36.0579557,129.369752
4738791225,36.0577631,129.369871
6280676341,36.0569899,129.3701834
5967304358,36.056345,129.3704831
5967304355,36.0547826,129.3712092
1645075274,36.054641,129.3712873
5713479738,36.0545449,129.3713962
1645075272,36.0543685,129.3715847
6280676339,36.0541215,129.3718665
4655056491,36.0540878,129.371905
4655056509,36.0538864,129.3721529
4655056507,36.0534003,129.3726282
4655056514,36.0532339,129.372801
6299257485,36.0528976,129.3731583
1645075265,36.0524838,129.3735735
4740710075,36.0225214,129.3687672
9310043664,36.0225463,129.3689366
4677752971,36.022624,129.3694072
4677752955,36.0227466,129.3700435
4677789402,36.0216713,129.3512447
9345075808,36.0219925,129.3506406
1724846503,36.0220297,129.3505639
1831659739,36.0285689,129.368405
13952032187,36.02845,129.3681126
3659520012,36.0284059,129.3678731
13952032186,36.0283853,129.3677486
4658585766,36.0283794,129.3677126
9271029053,36.0283326,129.3674399
13952030392,36.0283199,129.3673604
436561599,36.028221,129.3672042
13989496899,36.0282243,129.3669798
13952032184,36.028225,129.3669287
4677788817,36.0281188,129.3663634
6284023517,36.0280251,129.3657233
9271029042,36.0278237,129.364579
4677788822,36.0277116,129.3639481
4677788820,36.0275376,129.3628661
13952032190,36.0274417,129.3624052
9271029049,36.0273699,129.3621746
13952032203,36.0273431,129.3621108
3969570780,36.0272985,129.3620047
1724846521,36.0272713,129.361969
13952032209,36.027202,129.361906
4677788866,36.0270797,129.3617576
4677788841,36.026549,129.3612862
1724846519,36.0262248,129.3610767
13989496890,36.0259479,129.3609817
4736692041,36.0259166,129.360971
1724846518,36.0257282,129.3609263
4677788855,36.0255804,129.36094
13989496862,36.0254697,129.3608854
13989496863,36.025104,129.3608357
6282828788,36.0247823,129.3608136
13989496879,36.0247045,129.3608126
1724846505,36.0239564,129.3608031
13989496795,36.0235652,129.3604909
1724846504,36.023396,129.3604887
13989496789,36.0233043,129.3604862
4057920717,36.0232357,129.3604844
9557314460,36.0225323,129.3604213
13989496784,36.021471,129.3603594
4057921190,36.0227916,129.3600748
4057920716,36.0219126,129.3593257
8591730480,36.0329648,129.3657635
4736970028,36.033032,129.3656817
12112182150,36.0334499,129.3650256
4658585757,36.0337727,129.3645188
1831658914,36.0341314,129.3639564
1831659749,36.0372491,129.3695109
1831658916,36.0371073,129.3691122
4756571525,36.0370614,129.3688602
4632583941,36.0369571,129.3683344
4632583942,36.0368078,129.367674
4701487689,36.03667,129.3670632
4658585737,36.0364756,129.3662287
4656644598,36.0364215,129.3659694
9271029066,36.0362472,129.3652094
4740710057,36.0362099,129.3650465
436561602,36.0361338,129.3648746
4740213797,36.0405042,129.3663728
1831659745,36.0404691,129.3663465
4632539452,36.0399119,129.3657705
4632583937,36.0396536,129.3654739
4632539461,36.0394498,129.3652897
4632539450,36.0392567,129.3651521
6683103008,36.0384867,129.3644101
4632539424,36.0379783,129.3639285
4632539431,36.0378886,129.3638536
4632539436,36.0375551,129.3635037
6683103007,36.0374413,129.3633818
4632539418,36.0373042,129.3632568
4632539414,36.0369428,129.362859
4632539406,36.0363864,129.3623396
9288127491,36.0357762,129.3617833
414668049,36.0356879,129.3615365
436911721,36.0592554,129.3784636
4756571508,36.0595225,129.3777308
1831662608,36.0597102,129.3770478
4635144380,36.0598472,129.3763716
9463069977,36.0599104,129.3760405
1831662612,36.0599621,129.3757694
9463069974,36.0599981,129.3755692
9463069973,36.0601518,129.3747144
9463069972,36.0601894,129.3745049
4635134654,36.0602051,129.3744177
1831662622,36.060436,129.3733776
9463069968,36.0604804,129.3731176
7176667149,36.0605165,129.372906
9463069969,36.0605656,129.3727267
1831662610,36.0606021,129.3725932
1831662603,36.0608005,129.3721144
7176667153,36.0611112,129.371483
9307356749,36.0613506,129.3709163
414898268,36.0614386,129.3706942
2193764876,36.028362,129.3549848
9269451119,36.0276136,129.3540946
9331305621,36.0272232,129.3536302
9331305618,36.0267666,129.3530871
4057921184,36.0265895,129.3528765
9331305617,36.0262432,129.3525225
2193765012,36.0261395,129.3524166
2193764891,36.025934,129.3521972
4235822578,36.0256047,129.3519728
2193764902,36.0255543,129.3519198
2193764987,36.0252121,129.3515688
13958219634,36.024991,129.3513847
2193764882,36.0249193,129.351325
6204708591,36.0390272,129.3595073
436738023,36.0384522,129.3596441
4634358006,36.0381612,129.3597062
6203794749,36.0379837,129.3597487
436738022,36.0377538,129.3597594
436738021,36.037486,129.359701
2193764943,36.0325902,129.3574131
4235824857,36.0323526,129.3572941
2193764974,36.0320309,129.357138
2193764949,36.0317973,129.3570082
2193764920,36.0314414,129.3567483
2193764896,36.0307257,129.3561642
2193765006,36.0305277,129.3559989
2193764967,36.0304222,129.3558872
2193764879,36.0300648,129.3556456
2193764899,36.0299702,129.3555684
2193764919,36.0298873,129.355521
13958219631,36.0249677,129.3512237
9271029025,36.0250389,129.3510747
1724846516,36.0250497,129.351052
4736491994,36.0250901,129.3509773
9331305632,36.0251328,129.3509415
9271029026,36.0251504,129.3509267
1724846520,36.0252107,129.350876
2193764914,36.0253852,129.3507643
13958219637,36.0255072,129.3507121
2193764960,36.025555,129.3506916
8259370576,36.0258504,129.3505823
9271029027,36.026424,129.3503239
2193764999,36.0266159,129.350214
2193764937,36.0297715,129.3554662
2193764887,36.0295938,129.3554425
2193764933,36.029397,129.3554051
2193764885,36.0290055,129.355334
2193764897,36.0288203,129.355311
2193764989,36.0287082,129.3552782
2193764950,36.0286067,129.3552534
2193764895,36.0285055,129.3552134
2193764979,36.0283803,129.3551312
2193764959,36.0282312,129.3550352
2193764975,36.0279423,129.3548393
414899000,36.0261652,129.3515283
2193764972,36.0268775,129.3522541
2193764973,36.0271975,129.3526392
2193764915,36.0274092,129.3528753
2193764900,36.0282667,129.3536225
2193764966,36.0284005,129.3537507
2193764886,36.0285705,129.3538539
9319609870,36.0288376,129.3540387
2193764961,36.0289965,129.3541486
9319609871,36.0291405,129.3542984
4235824810,36.029413,129.3545818
2193764928,36.0297314,129.3548376
2193764930,36.0289523,129.3557291
2193764980,36.0288377,129.3555221
4235824796,36.0287658,129.3553728
2193764988,36.028558,129.355118
9349894089,36.0284478,129.3550431
436912389,36.0315529,129.3584026
9271029038,36.0316532,129.3584824
9271029039,36.0323107,129.3590056
436912396,36.0323739,129.3590559
9271029041,36.032505,129.3591434
436912399,36.0326361,129.3592309
436912401,36.0329191,129.3594302
5158711968,36.0332347,129.3595988
9310043711,36.0332874,129.3596484
436912404,36.0333667,129.3597232
436912407,36.0337793,129.3600342
9350087408,36.0340849,129.3602999
436912411,36.0342134,129.3604117
436912413,36.0344029,129.3605708
436912419,36.0348849,129.3609745
436912422,36.0351532,129.3612036
9271029059,36.0354061,129.3613495
4740468295,36.0355791,129.3614492
9271029030,36.0265484,129.350453
9331305637,36.0260595,129.3517823
6377833297,36.0260439,129.3518199
9269459888,36.0260083,129.3519422
2375716761,35.734757,129.4789328
2375716770,35.7335704,129.47642
2375716674,35.7320013,129.4733113
2375716704,35.7302208,129.4696611
2375716668,35.7348818,129.4791485
2375716672,35.7349798,129.4793309
13065119192,35.735102,129.4795699
13807621413,35.7352098,129.4797913
13807621412,35.735316,129.4800158
2375716708,35.7354326,129.4802819
13807621411,35.7355441,129.4805617
2375716736,35.735682,129.480929
2375716710,35.7357618,129.4811663
2375716690,35.73584,129.4814044
2375716775,35.7359976,129.4819508
13807621410,35.7360583,129.4821767
13807621407,35.736137,129.4825125
13807577465,35.736337,129.4833616
5528018523,35.7363623,129.4834673
13802091183,35.7429918,129.4789622
13802091185,35.743031,129.4789231
13802091184,35.7430701,129.4788861
12202899657,35.7431122,129.4788538
12202899656,35.7433514,129.4786956
12202899655,35.7434143,129.4786519
13802091186,35.7434451,129.4786275
13802091187,35.7434679,129.4785991
13802091188,35.7434843,129.4785625
12202899654,35.7438116,129.4776884
12202899653,35.7438745,129.4775299
13802091189,35.7440398,129.4771363
12202899652,35.7440831,129.4770222
13802091190,35.7441227,129.4768974
12202899651,35.7442383,129.4764981
13802091191,35.7442999,129.4762448
13802091192,35.7443761,129.4759037
12202899650,35.7444185,129.4757426
13802091193,35.7444562,129.4756139
13802091194,35.7444956,129.4755028
13802091195,35.7445715,129.4753284
13802091196,35.7446077,129.475239
13802091197,35.7447034,129.4749403
13802091198,35.7447405,129.4748327
13802091199,35.7447789,129.4747362
13802091262,35.7448245,129.474629
12202899649,35.7448634,129.4745258
13802091263,35.7450067,129.4740329
12202899648,35.745155,129.4734984
13802091264,35.7452011,129.4733138
12202899647,35.7452662,129.4730113
13802091249,35.7453056,129.4727875
13802091265,35.7453766,129.4723993
13802091266,35.7453832,129.4723413
1831659722,36.0335315,129.3707145
5531321193,36.0335808,129.3708372
3649885025,36.0473497,129.3678524
12855618625,36.0473294,129.3679751
3649885029,36.0472702,129.3684614
10033789058,36.0471867,129.3690835
436911697,36.0470438,129.3701486
1645075246,36.0477335,129.3652275
13937823883,36.0477129,129.3653241
6132178379,36.0476692,129.3654808
4638163769,36.047468,129.3667092
12855618624,36.0473582,129.3677268
3649885028,36.0489881,129.3682478
10033789060,36.0487437,129.3682718
6132178412,36.0467961,129.3685258
6132178410,36.0464287,129.3685756
6132178362,36.0459642,129.3686387
436911694,36.044792,129.3687978
13937823874,36.0477584,129.3650771
6132178382,36.0478009,129.3648594
6132178406,36.0478366,129.3646523
9310065475,36.0478873,129.3642966
13937823868,36.0478956,129.3642632
436561616,36.0479585,129.3639791
436912366,36.0298811,129.3568464
9271029033,36.0297928,129.3570367
4235824804,36.0293141,129.3580681
2125439274,36.0289478,129.3588028
5158711980,36.0286339,129.3593811
4057921208,36.0282145,129.3602144
4636677867,36.0278502,129.3608866
13952032216,36.0275062,129.36163
9271029047,36.0274953,129.3616547
414898548,36.0274501,129.3617613
8591741631,36.0274045,129.3618024
13952032196,36.027356,129.3618769
9271029048,36.0273366,129.3619067
414898314,36.0402567,129.3700599
1831659747,36.0415881,129.3702931
4632583675,36.0424523,129.3704479
1831662616,36.0431631,129.3706177
4632583911,36.0435282,129.3707241
4632583677,36.0445514,129.3709951
4632583920,36.0458404,129.3713413
4632583918,36.0468359,129.3716004
4632583914,36.0478132,129.3718796
12308854831,36.0482997,129.371989
1831662624,36.0486868,129.372034
13937823880,36.0478329,129.3653653
6132178407,36.0480634,129.3657115
1645075248,36.0482446,129.3659896
1645075249,36.0483641,129.3661792
13947240074,36.0484267,129.3662962
13947240075,36.0484777,129.3664518
4658585265,36.0485758,129.3667768
9310065481,36.04874,129.3673816
12855618622,36.0487654,129.3674954
1645075250,36.0487938,129.3676562
4740205172,36.039947,129.3723424
12310457820,36.0400927,129.3723685
4677735372,36.0404952,129.3724411
4677735374,36.0409398,129.3725217
3956007621,36.0410063,129.37254
3956007622,36.0410667,129.3725616
12313953895,36.0411155,129.3725883
12313953898,36.0411671,129.3726229
3956007623,36.0412202,129.3726698
12313953899,36.0412785,129.3727305
12313953900,36.0413362,129.3728046
4677735376,36.0413955,129.3728955
3956007624,36.0414484,129.3729951
12313959001,36.0414978,129.3731091
12313959002,36.0415395,129.3732385
12315455157,36.0415492,129.3732736
12313959003,36.0415755,129.3733686
12313959004,36.0416064,129.3734806
12313959025,36.0416368,129.3735667
12315455154,36.0416628,129.3736179
3956007625,36.0416926,129.3736598
3956007626,36.0417229,129.3736888
12315455151,36.0417734,129.3737316
12315455152,36.0418318,129.373774
12315455153,36.0418968,129.3738034
3956007627,36.0419675,129.3738188
12315455156,36.0420275,129.3738242
12315455155,36.0421932,129.3738295
3956007628,36.0439281,129.3739347
4677674495,36.0440363,129.3739438
12315455220,36.0441176,129.3739576
12315455223,36.0442149,129.3739785
12315455224,36.0443088,129.3740053
12315455230,36.0444067,129.3740397
9208701575,36.0444726,129.3740671
3956007629,36.0445717,129.3741058
12315455239,36.0446598,129.3741474
12315455240,36.0447492,129.3741963
12315455241,36.0448279,129.3742464
3956007630,36.0449155,129.3743066
9208701581,36.0451044,129.3744469
3956007631,36.0452662,129.3745739
3956007632,36.0453994,129.3746827
12318706820,36.0454965,129.3747673
12318706821,36.0455689,129.3748338
12318706822,36.0456225,129.3748912
12318706823,36.045671,129.3749494
12318706824,36.0457169,129.3750241
12318706825,36.045755,129.375107
12318706826,36.0457979,129.3752128
3956007633,36.0459515,129.3756942
13142408644,36.0460863,129.376107
4647047815,36.0461167,129.3761927
6200369594,36.0297092,129.376327
4677735230,36.0302431,129.3762162
4663562465,36.0306203,129.3761394
4663562466,36.0315802,129.3759162
4663562455,36.0325717,129.3757006
3956007604,36.0334275,129.3755128
12438050046,36.0340561,129.3753735
4677735306,36.0346542,129.3752409
4658585801,36.0347349,129.3752188
4658585803,36.0357986,129.3749874
4677735321,36.0368056,129.3747628
4658585812,36.0377488,129.3745548
12327802101,36.0385254,129.3743877
4658585814,36.0388771,129.3743121
12327752199,36.0391611,129.3742444
4740205168,36.0397532,129.3741033
13989496918,36.0285179,129.3685365
4658585789,36.0287067,129.3698294
4658585786,36.0288294,129.3705078
4658585785,36.0289347,129.371188
3969570778,36.0223743,129.3670212
4677788861,36.0233998,129.3678492
436561593,36.0238408,129.3682273
3969570779,36.0239893,129.368193
4677788830,36.0248559,129.3665982
4677788836,36.0254802,129.3654011
4677788847,36.0260898,129.3642323
4677788844,36.0266545,129.3631497
13989496889,36.0272038,129.3621731
436725659,36.0685601,129.3496031
436725657,36.0680259,129.3500215
436725655,36.0672887,129.3505904
8795770889,36.0668302,129.3508671
9382980476,36.0666316,129.3509609
436725652,36.066134,129.3511959
9201335379,36.065156,129.3515489
9306379018,36.0649381,129.3516207
7384405184,36.0648199,129.3516597
436725651,36.0645828,129.3517721
9201335388,36.064504,129.3518047
436725650,36.0639677,129.3520266
9198974075,36.0630996,129.352452
9382980361,36.062695,129.3525759
9382980362,36.0625265,129.3526609
436725649,36.0621597,129.3527988
9306379022,36.061062,129.3532632
4641123713,36.0609474,129.3533117
436725648,36.0595775,129.3539293
9215179027,36.0577229,129.3548483
436725647,36.057688,129.3548656
436725646,36.0570654,129.3552795
9306379024,36.0566288,129.3555843
12949883779,36.0565675,129.3556333
4636672250,36.0564605,129.3557333
436725645,36.0560811,129.3559801
436725644,36.0550985,129.3569293
12949883786,36.0541224,129.3581089
436725643,36.054016,129.3582376
12293396438,36.0675992,129.3898158
4756571389,36.0675815,129.3901395
12293396437,36.0675541,129.390538
12293396436,36.067557,129.3906119
3985387272,36.0675695,129.3906847
3985387271,36.0675965,129.3907707
3985387270,36.0678338,129.3913748
3985387269,36.067869,129.3914722
9201303503,36.067897,129.3915623
12293396426,36.0679073,129.3916535
12293396425,36.0679077,129.3917601
12293396424,36.0678786,129.3922876
12293396423,36.0678801,129.3923505
3985387267,36.067893,129.3924084
4635128303,36.0679064,129.3924587
3985387266,36.0679246,129.3925047
12293396429,36.0681437,129.393033
12293396418,36.068158,129.3930674
3985387265,36.0681896,129.3931496
4756571473,36.0682158,129.3932409
12293396355,36.068386,129.3940429
12293396399,36.0684033,129.3941308
12293396398,36.0684075,129.3941811
12293396354,36.0684095,129.3942308
12293396353,36.0682768,129.3947029
12293396352,36.0682586,129.3947756
12293396351,36.0682482,129.3948432
9201303447,36.0682535,129.3950265
3985387263,36.0682572,129.3951053
5154495836,36.0682652,129.395193
3985387262,36.0682799,129.3952821
3985387283,36.0683039,129.3954068
12293394900,36.0683311,129.3955221
12293394899,36.0684451,129.3960719
12293394898,36.0684562,129.3961469
12293394897,36.068461,129.3962219
12293394896,36.0684576,129.3962966
3985387261,36.0684336,129.3965213
12293394894,36.0684268,129.3966006
3985387260,36.0684244,129.3966773
12293394893,36.0684331,129.3967634
12293394892,36.0684505,129.3968575
12293394890,36.0684678,129.3969385
4740525280,36.0684939,129.3970094
3985387259,36.0685178,129.3970512
4740525279,36.0685461,129.3970826
12293394838,36.0685833,129.3971095
12279574852,36.06869,129.3997801
5313933086,36.0686272,129.3998305
3985386251,36.0685478,129.3998828
3985386175,36.0681466,129.4001231
6377749475,36.0222126,129.3506858
9271029018,36.02256,129.3509723
5533858105,36.0226242,129.3510253
4736691957,36.0231422,129.3502893
4057921123,36.0231135,129.350323
4057921124,36.0229854,129.3505007
4057921125,36.0228786,129.3506015
4057921126,36.0227621,129.3506519
4057921127,36.0226436,129.3506423
4057921128,36.0225019,129.3505823
4738419698,36.0239869,129.3518833
4057921137,36.0238362,129.3517497
4057921138,36.0235077,129.3514009
4057921139,36.023296,129.3512209
4057921148,36.0256597,129.3561745
4057921188,36.0250914,129.3557192
4057921147,36.0241628,129.3550207
4057921146,36.0232852,129.3543292
4057921150,36.0252335,129.3531477
4057921151,36.0253609,129.3532255
4057921152,36.0254961,129.3529681
4057921153,36.0253809,129.3528946
4057921154,36.0255677,129.3530442
4057921155,36.0254584,129.3533236
4057921156,36.02522,129.353048
9349894054,36.0251754,129.3531279
4057921182,36.0248319,129.3537443
4057921167,36.0244849,129.3543984
4057921210,36.0237943,129.3557026
4057921204,36.0234074,129.3564318
6282828790,36.0230336,129.3571569
13989496817,36.0227326,129.3578185
414898551,36.0226918,129.3579081
4235824793,36.0285751,129.357518
6282827177,36.0284134,129.3573817
4235822588,36.0281519,129.3571277
4235822585,36.0276987,129.3569029
4057921164,36.0272934,129.3566247
4057921165,36.0265312,129.3560057
4057921166,36.0259419,129.3555557
4057921183,36.0257362,129.3544424
4057921181,36.0239395,129.3531246
4057921189,36.0235747,129.3586321
13989497058,36.0236257,129.3585315
6282828791,36.0239706,129.3578522
4057921205,36.0243297,129.3571289
4057921209,36.02469,129.3564437
4057921187,36.0253877,129.3551297
9349894056,36.0260567,129.353851
4235822580,36.0260907,129.3537875
4057921191,36.0231526,129.3594027
4057921192,36.0222677,129.3586668
14026238386,36.021633,129.3549818
13989496768,36.0216368,129.3549849
4057921202,36.0216869,129.3550545
14026238387,36.0219345,129.3552703
14026238388,36.0219995,129.3553269
9222527305,36.0220727,129.3553907
14026238389,36.0221315,129.3554367
13958219625,36.0224466,129.3556569
4057921203,36.0225583,129.3557661
13958219622,36.0226517,129.3558393
14026238390,36.0226726,129.3558557
4057921206,36.0248806,129.3575898
4057921211,36.022941,129.3550301
4057921213,36.0223947,129.3536553
9345098217,36.0219016,129.353224
4736696564,36.0218408,129.3531708
4057921215,36.0234058,129.3504257
4149909482,36.0231221,129.3502104
5158711942,36.0230573,129.3501694
9331305594,36.023046,129.3501622
9331305602,36.0229276,129.3500872
9331305604,36.0224437,129.3497808
4057921216,36.0217358,129.3493324
9331305605,36.0215672,129.3492363
4235824862,36.0325548,129.3575212
4235824865,36.0327814,129.3576189
4235824873,36.0335437,129.3579218
4235824878,36.0342709,129.3582123
4738817577,36.0345381,129.3583296
436738017,36.0347427,129.3583271
4235824879,36.0342955,129.3581083
2193764881,36.0335696,129.3578382
2193764927,36.032801,129.357533
4235824826,36.0298722,129.355602
4235824829,36.0299423,129.3556357
4235824834,36.030041,129.355699
4235824839,36.0303145,129.3558983
4235824840,36.0305194,129.3560594
4235824841,36.0306713,129.3562529
4235824844,36.0309045,129.3564391
4235824847,36.0317657,129.3570559
4235824850,36.0320016,129.3572061
9349894080,36.0268432,129.3541295
4235822583,36.0267774,129.3540869
9349894079,36.0278993,129.354931
4235822587,36.0282088,129.3551269
4235824790,36.0283689,129.3552159
4235824791,36.0284829,129.3552839
4235824792,36.0285886,129.3553269
4235824794,36.028678,129.3553725
4235824798,36.02881,129.3554102
4235824799,36.028996,129.3554557
4235824806,36.0293979,129.3555016
4235824815,36.029584,129.3555171
4235824819,36.029748,129.3555561
9271029037,36.0316446,129.3582946
4235824846,36.0317363,129.3581866
9311952574,36.0320228,129.3578241
4235824851,36.0320389,129.3578038
6378700709,36.0320995,129.3577175
9311952575,36.032156,129.357632
9311952573,36.0322125,129.3575464
4235824855,36.0322344,129.3575132
4235824858,36.0324057,129.3572261
9311952571,36.0324646,129.3571334
4235824860,36.0325067,129.357067
4235824864,36.0326933,129.3569072
6203794777,36.0328916,129.3568183
4235824868,36.0331134,129.3567272
4235824869,36.0332442,129.3565815
9213074734,36.033283,129.3565291
6203794776,36.0333723,129.3563993
4235824872,36.0334224,129.3562867
4235824875,36.0337728,129.3557849
6203795906,36.033819,129.3557407
13142421144,36.0339469,129.3555725
4235824877,36.03411,129.3553581
6203794778,36.0342491,129.355184
4235824881,36.0343522,129.3550333
6203795933,36.0343919,129.3549222
4235824883,36.0344369,129.354718
9331381909,36.0345071,129.3543939
9331381910,36.0345525,129.3542094
4235824887,36.0346646,129.3539184
4235824888,36.0348099,129.3535956
4235824989,36.0349302,129.3533864
4235824797,36.0287355,129.3555394
9331305608,36.0254461,129.3522718
9331305611,36.0254078,129.3523451
9349894069,36.0251894,129.3527622
4738419673,36.0251721,129.3527953
9331305541,36.0237974,129.3506829
9223922021,36.0237782,129.3506719
9331305597,36.0234331,129.3504437
9319609868,36.0288041,129.3553442
6377833298,36.028935,129.3552466
4235824801,36.0291347,129.3551199
4235824856,36.0323136,129.3574004
4057921185,36.0264427,129.3531335
9331305620,36.0263907,129.3532305
9331305615,36.0263447,129.3533164
9349894071,36.0262072,129.3535732
4057921186,36.0261902,129.3536048
4235824823,36.0297617,129.3549625
4235824824,36.0297474,129.355105
4235824805,36.0292785,129.3561262
4235824789,36.0281947,129.3582677
4235822584,36.0274786,129.3596418
6282827176,36.0271412,129.3602542
4677788839,36.0266881,129.3611493
4235824821,36.0297233,129.3551482
4235824817,36.029673,129.3552308
5983198142,36.0296119,129.3553116
4057921149,36.0262113,129.3566179
6282828786,36.0273476,129.3575744
6282827178,36.0280572,129.3581422
9223922033,36.031161,129.3567161
4235824845,36.0315087,129.3570049
4235824848,36.0318303,129.3572186
9350114237,36.032056,129.3573831
9311952572,36.0321074,129.3574206
9319609873,36.028899,129.3542876
4235824795,36.0286976,129.3545745
4235824803,36.0292638,129.3552866
4057921168,36.023614,129.3537179
4235824837,36.0301918,129.3555672
4235824830,36.0299544,129.3554095
4235824822,36.0297996,129.3553361
4235824812,36.0295261,129.3553004
4235824859,36.0324462,129.3569605
4235824854,36.0322437,129.3569649
4235824852,36.0320785,129.3569533
4235824849,36.0318525,129.3569355
9350114239,36.0321633,129.3571054
4235824843,36.031352,129.3565957
4235824842,36.0311181,129.3564105
4235824808,36.0293602,129.3543941
4235824809,36.0293931,129.3542682
4235824811,36.0294982,129.3542126
4235824816,36.0295878,129.3541302
4235824835,36.0300372,129.3553645
4235824831,36.0299532,129.3551427
4235824828,36.0298733,129.3549926
9223922034,36.0346496,129.3582174
4235824882,36.0343238,129.3580625
4235824876,36.0338905,129.3578587
4235824871,36.0333544,129.3576775
6203795887,36.0330801,129.3575597
4235824867,36.032908,129.3575106
4235824863,36.0325606,129.3573212
9311952570,36.0325257,129.3572998
9350114236,36.0324949,129.3576156
4235824861,36.0325413,129.3576339
4235824866,36.0328093,129.3577451
4235824870,36.0332594,129.3579242
4235824874,36.0337146,129.3580861
4235824880,36.034285,129.3583
4235824885,36.0344417,129.3583431
9319609872,36.0291473,129.3541312
4235824802,36.0292507,129.3541192
4235824813,36.0295344,129.3541368
4235824818,36.0296877,129.3541178
4235824825,36.0298542,129.3540352
4235824832,36.0300046,129.3540429
4235824836,36.0300985,129.3540419
8314858415,36.030254,129.3541235
8314858402,36.030472,129.3541745
8314858403,36.0306282,129.3541402
8314858404,36.0309969,129.3540222
8314858405,36.0311661,129.3540275
8314858406,36.0313917,129.3540597
8314858407,36.0318168,129.354049
8314858408,36.0318906,129.3540543
8314858409,36.0319253,129.3541187
8314858410,36.0318827,129.3546654
8314858411,36.0313527,129.3549931
8314858412,36.0310577,129.3553311
8314858413,36.030825,129.3554006
8314858414,36.030728,129.3553364
9230022568,36.0303796,129.354445
4235824807,36.0294218,129.355475
4235824814,36.029571,129.3555811
4235824820,36.0297507,129.3556297
4235824827,36.0298792,129.3556667
4235824833,36.0300227,129.3557415
4235824838,36.0303024,129.3559272
2193764877,36.0268422,129.3543409
6282827172,36.0272898,129.3546217
2193764962,36.0275402,129.3547842
2193765003,36.0281642,129.3551656
2193764893,36.0283663,129.3553123
9349894087,36.0284237,129.3553462
9319609869,36.0285609,129.3554274
2193764938,36.0286984,129.3555087
4740299288,36.0504039,129.3620492
13947240096,36.0498732,129.3622088
4658585426,36.049385,129.3623672
1645075253,36.0490892,129.3625031
436561622,36.0486757,129.3627447
13947279401,36.0485796,129.3628214
7947730308,36.0484942,129.3629208
436561621,36.0483691,129.363067
436561619,36.0481503,129.3634535
9310065474,36.0479911,129.3637639
6378700730,36.0479423,129.3638713
13929640561,36.0478935,129.363958
12327752168,36.0242871,129.377272
1724839204,36.023961,129.3770665
6647012033,36.0236953,129.3768968
4677674168,36.0230049,129.3764694
4701443918,36.0224159,129.3761158
4677674172,36.0221557,129.3759831
4677674176,36.0218816,129.3758482
4701443913,36.0215506,129.3756668
2918326172,36.0413433,129.3622564
2918326173,36.0415589,129.3619821
4301540273,36.0427103,129.3604937
4301541370,36.0429603,129.3601692
4301541371,36.0430849,129.3599774
4301541372,36.0431427,129.3598333
4740205207,36.0431855,129.3596972
4301541374,36.0432021,129.3595084
9249579496,36.0431982,129.3594305
4740205208,36.0431929,129.3593355
4301542430,36.043177,129.3590857
4305237636,36.0431372,129.3588709
4301541377,36.0430544,129.3580582
4301541380,36.0428859,129.3580673
4301541381,36.0426451,129.3581113
4301541382,36.0423035,129.3581501
4301541383,36.0420998,129.3581693
4301541384,36.0419248,129.3581759
4301541385,36.0417771,129.3581891
4301541386,36.0414418,129.3582126
4301541387,36.0409603,129.3582475
4740205205,36.0408215,129.3582402
4301541388,36.0407521,129.3582556
4740205204,36.0406892,129.3584038
4738817581,36.0422334,129.3588837
4301542428,36.0425349,129.3589601
4301542429,36.0428882,129.3590575
4740205203,36.0431328,129.3591237
4301542627,36.043272,129.3589545
4301542628,36.0434112,129.3588458
4738817582,36.0436799,129.358717
4740205544,36.0431037,129.358519
4301541378,36.0432764,129.3580264
4301541379,36.0435869,129.3579836
13092326184,36.0507259,129.3582254
13092287900,36.0508388,129.3575876
4636664263,36.0508821,129.3573564
6743435583,36.0509754,129.3569505
13092318120,36.0511082,129.3564398
13092330934,36.0511537,129.3562908
6743475485,36.0512773,129.3559017
13092321871,36.0513419,129.3556984
6743475486,36.0517379,129.354502
4636664265,36.0519259,129.3539107
13092295184,36.0520043,129.3536893
13092282798,36.0520462,129.3535819
4636664272,36.0523623,129.3526815
9201335462,36.0525257,129.352178
4636664237,36.0527413,129.3515682
2193764981,36.0294163,129.3464809
4629515617,36.0291241,129.3458503
2193764983,36.0296358,129.3455075
9209187445,36.0295294,129.3455772
9299582167,36.0294677,129.3456039
9209118200,36.0294301,129.3456202
4629515618,36.0289854,129.3459836
4629515620,36.0287099,129.3461543
4629515621,36.0284457,129.3462873
4634229443,36.0280836,129.3463668
4629515622,36.0280283,129.3463755
4629515623,36.0278718,129.3464344
9351614063,36.0278298,129.3464603
4629515624,36.0277849,129.3464881
4629515625,36.0276578,129.3466029
4629515626,36.0275216,129.3468246
4629515627,36.0273772,129.3470074
4629515628,36.0271993,129.3472396
4629515629,36.0269966,129.347438
4629515630,36.0268654,129.3476074
9230022577,36.0266966,129.3478184
4629515631,36.0266767,129.3478433
4629515632,36.0265881,129.3479657
9230022574,36.0265081,129.348081
4629515633,36.02617,129.3484776
9230022575,36.026065,129.3486087
9230022579,36.0260041,129.3486683
9230022573,36.0254237,129.349236
4629515635,36.0251854,129.3494535
6194343293,36.0250624,129.3495347
9331305571,36.0250399,129.349586
9331305542,36.0247622,129.3502204
6194343294,36.0247283,129.3502979
436581043,36.0408564,129.3506945
9331381896,36.0409838,129.3508033
4631063396,36.0414798,129.3512268
4631039640,36.0414323,129.3514891
4631039641,36.0413657,129.3518817
4631039642,36.0413514,129.3520312
4631039643,36.0413487,129.3522378
4631039644,36.0414295,129.3525694
4631056103,36.0415232,129.3528155
4631039647,36.0416683,129.3528293
4631039648,36.0417415,129.3528336
4631039649,36.0418261,129.352837
4631039651,36.0419178,129.352851
4631039652,36.0420357,129.3525873
4631039654,36.0421002,129.3522657
4631039655,36.042146,129.3521237
4631039656,36.0421627,129.3520193
4631039657,36.0422212,129.351758
4631039658,36.0422504,129.3515791
4631039659,36.0422722,129.3515325
4631039660,36.042183,129.3514368
4631039661,36.0421521,129.3513228
4631039668,36.0422018,129.3511295
4631039669,36.0422323,129.3510304
4631039671,36.0422731,129.350923
4631039672,36.0423723,129.3514706
4631039673,36.0424,129.3514561
4631039674,36.0424463,129.3514286
4631039676,36.042528,129.3514329
4631039682,36.0426256,129.3514587
4631056141,36.0428022,129.3515368
4631039684,36.0428784,129.3515109
4631039677,36.0429438,129.3515718
4631039686,36.0430826,129.3515897
4631056112,36.0432874,129.3517084
4631039688,36.0433803,129.3517155
4631040090,36.0435559,129.3517961
4631056115,36.0437595,129.3518579
4631040092,36.0438428,129.3519044
4631040094,36.0440605,129.3519387
4631056119,36.0442895,129.3520201
4631039679,36.0444446,129.3520667
4631056175,36.0445573,129.3520911
4631039680,36.0447467,129.3521794
4631039681,36.0427094,129.3504051
4631039683,36.0428851,129.3504798
4631039685,36.0431381,129.3503915
4631039687,36.0433098,129.3506349
4631040089,36.0435904,129.3507214
4631040091,36.0437706,129.3508352
4631040093,36.04405,129.3509456
4631040095,36.044255,129.3510204
4631056104,36.041632,129.3529689
4631056105,36.0417196,129.3530989
4631056136,36.0417944,129.3532069
4631056186,36.0418645,129.3531973
4631056106,36.0418828,129.3532591
4631056107,36.0420246,129.3533862
4631056143,36.0421583,129.3534791
4631056132,36.0422074,129.3535168
4631056142,36.0423452,129.3535993
4631056109,36.0423578,129.3536197
4631056130,36.0425127,129.3536928
4631056111,36.0426171,129.3537673
4631056128,36.0426666,129.353794
4631056113,36.0428005,129.3538791
4631056124,36.0429244,129.3538944
4631056114,36.0430552,129.3539419
4631056126,36.0431304,129.3539854
4631056116,36.0432665,129.3540217
4631056122,36.0434227,129.3540629
4631056118,36.0435572,129.3541267
4631056120,36.0436258,129.3541385
4631056110,36.0437759,129.3541813
9319609887,36.0440421,129.353061
4631056121,36.0434583,129.3548548
4631056123,36.0432273,129.3549842
4631056125,36.0427617,129.3547906
4631056127,36.0429441,129.3548992
4631056129,36.0424707,129.3547183
4631056131,36.0423221,129.3546633
4631056133,36.0420183,129.3544677
4631056134,36.0418135,129.3544492
4631056137,36.0415368,129.3542847
4631056139,36.0416263,129.3531913
4631056140,36.0413889,129.3541751
9207546283,36.0446295,129.352733
4631056146,36.0445942,129.3528837
4631056147,36.0450055,129.351014
4631056148,36.0448815,129.3508894
4631056149,36.044693,129.3507966
4631056168,36.043463,129.3550726
4631056169,36.0436552,129.3551072
4631056170,36.0437244,129.354989
4631056171,36.0439119,129.3542034
4631056172,36.0439608,129.3541687
4631056173,36.0440533,129.3541694
9319609888,36.0443134,129.3531257
4631056174,36.0444006,129.3527758
4631056184,36.0418178,129.3524358
4631056185,36.0420301,129.3514665
9331381893,36.0412619,129.3532611
4631056566,36.0412204,129.3534323
4631056567,36.0410596,129.3533919
4631056568,36.040955,129.3537111
4631056569,36.0407545,129.3538067
4631056570,36.0404518,129.3545884
4631056571,36.0410895,129.3537169
4631056572,36.0409931,129.3538373
4631056573,36.0406572,129.3546596
4631063391,36.0451051,129.3510487
4631063393,36.0452692,129.3511068
9215203930,36.0437204,129.3504805
4631063395,36.0423554,129.3499244
4631063397,36.0420331,129.3505644
4631063398,36.0414551,129.3498949
4631063399,36.0417086,129.3495324
9331381904,36.0419429,129.3497618
9331381900,36.0419814,129.3497995
4631063400,36.0422828,129.3500946
4736692014,36.0255345,129.3433514
9198902180,36.0255895,129.3433607
4632468202,36.0256444,129.3433699
4632468203,36.0260637,129.3434413
4632468209,36.026125,129.3442401
4632468211,36.0261163,129.3443563
4632468217,36.025925,129.3447054
4632468212,36.0258978,129.3449596
4632468213,36.0258198,129.345091
4632468214,36.0256905,129.3450761
4632468216,36.0257312,129.3447181
4632468218,36.0257172,129.342636
9198902179,36.0256619,129.3426277
4736692012,36.0256066,129.3426194
4632468222,36.0251816,129.3425376
4632468226,36.0251706,129.3427883
4632468227,36.0250315,129.3427807
4632468228,36.0249781,129.3432607
4736692015,36.0255089,129.3435808
9209187395,36.0254394,129.3435724
9216374220,36.0254062,129.3435684
4632468241,36.0251048,129.3435363
4632468253,36.0249044,129.343505
4632468254,36.024598,129.343466
9218679727,36.0244907,129.34343
4632468236,36.0243303,129.3434053
9218679728,36.0242871,129.3433527
4632468266,36.0243115,129.3431344
9218679731,36.0243575,129.3427235
4632468242,36.0250308,129.3445515
4632468243,36.0250542,129.3446115
4632468244,36.0250524,129.3446914
4632468245,36.0250254,129.3447913
4632468246,36.0249841,129.344798
4632468247,36.0249356,129.3447758
4632468248,36.0248907,129.3447536
4632468249,36.0248351,129.3447003
4632468250,36.0247937,129.3446359
4632468251,36.0247776,129.3445648
4632468252,36.0247866,129.3445182
4632468255,36.0245605,129.3439855
4632468256,36.0245408,129.3441609
4632468257,36.0245194,129.344193
4632468258,36.024494,129.344218
4632468259,36.0244506,129.3442122
4632468261,36.0244172,129.3441826
4632468262,36.0243787,129.3441571
4632468263,36.0243535,129.3441369
4632468264,36.0243035,129.3440805
4632468265,36.024266,129.3440432
4632468267,36.0240205,129.3432447
4632468268,36.0239493,129.3432684
4632468270,36.0238392,129.3433013
4632468271,36.0237373,129.3432978
4632468272,36.0237013,129.3433061
4632468273,36.0236414,129.3433052
4632468274,36.0238361,129.3433482
4632468281,36.0239974,129.3426619
4632468282,36.0237357,129.3426395
4632468286,36.0230995,129.3426226
4632468287,36.0234187,129.3425932
4632468389,36.0234198,129.342635
4632468390,36.023408,129.3426881
4632468391,36.0233757,129.3427324
4632468392,36.0233602,129.3427491
4632468393,36.0233334,129.3427458
4632496103,36.0239771,129.342841
4632496104,36.0239368,129.3428886
4632496105,36.0239017,129.342897
4632496106,36.0238862,129.3428987
4632496107,36.023869,129.3428826
4632500521,36.0216932,129.345159
4632500530,36.0214764,129.3450192
4632500537,36.0216737,129.3448485
4632500531,36.021698,129.3448274
4632500535,36.0215238,129.3444333
9198572719,36.0217512,129.3450432
4701487691,36.0370525,129.3622464
4632539413,36.0367354,129.3637046
4632539412,36.0364478,129.3643532
6683103009,36.0360162,129.3629894
6683103010,36.0360022,129.3630847
4632539409,36.0356494,129.3632524
4632539421,36.0368342,129.3651068
4632539420,36.036971,129.3646081
4632539426,36.0370154,129.364406
4632539417,36.037119,129.3639396
4632539434,36.037269,129.3633882
4632539441,36.0376016,129.3625274
4632539422,36.0377887,129.3649641
4632539427,36.0372002,129.3640025
4632539428,36.0374292,129.3639546
4632539429,36.0376596,129.3639113
4632539430,36.0378444,129.3638818
4632539435,36.0370428,129.3634684
4632539439,36.038108,129.3627841
6683103006,36.0379599,129.3640504
4632539423,36.0378819,129.3644871
4632539432,36.0377079,129.3654767
1831658912,36.0360353,129.3607481
4738817576,36.0362952,129.3596752
9310032722,36.0363986,129.3594907
9201416698,36.0364154,129.3594607
6378700729,36.0364367,129.3594284
4738817579,36.0364673,129.359338
4632539445,36.0385195,129.3642242
4632539446,36.0392876,129.364166
4632539448,36.038578,129.3638437
6683103011,36.0392773,129.3641614
4637913093,36.0393986,129.3642279
4632539455,36.0394859,129.3642191
4632539459,36.039631,129.3643526
4632539456,36.0397865,129.3644351
4635495357,36.0401079,129.3646055
4632539447,36.0408703,129.364965
4632539449,36.0394584,129.3634434
4656644602,36.0390754,129.3659894
436913277,36.0401924,129.3637555
4632539453,36.0401635,129.3641294
4632539458,36.040093,129.3647192
4632539451,36.0400084,129.3655305
4632539454,36.0398856,129.3641437
4632539457,36.0398216,129.3648057
4632539460,36.039633,129.364983
4632539462,36.0407502,129.3656576
4632583609,36.038755,129.3625651
4632583613,36.0396073,129.3627291
4635495549,36.0403208,129.3628359
4632583610,36.0406373,129.3628994
2918326171,36.0410047,129.3630876
4740205185,36.0411006,129.3631537
4632583611,36.0403946,129.362159
4632583614,36.0394368,129.3616386
12686477959,36.0391286,129.3614722
12686477962,36.0390459,129.3614275
4632583612,36.0389566,129.3613793
4632583615,36.0395495,129.3631045
9249579470,36.0391553,129.3631788
4632583616,36.039033,129.3632729
4740205220,36.0411804,129.3632192
4632583663,36.0414924,129.3634304
4632583661,36.0418164,129.3636679
4632583655,36.0421789,129.3638681
4632583657,36.0425759,129.3641246
4632583654,36.0430404,129.3644223
4632583623,36.0457346,129.3640942
4632583624,36.0458378,129.3646615
4632583630,36.0449225,129.3636021
4632583625,36.0450297,129.3643116
4632583627,36.0443944,129.3641527
4632583628,36.0444302,129.3645004
4632583629,36.0445443,129.3651083
4632583633,36.0437726,129.3643831
4745497362,36.043854,129.3646391
4632583653,36.0440248,129.3652888
436913255,36.043,129.3650853
4632583656,36.0420979,129.3646818
4632583658,36.0424608,129.3648533
4632583659,36.0422207,129.3647398
4632583667,36.0422058,129.3653382
13947279412,36.0421982,129.3657947
4632583660,36.0422208,129.3659374
4632583662,36.0417007,129.3644941
4632583664,36.0413762,129.3643407
4632583668,36.0414229,129.3649533
4632583669,36.0412462,129.3663109
4632583670,36.0413065,129.365791
9291432714,36.0414997,129.3644012
2918326169,36.0408479,129.3656854
4632583671,36.0416255,129.3661699
4740288294,36.0416362,129.3662356
4632583902,36.0416904,129.3665691
7947730321,36.0416747,129.3668845
4649948634,36.0416464,129.3670613
4740299277,36.0450372,129.3650125
4632583684,36.044957,129.3658797
4632583889,36.0449473,129.3663996
7947730319,36.0449552,129.3666321
4632583680,36.0449023,129.3675522
4632583678,36.0448277,129.3681951
4632583679,36.0456986,129.3674539
4632583681,36.0452905,129.3674686
4632583892,36.0443167,129.3672813
4632583890,36.0436301,129.3670139
4632583891,36.0428381,129.3667205
7947730320,36.045336,129.3666972
4635435149,36.0454001,129.3660155
4740299278,36.0454598,129.36486
4740288278,36.0459638,129.3646888
6132178366,36.0458737,129.3654518
4632583683,36.0458315,129.3660272
9291432716,36.045827,129.3661331
4658585285,36.045769,129.3667831
4632583686,36.0456647,129.3680814
4632583898,36.044308,129.3666845
4632583896,36.043941,129.3668708
4632583894,36.043204,129.3677167
9310065489,36.0440486,129.3682059
4632583687,36.043511,129.3662197
4632583895,36.0438214,129.3661528
4632583897,36.0442033,129.3660595
4740299276,36.0439306,129.365396
4632583900,36.0440862,129.3660769
4632583901,36.0427441,129.3667244
4632583904,36.0423258,129.3666588
4740288291,36.042232,129.3660138
13947279411,36.0422849,129.3662761
4632583905,36.0426797,129.3680063
4632583906,36.041632,129.36795
4632583932,36.0409903,129.3678935
4632583931,36.0405631,129.3678217
4632583907,36.0424877,129.3700675
4632583908,36.0415603,129.3698978
4638163785,36.0403532,129.3696995
4632583910,36.0435642,129.3703494
4632583912,36.0445884,129.3706048
4632583924,36.0452859,129.3707829
4632583919,36.0458682,129.3709295
4632583922,36.0461857,129.3710067
4635279614,36.0468809,129.3711846
4632583913,36.0479701,129.3714588
4632583916,36.0480566,129.3712268
4740700163,36.0481772,129.3709033
3659521564,36.0487766,129.371619
4740525319,36.0470248,129.3702521
13055631365,36.0462632,129.3700073
4632583921,36.0462006,129.3707522
4632583925,36.0446421,129.3700372
4632583926,36.0436675,129.3698318
4632583927,36.0437128,129.3695094
4632583929,36.041591,129.3696025
4638163786,36.0403937,129.3694077
4632583935,36.0409126,129.3684715
4632583933,36.0408289,129.369028
4632583934,36.0416306,129.3685179
4638163783,36.039465,129.3661548
2918326174,36.0386863,129.3630699
9310065417,36.0386583,129.3633214
4632539433,36.038386,129.3649241
9310065494,36.0382847,129.3655931
436561605,36.0382735,129.3656669
436911696,36.0464369,129.3697993
4740526321,36.0463917,129.369887
4634163392,36.0460862,129.3514546
4634163393,36.046551,129.3514477
9215133111,36.0468844,129.3514218
4634163394,36.0469902,129.3513917
14109121137,36.0471738,129.3513515
4634163395,36.0472587,129.3513329
4634163403,36.0475455,129.3514008
4634172551,36.0454158,129.3471302
4738282803,36.0454617,129.3476659
4634172550,36.0456704,129.3482603
4738282802,36.0458211,129.3485256
4634357999,36.0460425,129.3488303
4634163410,36.045993,129.3580891
4634163409,36.0458329,129.3579585
5833893766,36.0457375,129.3577577
9249577873,36.044008,129.3576698
4634163412,36.0443139,129.3575909
4634163413,36.0450998,129.3571423
4740205206,36.0454453,129.3568883
4634163414,36.0455578,129.3564827
4634163415,36.0458157,129.3561436
4634163416,36.046288,129.3552647
5833894203,36.0469702,129.3539036
4634163417,36.0471178,129.353609
4634163418,36.0475258,129.3529115
4634163419,36.0478009,129.352594
4634163420,36.0480026,129.3522084
4634163421,36.0481509,129.3518992
9307356750,36.0615225,129.3704534
6280676360,36.061696,129.3699988
4635301000,36.0619804,129.369303
6194459049,36.0624019,129.3683414
6280677224,36.0624753,129.3681723
4634163424,36.0629866,129.3670831
6280677231,36.0628051,129.3667918
6280677225,36.0624757,129.3663563
6203795957,36.0349954,129.3532767
4634172555,36.0352055,129.3529936
6203795952,36.0353773,129.3527811
6203795946,36.0357152,129.3523701
6203795931,36.035904,129.3521126
6203795938,36.0359994,129.3519671
6203795937,36.0361193,129.3517334
6203795924,36.0362292,129.3514855
6203795930,36.0365671,129.3508644
4634172557,36.0368907,129.3503639
9215222250,36.0369401,129.3502902
9215222244,36.0370582,129.3501141
8382098048,36.0372252,129.3498649
8382098043,36.0373731,129.3496491
4634172558,36.0374577,129.3495234
9331381905,36.0381336,129.3488544
9215215124,36.0382566,129.3487326
9331381906,36.0384097,129.3485811
9198585367,36.0386419,129.3483512
9215211303,36.0387278,129.3482688
4634172559,36.0387549,129.3482428
8382118886,36.0389534,129.3480107
6203795988,36.0395453,129.3472129
8382118862,36.039727,129.3469451
4738270428,36.0400007,129.3465381
4634172561,36.0403159,129.3462937
4738270427,36.0409657,129.3459044
4634172562,36.04169,129.3455181
13142401448,36.041834,129.3454211
13142401445,36.0422439,129.3451449
4738270426,36.0427156,129.3448271
4634172563,36.0429452,129.3445777
4738270425,36.0432746,129.3440333
9331381907,36.0433384,129.3439708
9331381908,36.043506,129.3438063
8382118835,36.0435526,129.3437606
13142401420,36.0436497,129.3436569
4634172564,36.0437977,129.3434989
4738282795,36.0439773,129.3434067
4634172565,36.0441551,129.3433234
4738282796,36.0442701,129.3433021
4738270423,36.0443519,129.3433599
4634172566,36.0445012,129.3434701
4738282788,36.0446439,129.343587
4634229427,36.0345568,129.3426152
4634229428,36.033976,129.3437716
9209134936,36.0333347,129.3430286
2193764940,36.0332722,129.3429568
2193764995,36.0293889,129.3472988
9218598694,36.0295244,129.3472064
9218598696,36.0297082,129.3470813
9223922025,36.0301627,129.3467715
4634229436,36.0301745,129.3467635
9223922024,36.030207,129.3467415
4634229437,36.0306946,129.3464109
4634229429,36.031108,129.3461241
4634229432,36.0313758,129.3451225
9215222258,36.0312953,129.3454448
4634229433,36.0312082,129.345578
4634229434,36.0311347,129.3458024
4634229435,36.0311297,129.346008
9223922026,36.0297931,129.3459193
9215234640,36.0296661,129.3456968
2193764883,36.0296042,129.3456253
4634229438,36.030133,129.3450767
9209134963,36.0301623,129.3451444
4638907349,36.0304107,129.3457184
9394431177,36.0316304,129.3468604
9269479618,36.0316828,129.3469211
9215222266,36.0317126,129.3469556
9215222268,36.0319673,129.3472033
4634229440,36.0319963,129.3472315
9269459915,36.0321993,129.3474452
9215222277,36.0324941,129.3477555
9215222279,36.0326211,129.3478893
9269459914,36.0326509,129.3479206
4634229441,36.0327363,129.3480105
4634229442,36.0288294,129.3476998
4634281936,36.068663,129.3905319
12293396431,36.0685991,129.3905541
9311952540,36.068321,129.3906441
4634327350,36.0399112,129.3548557
4634327351,36.0391703,129.35435
4631063412,36.0396929,129.3553668
4634327352,36.0389711,129.3548413
4634327353,36.0396067,129.3557817
436581040,36.0387023,129.3555211
4634327355,36.0383688,129.3571649
4634327356,36.0384906,129.3572525
4634327357,36.0387113,129.3572061
4634327358,36.0388609,129.3571611
4634327359,36.0389692,129.3571531
4634327360,36.0390762,129.357099
4634327361,36.0391793,129.3570879
4634327362,36.0393326,129.3570396
4634327364,36.0395694,129.3569189
4634327365,36.0396661,129.3568628
4634327366,36.0396261,129.3566041
4634327367,36.0396021,129.3563148
4634327368,36.0395819,129.3562085
4634327369,36.0395905,129.3561489
4634327371,36.0396466,129.3561176
4634327372,36.0396669,129.3561504
4634327373,36.0396919,129.3561606
4634327374,36.0397108,129.356282
8259383392,36.0397142,129.3563237
4634327375,36.0397184,129.3563754
8259383391,36.0397485,129.3565283
4634327376,36.0397561,129.3565669
4634327377,36.0397799,129.3567897
4634327378,36.038805,129.3577307
4634327379,36.0391438,129.3567065
4634327380,36.0392817,129.3566673
4634327381,36.0391603,129.3576891
4634327383,36.0392728,129.3576996
4634357801,36.0400525,129.3547534
4634357804,36.0404833,129.3551196
4634357802,36.0408307,129.355313
4634357803,36.0412272,129.3554749
4634357805,36.0402893,129.3555792
4634357806,36.0407639,129.3558387
4634357807,36.0388341,129.3592811
4634357808,36.038967,129.3592669
4634357809,36.0388353,129.3589607
4634357810,36.0387703,129.3587462
4634357811,36.0387139,129.3584243
4634357812,36.0387095,129.3583009
4634357813,36.0386575,129.3579026
4634357818,36.0391881,129.3591795
4634357814,36.0393614,129.3590886
4634357815,36.0396962,129.3588046
4634357816,36.0398641,129.3588705
4634357817,36.0401665,129.3587915
4634357819,36.0390522,129.357912
4634357820,36.0395657,129.357896
4634357821,36.0400527,129.3579038
4634357822,36.0428166,129.3492207
4636664283,36.0436281,129.3486273
4634357823,36.0447081,129.3478239
4634357993,36.0450921,129.3473873
8390700902,36.0454533,129.3469841
4634357826,36.0455892,129.3462255
4634357827,36.0457885,129.3460468
4634357828,36.0458995,129.3459511
4634357829,36.0460013,129.3458707
4634357830,36.0460434,129.3457911
4634357831,36.0461119,129.3457182
4634357832,36.0462153,129.3456958
4634357833,36.0463764,129.3457494
4634357834,36.046471,129.3457849
4634357835,36.0465408,129.3457941
4634357836,36.0466105,129.3457726
4634357837,36.0466904,129.3457183
11180789474,36.0467373,129.3456526
11180789475,36.0468371,129.3455265
4634357842,36.0469827,129.3452287
9207546272,36.0470569,129.3449948
4634357843,36.0472583,129.3448061
4634357844,36.0474665,129.3446299
4634357838,36.046772,129.3458126
4634357839,36.0468054,129.3459503
4634357840,36.0467693,129.3460557
4634357841,36.0467444,129.3461696
11180789473,36.046785,129.3462481
11180789472,36.0468783,129.3463433
4634357845,36.047511,129.3448591
11180789470,36.0475625,129.3450216
11180789469,36.0476135,129.3451108
11180789468,36.0476454,129.3451423
11180789467,36.0477544,129.3451839
11180789466,36.0479734,129.3452281
11180789465,36.048141,129.345424
11180789464,36.0483242,129.3456613
11180789463,36.048488,129.3459007
11180789462,36.0486772,129.3461716
11180789461,36.0487368,129.3462749
11180789460,36.0487845,129.3463138
11180789459,36.0490664,129.3462883
11180789221,36.047487,129.3446263
4634357846,36.0476412,129.3445997
4634357847,36.0477658,129.3445289
4634357848,36.0479975,129.3443591
4634357849,36.0480954,129.3442411
4634357850,36.0482284,129.3441799
4634357851,36.0483811,129.3441006
4634357852,36.0487024,129.3439835
4634357854,36.048874,129.3439644
4634357853,36.049193,129.3438276
4634357855,36.0488992,129.3440539
4634357856,36.0489725,129.344302
4634357857,36.049465,129.3437432
4634357858,36.0496312,129.3437268
4634357859,36.0498198,129.3436691
4634357860,36.0499481,129.3436066
4634357861,36.0500026,129.3435547
11180789458,36.0500792,129.3435404
4634357862,36.050333,129.343555
4634357863,36.0505753,129.343516
4634357864,36.0506716,129.3435504
4634357865,36.0507068,129.343845
4634357866,36.0509127,129.3436311
9207546273,36.0511276,129.3436633
4634357867,36.0512874,129.3436353
4634357868,36.0514739,129.3435737
4634357869,36.0516712,129.3434878
4634357870,36.0518794,129.3433591
4634357871,36.0520485,129.3433216
4634357872,36.0521938,129.3432813
4634357873,36.0522745,129.3432206
4634357874,36.0523825,129.3430801
4634357875,36.0524866,129.3429782
4634357876,36.0525624,129.3428817
4634357877,36.0526883,129.3427959
4634357878,36.0528213,129.3427565
4634357879,36.052968,129.3425625
4634357994,36.0452213,129.3477314
4634357996,36.0453038,129.348044
4634357997,36.0453927,129.348284
8390700904,36.0455611,129.3486006
4634357998,36.0457615,129.3487646
4634358005,36.0384308,129.3587716
6204708593,36.0380699,129.359604
436581032,36.0381035,129.3580115
4634358036,36.0379853,129.3580683
9311952567,36.0379405,129.3581526
6203794767,36.0378512,129.358321
6203794750,36.0377152,129.3585275
4634358011,36.0376177,129.3586144
6203794769,36.0374336,129.3587164
4634358017,36.0370124,129.358939
6203794765,36.0369792,129.3593561
436738020,36.0369733,129.3594508
4634358019,36.0369503,129.3583663
4634358020,36.0368984,129.3581207
4634358021,36.0368972,129.3580152
4634358022,36.0369622,129.3578106
6203794768,36.03688,129.3587763
4634358025,36.036601,129.3584714
4634358037,36.0365417,129.3583897
4634358023,36.0362451,129.3580559
4634358048,36.0357802,129.357728
4634358051,36.0354586,129.357504
4634358024,36.0352833,129.3574296
4634358026,36.0367317,129.3584068
4634358027,36.0368104,129.3583879
4634358029,36.0370366,129.3583746
4634358042,36.0371275,129.3583275
4634358030,36.0372057,129.3582995
4634358031,36.0373033,129.358262
4634358041,36.0373702,129.3582435
4634358032,36.0375637,129.3582459
4634358034,36.0376569,129.3582433
4634358035,36.0377306,129.3582566
4634358038,36.0367153,129.3578372
4634358039,36.0367301,129.3577809
4634358040,36.0372959,129.3579302
4634358043,36.0372077,129.3585962
4634358045,36.0361386,129.3583606
4634358044,36.035949,129.3588519
6203794770,36.0364638,129.3586956
4634358046,36.0367284,129.3590255
4634358049,36.035653,129.3581479
436738018,36.0355055,129.3586364
3956019768,36.0639306,129.3798601
4770523005,36.062414,129.3797736
4663112410,36.0623173,129.3797749
4655045235,36.0619392,129.379776
4635081388,36.0653466,129.384469
12304715859,36.0655258,129.3842503
12304715860,36.0655808,129.384192
12304715861,36.0656462,129.3841346
12304715862,36.0658256,129.3839842
12304715866,36.0659066,129.3839269
12304715871,36.0662513,129.3836751
4634992617,36.0663826,129.3835792
12304715872,36.0664433,129.3835402
12304715874,36.0666249,129.3834154
6286280249,36.0670537,129.3831131
5643722418,36.0675112,129.3828362
6286283172,36.0675291,129.3826501
9271029029,36.0267415,129.3502778
4635076503,36.0270409,129.3503964
4635076492,36.0280076,129.3509855
4635076493,36.0281957,129.3503916
4635076494,36.0281935,129.3502799
4635076495,36.0278017,129.3499282
4635076496,36.027717,129.3498375
4635076502,36.0276572,129.3497647
4635076497,36.0276263,129.3496111
4635076505,36.0275777,129.3494892
4635076498,36.0275651,129.3494577
4635076499,36.0274316,129.3492816
4635076500,36.0272075,129.350478
4635076501,36.0275862,129.3499052
4635076504,36.0275182,129.3496552
4641836010,36.0674553,129.382558
4635085509,36.0671728,129.3820143
4641836011,36.0670157,129.3815856
4635085510,36.066959,129.3822244
4635085512,36.0666487,129.3824413
4643319827,36.0662809,129.3827809
10692613515,36.0676162,129.3838126
4635085547,36.0675962,129.3832615
4641836007,36.0675132,129.3819573
4635132840,36.0674827,129.3806678
4635085518,36.0674883,129.3794695
4635085519,36.0674535,129.3787214
4635085521,36.0664723,129.3789588
4641836013,36.0664627,129.3793614
4635085522,36.0664665,129.379875
4635085523,36.0665011,129.3802584
4635085527,36.066515,129.3804783
4635085524,36.0665091,129.3807969
4643319837,36.0649521,129.3792299
4635085530,36.0652297,129.3799749
4635085528,36.0653525,129.3803023
4643319828,36.0663427,129.3833692
4643319826,36.0663241,129.38299
4639586350,36.0660209,129.3825449
4643319825,36.0658452,129.3823458
4643319824,36.0656655,129.3820951
4643319823,36.065016,129.3813459
4635085536,36.0645423,129.3808375
4635085533,36.0642535,129.380519
4643319822,36.0641363,129.3803789
4643319820,36.0637923,129.3799766
4635085535,36.0650587,129.3800908
4643319835,36.0649441,129.3802942
8108720650,36.0647724,129.3805058
4635085543,36.0641777,129.3813152
4635085537,36.0638491,129.3818215
3956019765,36.0634022,129.3813355
12304715900,36.0607644,129.3794242
4635144388,36.0610163,129.3786876
4663112402,36.0610932,129.3784415
4635239710,36.0613214,129.3775091
12304715905,36.0614352,129.3770326
8137686120,36.0615331,129.3766128
4756571506,36.0615847,129.3763953
4663112411,36.062299,129.3799236
12304715895,36.0622667,129.3800319
12304715893,36.062101,129.380587
4740327347,36.0620288,129.3808381
4635239716,36.0621953,129.3790772
4635239717,36.0621432,129.3786558
4635239718,36.0621273,129.3785165
4635239719,36.0621074,129.3784342
4635239714,36.0620877,129.3782969
6289559561,36.0684503,129.3730451
4635239473,36.0682223,129.3730274
4635239474,36.0680244,129.3731024
4635239475,36.0677403,129.3732231
4635239476,36.0672701,129.3733976
4635300079,36.066987,129.3734858
4635239477,36.0658478,129.3739572
4635239478,36.0657162,129.3740141
6271705617,36.0655043,129.3740241
6271705616,36.0652286,129.3739936
4658585883,36.064707,129.3738403
4635239483,36.0643739,129.3738105
4635134647,36.0637084,129.376196
4635239481,36.064094,129.3756073
4635239482,36.064196,129.3751338
4658585885,36.064271,129.3745592
4658585839,36.0642878,129.3743841
4635239692,36.0665574,129.3755177
4635239789,36.0672092,129.376301
4635239694,36.068262,129.378737
4635239802,36.0682557,129.3783123
4635239695,36.0682471,129.3778781
4635239781,36.0682702,129.3773298
4635239696,36.0682849,129.3769682
4635239697,36.0682605,129.3767525
4635239698,36.0680836,129.3761651
4635239699,36.0679638,129.3757909
4635239795,36.0675325,129.3759835
6271704383,36.0614285,129.3758283
4635239709,36.0614276,129.3763942
4635156000,36.0627357,129.3785496
13055631358,36.0628215,129.3785258
4635239723,36.0629615,129.3784432
13055631359,36.0629804,129.3782969
4635239726,36.0625451,129.3758282
4635239727,36.0625647,129.3754424
4635239728,36.0628351,129.375202
4635239729,36.0629269,129.3749817
4635239730,36.0629852,129.3746896
4635239731,36.0629517,129.3744824
4635239732,36.0629493,129.3742246
4635239733,36.0630406,129.3735506
4635239739,36.0631468,129.3726824
4635239735,36.063326,129.3714509
4635239742,36.0629317,129.3713742
4635239737,36.0625874,129.3713002
4635239743,36.0627377,129.3726304
4635239738,36.0623675,129.3726052
4635239487,36.0685781,129.374219
4658645840,36.0682917,129.3744027
4635300067,36.0678447,129.3746475
4635239689,36.0674928,129.3748988
4635263747,36.067019,129.375151
14078401220,36.066666,129.3753873
4635239745,36.0655487,129.3766941
4635239748,36.0643742,129.3780659
5877679026,36.0686778,129.3726537
4635300080,36.0680982,129.3725485
4635239813,36.0677607,129.3724139
4635239814,36.067709,129.3724372
4635239815,36.0676358,129.3726902
4635239817,36.0667954,129.3730474
6271705619,36.0667264,129.3730893
4635239818,36.0665879,129.3731514
6271705620,36.0664381,129.3731547
4635239819,36.0662993,129.3731354
4635239820,36.0658072,129.3730373
4635239821,36.065719,129.3736337
4635239825,36.0658731,129.3725611
4635239822,36.0659421,129.3720859
6271705618,36.0662702,129.3726449
4635239826,36.0666139,129.3726952
4635239827,36.0668197,129.3727517
4635263902,36.067732,129.3743874
4635263889,36.0676524,129.374153
4635263964,36.0675513,129.3741035
4635263966,36.0670676,129.3741332
4635263890,36.0669249,129.3741552
4635263897,36.0668006,129.3741755
4635263892,36.0663994,129.3743746
4635263896,36.0664695,129.3745429
4635263893,36.0665404,129.374733
4635263894,36.0669317,129.3745275
4635263895,36.0668608,129.3743417
4635263903,36.0672901,129.3746263
4635263965,36.0671575,129.37434
4635288890,36.0582986,129.3741933
4635288891,36.058349,129.3737564
4635288892,36.0583887,129.3735753
4635288893,36.0581339,129.3735924
4635288894,36.0580843,129.3732883
4635288895,36.0579086,129.3726002
4635286688,36.0580575,129.3741785
4635288899,36.0580261,129.3745742
4635288901,36.0581962,129.3747593
4635288902,36.0585605,129.3745368
4635288903,36.0586194,129.3745055
6155885326,36.058744,129.3743154
4635288904,36.0588247,129.3740206
4635288905,36.0589759,129.3727945
4655045253,36.0590348,129.3725129
4635288907,36.0591219,129.3722642
4635288908,36.0593005,129.3720954
4635288909,36.0594251,129.3719252
4635308992,36.0595151,129.3717507
4738684382,36.0597725,129.3702744
4635300074,36.0680708,129.3752017
4635300066,36.0680142,129.3749934
14039995714,36.0680869,129.3754282
4635300072,36.0681168,129.3754245
4635300071,36.0681441,129.3754092
14039995713,36.0681676,129.3753815
14039995712,36.068182,129.3753454
4635300070,36.0681854,129.3753054
4635300069,36.0681775,129.3752664
14039995711,36.0681596,129.3752335
14039995710,36.0681336,129.3752102
4635300068,36.0681028,129.3751991
14039995709,36.0680399,129.3752187
14039995708,36.0680161,129.3752483
14039995707,36.0680023,129.3752865
4635300064,36.0680005,129.3753282
4635300063,36.0680109,129.375368
4635300075,36.068032,129.3754006
14039995715,36.0680577,129.37542
4635300076,36.0681784,129.3737245
6289559571,36.0681626,129.3737727
6289559570,36.0677113,129.373838
4635300078,36.0670905,129.3738827
4635239823,36.0668822,129.3722165
6271704381,36.0609395,129.3757986
6271704380,36.0609338,129.3754481
6271704379,36.0609813,129.3746522
4635300082,36.0610572,129.3733637
4635300083,36.061056,129.3731144
7176667150,36.0609594,129.3730811
9463069970,36.0606659,129.3729651
4635300989,36.0605948,129.374547
4635300990,36.0603599,129.3758389
9310479890,36.0647046,129.3712362
4635300993,36.0648556,129.3702806
4635301017,36.0653831,129.3680146
8825312830,36.0644806,129.3711238
4635300996,36.0645052,129.37096
4635300997,36.0645327,129.3707821
13953462654,36.0645161,129.3706628
13953462655,36.0644505,129.3705578
4635300998,36.0643748,129.3705103
4635301002,36.0640971,129.370398
13953462659,36.0637768,129.3702503
13953462663,36.0635784,129.3701588
13953462661,36.0633546,129.3700556
13953462682,36.0631771,129.3699737
4635300999,36.0627945,129.3697973
6280676359,36.0621212,129.3701129
6280676358,36.0624021,129.3701784
6280676356,36.0626329,129.3702536
8825312834,36.0627168,129.3700844
4635301004,36.0631179,129.3687512
4635301006,36.0633609,129.3677225
4635301007,36.0640527,129.3679938
4635301014,36.0637387,129.3678561
4635301015,36.0637746,129.3690383
4635301010,36.0635172,129.3698865
4635301011,36.0631534,129.3697649
4635301012,36.0634259,129.3689061
4635301018,36.0657541,129.3680348
6280676371,36.0664208,129.3680886
4635301019,36.0667389,129.3682179
6280676370,36.0677339,129.3685111
4635301020,36.0678891,129.3685084
4658645641,36.0682172,129.3683888
4658645720,36.068527,129.3682548
13953462843,36.0685013,129.3690474
13953462838,36.068428,129.3690304
4658645721,36.0682918,129.3689989
4635301032,36.0680525,129.3690446
4635301033,36.0678796,129.3691626
4635301034,36.067724,129.3693846
13953462851,36.0675536,129.37052
4658645763,36.0675367,129.3706327
9249577877,36.0676927,129.3709699
4635301037,36.0677689,129.3710346
4635301038,36.0680551,129.3710826
13953462857,36.068164,129.3711075
13953462864,36.0682717,129.371132
13953462869,36.068636,129.3712153
13953462874,36.0687055,129.3712311
4635306068,36.0339455,129.36093
4635288896,36.0584057,129.3725265
4635307884,36.0582184,129.3721065
4635307885,36.0582961,129.3715129
4635307886,36.0581043,129.3714821
4635307887,36.0579107,129.3714331
4635307888,36.0578233,129.3721052
4635308989,36.0580175,129.3721598
4635288898,36.0586129,129.3732024
6155885328,36.0584305,129.3732411
6155885329,36.0583862,129.3732782
6155885327,36.0583592,129.373342
4635308993,36.0586075,129.3716109
6155885332,36.0586788,129.3713119
4635308994,36.0587565,129.3711403
4635308995,36.058882,129.3711591
4635308996,36.0590803,129.3711967
4655116072,36.0591231,129.3709417
4635309000,36.0591371,129.3708599
4655116070,36.0591491,129.3707845
4635308997,36.0591701,129.3706512
4635308998,36.058907,129.3705935
4635308999,36.0588328,129.3705823
4635308990,36.0584367,129.3713706
4635309002,36.0583467,129.3712098
4635309007,36.058195,129.371167
4635309003,36.0580903,129.3711432
4635309004,36.0579849,129.3710951
4635309005,36.0580626,129.3705149
4635309006,36.0582688,129.3705403
4635309008,36.0583841,129.3709398
4635309009,36.0584275,129.3705717
4635309010,36.0581705,129.3701864
4635309012,36.0583476,129.3698427
4745497360,36.0583417,129.3698075
4636664267,36.0506588,129.3585649
4636664268,36.0496255,129.3580036
13092314230,36.0496955,129.3578046
13092309128,36.0499914,129.356963
6743435584,36.0500897,129.3566824
13092322921,36.0502959,129.3560787
13092321124,36.0503436,129.3559423
4636664269,36.0504853,129.3555259
13108382559,36.0520899,129.3512186
4636664271,36.0516874,129.3522956
4636664274,36.0519246,129.3524204
6743435581,36.0520065,129.3522078
4636664279,36.0520661,129.3520478
4636664275,36.0521274,129.3518815
4636664276,36.0522132,129.3519263
4636664278,36.0521561,129.3520921
4636664282,36.0521117,129.3522622
4636664226,36.0436044,129.3484523
4636664227,36.0447627,129.3475141
4636664224,36.0445725,129.3472487
4636664284,36.044565,129.3472219
4636664285,36.0434059,129.3481142
4636875449,36.0426198,129.3489407
4636875452,36.0424761,129.3487425
9331381899,36.0424141,129.3486779
4636667702,36.0423133,129.3485728
4740288320,36.0565125,129.3558557
12949883783,36.0565749,129.3559716
9306379025,36.0566093,129.3560321
4636672251,36.05693,129.3566111
4636672252,36.057045,129.3568085
4636672260,36.0580795,129.3581457
4636671928,36.0578618,129.35778
4636673921,36.0591029,129.3587013
4636673922,36.0583679,129.3576889
4636674149,36.0587605,129.3590535
9201335457,36.0584184,129.3585755
7830693605,36.0301075,129.3596369
4636677865,36.0297505,129.3603508
7830693606,36.0294657,129.3608797
4636677869,36.0320005,129.3597478
9350087400,36.0318364,129.36008
9350087402,36.0317834,129.3601873
6203796030,36.0314542,129.3608537
4636677870,36.0310665,129.3616436
5158711974,36.0303158,129.3630255
9350087406,36.0301307,129.3633545
9288127488,36.0299712,129.3636418
4636875451,36.0434154,129.3483918
4636875453,36.0426133,129.3485516
4636875454,36.0429562,129.3483291
11964181498,36.0572205,129.3566663
9198974094,36.0572863,129.356613
4636875471,36.0575054,129.3563199
9198974095,36.0576631,129.3561203
4636875472,36.0578169,129.3560246
4636875473,36.0580464,129.3558759
4636875474,36.0583769,129.3556464
4636875475,36.0585395,129.3555798
4636875476,36.0591324,129.3554801
9198974096,36.0593298,129.3553569
3888146559,36.0594514,129.3551978
9198974097,36.0597026,129.3549391
4636875478,36.0599562,129.3546764
9198974098,36.0602386,129.3545346
4636875479,36.0605252,129.3544208
4636875480,36.0607105,129.3544397
9198974099,36.0609659,129.3543474
4636875481,36.0612569,129.3541227
4636875482,36.0568882,129.3568928
4636875483,36.0565287,129.357161
4636875484,36.0563784,129.3572999
9211989913,36.0557293,129.3577989
4636875485,36.0553189,129.3582986
4636875486,36.0549091,129.3591908
4636878986,36.0586886,129.3591536
4636878987,36.0587182,129.3592656
4636878988,36.0588038,129.3594224
4636878989,36.0589227,129.3595486
4636878991,36.0591268,129.3597691
4636878992,36.0592838,129.359825
4636878993,36.0594282,129.3598261
12855608454,36.0487938,129.3720492
12855608466,36.0489539,129.3720675
12308854827,36.0492487,129.3721202
13055631342,36.0493338,129.3721258
12308854825,36.0494578,129.372134
8137538293,36.0498869,129.3721163
12308854802,36.0501891,129.3721115
4637113851,36.0503898,129.3721567
12855618616,36.0507301,129.3722598
4649126458,36.0392854,129.3694868
4645265872,36.0383089,129.3693474
4645791520,36.0392879,129.3692646
6642305314,36.0389023,129.3691901
4645771647,36.0330748,129.3600201
6284023497,36.0322838,129.361489
5158711983,36.031797,129.3623992
5158711975,36.0311003,129.3637123
4640291322,36.0585151,129.3649482
9705256443,36.0584394,129.3650132
9705256325,36.0580622,129.3653368
4651731427,36.0580597,129.3653389
4640291323,36.0573398,129.3659498
4640291324,36.0568667,129.3642224
4640291325,36.0565122,129.3645078
4640291326,36.0561104,129.3628621
4640291327,36.0557449,129.3631998
4525705483,36.054711,129.3614876
12949898235,36.0548903,129.3614895
12949898233,36.0549776,129.3614905
4640291328,36.0550149,129.3614909
4640291337,36.0552705,129.3614986
4640291329,36.0556212,129.3615638
4640291330,36.0558251,129.361641
9311952562,36.0560038,129.3616936
4640291336,36.0561826,129.3617462
4640291333,36.0554509,129.3627644
12949898206,36.055576,129.3626508
4640291334,36.0558349,129.3624157
4640291335,36.0560553,129.3621773
12949898203,36.0553869,129.3628191
5867016994,36.0551266,129.3630415
5863445618,36.0547841,129.3633254
9311952559,36.0547136,129.3634044
12949898164,36.0547108,129.3634076
4640291338,36.0546657,129.3634581
4640291339,36.0557935,129.3651193
4640291340,36.0550464,129.3637776
9311952563,36.0557556,129.3641371
4640291342,36.0561553,129.3648029
4640291345,36.0547446,129.3595601
4640291343,36.0545512,129.3598651
9211989912,36.0545205,129.3601012
12949898257,36.0545539,129.3609397
4640291344,36.0545583,129.3610515
12949898253,36.0546316,129.3612189
6378700742,36.0546366,129.3612304
4640291346,36.0540317,129.3589834
4640291347,36.0535132,129.3595857
4640291348,36.0535798,129.3612461
6192249718,36.0536832,129.361332
4640291349,36.0534137,129.3614058
12949898152,36.0535152,129.3613082
4658585597,36.0546907,129.3610504
4658585598,36.0553525,129.3610728
4658585599,36.0558836,129.3611862
4640291354,36.0563118,129.3613179
4658585614,36.0570116,129.3616291
4640291352,36.0571134,129.3616847
4640291355,36.0564676,129.3604879
4640291356,36.0588647,129.3685958
5684343423,36.0584821,129.3690824
5684338917,36.0583592,129.3692485
9307356744,36.0583017,129.3693238
1645075280,36.0582006,129.3694737
4740288316,36.0609648,129.3534865
9306379021,36.0609124,129.353198
9198974063,36.0608773,129.3530842
4641177949,36.0608315,129.3529565
4641177871,36.0607585,129.3526611
4641177946,36.0607326,129.3524727
4641119502,36.0606108,129.3506933
4641177872,36.0605477,129.3505753
4641177917,36.0600859,129.3503071
9198974064,36.060694,129.3506772
4641177766,36.0609081,129.3506356
4641174726,36.0609756,129.35305
9215179035,36.060847,129.3526708
4641174727,36.0607584,129.3516976
4641177765,36.0611712,129.3519488
4641174728,36.0610941,129.3516185
9198974072,36.0610229,129.3512286
4641204001,36.0609922,129.3510602
4641177767,36.0610408,129.350623
4641177918,36.0595586,129.3504722
4641259001,36.0595856,129.3505214
4641258183,36.059669,129.350925
4641261716,36.0597363,129.3512509
4641177919,36.0597655,129.3513923
4641177920,36.0595492,129.3514609
9198974044,36.0606708,129.3525351
9198974062,36.0605631,129.3508214
4641187321,36.0613644,129.351664
4641187325,36.0612557,129.3510311
4641187324,36.0612282,129.3509031
4641187322,36.0611787,129.3505901
4641213945,36.0609784,129.3516344
4641213946,36.0610456,129.3519702
4641213947,36.0612159,129.3519295
9215179032,36.0609549,129.3519757
9215179105,36.0609292,129.3516485
9198974070,36.0609174,129.3514982
4641236525,36.0595845,129.3515915
9198974047,36.0595986,129.3516831
4641236526,36.059607,129.3517376
4641258184,36.0597451,129.3509054
4641259002,36.059663,129.3504927
4641261717,36.0598042,129.3512323
4646834107,36.0667846,129.3702405
4646834108,36.0663123,129.3701516
4646834109,36.066265,129.3706525
4646907778,36.0666574,129.3711703
4646907779,36.0662331,129.3710871
4756571518,36.0459239,129.3762342
4701443848,36.0459405,129.3763313
4701443849,36.0459485,129.3763882
9208701551,36.0461186,129.3773724
9208701554,36.0461754,129.3777048
4677674496,36.0464089,129.3790699
6609098659,36.0625321,129.3721836
4655011913,36.0564537,129.3743915
4655011937,36.056445,129.3742939
4655011938,36.0563775,129.3742168
4655142574,36.0563137,129.374162
4655011939,36.0560635,129.3741582
4655011945,36.0561041,129.3739277
5738518431,36.0561137,129.3734456
4655011943,36.0562738,129.3734798
4655011941,36.0564029,129.373489
4655011942,36.0564064,129.3738297
4655011944,36.0562754,129.3737778
4655011946,36.0563695,129.3739295
6280676336,36.0560702,129.373384
4655011947,36.0558358,129.3733861
4655011948,36.055775,129.3735083
4655011954,36.0556661,129.3735096
4655011949,36.0555611,129.373517
4655011950,36.0554306,129.3732719
4655011951,36.0552448,129.3733374
4655011952,36.0552566,129.3729638
4655011953,36.0553473,129.3729533
4655011955,36.0556614,129.3739586
4655011956,36.0555292,129.3739531
4655011957,36.0557709,129.3739699
4655011958,36.0557671,129.3741104
4655011960,36.0555557,129.3738537
12304715910,36.0577443,129.3775876
8124792282,36.0578173,129.3772193
4655045240,36.0578804,129.3769432
4655075819,36.0580481,129.3760698
4655075806,36.0582334,129.3758208
4655045244,36.0584745,129.3755117
4655045245,36.0588396,129.3751608
4655045248,36.0592444,129.3760302
4658402856,36.058722,129.3756551
4655045249,36.0594337,129.3755276
4655045250,36.0593828,129.3754862
4655045251,36.0596357,129.3742326
4655045246,36.0592235,129.3741419
9463069971,36.0603339,129.3728555
7176667148,36.0599399,129.3727465
7176667147,36.0595697,129.3726385
7176667146,36.0592778,129.3725734
4655045255,36.0594488,129.3733807
4655045257,36.0591183,129.37442
5738518432,36.0564672,129.3707362
4655056388,36.0565235,129.3708989
4655056489,36.0565626,129.3711714
9218530148,36.0565046,129.3717503
4655056490,36.0564625,129.3721698
5738437343,36.0542617,129.372061
5738437339,36.0547055,129.3723876
4655056503,36.0547705,129.3724648
4655056493,36.0548757,129.3725631
4655056494,36.0548726,129.3726604
4658585089,36.0548912,129.3727339
4658585101,36.0548912,129.3728255
4655056496,36.0549393,129.3729595
4655056497,36.0550465,129.3731255
4655056499,36.0551365,129.3732339
4655056508,36.0551128,129.373517
4655056523,36.0550281,129.3736999
4655056500,36.0548987,129.3742645
4655056501,36.0548929,129.3744312
4655056506,36.0541003,129.3724037
4675572948,36.0538689,129.3729647
4655056502,36.0535742,129.3736098
4655056510,36.0539088,129.3722838
4655056511,36.0538828,129.3723911
4745497365,36.0535498,129.3727429
4655056512,36.0534021,129.3728853
4655056513,36.053358,129.3728845
4655056515,36.0534231,129.3730831
4655056516,36.0554216,129.3742319
4655056517,36.0555407,129.3742873
4655056519,36.055701,129.3743967
4655062525,36.0549376,129.3721915
6430801151,36.0572923,129.3743501
4655075820,36.0571373,129.3749868
4655075816,36.0571167,129.3750717
4655075803,36.0569725,129.3756639
5235049716,36.0567658,129.3765132
8124792283,36.0566915,129.3768183
4756570989,36.056616,129.3771285
4655126956,36.0549357,129.3747544
4655075802,36.0549245,129.3750304
4655075804,36.0557925,129.3752189
4655126943,36.0557625,129.3752719
4655075809,36.0555249,129.3760608
9463031411,36.0554204,129.376681
4658402861,36.058149,129.3775014
4740327358,36.0580793,129.3777792
4655075812,36.0554963,129.3744199
4655075818,36.0555063,129.3748304
4655075813,36.0554999,129.3748793
4655075814,36.0556516,129.3749924
4655075815,36.0558316,129.3750415
4655075817,36.0561914,129.3747921
8124792720,36.0575078,129.3758504
8124792719,36.0576826,129.3751816
4655075821,36.0534581,129.3737097
4655075822,36.053249,129.373725
4655075823,36.0530581,129.3737679
12304715963,36.0527125,129.3740192
4655116060,36.0582005,129.3727483
4655116061,36.0582581,129.3730219
4655116071,36.0589849,129.3707506
4655116073,36.0589716,129.3709065
4655116074,36.0589212,129.3708417
4655116075,36.0579346,129.3711449
4655116076,36.0579075,129.3713147
4655116078,36.0585664,129.3717811
4655116081,36.0584951,129.3722769
4655116077,36.0584672,129.3723897
4655116079,36.0589315,129.3718444
4655116080,36.0588592,129.3723285
4658402908,36.0546884,129.3749453
4655126957,36.0545518,129.3747833
4655126955,36.0539996,129.3744358
4655126958,36.0544803,129.3741754
4655126960,36.0554466,129.3748352
9249585236,36.0552678,129.3748396
4655126961,36.0551003,129.374886
9249585230,36.0536257,129.3736597
4655127611,36.0533364,129.3746642
12304715960,36.0530331,129.3747759
12315455319,36.0526681,129.3729807
4658402953,36.0525536,129.3729023
4658402957,36.0519645,129.3724036
6051111554,36.021689,129.3621645
4740549432,36.0608225,129.3794807
4658402846,36.0606838,129.3799619
4658402887,36.0548059,129.3750893
4658402888,36.0546653,129.3750632
4658402889,36.0545505,129.375398
4658402890,36.0543656,129.3754283
12304715942,36.0542334,129.3759885
4740525295,36.0541634,129.3762048
4658402892,36.0535735,129.3743266
4658402893,36.0540236,129.3751337
4658402894,36.0539321,129.3753314
4658402895,36.0542374,129.3755218
4658402896,36.0537553,129.3749006
9249585229,36.053667,129.3748986
4658402897,36.0534803,129.3747507
4658402898,36.0546931,129.3755589
4658402899,36.0546257,129.3757784
4658402900,36.0550578,129.3759342
4658402901,36.0550973,129.3757316
4658402954,36.052795,129.3726022
4658402955,36.0525169,129.3721001
4658402956,36.0523626,129.3717635
4658402968,36.052095,129.3721882
4658402958,36.0521202,129.3715309
4658402961,36.0517121,129.371177
4658402959,36.0511246,129.3706315
4658585126,36.0513301,129.3697533
4658402970,36.05146,129.3714327
4658402962,36.051347,129.3715488
12315455329,36.0512541,129.3716517
12315455330,36.0511869,129.3717349
12315455331,36.051111,129.3718422
11696387663,36.0520048,129.3720737
11696387662,36.0519365,129.3719624
4658402969,36.0518083,129.3718119
11696387661,36.0516156,129.3715802
4658402971,36.0511769,129.3712253
4658402972,36.0509155,129.3707775
4658585130,36.0506867,129.3703415
4658585131,36.0505532,129.3699293
4658585094,36.0551882,129.3728412
4658585095,36.0550045,129.3728214
4658585099,36.0549275,129.372715
4658585100,36.0549161,129.3728224
4658585642,36.0503635,129.3699723
4658585127,36.0516687,129.3697274
9249585231,36.0520671,129.3696892
11696387653,36.052289,129.3696556
4658585128,36.0523128,129.369652
13072994535,36.0525908,129.369601
11696387664,36.0528928,129.3695457
4658585129,36.0534679,129.369393
9342203982,36.0499284,129.3690999
4658585644,36.0502439,129.3689259
4658585139,36.0504291,129.3688303
9342203983,36.0504779,129.3687952
4658585648,36.050601,129.3687066
4658585140,36.0508497,129.3684977
6132178408,36.0478762,129.3667504
4658585302,36.0494834,129.3646357
4658585303,36.0495533,129.3653969
6132178381,36.0495533,129.365531
4658585304,36.0495358,129.3655805
12855480855,36.0493313,129.3656406
4658585305,36.049157,129.3656927
1645075252,36.0489924,129.3643864
13671609571,36.0491395,129.3644747
4658585301,36.0498184,129.3648236
4658585332,36.0498116,129.3641344
4658585307,36.0500528,129.3641
4658585333,36.0503372,129.3640927
4658585334,36.0506277,129.3640154
4658585346,36.0512067,129.3637532
9271029085,36.0513703,129.3637365
8825335928,36.0518153,129.363691
9463070008,36.0519913,129.3636342
4658585335,36.0523875,129.3635064
4658585341,36.0516069,129.3628705
4658585344,36.0509931,129.3631264
4658585343,36.0495842,129.3637928
13671609577,36.0490872,129.3639256
4658585345,36.051043,129.363283
4738791222,36.0530099,129.3607553
4736456625,36.0529456,129.3605234
4736456624,36.0529011,129.3603509
12949883797,36.052898,129.3603107
9198974091,36.0528935,129.360252
4736456622,36.0529001,129.3601505
4740288303,36.0529689,129.3599474
4658585427,36.0503695,129.359386
11964192970,36.0501199,129.3600293
4658585440,36.0500178,129.3602944
4658585428,36.0495831,129.3615106
4658585443,36.0493879,129.3621435
13947240097,36.049369,129.3622568
4658585438,36.0505562,129.3604483
4658585439,36.0502627,129.3604175
4740299290,36.0505231,129.3618028
4658585442,36.0497785,129.3619109
4658585643,36.0504825,129.3697585
4658585645,36.0508325,129.3696836
4658585646,36.0505811,129.3690518
4658585647,36.0507217,129.3689511
4658585653,36.0499312,129.3700101
5867017048,36.0497012,129.3700796
4658585655,36.0495894,129.3701326
12855618617,36.0493187,129.3702785
4658585654,36.0492232,129.3703143
4658585721,36.0426249,129.3685946
4658585724,36.042103,129.3685676
4658585722,36.0419294,129.3685495
4658585725,36.0419389,129.3686752
4658585726,36.041633,129.3688363
4658585727,36.0425968,129.3688965
4658585728,36.0423195,129.3688923
4658585729,36.0420028,129.3689857
4658585730,36.0416132,129.3690448
4736970033,36.0328399,129.3664941
4658585762,36.0329391,129.367053
9463031381,36.0330274,129.3676587
4658585743,36.0330498,129.3678128
9463031382,36.0331103,129.3681124
4658585747,36.0331396,129.3682573
4658585733,36.0332978,129.3694038
4658585731,36.0333813,129.3701103
12112535272,36.0334246,129.3702846
9310043676,36.0334866,129.3705338
4658585735,36.0366749,129.3683959
6203796022,36.0298585,129.3585282
4636677864,36.0304403,129.3589971
4636677138,36.0307052,129.3592729
6203796013,36.0308023,129.3593811
4636677137,36.0309807,129.3594987
6203796006,36.0312898,129.3596468
6280676305,36.0314458,129.3596947
6203796007,36.0315905,129.3597154
9544079197,36.0316912,129.3597234
6280676300,36.0325842,129.3598585
4636677136,36.0328165,129.3598853
4636677135,36.0329632,129.3599291
6203796032,36.0335016,129.3605029
9196750654,36.0343104,129.3612959
4635306067,36.0344226,129.3614133
6203796033,36.0349145,129.3620232
4740468292,36.0350461,129.3622565
4658585738,36.0362319,129.3663111
4740710059,36.0353913,129.3652605
6351635656,36.0355472,129.3659846
6351635662,36.0356702,129.3665558
6351635666,36.0358019,129.3671677
6351635672,36.0358959,129.3676039
6351635676,36.0359815,129.3680013
4658585740,36.0361023,129.3685623
4658585748,36.0334775,129.3672306
4658585754,36.0339972,129.3665873
6351635680,36.0344343,129.3660279
4658585742,36.034892,129.36543
6351635663,36.0345135,129.3668531
9382960832,36.0345813,129.3674245
4658585746,36.0346367,129.3678914
9382960833,36.034691,129.3684635
4658585744,36.0347402,129.3689824
6351635674,36.0351165,129.3677931
4658585749,36.0340985,129.3680194
4658585750,36.0343334,129.3690996
9382960829,36.0344504,129.3694205
4658585751,36.0347935,129.3703621
4658585752,36.0337934,129.3692403
4658585753,36.0342312,129.3705562
4740710039,36.0335236,129.3658755
4658585756,36.034702,129.3653853
9350087389,36.0342546,129.3649742
4656644595,36.0357495,129.3644614
5158711987,36.0353206,129.3644511
9290335180,36.0352058,129.3644083
9290335181,36.0351057,129.3643709
5158711988,36.0350695,129.3643574
5158711986,36.0348749,129.3642829
6351635652,36.034747,129.36422
4656644597,36.0345545,129.3641988
9350087387,36.0343325,129.3640716
9463031380,36.0329103,129.3679857
4658585760,36.0323312,129.3687036
4658585783,36.0321655,129.3689061
9201335486,36.031996,129.3691413
13989496957,36.0316823,129.3695841
13952032105,36.031623,129.3696678
13952030395,36.0315238,129.3697481
4740710036,36.0318869,129.3663062
4658585764,36.0319488,129.3668829
4658585761,36.0320171,129.3674643
4658585759,36.0320051,129.3679515
9269459902,36.0320467,129.3682501
4658585763,36.0323564,129.3668678
4658585765,36.0315852,129.3669306
9201335481,36.0312182,129.3669987
13952032112,36.0306242,129.3671741
4658585768,36.0302786,129.3672762
4675616024,36.0293995,129.3674355
4740710067,36.030186,129.3667343
4658585769,36.0303047,129.3678589
13952030398,36.029943,129.3690183
4658585780,36.0294973,129.368043
13952030400,36.0293347,129.3687668
4658585784,36.0327952,129.3698115
13952032102,36.0322875,129.3702726
13952030394,36.0322175,129.370331
4673408953,36.0314152,129.3705468
4674358997,36.0308102,129.3706969
4673367888,36.0299197,129.3709182
13989496950,36.0314631,129.369795
4680086110,36.0314109,129.3698429
4658585787,36.0312897,129.3699042
4670385003,36.0307048,129.3700547
4670385004,36.029817,129.3702673
4658585791,36.0293519,129.3703884
4670385006,36.0296854,129.3695633
4670385005,36.0292502,129.3696937
13952032101,36.0290648,129.3687717
13952030399,36.0295855,129.3689756
4673449999,36.0300558,129.3716044
13952030397,36.0306086,129.3693837
4673526643,36.0309483,129.3713922
4658585798,36.0315332,129.3712309
4673378044,36.0346678,129.3745026
4674375204,36.0345993,129.3738403
4674375205,36.034535,129.373162
4658585809,36.0344782,129.3725465
4658585829,36.0344237,129.3719095
3956007606,36.0343572,129.371172
4670431208,36.0356937,129.3742784
4670431209,36.0356011,129.3736276
4658585802,36.0354958,129.3729463
4670431211,36.0354545,129.3726373
4677735359,36.0354085,129.3723295
4673379679,36.035325,129.3717109
12438050003,36.0353072,129.3715876
3956007609,36.035226,129.371026
12327752181,36.0367469,129.374346
4670425242,36.036706,129.3740553
4670425240,36.0366149,129.373396
12327752185,36.0365609,129.3730457
4670425239,36.0365114,129.3727242
4658585825,36.036469,129.3724118
4675617023,36.0364264,129.3721167
12327752189,36.0363949,129.3718727
4658585828,36.0363392,129.3714962
12438050002,36.0363237,129.3713844
12327752194,36.0362516,129.370866
4658585806,36.0385542,129.3720774
4658585807,36.0380307,129.3720955
12438050030,36.037943,129.3720845
4658585811,36.0373795,129.3720141
4658585808,36.0371467,129.3719725
12327752187,36.0370907,129.3719674
12327752188,36.037041,129.3719755
4677735363,36.0369653,129.3719971
12327752191,36.0368381,129.3720253
4677735360,36.0359127,129.3722262
12327802121,36.0357223,129.3722652
4658585827,36.0347248,129.3724911
4677735354,36.0342472,129.3725286
4658585810,36.033853,129.3724216
4670425243,36.0376454,129.3738434
12327802103,36.037598,129.3735175
4670298521,36.0375504,129.3731902
12327802105,36.0375062,129.3728859
12327802107,36.0374628,129.3725876
4658585819,36.0374536,129.3725242
4658585823,36.0374073,129.3722057
4670425241,36.0387728,129.3735901
4658585817,36.0386791,129.3729418
4658585815,36.0398173,129.3733759
4677735365,36.0391476,129.3735104
12327802109,36.037164,129.373952
12327752183,36.0370306,129.3739821
4658585816,36.0335366,129.374751
4658585822,36.0370763,129.373295
4658585818,36.0336242,129.3740474
4658585821,36.0369781,129.372624
4658585820,36.0337259,129.3733319
4677735356,36.0359614,129.3725274
4658585826,36.0347634,129.3727936
12327802124,36.0360823,129.3715506
12327802120,36.0356415,129.3716439
4658585884,36.0646134,129.3745716
4740549438,36.0632941,129.3822101
9332184003,36.0634994,129.3826735
9310065455,36.0636845,129.3831069
4663112390,36.0638503,129.3834674
4658645650,36.0657824,129.3705291
4658645654,36.0657227,129.3710423
4658645651,36.0656933,129.3712314
4658645652,36.065922,129.3712743
4658645653,36.065949,129.3710981
4658645655,36.0655055,129.3699063
4658645656,36.0652982,129.3698699
13953462685,36.0652681,129.370067
13953462687,36.0652522,129.3701714
4675563359,36.0652223,129.3703669
4658645657,36.0651096,129.3711086
4658645658,36.0648973,129.3710765
4658645659,36.0644415,129.3701435
4658645660,36.064531,129.3695411
9249585232,36.0642907,129.370044
4658645661,36.0643093,129.3699111
4658645662,36.06437,129.3695096
4658645663,36.064061,129.3698504
4658645664,36.0641152,129.3694786
4658645854,36.0682204,129.3756139
4658645855,36.0682963,129.3755763
4658645856,36.0681271,129.3756756
4658645862,36.0687055,129.3749804
4658645881,36.0683584,129.3751645
4658645880,36.0682245,129.3752434
4658645867,36.0686389,129.3748148
4658645866,36.0683727,129.3749775
4658645870,36.0685393,129.3752861
13432283978,36.0685392,129.375262
13432283979,36.06855,129.3752382
4663112397,36.0608746,129.3804441
12304715828,36.0609315,129.3804934
12304715827,36.0609967,129.3805366
12304715826,36.0610532,129.3805641
4663112398,36.0611151,129.3805825
4740549437,36.0611801,129.3805868
12304715825,36.0612564,129.3805773
12304715824,36.0613229,129.3805515
12304715823,36.061372,129.3805181
4663112399,36.0614175,129.3804779
4663112400,36.0614704,129.3804188
4740327349,36.0615571,129.380292
4663562462,36.0331522,129.3722726
4663562453,36.032624,129.3721479
4663562461,36.0324485,129.3748178
4663562459,36.0323575,129.3741984
4677735203,36.0323009,129.3738128
4677735200,36.0322607,129.3735117
4677735204,36.0322194,129.3732125
4663562457,36.0321601,129.372838
12358246775,36.032136,129.3727102
4663562454,36.0320925,129.3725118
4663562456,36.0337477,129.3731674
4674375203,36.0330554,129.3730127
4663562458,36.033643,129.373907
4663562463,36.0328971,129.3740891
4663562460,36.0335588,129.3745797
4663562468,36.0304903,129.3752487
4663562469,36.0303995,129.3746261
4677735199,36.03035,129.3742867
4677674344,36.0303024,129.3739605
4677674345,36.0302691,129.3737321
4673430371,36.0314591,129.375041
4674375202,36.0313749,129.3744121
4677735198,36.0313206,129.3740509
4674375201,36.0312668,129.3737083
3956007600,36.0311711,129.3731183
12438049993,36.0312866,129.375078
12438049984,36.0312547,129.3744385
12438049986,36.0311113,129.3744699
12438049988,36.0309842,129.3744978
4677735201,36.0317883,129.3736015
4663562615,36.0584815,129.372492
4663562616,36.0586185,129.3729873
4663562617,36.0552116,129.3733718
4663562618,36.0551551,129.373545
4663562619,36.0551729,129.3739704
4677674177,36.0216544,129.3751556
4677674178,36.0221094,129.3754909
4677674162,36.0224096,129.3743213
4677674175,36.0227275,129.374648
4677674179,36.0229641,129.3749055
4677674180,36.0227796,129.3734784
4677674167,36.0231524,129.3760167
4677674169,36.0233095,129.3761253
4677674170,36.0234345,129.3761933
4677674171,36.023826,129.3763844
4677674184,36.0226374,129.3753316
4677674174,36.0223925,129.3756596
4677674173,36.0231117,129.3760806
4677674181,36.0236183,129.3750978
4677674182,36.0230183,129.3752603
4677674183,36.0236735,129.375427
4677674166,36.0230544,129.3756027
4677674302,36.0247441,129.3729871
4677753700,36.0246325,129.3722787
4677753698,36.0245242,129.3716551
4677674303,36.0243993,129.3709358
4677674304,36.0241777,129.3696592
4677753690,36.024064,129.3690044
4740711573,36.0239618,129.3683693
4677674305,36.0248226,129.3734849
4677674319,36.0240525,129.3736849
4677674306,36.023412,129.3738753
4677674307,36.024885,129.3738239
4677674320,36.0240933,129.3740724
4677674308,36.0234683,129.3742214
4677674309,36.0249371,129.3741904
4677674321,36.0241435,129.3744365
4677674310,36.0235261,129.3745948
4677674311,36.0250083,129.3745105
4677674322,36.0241834,129.3747663
4677674312,36.0235811,129.3749256
4677674313,36.02526,129.3758394
4677674327,36.0248371,129.3759727
4677674314,36.0244265,129.3760663
4677674315,36.0251355,129.3751864
4677674326,36.0247164,129.3753042
4696270465,36.0243231,129.3754246
4677674316,36.0237117,129.375578
4677674317,36.0250738,129.3748349
4677674323,36.024244,129.3750764
4677674318,36.0236453,129.3752465
4677674330,36.0247867,129.3756419
4677674332,36.0249046,129.3762916
4677674328,36.0249572,129.3765689
4677674329,36.0252017,129.3755293
4677674331,36.0243797,129.3757387
4677674333,36.0244816,129.3764052
4677674334,36.0243855,129.3758109
4677674335,36.0237844,129.3759818
4677674336,36.0244489,129.3761642
4677674337,36.0238237,129.3763227
4677674338,36.0244949,129.3765376
4677674339,36.0238844,129.3766934
4658585795,36.0292477,129.3730433
4736692044,36.0293956,129.3740224
4677614573,36.0297612,129.3767037
4677614571,36.0298103,129.3770334
4677614575,36.0298602,129.3773716
4677614547,36.0299123,129.3777354
4677735242,36.0299622,129.3781131
4677614577,36.0300168,129.3785014
4677614551,36.0300726,129.3788868
4677614581,36.030128,129.3792532
4677614583,36.0301785,129.3795977
4677614579,36.0302289,129.3799622
6647012025,36.0303388,129.3807546
4677674367,36.0256792,129.3750308
4677674371,36.0257185,129.375229
4677674370,36.025755,129.3754003
4677674374,36.0257963,129.3755938
4677674376,36.0258309,129.3757562
4677674368,36.025868,129.3759398
4677674372,36.0253904,129.3753319
4677674373,36.0254403,129.3755036
4677674375,36.025475,129.3756887
4677674377,36.0255032,129.375863
4677674386,36.027182,129.3746139
4677674388,36.027249,129.3748241
5533769704,36.0272691,129.3749363
4677674389,36.0272325,129.3750203
4677674362,36.0263478,129.3756132
4663562488,36.0281199,129.3767083
4677614562,36.0276116,129.3770083
12438049939,36.0274843,129.377096
4677614526,36.0271776,129.3773184
12438049931,36.0268521,129.3775259
4677614527,36.0266837,129.3776384
4677614533,36.0263036,129.377887
3956007573,36.0258149,129.3782361
4677614550,36.0268133,129.3783938
4677614528,36.026857,129.3788127
3956007574,36.0258349,129.3767603
4677614558,36.0260731,129.3773831
3956007577,36.0266094,129.376236
4677614557,36.0268779,129.3768143
9213081691,36.0271908,129.3774059
4677614563,36.0273105,129.3782899
12438050068,36.0273382,129.3785057
4677614564,36.0274183,129.379131
4677614549,36.0283257,129.3780746
4677614586,36.0283766,129.3784318
4677614552,36.028491,129.3792198
4677614543,36.0285613,129.3797802
4677614545,36.0290928,129.3764733
4677614574,36.02919,129.3768227
4677614572,36.0292361,129.3771625
4677614576,36.0292856,129.3775012
4677614548,36.0293347,129.3778585
12381266329,36.0293862,129.378205
4677614578,36.0294527,129.3786532
4677614553,36.0295062,129.3790085
12438049896,36.0295373,129.3792439
4677614582,36.0295534,129.3793652
4677614584,36.0296017,129.3797212
12381266314,36.0296243,129.3798757
4677614580,36.0296544,129.3800808
3956007586,36.0297197,129.3805818
12438049892,36.0291805,129.3778966
12438049894,36.0289912,129.3779434
4677614567,36.0288312,129.377983
12438049887,36.028167,129.3781076
12438049890,36.0280211,129.3781379
4677614561,36.0278147,129.3781808
12438049933,36.0270552,129.3783432
4677614566,36.0290046,129.3791161
4677614554,36.0295347,129.3750297
12438049967,36.0290768,129.3753421
12438049965,36.0289403,129.3754352
4677614555,36.028725,129.375582
4677614587,36.028448,129.3757625
4677681889,36.0281401,129.3759659
4677614556,36.0278819,129.3761563
12438049946,36.0275033,129.3764057
12438049948,36.0273588,129.3765009
12438049952,36.02708,129.3766846
12438049977,36.0266999,129.3769401
12438049975,36.0265299,129.3770602
12438050061,36.0258448,129.377538
12438050065,36.0254985,129.377773
3956007572,36.0252798,129.3779214
4677614560,36.027994,129.3794624
4677614585,36.0288842,129.3783291
12381266312,36.0299378,129.3800223
12381266313,36.0297072,129.3800699
4677614588,36.0287448,129.3765339
4677681890,36.0284382,129.3766158
4677735206,36.0318304,129.3739271
4677735205,36.0314489,129.3733812
3054151399,36.0333864,129.3769619
4677735212,36.0327695,129.3771061
4677735247,36.0323163,129.3771988
4677735209,36.031793,129.377322
4677735218,36.0308154,129.3775274
4677735213,36.0329433,129.3782672
12438049906,36.0328438,129.3782891
12438050050,36.0327052,129.3783196
12438050052,36.0325471,129.3783543
4677735210,36.0319665,129.378482
4677735219,36.030992,129.3786964
4677735244,36.0317009,129.3767129
4677735249,36.0318742,129.3778816
12438049904,36.0319245,129.3782086
4677735216,36.0320405,129.3790237
4677735211,36.0320915,129.3793773
4677735243,36.0326798,129.3764881
4677735248,36.0328566,129.3776822
4677735214,36.033025,129.3787994
4677735220,36.031073,129.3792275
4677735221,36.0312149,129.3801825
4677735223,36.0312343,129.3803075
12381251682,36.0312554,129.3804223
12381251683,36.0312754,129.3804895
12381251684,36.0313012,129.3805603
12381251685,36.03145,129.3808895
12381251687,36.0316805,129.3814007
12381251686,36.0317276,129.3815053
4677735231,36.0304418,129.3776125
4677735241,36.0304969,129.378
4677735239,36.0305523,129.3783888
4677735232,36.0306078,129.3787754
12438049903,36.0307401,129.3797086
4677735235,36.030759,129.3798423
4677735233,36.0308848,129.3807262
4677735226,36.0310441,129.38106
9211959809,36.0311536,129.3812879
9211959810,36.0311827,129.3813436
9211959811,36.0312136,129.3813865
9211964418,36.0313738,129.3815364
9211959812,36.0314877,129.3816486
9211959813,36.0318338,129.3819328
4677735234,36.0309752,129.3797982
4677735237,36.0305885,129.3798804
4677735236,36.0304703,129.3790587
4677735238,36.0306879,129.3805906
4677735246,36.0322272,129.3765952
12438050059,36.0313606,129.376791
12438050057,36.0311871,129.3768309
4677735245,36.0307308,129.3769356
4677735250,36.0309016,129.3780994
4677735253,36.0329755,129.3795032
4677735254,36.0336736,129.3790278
4677735255,36.0339594,129.3788884
3054151401,36.0342911,129.3798271
4677735256,36.0337753,129.3801025
4677735263,36.0314117,129.382311
4677735264,36.0316463,129.3820971
12318709189,36.0319415,129.3818312
12318709187,36.0320519,129.3817392
12318709188,36.0322808,129.3815773
4677735262,36.0324645,129.3814364
4677735261,36.0328085,129.3811632
4677735258,36.0329311,129.3810732
4677735257,36.0343859,129.3800667
4677735267,36.0312669,129.3812506
4677735268,36.0312409,129.3811619
4677735271,36.031192,129.3808926
9342272155,36.0348185,129.379626
12318709161,36.0349213,129.3795813
4677735293,36.0350165,129.3795282
4677735295,36.0354024,129.379293
12318709158,36.0364173,129.3786782
4677735296,36.037162,129.3782245
12318709150,36.0374363,129.3780534
12318709144,36.0386057,129.3773461
12318709143,36.0386741,129.3773061
12318709142,36.0387232,129.3772906
12318709141,36.0387724,129.377286
12318709140,36.0389492,129.3772805
12318709139,36.0390155,129.3772755
12318709138,36.0390745,129.377263
4677735297,36.0391408,129.3772392
12318709137,36.039331,129.377153
12318709136,36.0394017,129.3771206
12318709135,36.0394745,129.37708
4677735299,36.0395415,129.3770353
12318709134,36.0396006,129.3769849
12318709133,36.0397039,129.376892
4677735300,36.0397828,129.3768215
4740205165,36.0400116,129.3766101
4677735313,36.0347712,129.3759639
4677735309,36.034923,129.3770779
4677735307,36.0349695,129.3773967
4677735308,36.0354105,129.3769864
12438050037,36.0347837,129.3771096
12438050039,36.0346161,129.3771479
12438050041,36.0344507,129.3771856
12438050036,36.0342844,129.3772235
4677735310,36.0342627,129.3772284
4677735311,36.03409,129.3772671
12358010034,36.0338131,129.3773296
4677735312,36.0334904,129.3774026
4677735324,36.0352604,129.3758574
4677735314,36.0359039,129.3757022
4677735315,36.0369125,129.3754624
12438050008,36.037547,129.3753343
4677735316,36.0378504,129.375273
4677735318,36.0389845,129.3750217
4740205162,36.0398915,129.374827
12315455251,36.0390225,129.3752726
12438050012,36.0378798,129.375473
12438050014,36.0379047,129.3756432
12315455287,36.0379211,129.3757548
12315455288,36.0379211,129.3757853
12315455289,36.0379145,129.3758076
6200369422,36.0378964,129.3758239
4677735322,36.0369984,129.3760247
4677735323,36.0370476,129.3763472
4677735325,36.0354285,129.37719
4677735326,36.0355384,129.3772631
4677735327,36.0354364,129.3772831
4677735328,36.0352057,129.3773946
4677735329,36.0348963,129.3776391
4677735330,36.0348031,129.377734
9211885489,36.0345217,129.3778915
9211885490,36.0344401,129.3779454
4677735331,36.0343599,129.3779038
4677735332,36.0342269,129.3779347
4677735333,36.0339566,129.3780596
4677735334,36.0337321,129.3781712
12327802113,36.0358318,129.375213
4677735319,36.0359837,129.3762464
4677735320,36.0360287,129.3765923
12327802111,36.0360474,129.3766449
12327802112,36.0360742,129.3766872
4677735335,36.0364132,129.3770515
9342272154,36.0353656,129.3791461
4677735336,36.0353595,129.3790025
4677735337,36.0353947,129.3786937
4677735338,36.0355096,129.378459
4677735339,36.035622,129.3782845
4677735340,36.0369914,129.378001
12318709156,36.03695,129.3779499
9342234772,36.0369,129.377871
4677735341,36.0368515,129.3777729
4677735342,36.0367544,129.3775561
4677735343,36.0367082,129.3774654
4677735344,36.0366617,129.3773752
12318709157,36.0366038,129.3772802
9211885491,36.0371777,129.3765523
4677735345,36.0372568,129.3765911
4677735346,36.0366278,129.3769444
4677735347,36.0368468,129.3768028
4677735348,36.0370673,129.3766797
4677735349,36.0375198,129.3765667
4677735350,36.0377887,129.3766703
12327752180,36.0378459,129.376646
12327752179,36.0378738,129.3766232
12327752178,36.0378875,129.3765903
12327752177,36.0378861,129.3765598
12327752176,36.0377287,129.3760034
12327752175,36.0377346,129.3759595
4677735351,36.0377521,129.3759281
3956007613,36.0370583,129.3710821
4677735368,36.0392322,129.3728819
12315451688,36.0392804,129.3725236
4677735366,36.0393203,129.3722266
4677735367,36.0398623,129.3730049
4677735373,36.0402901,129.3739821
12313953890,36.0403893,129.3732319
12313953897,36.0404011,129.3731411
12313953887,36.0404341,129.3728869
12313953894,36.040451,129.3727636
4677735375,36.0407589,129.3738912
12313953896,36.0408404,129.3732304
12313953893,36.0408951,129.3728509
4677735378,36.0412737,129.3737753
4677735387,36.0478734,129.3737217
4677735379,36.0494091,129.3741819
7644909351,36.0494763,129.3742168
7644909350,36.0495153,129.3742704
7644909349,36.0495392,129.3743268
4677735380,36.0496718,129.3750847
13515947115,36.0496701,129.3751143
13515947116,36.0496422,129.3751367
13515947110,36.049014,129.3753002
4677735381,36.0486679,129.3763211
4677735382,36.0485895,129.3757648
4677735383,36.0476165,129.3758166
4677735384,36.0477451,129.3764989
4677735385,36.046966,129.3766945
4677735386,36.0459706,129.3733381
9342234736,36.0471318,129.3735722
9352495877,36.0477924,129.3737054
4677752980,36.0216702,129.3716745
4677752985,36.0222894,129.3715006
4677752952,36.0229838,129.3713426
4677752981,36.0219173,129.3730257
4677752986,36.0224986,129.3728519
4677752953,36.0232014,129.3726624
4677752984,36.0220716,129.3702366
4677752983,36.0219773,129.3695833
4677752982,36.0220177,129.3736746
9349888777,36.0222135,129.3710599
4677753695,36.025142,129.3687549
4677753692,36.0262112,129.36845
4677753693,36.0252529,129.3693962
4677753703,36.0247032,129.3695618
4677753701,36.0235081,129.3698347
4677753702,36.0237404,129.3711158
4677753704,36.0249398,129.3708267
4677753694,36.0254979,129.3706851
4677674357,36.0257827,129.3726881
4677753697,36.0257312,129.3719834
4677753696,36.0256257,129.3713737
4740710035,36.0250773,129.3680686
4677753699,36.023104,129.3720121
4691437292,36.0267552,129.371703
4677753706,36.027828,129.3714642
4677753707,36.027713,129.3708354
4698269954,36.0266558,129.3710763
4677753724,36.0261443,129.3712239
4677753723,36.0260107,129.3705214
4691434353,36.0265375,129.3703837
4677753717,36.0270813,129.370252
4677753708,36.027591,129.3701328
4677753721,36.0281378,129.3699937
4677674353,36.0279125,129.3721285
4677753709,36.0273647,129.3688346
4677753719,36.0272599,129.368175
4740710069,36.0271603,129.3675355
4677753718,36.0268113,129.3689635
4677753720,36.0279094,129.3687065
4677753722,36.0257949,129.3692148
4677753725,36.0259051,129.369849
4677753714,36.0264277,129.3697006
6284023521,36.0291668,129.3660951
4675613901,36.0300572,129.365871
5158711973,36.0310631,129.3656609
4677788819,36.0248723,129.3679843
4677788818,36.0253656,129.3670488
4677788835,36.0260143,129.3658785
4677788827,36.0263338,129.3652575
4677788846,36.0266233,129.3646316
4677788845,36.0271921,129.3636176
13952032189,36.0274709,129.3632188
4677788821,36.0261027,129.3668661
4677788825,36.026798,129.365581
4677788823,36.0271801,129.3648734
13952032188,36.0276268,129.3640613
4677788824,36.0274717,129.3664927
4677788826,36.0269977,129.366605
4677753710,36.0271057,129.367437
4677788829,36.0262296,129.3676615
4677788862,36.0242919,129.3661576
5158711967,36.0240169,129.3659428
4677788851,36.0232388,129.365335
6282828794,36.0226644,129.3648853
4677788831,36.0225989,129.3648354
4677788860,36.0225054,129.3647921
4684338415,36.0224493,129.3647644
4677788833,36.0223429,129.3647818
4677788834,36.0218811,129.3649124
4677788863,36.024934,129.364975
4677788852,36.0238722,129.3641467
6282828793,36.0232953,129.3636981
4677788857,36.0227665,129.3632848
4677788837,36.0221836,129.3628378
4677788843,36.0239947,129.3609698
4677788854,36.0250787,129.3618831
4677788865,36.0261445,129.3627397
4677788864,36.0255719,129.3638176
4677788853,36.0245035,129.3629622
6282828792,36.0239605,129.3625276
4677788856,36.0234036,129.3620819
4677788848,36.0227954,129.3615952
4677788859,36.0227431,129.3662651
6282828796,36.0247818,129.3624402
6282828795,36.0236995,129.3615375
4677788858,36.0223839,129.3639973
4677788832,36.0224853,129.3647346
5158711965,36.0245155,129.3657457
6282828797,36.0258558,129.3632832
13989496880,36.0267086,129.3615614
9345075804,36.0215599,129.3529554
5533858099,36.0216144,129.3529996
4696281412,36.0258561,129.3732206
4691448553,36.0259161,129.3735629
4680086101,36.025954,129.373913
4696278659,36.0260399,129.3742294
4680086105,36.0261425,129.374538
4698275678,36.0262028,129.3748609
4680086106,36.0262691,129.3752475
4680086095,36.0245422,129.376836
4680086096,36.0269875,129.3732692
4680086097,36.0270951,129.3739508
8341384636,36.0286007,129.372824
13989496980,36.029117,129.372682
4686037055,36.029193,129.3726617
13989496983,36.0292713,129.3726392
5533769645,36.0298411,129.3724803
4669474523,36.0301856,129.3723974
4680086099,36.0279922,129.372626
4698272337,36.0280461,129.3729664
4680086102,36.0281023,129.3733247
4680086098,36.0281575,129.3736552
4680086103,36.0282175,129.3739789
5533769655,36.0282469,129.3740898
4677674410,36.0282509,129.3743111
4696269828,36.0269305,129.3729044
4696269829,36.027037,129.3736199
4680086104,36.0271379,129.3742763
4677674301,36.0253652,129.3762843
5533769494,36.0244319,129.3769216
4736916091,36.0243032,129.3770222
4680086107,36.0241494,129.3770911
4680086108,36.0239541,129.3770287
4680086094,36.0310184,129.371864
4680086109,36.0301226,129.3721066
4684280365,36.0291443,129.3723486
4680086111,36.0260802,129.3676927
4740710070,36.0261024,129.3678101
4696326943,36.0263252,129.3690995
4680086112,36.0268597,129.3724153
13142408653,36.0458837,129.3763943
13142408655,36.0458477,129.3763973
12318709111,36.045625,129.3764159
4701443850,36.0443158,129.3765087
4701443851,36.0435568,129.3765671
4701443852,36.0431645,129.3765557
4701443853,36.0427239,129.3767203
4701443854,36.0423765,129.3767972
4701443855,36.0416012,129.3771681
5237839528,36.0414058,129.3772365
5237839527,36.0401178,129.3778033
12956649972,36.0400339,129.3778449
4701443856,36.0394136,129.3781522
12956649967,36.0383726,129.3786494
4701443857,36.0382796,129.3786938
4701443858,36.0375272,129.3790293
12956649965,36.0367457,129.379408
4701443859,36.0364045,129.3795733
4701443860,36.0353738,129.380231
6647012007,36.0347717,129.3805904
4701443861,36.0346666,129.3806531
5237839526,36.0345678,129.3807066
6647012011,36.0345014,129.3807571
4701443862,36.0335793,129.3814584
4701443863,36.0328995,129.3820212
4701443864,36.0325284,129.3823176
4701443865,36.032087,129.3826076
6647012020,36.0319476,129.3826558
4701443866,36.0317997,129.3826769
4701443867,36.0316822,129.3826887
12318709178,36.0315716,129.3826703
12318709179,36.0314844,129.3826429
12327752141,36.0313746,129.382595
12327752142,36.0312887,129.3825433
12327752143,36.0311873,129.3824699
4701487288,36.0371616,129.3669101
4656644623,36.0376387,129.366743
4756571537,36.0381731,129.366695
1494218755,36.025627,129.3435979
668469827,36.0453054,129.3433678
668469828,36.045357,129.3432311
668469829,36.0454285,129.3430543
4717682435,36.0455117,129.3426859
4726161280,36.0566671,129.3708232
4726161281,36.0567415,129.3708296
4726161282,36.0567432,129.3710493
4726161283,36.0566877,129.3712972
4740288256,36.0521885,129.3609518
12949898111,36.0525575,129.3609166
13144923492,36.0528933,129.3609116
4738791223,36.0530169,129.360925
4738791221,36.0520346,129.3601935
12144683015,36.0521777,129.3603715
4736459447,36.0522044,129.3604172
12949898114,36.0522256,129.3604776
4736459446,36.052235,129.360523
12144683013,36.0522379,129.3605785
12144683012,36.0522324,129.3606338
12144683011,36.0522189,129.3606869
4736459444,36.0521223,129.3608731
12144683016,36.0528364,129.3598173
12949883790,36.0525137,129.3600426
8795938929,36.0524571,129.3600821
8795938930,36.0523115,129.3601046
4736459450,36.0521205,129.3601134
4736696563,36.0216895,129.3532836
1494218780,36.0226093,129.351654
4736691956,36.0228504,129.3511501
1494218747,36.0230107,129.3508279
1494218770,36.0234141,129.3500664
4736691989,36.0228916,129.3507436
4736691990,36.0227248,129.3510498
4736691991,36.0225293,129.3514356
4736691992,36.0216607,129.3530621
4736691986,36.0216123,129.3531659
4736691996,36.0245704,129.3473949
4736691997,36.024148,129.3483435
4736916098,36.0244234,129.3774823
12358004429,36.0247932,129.3777353
3956007576,36.0252472,129.378046
12318709293,36.0286582,129.3799884
3956007581,36.0288688,129.3801197
12318709292,36.0290752,129.3802544
12318709291,36.0292389,129.3803678
12318709290,36.0293781,129.3804679
4677614568,36.029524,129.3805833
3956007585,36.0297003,129.3807382
12318709280,36.0298687,129.3808813
12318709279,36.0300222,129.3810191
3956007588,36.0301924,129.3811836
12318709278,36.0303418,129.3813323
12318709277,36.0304678,129.3814677
6647012028,36.0305956,129.3816222
4736916095,36.0307087,129.3817602
12318709191,36.030915,129.3820279
3956007592,36.0309934,129.3821306
12318709190,36.0310763,129.3822264
3956007594,36.031165,129.3823117
12318709185,36.0312403,129.3823699
12318709184,36.0313009,129.3824099
4677674423,36.0313681,129.3824474
12318706882,36.0314463,129.3824801
3956007596,36.0315282,129.3825015
6647012013,36.0316204,129.3825155
4736916097,36.0317169,129.3825141
3956007598,36.0318278,129.3824992
4736916092,36.031924,129.3824752
4736916106,36.0216415,129.3758341
4736916107,36.021895,129.3759743
4736916108,36.0221959,129.3761641
12358004485,36.0222505,129.3761961
4736916109,36.0223593,129.3762598
4736916100,36.0239433,129.3771768
4057921169,36.0227357,129.3530194
4650075845,36.0425547,129.369316
4740526327,36.0427183,129.3675923
4740213795,36.0403172,129.3665255
9310065495,36.0384941,129.3657556
4736970032,36.0329163,129.3663159
4736970031,36.0329857,129.3661764
4736970030,36.0330285,129.3661151
4740710038,36.0331203,129.3659781
4740468284,36.0329414,129.3656176
4736970027,36.032784,129.3656695
4736970026,36.0326473,129.3657016
4736970025,36.0325215,129.3657043
4738282777,36.0451378,129.3442785
4738282776,36.0451073,129.3440744
4738282775,36.0451142,129.3439017
4738282774,36.0451412,129.3438054
4738282773,36.0451942,129.3436659
4738282782,36.0446382,129.3442338
9201416708,36.0448126,129.34416
4738282781,36.0448926,129.3441622
4738282780,36.0449756,129.3441695
4738282779,36.0450266,129.3442346
4738282778,36.0450654,129.344272
4738282786,36.0446851,129.3437695
4738282785,36.0447086,129.3438309
4738282784,36.0447086,129.3439399
4738282783,36.0447004,129.3440472
4738282792,36.0450611,129.3434813
4738282791,36.0449901,129.3435327
4738282790,36.0448838,129.3435488
4738282789,36.0447776,129.3435408
3956007617,36.040107,129.3776543
12438049816,36.0408111,129.3773328
12318706863,36.0421908,129.3767029
12318706854,36.0422836,129.3766606
12318706853,36.0424233,129.3766026
12318706852,36.0425682,129.3765483
12318706851,36.0427136,129.3765013
4677674457,36.0428328,129.3764702
12318706850,36.0429461,129.3764477
4647047809,36.0430693,129.3764313
4647047810,36.0431838,129.3764179
12318706849,36.0458276,129.3762434
13142408656,36.0458429,129.3762419
12318706848,36.0460174,129.3762192
13142408641,36.0461826,129.3761793
2471221221,36.0325719,129.3434037
9312192115,36.0326329,129.3433755
9209187441,36.0327547,129.3433191
2193764954,36.0327646,129.3433145
9216374263,36.0328247,129.3432782
2193764993,36.0329743,129.343188
2193765014,36.0330913,129.3431409
2193764935,36.0332051,129.3430614
9270975155,36.0332463,129.3429971
6194343267,36.0333347,129.3428979
2193764964,36.0334202,129.3427944
2193764945,36.0335873,129.3425709
4738419675,36.0244316,129.3521974
9349894063,36.0244637,129.35214
9271029023,36.0244882,129.3520962
9331305610,36.0247287,129.3516659
2193764912,36.028106,129.3548491
2193764884,36.0275834,129.354548
9269451120,36.0273616,129.3544055
9331305625,36.0270233,129.3541882
2193764990,36.0268741,129.3540924
9349894081,36.0268367,129.3540903
4738684345,36.0345923,129.3583655
4738684344,36.0348355,129.3584941
4738684343,36.0352158,129.3586547
4738684342,36.0354025,129.3587513
4738684340,36.0357072,129.3588864
4738684339,36.036111,129.3591043
9310032721,36.036225,129.3591847
9201416700,36.0362868,129.3592266
9201416702,36.036323,129.3592587
4740468299,36.0363887,129.3592948
4738684367,36.0534692,129.3616233
9311952561,36.0544423,129.3633544
12949898168,36.0544832,129.3634253
4658585445,36.054559,129.3635569
12949898172,36.0546233,129.3636548
9311952553,36.0548275,129.3639659
9311952557,36.0548619,129.3640239
9342234719,36.0551256,129.3644674
13441910881,36.0552031,129.3645996
4738684375,36.0572804,129.3681978
4738684376,36.0578699,129.3692204
9307356745,36.0580304,129.3694572
4738817571,36.0361592,129.3592859
4738817570,36.0361946,129.3593718
4738817569,36.0362247,129.3594965
4738817568,36.0362265,129.3595635
4740468298,36.0362474,129.3596424
4738817575,36.0364238,129.3595552
4738817574,36.0365215,129.3595151
4738817573,36.0366742,129.3595066
4738684337,36.0367826,129.359482
1831659759,36.0409868,129.3641386
4740205183,36.0409617,129.3643027
4740205180,36.0407223,129.3658111
4740213800,36.0406836,129.3662293
4740205201,36.0426899,129.3604506
4740205192,36.0415184,129.3619631
4740205193,36.0412733,129.3622244
4740205194,36.0431308,129.3590211
4740205195,36.043153,129.3593204
4740205196,36.0431773,129.3595148
4740205197,36.0431616,129.3596921
4740205198,36.0431276,129.3598221
4740205199,36.0430676,129.3599712
4740205200,36.0429485,129.3601453
4740710049,36.0402662,129.3666062
4740710042,36.0403197,129.3667477
4740710043,36.0404471,129.3669637
4740213793,36.0404967,129.3670886
4740213791,36.0405389,129.3673868
4740213799,36.0406113,129.366298
12949883780,36.0566272,129.3557577
4740288319,36.0570668,129.3554026
4740288318,36.0576901,129.3550229
4740288317,36.0596581,129.3540377
9306379020,36.0607829,129.3535633
4740288315,36.062211,129.3529194
9382980360,36.0624092,129.3528316
9382980366,36.0625596,129.3527754
9198974074,36.0630708,129.3525558
414668438,36.0631993,129.3524945
4740288314,36.0639809,129.3521484
4740288313,36.0646051,129.351883
9306379019,36.064726,129.3518246
7384405183,36.0648469,129.3517662
4740288312,36.0660712,129.3513819
4740288311,36.0667997,129.3510247
4740288310,36.0673894,129.35069
4740288309,36.0680431,129.3501642
4740288308,36.0686082,129.3497548
414668430,36.0406577,129.3666925
4740288299,36.0409106,129.3665108
4740288298,36.0410041,129.3664638
4740288296,36.0411252,129.3664189
4740288295,36.0413059,129.3663561
4740288289,36.0429472,129.3657362
4740299287,36.0509997,129.3619054
13947240089,36.0509108,129.3618907
13947240090,36.0508523,129.3618759
13947240080,36.0507861,129.3618424
9198974092,36.0507333,129.3617903
4740299284,36.0506661,129.3617069
4658585441,36.0505707,129.3615704
9310065472,36.0504868,129.3619042
13947240081,36.0504554,129.3619752
12315455332,36.0509868,129.3717884
4740525312,36.0512628,129.3719372
4740525311,36.0513607,129.3720082
4740525309,36.0514483,129.372089
4740525308,36.051544,129.3721986
12315455318,36.0516401,129.3723218
4740525306,36.0517341,129.372461
12315455317,36.0519278,129.3727475
12315455312,36.0521799,129.3731202
12315455311,36.0522908,129.3732693
12315455310,36.0524043,129.373444
4740468297,36.0359478,129.360692
4740468285,36.0358933,129.3608621
9249579469,36.035856,129.3609501
4740468296,36.0358204,129.3610339
9271029060,36.035658,129.3613134
6378700728,36.0363571,129.3593803
9201416699,36.0363462,129.3594098
5164536879,36.0410669,129.3669375
4740526328,36.0416716,129.3671812
4740549428,36.0523498,129.373721
4740549429,36.0521394,129.3739268
4740549430,36.0521136,129.3739385
12305995640,36.052079,129.3739402
12305995641,36.0520387,129.373933
13055631363,36.0519809,129.3738662
1645075261,36.0519078,129.3737994
4740549436,36.0614969,129.3806061
4740549435,36.0615789,129.3806085
12296984082,36.0616665,129.3806152
12296984083,36.061752,129.3806253
4740327348,36.0618635,129.3806515
4672085248,36.0301846,129.366609
4658585767,36.02995,129.3651838
13989497049,36.0227067,129.3687175
9310043665,36.0236569,129.3684629
4740710073,36.0238523,129.3684105
4740710072,36.0247822,129.368149
9310043667,36.0250126,129.3680862
9310043670,36.0258069,129.3678846
9271029057,36.0277589,129.3673738
13952030325,36.027815,129.3673582
13989496910,36.0278238,129.3673559
9331305595,36.0231885,129.3499385
6377833295,36.0234789,129.3500865
9331305539,36.0239252,129.3503366
9269451129,36.024194,129.3504873
4746298498,36.0249432,129.3508977
9331238303,36.0249924,129.3509244
4746298499,36.0253871,129.3511811
9269451128,36.0256953,129.3515394
9331305643,36.026022,129.3518023
9331305645,36.0262657,129.3520687
4746298501,36.0263097,129.3521181
6378700694,36.0267285,129.3526285
9331305658,36.0268005,129.3527307
9269451127,36.0269849,129.3529925
4746298502,36.0271584,129.353176
9331305659,36.0272984,129.3533316
9331305666,36.0273674,129.3534082
9331305662,36.0275215,129.3535795
6378700695,36.0276482,129.3537203
9331305671,36.0278436,129.353931
9331305670,36.0278661,129.3539553
6378700696,36.0279162,129.3540093
9331305667,36.0279706,129.3540746
6378700697,36.0280745,129.3541993
9331305660,36.0281057,129.3542852
4746298503,36.0281356,129.3543677
9269451125,36.028378,129.3546349
9331305661,36.0284551,129.3546645
9269451126,36.0284812,129.3546745
6378700698,36.0285596,129.3547624
9269459880,36.0288726,129.3551485
9269459898,36.028907,129.3552025
9269459881,36.0289642,129.3552948
6378700699,36.0291129,129.3555404
4746298504,36.0293357,129.355751
6378700700,36.0297346,129.3561463
4746298505,36.030146,129.3565091
6378700701,36.0306986,129.3569072
9331305707,36.0308878,129.3570314
6378700702,36.0312674,129.3572806
6378700703,36.03197,129.3576537
9331305713,36.0319977,129.3576673
1645075306,36.0640822,129.3840447
12296984054,36.0641753,129.3842765
1645075312,36.0644631,129.3849924
12288377581,36.0645205,129.3851554
12288377580,36.064552,129.3852674
12288377579,36.0645672,129.385352
12288377578,36.0645758,129.3854461
9332184004,36.0645802,129.3855537
12296984026,36.0645811,129.3856063
12288377575,36.0645916,129.3861864
1645075314,36.06459,129.3864061
12288377574,36.064583,129.386506
1645075313,36.0645738,129.3865845
12288377569,36.0645559,129.3866764
12288377568,36.0645153,129.3868201
9332184005,36.0644644,129.3869768
12288377567,36.0644243,129.3870798
1645075310,36.0643956,129.3871477
12288377540,36.0643738,129.3871849
12288377531,36.064356,129.3872153
12288377530,36.0643147,129.3872687
1645075308,36.0642748,129.3873103
4756571394,36.0642224,129.3873548
12288377528,36.0641675,129.3873922
12288377527,36.0640896,129.3874357
12288377512,36.0638516,129.3875593
12288377493,36.0636155,129.3876865
12288377492,36.0635587,129.3877213
12288377509,36.0635354,129.3877401
1645075303,36.063513,129.3877582
12288377491,36.0634732,129.3878014
12288377490,36.0634373,129.3878493
12288377489,36.0634069,129.3879169
12288377488,36.0633838,129.3879869
1645075302,36.0633604,129.3880848
1645075301,36.0633387,129.388174
12288377476,36.0633145,129.3882599
1645075298,36.0632887,129.3883425
12288377470,36.0630425,129.3889914
12288377457,36.0628381,129.3895345
12288377456,36.0628125,129.3896134
12288377455,36.062796,129.3896854
12288377454,36.0627846,129.3897542
12288377458,36.0627842,129.3897791
1645075292,36.0627835,129.3898276
1645075290,36.0627904,129.3898997
1645075291,36.0628053,129.3899808
12288377422,36.0633106,129.3921108
12288377421,36.0633425,129.3922636
12288377415,36.0633687,129.3924151
1645075297,36.0633876,129.3925497
12288377414,36.0633992,129.3927311
12288377409,36.0634021,129.3928535
12288377408,36.0634035,129.3930232
9332186121,36.0633977,129.3931855
1645075300,36.0633837,129.3933687
9332186122,36.0633113,129.3941287
12288377404,36.0632795,129.3944523
1645075296,36.0632651,129.3945935
12288377403,36.0632568,129.3947408
1645075294,36.0632529,129.3949256
1645075293,36.0632503,129.3955939
12288377392,36.0632548,129.3956993
12288377391,36.0632615,129.395794
1645075295,36.0632749,129.3958894
12288377390,36.0632977,129.3959912
12288377389,36.0633314,129.396101
12288377388,36.0633727,129.3962133
1645075299,36.0634164,129.3963091
5313933082,36.0634684,129.3964089
5313933083,36.0635203,129.3964949
12288377380,36.0642953,129.3976555
1645075305,36.0643701,129.397763
3985386172,36.0644375,129.3978476
5313933084,36.0645108,129.3979234
3985386173,36.0645929,129.3980002
12288377375,36.0659671,129.399192
12288377374,36.0662408,129.3994265
12288377373,36.066309,129.3994799
12288377372,36.0663807,129.399531
12288377371,36.0664467,129.3995715
12288377370,36.0665062,129.3996031
3985386174,36.066568,129.3996276
12288377369,36.0666667,129.3996607
5313933085,36.0673638,129.3998784
12279574848,36.0684508,129.4002213
12279574847,36.0685621,129.4002593
12279574846,36.0686552,129.4002984
12304715934,36.0545052,129.3772666
12304715948,36.0543441,129.3771864
12304715947,36.0542784,129.3771443
12304715946,36.0542166,129.3771186
4756570998,36.0539409,129.3770416
4756570997,36.0538935,129.3770221
4756571226,36.0306921,129.3425281
4756571245,36.0313687,129.3429659
4756571249,36.0314164,129.3430459
9213999837,36.0312638,129.3431041
4756571247,36.0311738,129.3431404
4756571253,36.0314384,129.3429285
4756571250,36.031553,129.3428787
4756571251,36.0314434,129.3425994
4756571252,36.0313267,129.3426689
4756571350,36.0635648,129.3924444
10609315242,36.063792,129.392311
10609315241,36.0638679,129.3921956
11696368310,36.0639113,129.3920267
10609315240,36.0639427,129.3918094
4756571351,36.0639603,129.3916852
4756571352,36.0640499,129.391764
4756571353,36.0641175,129.3925839
4756571354,36.0642078,129.3925461
9201303442,36.0641924,129.392221
4756571355,36.0641894,129.3917795
10609315235,36.0643276,129.3917316
4756571356,36.0644363,129.3916749
10609315234,36.0645227,129.391564
10609315233,36.0645769,129.3912676
4756571357,36.0645762,129.3911847
11696368311,36.0645162,129.3910624
10609315239,36.0644468,129.3909833
4756571358,36.0644027,129.3909464
10609315238,36.0643384,129.390943
10609315237,36.0642149,129.3909565
4756571359,36.0640896,129.3909991
4756571360,36.0639022,129.3911849
10609315236,36.0638506,129.3913105
9201303429,36.0638615,129.3914691
4756571361,36.0644199,129.3909223
4756571362,36.0645212,129.3908982
10609315232,36.0646355,129.3909135
9201303430,36.0647766,129.390999
10609315231,36.0648241,129.3910825
9201303431,36.0648386,129.3911994
10609315230,36.0648396,129.391318
4756571364,36.0648288,129.3915094
9201303432,36.064826,129.3915867
4756571365,36.0650232,129.3920456
10609315229,36.0648926,129.3915825
12282885345,36.0649471,129.3916382
4756571366,36.0649947,129.3916572
12282885344,36.0650515,129.3916571
9201303443,36.0651106,129.3916367
4756571367,36.0651878,129.391591
9201303444,36.0652714,129.3915412
12282885339,36.0653439,129.3915271
12282885341,36.06543,129.3915253
12282885340,36.0655457,129.3915967
12282885342,36.0656175,129.3916171
12282885343,36.0656617,129.3916069
4756571368,36.0657091,129.3915643
4756571369,36.0658145,129.3913896
4756571370,36.0658658,129.3913266
12282885338,36.0659406,129.3912836
12282885337,36.0660016,129.3912694
4756571371,36.0660707,129.3913045
4756571372,36.0661421,129.3913544
4756571373,36.066188,129.3914312
9201356218,36.0663195,129.3917761
4756571374,36.0664232,129.3921177
12282885346,36.0664396,129.3922533
4756571375,36.0664375,129.3923812
4756571376,36.0664121,129.3925344
12282885347,36.0664135,129.3926429
4756571377,36.0664402,129.3927348
12282885350,36.0664779,129.3928189
12282885349,36.0665207,129.3928751
12282885348,36.0665834,129.3929213
4756571378,36.066668,129.3929579
4756571411,36.0668714,129.3929528
4756571413,36.0672306,129.3929773
4756571380,36.0673444,129.3929911
4756571381,36.0674216,129.3930541
9201303462,36.067528,129.3932177
4756571382,36.0675802,129.3933198
9201303463,36.0676766,129.3933699
4756571383,36.0677993,129.3933443
4756571399,36.0650853,129.3888154
4756571400,36.0650845,129.3888788
9201303473,36.0650915,129.3889307
4756571401,36.0651056,129.3889746
9201303472,36.0651316,129.3890213
4643406608,36.0653105,129.3892723
12296988681,36.0653377,129.3892991
12296988682,36.0653702,129.3893171
12296988683,36.0654016,129.3893192
12296988684,36.0654399,129.3893085
4643406618,36.0659048,129.3890877
4643406619,36.0659651,129.3890668
9918349403,36.0660172,129.3890569
12296988685,36.0660725,129.3890558
12296988686,36.0661304,129.3890646
4756571388,36.0662028,129.3890962
12296988687,36.0662721,129.3891399
12296988688,36.0663342,129.389188
12296988689,36.0663901,129.3892459
12296988690,36.0664429,129.3893149
12296988691,36.0670646,129.3901444
5154495840,36.0671035,129.3901912
4756571392,36.0671613,129.3902783
4756571387,36.0672341,129.3904024
5154495847,36.0677258,129.3913767
5154495848,36.0677374,129.3914326
4756571386,36.0677359,129.3914885
4756571385,36.0677004,129.3915596
4756571384,36.0676902,129.3918778
4756571479,36.0670126,129.3910871
12207980643,36.0671167,129.3910949
9201303467,36.0671765,129.3910531
12207980641,36.0672019,129.3909848
4756571391,36.0672176,129.3908938
12207980642,36.0672187,129.3905743
4756571410,36.067388,129.3927712
4756571412,36.0668868,129.3926667
9201303477,36.0672932,129.3930718
4756571414,36.0675287,129.3934271
4756571415,36.0675761,129.3937721
9201303461,36.067624,129.3940766
9201303460,36.0674884,129.3942193
9201303459,36.0670504,129.394701
4756571416,36.0670224,129.3948174
4756571439,36.0668577,129.3948774
4756571446,36.0660272,129.3951021
9201303488,36.0655738,129.395246
4756571417,36.065209,129.3953618
4756571427,36.0672973,129.3946747
12293396382,36.0673493,129.3952874
12293396381,36.0674035,129.3952982
12293396380,36.0674491,129.395325
12293396379,36.0674903,129.3953652
12293396378,36.0675401,129.3954403
12293396377,36.0676008,129.3954886
12293396376,36.0676724,129.3955235
12293396369,36.0677418,129.3955342
4756571433,36.0677916,129.3955208
12293396363,36.0678287,129.3954927
12293396364,36.0678287,129.395423
12293396365,36.0681525,129.3953839
4756571435,36.0675124,129.3955337
4756571436,36.0674405,129.3954409
9201303456,36.0673906,129.3953775
9201303455,36.0673204,129.3953322
4756571437,36.0670756,129.3953151
4756571438,36.0669271,129.3952975
9201303458,36.0670629,129.3950324
4756571441,36.0670968,129.3949129
4756571442,36.0671499,129.3948778
4756571426,36.0673508,129.3949115
4756571443,36.0668217,129.3954264
4756571444,36.0664286,129.3955602
9201303457,36.0662598,129.3955483
4756571445,36.0661144,129.3953972
4756571470,36.0680636,129.3942519
12293396358,36.0681282,129.395185
12293396357,36.0681445,129.3953612
12293396356,36.0681597,129.3954046
4756571475,36.0681816,129.395427
4756571476,36.0682113,129.3954296
9201303466,36.0670665,129.3913356
4756571480,36.0671868,129.3917014
9201303465,36.0674247,129.3917905
4756571482,36.0671038,129.3919275
4756571486,36.0670892,129.3921206
4756571483,36.0671049,129.3925851
9201303464,36.06728,129.3926186
4756571484,36.0675703,129.3926069
4756571485,36.067501,129.3920761
4756571487,36.0674939,129.3919274
4756571488,36.0673084,129.3919218
4756571490,36.0670113,129.3918255
9201356217,36.0669162,129.3918484
4756571491,36.0668264,129.39187
4756571492,36.0668418,129.3921309
4756571493,36.0668741,129.3925866
4756571494,36.0666869,129.392603
4756571495,36.0665599,129.3925314
4756571496,36.0665256,129.392255
4756571497,36.0666371,129.392167
4756571498,36.0677601,129.3940701
12293396367,36.0678807,129.3943224
9201303478,36.0665961,129.3931392
9201303475,36.0664181,129.3932146
4756571500,36.0662437,129.3933304
4756571501,36.0661059,129.3933808
9201303476,36.0659768,129.3933284
4756571502,36.0659657,129.3931623
4756571504,36.0660282,129.3929955
12304715858,36.0652151,129.3846095
12304715857,36.0651638,129.3846535
9311952546,36.0650916,129.3847038
5643723131,36.0650162,129.384745
12296984038,36.0647671,129.3848522
4635144379,36.0621628,129.3764103
4635144382,36.0609327,129.3764124
4635144790,36.0603165,129.3764125
10048613643,36.0601147,129.3789484
4635239712,36.0603932,129.3782426
4635144385,36.0606395,129.3774345
8137686063,36.0608412,129.3767408
8137685871,36.0609375,129.3761218
4635144791,36.0599995,129.3780138
12296988680,36.0618046,129.379945
12304715894,36.0619134,129.379811
4634870985,36.0619802,129.3797126
12304715896,36.0619986,129.3796681
12304715897,36.0620178,129.3796157
12304715898,36.0620296,129.3795666
12304715899,36.0620362,129.3795048
4756571512,36.0620571,129.3790555
4663112401,36.0620801,129.3784235
12304715901,36.0620999,129.3779195
4635144384,36.0621121,129.3776278
12304715902,36.0621183,129.3775012
8137686119,36.0621467,129.3769186
12304715903,36.0621585,129.3765466
4635239725,36.0621898,129.3758102
4756571513,36.0624014,129.3788923
13055631360,36.0625741,129.3787771
4756571514,36.0626165,129.3787485
4635155999,36.0626966,129.378634
4635156001,36.0627563,129.3783753
4635239720,36.0625905,129.3782096
4635239721,36.0623052,129.3776951
6289559499,36.0623554,129.3777211
6289559498,36.0623927,129.3777484
4756571515,36.062479,129.3778244
6289559497,36.0624854,129.3778819
4635239713,36.0623855,129.3781271
6289559495,36.0623693,129.378169
6289559496,36.0623314,129.3782468
4756571516,36.062235,129.3783234
4649311036,36.0392966,129.3687535
8265960300,36.0393155,129.3682716
4649311037,36.039332,129.3677169
4756571527,36.0393231,129.3672144
4756571520,36.0393876,129.3665759
4740710050,36.0394441,129.3662604
4756571521,36.0401902,129.3665793
4756571526,36.0400937,129.3673135
4756571522,36.0400221,129.3678011
8265960299,36.0399688,129.3683211
4756571523,36.0399129,129.3688639
4756571524,36.0402793,129.3696688
4645265873,36.0383042,129.3690776
4756571530,36.0397265,129.3672424
4756571532,36.0389439,129.3671714
4756571528,36.0381808,129.3670423
4756571529,36.0398356,129.3664152
4756571531,36.0390468,129.3660762
4656644601,36.0389407,129.3666432
4756571533,36.0389613,129.3677235
4756571534,36.0381872,129.366372
4656644621,36.0374958,129.3660923
4656644599,36.0371455,129.3659246
4656644618,36.0369261,129.3658739
4740710054,36.0369977,129.3652783
4756571535,36.0373589,129.3676649
8265960302,36.0374247,129.3680191
4756571536,36.0374854,129.368429
4756571538,36.0378161,129.3676837
6472722514,36.0217068,129.3680453
4656644522,36.0223948,129.3678582
13296888930,36.0687226,129.3430557
9206556170,36.0679722,129.34256
9206556182,36.0683462,129.3428716
5154495839,36.0672748,129.3900486
5154495838,36.0673654,129.3901081
9201303511,36.0674508,129.3900218
5158711938,36.0251923,129.3505724
5158711939,36.0249514,129.3504046
5158711940,36.0241194,129.3500075
9331305538,36.0240629,129.3499902
5158711941,36.0239997,129.349984
9331305557,36.0238417,129.3500204
9331305553,36.0235954,129.3500386
9331305558,36.0235454,129.3500015
9331305556,36.0235125,129.3499771
9331305528,36.0234257,129.3499236
9331305554,36.0232554,129.3498336
4656644504,36.0221531,129.3664478
6472722513,36.0214733,129.3666246
5158711966,36.024254,129.365529
5158711972,36.0312126,129.3663642
4636677866,36.0289243,129.3618389
6280676310,36.0294816,129.3623198
6280676308,36.0298862,129.3626702
6280676304,36.0307193,129.3634168
9290335167,36.0309913,129.3636278
6284023505,36.031625,129.3641247
5158711976,36.0317837,129.3642815
6284023502,36.0320755,129.3644895
5158711978,36.0324013,129.3646399
6284023510,36.0326416,129.3647287
5158711979,36.0333325,129.3650255
4740468290,36.0339907,129.3639069
6284023509,36.0333965,129.3635029
9196749612,36.0331508,129.3633532
6284023501,36.0328392,129.3631634
5158711985,36.0327547,129.3631162
6284023504,36.0322715,129.3628455
5158711984,36.0321701,129.3627537
6280676303,36.0314312,129.3620443
6280676307,36.0306415,129.3612541
5158711982,36.0302634,129.3608886
6203796017,36.0292073,129.3598134
9311952568,36.0381009,129.3578622
436581034,36.0380973,129.3576556
13142317705,36.0382502,129.3573415
436581035,36.0382712,129.3572984
436581036,36.03857,129.3568
13142440231,36.0386114,129.3566561
9331381892,36.0386456,129.356537
436581037,36.0386628,129.3564773
9331381890,36.0386675,129.356167
436581039,36.0386743,129.3557225
436581041,36.0393429,129.3539317
4634327349,36.0399618,129.3525902
4634327347,36.0402805,129.3517684
8390730319,36.0404522,129.3513991
4634327345,36.0405572,129.3511489
9331381895,36.0407779,129.3508138
4740710065,36.032418,129.3661893
4736970035,36.0326644,129.3662283
4736970034,36.0327562,129.3663267
4740205173,36.0402116,129.3703655
5164536882,36.0399776,129.3721322
6647012000,36.0403317,129.3698538
4740205526,36.0404333,129.3690341
4632583674,36.040444,129.3689591
9271029070,36.040656,129.3670729
4740205212,36.040676,129.3669119
6647011995,36.0397722,129.3741968
12310457823,36.0398318,129.3744626
12310457824,36.0398666,129.3746448
4740205166,36.0399129,129.3749871
12310457831,36.039928,129.3751346
9211885484,36.0399406,129.3753037
12310457832,36.0399589,129.3756806
6200369475,36.0399773,129.3760637
4738827420,36.0359269,129.3610726
8265970123,36.0359668,129.360953
4740468294,36.0354113,129.3617107
4740468293,36.0352351,129.3619921
12658329382,36.0352048,129.3620345
5166708943,36.0238363,129.3833102
9203567743,36.0256763,129.3842861
9203567751,36.0271646,129.3850756
5166708941,36.0276629,129.3853399
259979183,35.7364609,129.4838993
5528018521,35.7367962,129.4838231
4736916096,36.0317937,129.3824583
3956007599,36.0316988,129.3824331
12318706883,36.0315985,129.3824006
12318709186,36.0315212,129.3823658
4677674424,36.0313191,129.3822432
3956007595,36.0312366,129.3821731
3956007593,36.0311602,129.3820925
4677735227,36.0305963,129.3814316
3956007591,36.0304107,129.3812329
6647012027,36.0302538,129.3810708
12381266303,36.0301219,129.3809454
3956007589,36.0300651,129.3808913
12327752161,36.0298838,129.3807224
3956007584,36.0294988,129.3804121
12327752162,36.0293152,129.3802705
4677614565,36.0291372,129.3801431
12327752163,36.0288884,129.3799829
12438049914,36.0276695,129.3792756
4677614570,36.0249707,129.3777299
3956007568,36.0245861,129.3774894
12318706868,36.0400817,129.377795
4701443839,36.0409993,129.3773742
4701443840,36.041653,129.3770599
4701443841,36.0420994,129.3768582
5237839529,36.0422095,129.3768133
4701443842,36.0423813,129.3767469
4701443843,36.0427304,129.3766436
4701443844,36.0431555,129.3765357
4701443845,36.0435879,129.3765199
4701443846,36.0442968,129.3764733
4701443847,36.0449269,129.3764357
13532608966,36.0457942,129.3763824
13142408652,36.0458097,129.3763814
5237839546,36.0622491,129.3820921
5237839547,36.0616868,129.3828779
5237839548,36.0617801,129.3829777
5237839549,36.0616282,129.3831914
5237839550,36.0614366,129.3829859
5237839551,36.0615899,129.3827714
13807521110,35.7529589,129.4639259
13807521109,35.7527511,129.4641696
13807521108,35.7525269,129.4644517
13807521107,35.7520361,129.465117
13807521106,35.7518818,129.465323
13807521105,35.7516979,129.4655565
13807521104,35.7514282,129.4658884
12650241303,35.751209,129.4661542
5313419370,35.7522049,129.4681287
13807521032,35.7521892,129.4681055
13807521038,35.7515392,129.4671523
12202900779,35.7513677,129.4669136
12650241307,35.7511737,129.4666395
5313419373,35.7499179,129.4651548
13077358214,35.7498405,129.4650624
5313419374,35.7493359,129.4644772
13807732942,35.7492562,129.4643828
13807732943,35.7491832,129.4642889
12650241315,35.7491131,129.4641927
5313419375,35.7490158,129.4640474
5313419376,35.7489569,129.4639429
5313419377,35.7488909,129.4638152
13807732944,35.7487955,129.4636185
13807732945,35.7487544,129.463533
13807732946,35.748713,129.4634598
12650241314,35.7486498,129.4633634
5313419378,35.7485946,129.4632967
12650241313,35.7485406,129.4632433
13807732954,35.748483,129.463196
13807732955,35.7484087,129.4631385
13807732957,35.7483759,129.4631171
5313419372,35.7508395,129.4662312
5313419393,35.745452,129.4791333
13802090964,35.7455369,129.4790236
13802090958,35.7456013,129.478927
5313419398,35.7456587,129.4788003
5313419397,35.7457178,129.478631
5313419396,35.7457693,129.4784346
5313419395,35.7457934,129.4783234
13802090995,35.7458102,129.4782262
13802090996,35.7458218,129.4781272
13802090997,35.7458308,129.4780357
13802090998,35.7458425,129.4779713
13802090999,35.7458555,129.4779144
13802091000,35.7458728,129.4778567
13802091001,35.7459008,129.4777996
1503595823,35.7460804,129.4775133
437281628,35.7550858,129.4651266
13807520721,35.7518622,129.4684798
13807520720,35.7517543,129.4685973
1503595842,35.7516863,129.4686783
13807520719,35.7516318,129.4687472
13807520718,35.7515795,129.4688153
13807520717,35.7515135,129.4689134
13807520716,35.7514556,129.4689963
13807520715,35.7513951,129.4690879
12202900817,35.7511262,129.4695108
12202900824,35.7493853,129.4722678
13802091118,35.7482785,129.4740293
5527273675,35.7480606,129.4743786
13802091003,35.7455249,129.4772579
5313419402,35.7454514,129.4772692
13802091002,35.7455341,129.4778359
5313419403,35.7455515,129.4779769
5313419404,35.7455629,129.4781086
5313419405,35.7455661,129.478222
13802090959,35.7455649,129.4784163
13802090960,35.7455568,129.4785785
13802090961,35.745538,129.4787511
13802090963,35.7455064,129.478926
5323860961,36.0686706,129.3899848
5323860963,36.0685823,129.3896081
5323860964,36.0685038,129.3895908
5323860965,36.0684686,129.389584
5323860966,36.0684091,129.3896136
5323860967,36.0683664,129.3896342
5323860972,36.0683287,129.3896366
5323860968,36.0682582,129.3896223
5323860969,36.0681982,129.3895878
5323860970,36.0681609,129.3895653
5323860971,36.0681377,129.3897627
5323860973,36.0682988,129.3898021
5323860976,36.0686003,129.3897336
5323860985,36.0687167,129.3909016
5323860987,36.0686871,129.3912493
9288097011,36.0686444,129.3914446
5323860988,36.0687136,129.3916689
5643723126,36.0684232,129.3787892
1574718092,36.0680172,129.3787077
5713563144,36.0676997,129.3787094
1574718089,36.0673013,129.3787145
6286280273,36.0671991,129.3787386
4635239782,36.0670886,129.3787995
1574718087,36.0669789,129.3788417
5713563143,36.0668663,129.3788893
1574718083,36.0667517,129.3789209
4635239805,36.0665358,129.3789528
4635167773,36.066172,129.378992
5643723129,36.0659719,129.3790242
5713563141,36.0658323,129.37903
1574718078,36.0657052,129.3790211
1574718059,36.0656082,129.3790087
5713563140,36.0654856,129.3790022
1574718056,36.065254,129.3790683
3956019770,36.0647788,129.3793586
4756571517,36.0644337,129.3795412
3956019769,36.0643346,129.3796083
5713563138,36.06407,129.3797853
12304715892,36.0637392,129.3800707
12304715891,36.0637107,129.3801368
3956019767,36.0636877,129.3802152
3956019766,36.0636693,129.3803026
5643723123,36.0635773,129.380946
5643723124,36.063564,129.3810167
5713563132,36.0635446,129.3810839
4635134644,36.063514,129.38115
4635085541,36.0634717,129.3812245
3956019764,36.0629985,129.3818956
5527273674,35.7466082,129.4729482
13802091127,35.746881,129.4732151
12202900821,35.7472911,129.4736165
13807521021,35.7480392,129.4743574
5528018522,35.7366851,129.4837961
13807577458,35.7366232,129.483782
13807577459,35.7365771,129.4837581
13807577460,35.7365383,129.4837338
13807577461,35.7365016,129.4837004
13807577462,35.7364575,129.4836448
13807577464,35.7363383,129.4834815
13807577463,35.7363343,129.4835841
5528018525,35.7363244,129.4836522
5528018526,35.7363056,129.4837222
13807577466,35.7362836,129.4837724
13807577467,35.7362431,129.48384
13807577468,35.7361992,129.4838932
5528018527,35.7360899,129.4839978
3956007605,36.0338014,129.371414
12358246789,36.0338411,129.3715381
12358246785,36.0338692,129.3716586
12358246784,36.0338855,129.3717758
12358246783,36.0338952,129.37189
4677674346,36.0338973,129.3720049
12358246782,36.0338914,129.3721288
3054151395,36.0338784,129.3722529
12358010045,36.0334649,129.3752717
12358010044,36.0333752,129.3758723
12358010043,36.0333602,129.3760372
12358010041,36.0333501,129.3762183
12358010040,36.033347,129.3763858
12358010039,36.0333495,129.3765474
12358010037,36.0333573,129.3767007
3054151398,36.03337,129.3768269
12358010036,36.0334074,129.3770809
12358010035,36.0334455,129.3772389
3054151400,36.0335495,129.3776078
12438014636,36.0336973,129.3780638
12438049818,36.0338686,129.3786018
12358010033,36.034049,129.3791409
4677735289,36.0340938,129.3792701
12137711093,36.0341445,129.3794127
12318709166,36.0342662,129.3797585
6200369482,36.0343326,129.3799329
9310043675,36.0336145,129.3709264
5531321192,36.0337522,129.3712906
5533769495,36.0246617,129.3768904
5533769496,36.0249563,129.3766102
5533769497,36.0260872,129.3759367
9215179045,36.0261742,129.3758943
5533769498,36.0264296,129.3756885
5533769499,36.0264812,129.3757289
5533769500,36.0266473,129.3755844
5533769501,36.0267001,129.3756258
5533769502,36.0268414,129.3754792
5533769503,36.027068,129.3753671
5533769504,36.0273049,129.3751003
5533769505,36.0274544,129.3748106
5533769506,36.0275081,129.3746438
9215179051,36.0276762,129.3746428
5533769507,36.0277694,129.3745971
5533769508,36.0281134,129.3744791
5533769509,36.028319,129.3743084
5533769510,36.0284433,129.3741017
5533769654,36.0284606,129.3740489
5533769511,36.0286953,129.3737107
5533769512,36.028809,129.3735436
9215179059,36.028861,129.3734925
9215179055,36.0289321,129.3735014
5533769513,36.0290566,129.3734642
9215179060,36.0294247,129.3733991
9215179061,36.0294515,129.3732943
5533769514,36.0295924,129.3732089
5533769515,36.0296503,129.3733418
5533769516,36.029811,129.3732805
9215179065,36.0297948,129.3732247
5533769517,36.0298186,129.3731584
9215179064,36.0298394,129.3731026
5533769518,36.0298988,129.3730668
5533769519,36.0299502,129.3730875
5533769520,36.0300055,129.3731367
5533769621,36.0300725,129.3730754
5533769622,36.0301869,129.3729554
5533769623,36.0301416,129.3727326
5533769624,36.0303728,129.3726559
5533769625,36.0304373,129.3727567
5533769626,36.0307693,129.3726344
5533769627,36.0308009,129.3725286
5533769628,36.0310737,129.3724415
5533769629,36.0311232,129.3725093
5533769630,36.0313242,129.3723887
5533769631,36.031271,129.3722867
5533769632,36.0313884,129.3721794
5533769633,36.0314831,129.3722236
5533769634,36.0317999,129.3719021
5533769635,36.0318344,129.3717541
5533769636,36.0319266,129.3715988
5533769637,36.0321587,129.3713352
5533769638,36.03251,129.3711658
5533769639,36.032892,129.371044
5533769640,36.0331553,129.3711072
9215179073,36.0334031,129.3710717
5533769641,36.0334925,129.3710228
5533769642,36.0333962,129.3707574
13989496962,36.0318564,129.3712438
5533769692,36.0318643,129.3713053
5533769646,36.0298647,129.3725333
5533769647,36.0298975,129.3726871
5533769648,36.0299777,129.3728069
5533769649,36.0300192,129.3727531
5533769650,36.0299026,129.3728494
5533769651,36.0298252,129.3728829
5533769652,36.0297366,129.3729761
5533769653,36.0296773,129.3730778
5533769657,36.0247323,129.3771558
5533769713,36.0249788,129.3768826
5533769659,36.0254754,129.3765378
5533769660,36.0261066,129.376203
9215179036,36.0263893,129.3760822
5533769661,36.026655,129.3759686
5533769711,36.0269214,129.3758111
5533769662,36.0271785,129.3755905
5533769663,36.0272239,129.375502
5533769664,36.0273411,129.3754699
5533769665,36.0273912,129.3753737
5533769666,36.0276322,129.3753019
5533769667,36.0276816,129.3749807
5533769668,36.0279775,129.3747856
5533769669,36.0282306,129.3746636
5533769670,36.0284016,129.3745335
5533769671,36.028658,129.3742327
5533769672,36.0287896,129.3740701
5533769673,36.0290559,129.3739237
5533769674,36.0290559,129.3737895
5533769675,36.029526,129.3736227
5533769676,36.029813,129.3735389
5533769677,36.0299235,129.3735019
5533769678,36.0304708,129.3730702
9215179068,36.030708,129.3729379
5533769679,36.0311129,129.3727725
9215179067,36.0312836,129.3726838
5533769680,36.0314325,129.3725749
5533769681,36.0316448,129.3723922
5533769682,36.0320748,129.3719718
5533769683,36.0321905,129.3720513
5533769684,36.0323145,129.3718826
5533769685,36.0323251,129.3717481
5533769686,36.032281,129.3716849
5533769687,36.0323114,129.3716289
5533769688,36.0324748,129.3714614
5533769689,36.0326755,129.371344
5533769690,36.0327774,129.3713387
5533769691,36.0329014,129.3714612
5533769693,36.0319482,129.3712943
5533769694,36.0321171,129.3712429
5533769695,36.0322055,129.3712554
5533769696,36.0322557,129.3713126
5533769697,36.0322767,129.3713507
5533769698,36.0323084,129.3714301
9218258698,36.0323243,129.3715108
5533769700,36.0323457,129.371672
5533769701,36.0323445,129.3719021
5533769702,36.0323274,129.3721315
9215179069,36.0322537,129.3721139
5533769703,36.032468,129.3722516
5533769705,36.0272829,129.3750633
5533769706,36.0271292,129.375175
5533769707,36.0270145,129.3752489
5533769708,36.0269622,129.3753137
5533769709,36.0269348,129.3754708
5533769710,36.0269199,129.3756433
9215179039,36.0268738,129.375871
9215179038,36.0266798,129.3760062
9215179037,36.026493,129.3761236
5533769714,36.0249078,129.3769396
5533769715,36.0248359,129.3770236
5533769716,36.0246196,129.3770333
5533769718,36.0244674,129.3771366
5533769719,36.0242295,129.3773625
5533769720,36.0240424,129.3775439
5533770021,36.0239511,129.3775891
5533770022,36.0238734,129.3776545
5533770023,36.0237894,129.3776775
5533770024,36.0237509,129.3776889
5533770025,36.0237167,129.3776572
5533770026,36.0236973,129.3776136
5533770027,36.0237001,129.3775864
5533770028,36.0236869,129.3775452
5533770029,36.0236983,129.3775171
5533770030,36.0237302,129.377477
5533770031,36.0237589,129.3774572
5533770032,36.023789,129.3774627
4658585745,36.0350689,129.3701996
7591947440,36.0351067,129.3703188
5533770038,36.0351308,129.3704077
5533770039,36.0350802,129.3704482
5533770040,36.0349487,129.370505
5533770041,36.0348594,129.3705623
5533770042,36.0348243,129.3706309
5533770043,36.034809,129.3706785
5533770044,36.0348414,129.3707832
5533770045,36.0348871,129.3708379
5533770046,36.0349311,129.3708566
5533770047,36.0350254,129.370856
5533770048,36.0351179,129.3708356
5533770049,36.0351653,129.3708387
7591947439,36.0351948,129.3709096
12315455334,36.0509437,129.37184
12315455333,36.0509814,129.3719026
12308827496,36.0510004,129.3719687
12308827495,36.0510081,129.3720365
12308827494,36.0510016,129.3721131
12308827493,36.0509801,129.3721751
5533770069,36.05095,129.3722133
5533770070,36.0509078,129.3722408
5533770071,36.0508446,129.3722634
5533770072,36.0515415,129.3730833
12308827463,36.0515171,129.3729422
5533770073,36.0515259,129.3728423
5533770074,36.0515414,129.3727712
5533770075,36.0515703,129.3727068
5533770076,36.051601,129.3726706
12308827464,36.0516398,129.3726466
12315455313,36.0516913,129.3726396
12315455314,36.0517434,129.3726443
12315455315,36.0517911,129.3726604
12315455316,36.0518388,129.3726845
13540258719,36.0215464,129.3498623
4057921140,36.0232028,129.3510744
4057921141,36.0231718,129.3509208
4057921142,36.0231795,129.3507648
4057921143,36.0232222,129.3506111
4057921144,36.023298,129.3504287
4057921145,36.0233523,129.350287
4736483840,36.0233846,129.3501524
5533858101,36.0221484,129.3526177
9271029020,36.0227934,129.351421
9345075814,36.0228036,129.3514022
5533858102,36.0228899,129.3512421
5533858103,36.0229685,129.3510919
9345075813,36.0225513,129.3511679
5533858106,36.021578,129.3530707
8137538297,36.0524571,129.3775411
9201335516,36.0519558,129.3788261
5615009284,36.0516282,129.3796624
5615009276,36.0515281,129.379914
8137538303,36.0514998,129.3799719
8137538304,36.051468,129.3800166
12305995629,36.0514283,129.3800588
12305995630,36.0513782,129.3800916
12305995631,36.0513211,129.3801173
12305995632,36.051189,129.3801594
12305995633,36.0511343,129.3801828
9352495876,36.0510834,129.3802132
5615009279,36.0509746,129.3803076
5615009280,36.0495435,129.3816996
12305995634,36.0485958,129.3821993
5615009311,36.0513246,129.3786169
4626941790,36.0512404,129.3785593
6280677233,36.0635218,129.3664518
6280677186,36.0642291,129.3655468
7895481652,36.0650555,129.3646019
13953462573,36.0652235,129.3643777
9382980518,36.0653553,129.3642019
5672783418,36.0654395,129.3640918
9382980516,36.0655088,129.3639752
9212005744,36.0657815,129.3635162
6280677187,36.0658476,129.363405
11180478047,36.0660951,129.3630875
9211989914,36.0662548,129.3628826
5672862421,36.0675577,129.3621009
5684338920,36.0603363,129.3700602
5684343424,36.0605184,129.3696247
6194459048,36.060697,129.3691898
5684343421,36.0613756,129.3675967
5863445613,36.0593738,129.3694021
5684343425,36.0594811,129.3688464
5684338919,36.0593248,129.369822
9382980318,36.0562742,129.3603329
8795770884,36.056317,129.3603687
6192249715,36.056836,129.360884
9382962598,36.0571773,129.3610736
9382962603,36.0573193,129.3611526
9201335460,36.0574005,129.3611977
9382962600,36.057491,129.361248
8795770888,36.0582162,129.3616512
4636875488,36.0589688,129.3621269
6106155910,36.0592052,129.3622306
6378700735,36.0594519,129.3623267
10620768441,36.059499,129.362329
4636878889,36.0595775,129.3623328
8848580189,36.0597479,129.3622894
6106155908,36.0599128,129.3622473
4636878890,36.0601543,129.3621481
5863445612,36.0606399,129.3619369
4636878892,36.0611225,129.3617824
6106155907,36.0615092,129.3616802
7249130563,36.0617838,129.3616608
4636878893,36.0619959,129.3617004
4636878894,36.0623283,129.3617281
4636878896,36.0630203,129.3618379
8795938935,36.063666,129.3619214
8825335945,36.0639456,129.3619988
5684373895,36.0641939,129.3620954
10601348767,36.0642697,129.3621684
9382980512,36.064331,129.3622275
6106155913,36.0644515,129.3623436
9382980514,36.0644968,129.3623951
6106155905,36.0645274,129.3624299
6106155914,36.0646331,129.3625667
6106155906,36.0647943,129.362812
5684373896,36.0649404,129.3631122
9382980517,36.0653454,129.363907
9382980515,36.0655435,129.3642228
9212005748,36.0657206,129.3644458
6106155891,36.0657538,129.3644876
5684373898,36.066002,129.3647665
9463069980,36.0665552,129.3652437
5705173295,36.0667292,129.3653938
9463069979,36.066881,129.3655151
12304715822,36.0611367,129.3808002
4756570996,36.0611556,129.3808218
4636664266,36.0528754,129.3514396
9215167992,36.0532214,129.3510581
11180789303,36.0534925,129.3506941
9215167991,36.053849,129.3502154
9215167987,36.05431,129.3497023
9215167990,36.0545534,129.3495773
9215167993,36.0547071,129.3495219
9215167989,36.0547993,129.3494887
9215167988,36.0554756,129.3489716
5705061544,36.0556367,129.3489161
9339276893,36.0557428,129.3488918
5705061545,36.0562264,129.3489503
11180789384,36.0565402,129.348937
5705061546,36.0572592,129.3487312
5705061547,36.0581735,129.3484644
9206556161,36.0583802,129.3483015
5705061548,36.0586768,129.3478095
5705061549,36.0591719,129.3468829
11497712984,36.0593406,129.3467316
11497712985,36.0594585,129.3466097
5705061550,36.0594295,129.3463184
9249585233,36.0657031,129.3673422
6280676378,36.0661092,129.3665254
13953462722,36.0661503,129.3664515
6280676379,36.066555,129.3657231
9463069978,36.0665841,129.3656682
6280676363,36.0641719,129.3676061
6280676364,36.0642395,129.3675811
6280676365,36.0643355,129.3676095
13953462700,36.06499,129.3678626
12949898209,36.0553693,129.3626236
12949898200,36.0555294,129.3628806
4525705484,36.0584763,129.3679005
4525705485,36.0589834,129.3686815
4525705486,36.0602346,129.369057
10620768467,36.0607587,129.3678206
4525705487,36.06097,129.3673222
6280677222,36.0615117,129.3663266
4525705488,36.0620871,129.3651972
4740288723,36.0541376,129.3583591
9382980326,36.0570798,129.3568505
9382980327,36.0571438,129.3568737
8795938933,36.0571765,129.3569537
4636672253,36.057801,129.3582425
9201335453,36.0578457,129.3583308
4636672254,36.0578599,129.358359
9201335447,36.0578583,129.3586989
4636672255,36.0580284,129.3589781
9201335459,36.0582999,129.3591165
4636878972,36.0585183,129.3592279
9201335456,36.0585804,129.3592236
4636672257,36.0590142,129.3587991
4636672258,36.0592515,129.3584879
4636672259,36.0584984,129.3574887
9201335452,36.0580613,129.3582641
9201335455,36.0580201,129.3583965
9201335450,36.0579955,129.3584754
9201335451,36.0579823,129.3587031
9201335448,36.0581258,129.358867
11999300203,35.7299134,129.4854503
312236287,35.7298582,129.4854289
312236298,35.7297952,129.4853968
312236309,35.7297486,129.4853677
13807577497,35.7297068,129.4853334
13807577498,35.729671,129.4852949
13807577499,35.7296331,129.4852424
13807577500,35.7296005,129.4851911
312236318,35.7294702,129.4849529
5315102373,35.7293868,129.4847665
8487179679,35.7291941,129.4843846
4634163404,36.0480058,129.3517712
4634163405,36.0484885,129.3521329
4634163397,36.0479472,129.3514845
4634163399,36.0481875,129.3513219
9311930413,36.0468874,129.3538603
5833894204,36.0468519,129.3538417
5833894205,36.0468324,129.3537693
5833894206,36.0468498,129.3536566
5833894207,36.0469365,129.3533481
5833894208,36.0469495,129.3532489
5833894209,36.0469387,129.3531738
5833894210,36.0468975,129.3531014
5833894211,36.0468194,129.353029
5833894212,36.0466502,129.3529726
5833894213,36.046518,129.3529378
5833894214,36.0463445,129.3528868
5833894215,36.0462264,129.3527894
5833894283,36.0485943,129.3509098
5833894284,36.0489153,129.350427
5833894285,36.0492536,129.3499443
5833894286,36.049401,129.3495902
5833894287,36.0494097,129.3490216
5863445614,36.0542854,129.3616197
5863445615,36.0539087,129.361773
5863445616,36.0542684,129.362413
5863445617,36.0545619,129.3629561
12949898162,36.0547442,129.3632591
5684343422,36.0624193,129.3654437
4525714789,36.0626548,129.3656039
5863445619,36.0629347,129.365313
5863445620,36.063453,129.3647244
5863445621,36.0640473,129.3640628
5863445623,36.0642391,129.3639324
5863445622,36.0645335,129.363697
5863445624,36.0646847,129.3633389
5867016992,36.0545678,129.3620738
5867016993,36.0548503,129.3625898
12949898215,36.0550798,129.3629649
5983198143,36.0295484,129.355424
5983198144,36.0295418,129.3554696
6132178390,36.0486511,129.3642534
13937823871,36.0480597,129.3640166
4738684391,36.064653,129.3715095
9310479888,36.0667044,129.3718728
13441899640,36.067441,129.3720227
13441899639,36.0677955,129.3721113
4738684394,36.0681545,129.3722171
9310479886,36.0687114,129.3723896
4756571510,36.0616263,129.3775867
6286280276,36.0643764,129.379336
4635134650,36.0643736,129.378928
4635239766,36.0643803,129.3785488
6987341949,36.0643418,129.3777463
6271705588,36.0643159,129.3774483
4635134648,36.0641834,129.3770226
4635134649,36.0640764,129.376768
6271705606,36.0635404,129.3759915
4635134646,36.0632895,129.3758538
4635134645,36.0629423,129.3758193
4635134653,36.0602565,129.3758439
9463069975,36.0600823,129.3757998
9463069976,36.0597568,129.3756755
1831662617,36.0585673,129.3749648
1831662621,36.0579843,129.3746115
6155885331,36.057951,129.3745961
1831662620,36.0577782,129.3745166
4655116063,36.0577395,129.3744974
1831662625,36.0574584,129.3743728
4655011903,36.0567875,129.3743323
4658402918,36.0563177,129.3743968
4655011935,36.0561993,129.3744028
4658402917,36.0559364,129.3744161
4655127609,36.0542176,129.3740247
1831662613,36.0541359,129.3739672
4655056504,36.0540491,129.3739035
4655127610,36.053719,129.3737051
4663112392,36.0640316,129.3830055
6286280251,36.0642326,129.3832279
12293396459,36.0644879,129.3834998
12296984033,36.0646589,129.3836801
12293396460,36.0647618,129.3837886
4740327339,36.0650011,129.3840613
4740327337,36.0658293,129.3850795
4740327336,36.0660786,129.385387
12293396458,36.0663727,129.3857731
4740327335,36.0664695,129.3859017
9544711855,36.0665546,129.3860257
12293396457,36.0666257,129.3861459
4740327334,36.0667055,129.3862956
12293396455,36.066747,129.3863833
12293396454,36.0667842,129.3864817
12293396453,36.0668268,129.3866122
12293396452,36.0668598,129.3867605
4740327333,36.0668869,129.3869096
4740327332,36.0669007,129.3870407
4740327331,36.0669226,129.3873522
12293396451,36.0669472,129.387633
12293396448,36.0670174,129.3884369
4740327330,36.0670338,129.388537
4740327329,36.0670622,129.388651
12293396449,36.0671036,129.388753
4740327328,36.067158,129.3888471
4740327326,36.0672211,129.388939
12293396447,36.0675193,129.3893167
4740525272,36.067565,129.3893633
12293396435,36.067767,129.3896028
12293396434,36.0678649,129.3897243
12293396433,36.0679481,129.3898438
12293396432,36.0680276,129.3899649
4740327324,36.0681044,129.3900997
4740327323,36.0681727,129.3902354
4740327322,36.0682249,129.3903594
4740327321,36.0682742,129.3904929
4740326719,36.0683455,129.39075
4740326717,36.0684068,129.3910292
4740326715,36.0684761,129.3913461
12293396422,36.0686533,129.3921577
4756570993,36.0589941,129.379169
6132178361,36.0460295,129.3680318
6132178363,36.0458734,129.3694194
4632583688,36.0428762,129.3662829
6132178371,36.0462929,129.3655534
6132178367,36.0465367,129.3656084
6132178368,36.0470332,129.3657298
6132178369,36.0471805,129.3657695
6132178370,36.0464021,129.3645475
6132178373,36.0463462,129.3651524
6132178377,36.0469517,129.3679065
6132178375,36.0471022,129.3666368
6132178365,36.0470261,129.366396
6132178372,36.0472484,129.3653375
6132178380,36.0473744,129.3647834
6132178374,36.0472787,129.3666895
6132178378,36.0476023,129.3654029
6132178383,36.0480349,129.365121
6132178392,36.0481108,129.3652384
6132178384,36.0481694,129.3653357
6132178385,36.0483742,129.3656996
6132178393,36.0484781,129.3658801
6132178386,36.0485268,129.3660268
6132178387,36.0486876,129.3663941
6132178394,36.0487615,129.3665512
6132178388,36.0488572,129.3668012
6132178389,36.0490361,129.3672329
13952032181,36.0491204,129.3674323
13937823860,36.0490739,129.3675144
6132178391,36.0487286,129.3648426
6132178402,36.0482186,129.3651659
6132178398,36.0485981,129.3658349
6132178395,36.0489056,129.366563
6132178397,36.0489243,129.3664844
6132178400,36.0484494,129.3656142
6132178404,36.0480004,129.3648938
6132178405,36.047915,129.3647049
6132178409,36.0464934,129.3679688
6132178411,36.0463201,129.3697203
6132178413,36.0466343,129.3699122
6155885330,36.0579577,129.3745605
9209187442,36.0325818,129.3435111
9216374260,36.0326011,129.343586
9196764241,36.0327522,129.3440393
6194343271,36.0327394,129.3441421
6194343272,36.0326908,129.3444186
6194343273,36.0332206,129.3443466
6194343278,36.0333393,129.3443626
6194343274,36.0334971,129.344245
6194343275,36.0337069,129.3442775
6194343276,36.0338317,129.3443845
6194343277,36.0337955,129.3445254
9209198345,36.0306485,129.3448673
4634229430,36.0305839,129.3447141
12438050032,36.0365055,129.3761324
6203794751,36.0375798,129.3589013
6203794760,36.0375253,129.3590595
4634358012,36.0373473,129.3596308
6203794761,36.0373434,129.3595071
6203794762,36.0372037,129.3599096
6203794763,36.0370328,129.3604421
6203794764,36.0369621,129.3606739
6203794766,36.0370421,129.3607672
6203794771,36.0362785,129.3590437
6203795894,36.0350347,129.3572866
6203794772,36.0348389,129.3571834
6203794773,36.0343944,129.3569073
6203795888,36.0342379,129.3568486
6203794774,36.0340127,129.356733
6203794775,36.0335941,129.3565292
6203794779,36.0350621,129.3579953
6203794780,36.0348109,129.3578783
6203794781,36.0342925,129.3576262
6203795889,36.034015,129.3574894
6203794782,36.0339561,129.3574723
6203794783,36.0336026,129.3572911
6203794784,36.0332073,129.3570961
6203795885,36.0331687,129.3569463
6203795886,36.033147,129.3573221
6203795891,36.0340589,129.3574057
6203795892,36.034607,129.3574331
6203795893,36.0350148,129.3574384
6203795895,36.0353713,129.357837
6203795896,36.0351508,129.3577235
4634358050,36.0349445,129.3584101
6203795897,36.0353084,129.3572023
8382098155,36.0353027,129.356996
6203795898,36.0352572,129.3567652
6203795899,36.0351296,129.3560927
6371429597,36.0351052,129.3558248
6203795912,36.035202,129.3556457
6203795913,36.035551,129.3548525
9215211280,36.0356119,129.3547454
6203795914,36.0358973,129.3542433
6203795953,36.0359913,129.3540205
6203795915,36.0360406,129.3538301
6203795916,36.0361337,129.3535482
6203795947,36.0361751,129.353439
6203795917,36.0362563,129.3532866
6203795918,36.0363847,129.353109
6203795942,36.0364764,129.35296
6203795919,36.0366376,129.352743
6203795941,36.0367505,129.3525347
6203795920,36.0367829,129.3524645
6203795934,36.0368215,129.3522851
6203795921,36.0368909,129.3520365
6203795926,36.0369668,129.3518106
6203795927,36.037061,129.3515059
6203795903,36.0347458,129.3556199
6203795907,36.0345149,129.355437
6203795908,36.0343436,129.3552942
6203795909,36.0342261,129.355455
6203795910,36.0340605,129.3556857
6203795922,36.0367196,129.3518326
6203795923,36.0364506,129.3516261
6203795935,36.036694,129.3521674
6203795936,36.0364571,129.3519506
6203795939,36.0363248,129.3521867
6203795940,36.0365547,129.3523637
6203795943,36.0363639,129.3528465
6203795944,36.0361643,129.3527097
6203795945,36.0358997,129.3525112
6203795948,36.0361144,129.35334
6203795949,36.035852,129.3531549
6203795950,36.0355598,129.3529747
6203795951,36.035448,129.3528677
6203795954,36.035805,129.3538862
6203795955,36.0354528,129.3536163
6203795956,36.0352366,129.3534681
6203796008,36.0314147,129.3584298
6203796009,36.0313215,129.3584725
6203796010,36.0312237,129.3585878
6203796011,36.0310847,129.3588067
6203796012,36.0309612,129.3591233
6203796014,36.0308676,129.359699
6203796028,36.0306047,129.3602058
6203796016,36.0304367,129.3605487
6203796018,36.0289345,129.3603051
6203796019,36.0286178,129.3609086
6203796020,36.0283663,129.3613386
436912371,36.0303621,129.357411
6203796021,36.0301686,129.3579149
6203796023,36.0306503,129.3569827
6203796024,36.030463,129.3573099
6203796025,36.0297494,129.358731
6203796026,36.0296122,129.3590518
6203796027,36.0293809,129.3595129
6203796029,36.0310563,129.3605015
6204708602,36.0400679,129.3593285
13078999359,36.0409807,129.3591372
4738684364,36.0416578,129.3589954
4738684363,36.0424239,129.3588571
4740205545,36.0431678,129.3587792
4738684361,36.0444307,129.3585672
4738684360,36.0448545,129.3584965
4738684359,36.0451726,129.3584432
9249577874,36.0456044,129.3584055
4738684358,36.0457848,129.3583857
4738684334,36.0374745,129.3597762
4738684333,36.0376499,129.3598238
4738684332,36.0378819,129.3598533
4738684331,36.0381487,129.3598051
4738684330,36.0388598,129.3596353
6204708592,36.0389968,129.3596107
6204708605,36.0374256,129.359674
9310032725,36.0368201,129.3593483
6204708594,36.0373889,129.3597466
6204708595,36.0374498,129.3598638
6204708596,36.0377231,129.3599524
6204708597,36.0380381,129.3599069
6204708598,36.038274,129.3598519
9350114229,36.038657,129.3597737
6204708599,36.0390384,129.3596958
9350114234,36.039181,129.3596579
6204708600,36.0393774,129.3596058
6204708601,36.0398179,129.3594757
13078999360,36.0403796,129.3593341
13078999358,36.0407694,129.3592359
6204708603,36.0398456,129.3592006
9350114232,36.0391383,129.3593801
4062146351,36.0389299,129.359433
9350114231,36.0386347,129.3594917
6204708607,36.0375077,129.3596331
4738817578,36.0365041,129.3591698
6280676301,36.0323012,129.3603817
9350087401,36.0322894,129.3604033
6284023496,36.0318716,129.3611689
6280676311,36.0263271,129.3595165
6282827180,36.0270276,129.3601337
9217386187,36.0270082,129.3582569
4057921207,36.026627,129.358975
6282827183,36.0262247,129.3596816
6280676313,36.0258263,129.3604646
6280676314,36.0369782,129.3595662
9201335479,36.0370185,129.3597647
6280676315,36.0371182,129.3598259
6280676316,36.0375167,129.3600886
6280676317,36.0384607,129.3606851
6280676318,36.0390093,129.3610641
6280676319,36.0390419,129.3608526
6280676320,36.0397826,129.3611925
436581026,36.0391294,129.35998
6280676321,36.0392597,129.3602461
6280676324,36.0395954,129.3615385
6280676325,36.0397067,129.3615042
6280676326,36.0398649,129.3614886
6280676327,36.0399459,129.3614526
6280676328,36.0399064,129.3613816
6280676329,36.0401464,129.3616153
6280676330,36.0402734,129.3617226
6280676331,36.0403857,129.3618152
6280676332,36.0404608,129.3619106
6280676333,36.0405799,129.362017
6280676334,36.0407485,129.3621204
6280676335,36.0409942,129.3622957
6280676346,36.060669,129.3703659
6280676355,36.0612602,129.3688919
6280676348,36.0613773,129.3686048
8795938945,36.0617014,129.3678896
6280676350,36.0620122,129.3681169
6280676351,36.0618544,129.3685116
6280676354,36.0615987,129.3690561
9311952564,36.0614906,129.3693104
6280676352,36.0612566,129.3698614
6280676353,36.0610317,129.3704617
6280676342,36.0618702,129.3666161
8795938940,36.0620116,129.3667193
6280677223,36.0622968,129.3669053
6280677227,36.062565,129.3660933
6280677228,36.0627976,129.3658547
8243238829,36.062975,129.3660211
6280677230,36.0632222,129.3662803
8825312836,36.0633014,129.3661628
6280677234,36.0637119,129.3666848
6280677235,36.0639961,129.3670538
6280677237,36.064123,129.3670654
13953462582,36.064335,129.3668857
6280677238,36.064435,129.3668009
6280677239,36.0646931,129.3665624
13953462579,36.064729,129.3665216
6280677240,36.0649075,129.3663188
13953462576,36.065154,129.3660507
6280677241,36.0651941,129.3660071
6280677242,36.0655317,129.3656195
7895481651,36.0654127,129.3650727
9217386186,36.0258458,129.3573266
6282827174,36.0254866,129.3580631
6282827179,36.0273374,129.3595283
6282827181,36.0265459,129.3610516
6282827182,36.0250911,129.3587618
6282828785,36.0259294,129.3594282
6282827184,36.0263102,129.3587158
8591741630,36.0251145,129.3600535
9201406451,36.0250065,129.3602637
6282828789,36.0222573,129.3564754
9215211284,36.0349972,129.3557354
6203795902,36.0349323,129.3556816
6203795904,36.0344964,129.355636
6203795905,36.0342253,129.3556869
9331381911,36.0340214,129.3556946
9201416701,36.0363527,129.35908
9201416697,36.036511,129.3593579
4738684335,36.0370798,129.3596099
9350087404,36.0316538,129.3610044
6284023503,36.0327961,129.3618947
6284023500,36.0332644,129.3622811
9196749613,36.0335956,129.3625472
9349997836,36.0338408,129.362753
6284023498,36.0338489,129.3627598
9349997838,36.0340429,129.3629594
6284023499,36.0343941,129.3633206
6284023506,36.0335013,129.3618163
9350087392,36.0324365,129.3638626
9350087394,36.0318445,129.3636904
9196757452,36.0338316,129.3621181
6284023507,36.0340927,129.3623778
6284023508,36.0346396,129.3629297
9290335174,36.0324698,129.3649963
6284023515,36.0287004,129.3638048
13727740599,36.0284097,129.364401
13727741801,36.0284001,129.3644207
6284023513,36.0283863,129.3644489
6284023514,36.0285962,129.3655386
6284023516,36.0303124,129.3651152
6284023519,36.0295256,129.364479
6284023520,36.0290679,129.365413
8591741633,36.0298769,129.3638109
6286283157,36.0685191,129.3844316
6286283415,36.0685524,129.3845017
12305995643,36.0519905,129.3739994
12305995649,36.051996,129.3740166
12305995642,36.0520154,129.3740772
1645075262,36.0520489,129.3742082
12308827451,36.052108,129.3745212
12315455309,36.0521395,129.3746878
8124792412,36.0521918,129.3749646
12305995636,36.0523283,129.3757416
12305995635,36.0523498,129.3758701
1645075263,36.0523664,129.3759889
9214231123,36.0524204,129.3764364
1645075264,36.0524838,129.3770376
8137538296,36.0524958,129.3771199
12305995601,36.0525153,129.3771923
12305973900,36.0525434,129.3772512
12305973899,36.0525758,129.3772912
12305973893,36.0526103,129.3773177
1645075266,36.0526488,129.3773384
8137538300,36.052699,129.3773504
1645075267,36.0527631,129.3773518
12305973892,36.0528442,129.3773428
8124792422,36.0530879,129.3773178
12305973890,36.0532074,129.377311
12304715952,36.0533268,129.3773016
12304715951,36.0534742,129.3772959
12855618615,36.0537526,129.377272
4756570987,36.0539125,129.3772612
12304715949,36.0543386,129.3772597
12304715933,36.0546448,129.377295
12855618628,36.054676,129.3772988
8124792359,36.0547852,129.3773121
12304715929,36.0549068,129.3773366
1645075273,36.0550583,129.3773764
12304715925,36.0555795,129.377526
12304715924,36.0557893,129.3775893
12304715923,36.0559648,129.3776481
1645075276,36.0561364,129.3777103
4756570990,36.0564302,129.377826
12304715916,36.0573748,129.3782273
12304715914,36.0575526,129.3783065
12304715915,36.057656,129.3783593
1645075278,36.0577823,129.3784332
1645075281,36.0579452,129.3785365
12304715908,36.0580523,129.3786011
12304715843,36.059266,129.3793285
12304715842,36.0602834,129.379914
1645075285,36.0603787,129.3799729
1645075287,36.0604584,129.3800271
12304715835,36.0605345,129.3800881
12304715833,36.060599,129.3801492
12304715829,36.060669,129.3802244
4658585741,36.0349009,129.3653189
9290335176,36.0348229,129.3647775
9211943916,36.0347035,129.3637161
6351635653,36.0346529,129.3631297
6351635657,36.034968,129.3661649
6351635661,36.0350237,129.3667761
6351635668,36.0350796,129.3673443
6351635677,36.0351589,129.3682582
4638164089,36.0352107,129.3688261
6351635655,36.0361312,129.3658234
6351635659,36.0360259,129.3658548
6351635658,36.0359695,129.3658468
9382960840,36.0359597,129.36585
6351635660,36.0362421,129.3663625
9382960841,36.0360809,129.3664178
6351635664,36.0338526,129.3676971
6351635665,36.0363686,129.3669643
9382960842,36.0362059,129.3670227
9382960834,36.0360946,129.3670627
6351635667,36.0354061,129.3672887
6351635669,36.0365033,129.3675973
9382960837,36.0363278,129.3676165
9382960844,36.0362119,129.3676291
6351635670,36.036111,129.3676401
6351635671,36.0360416,129.367565
6351635673,36.0353736,129.3677769
6351635675,36.0364103,129.3678681
9382960845,36.0362701,129.3679116
6351635654,36.0354869,129.3699796
6351635683,36.0366192,129.3684091
9382960836,36.0365345,129.3684342
9382960843,36.0363868,129.368478
12117635772,36.0338953,129.3640788
4740468289,36.0336817,129.3644637
4740468288,36.0329723,129.3655618
6203796034,36.03513,129.3623846
4635306066,36.0352387,129.3622222
1831658923,36.0352802,129.36217
1831658899,36.0355044,129.3617981
9271029058,36.0355249,129.3617688
4740710085,36.0358657,129.3649627
9211943913,36.0354589,129.3634885
4635306618,36.035414,129.3633381
5164536877,36.0327529,129.3660213
4736970037,36.0323298,129.3660922
4658585758,36.0315001,129.3663021
9310043674,36.0312811,129.3663529
9310043672,36.0303048,129.3665787
6284023522,36.029288,129.3668335
9271029054,36.0284493,129.3671007
13989496898,36.0283994,129.367118
13952030388,36.0279887,129.3672123
13989496903,36.0278491,129.3672481
13989496907,36.0278356,129.3672516
4740710058,36.0359416,129.3651109
9271029064,36.0359967,129.3650974
4740710056,36.0364859,129.3650848
4740710055,36.0368279,129.3652062
14106303400,36.0360112,129.3652296
4658585734,36.0361947,129.366125
1831659737,36.0368896,129.3694851
6371429593,36.0346616,129.3511368
9201416705,36.034971,129.35118
9215222256,36.0350697,129.3512726
9201416704,36.0351345,129.351431
6371429595,36.0352822,129.3515416
9345075809,36.0221688,129.3507662
9345075810,36.0222559,129.3508409
9345075811,36.02245,129.3510071
6377749466,36.0224781,129.3510999
4740205191,36.0412066,129.362454
6378700715,36.0416041,129.3626646
6378700716,36.0422981,129.3630186
9249579476,36.0445898,129.3633749
6378700717,36.04461,129.363378
6378700718,36.046397,129.3638447
6378700719,36.0466399,129.3637267
6378700720,36.0476548,129.363952
6378700721,36.0478696,129.3638621
6378700725,36.053228,129.361935
9310065465,36.0533876,129.3618397
6378700741,36.0572989,129.3619454
6378700734,36.0576972,129.3621511
6378700743,36.0581922,129.3623764
8795770881,36.0589007,129.3625021
8795770882,36.059186,129.3625521
9382962605,36.0593738,129.3625093
9310065466,36.0538314,129.3615069
6378700739,36.0552004,129.3612216
10601348757,36.0555049,129.3612186
6378700740,36.0558051,129.3612996
6428724560,36.0666295,129.3713787
6428724561,36.0662059,129.3713024
4740327357,36.0582303,129.3778646
2918326160,36.0214864,129.3639807
1724839202,36.02167,129.3637947
13989497055,36.021823,129.3635201
9557314457,36.0222847,129.362641
9557314458,36.0227383,129.3617013
13989496792,36.0233043,129.3606576
13989496798,36.0234574,129.3603699
9288127480,36.0239628,129.3593916
13989496801,36.0240174,129.3592859
8591741629,36.0240669,129.3591901
4677674163,36.0223025,129.3735938
4677674165,36.0235524,129.3747479
6647012001,36.0402583,129.3698421
4632539425,36.0377517,129.3644544
13108382596,36.051412,129.3543125
13108382607,36.0512381,129.3542046
4636664270,36.0509957,129.3540543
6743475491,36.0505184,129.3553325
13092319494,36.0511135,129.3536665
13092319493,36.0512471,129.3532779
13092319492,36.0514594,129.3527928
13092321209,36.0503652,129.3552553
6743475495,36.0500228,129.3550972
6743475492,36.0498321,129.3550112
6743475493,36.0497406,129.355243
13092321210,36.049579,129.3551363
6743475494,36.0494028,129.3550445
4632539411,36.0360044,129.3644726
4632583608,36.0377073,129.3624002
8265970126,36.0375928,129.3616291
6771400436,36.0375318,129.3612177
6771400437,36.0383418,129.3625019
6771400438,36.0382712,129.3614188
4740710053,36.0376675,129.3655558
9310065496,36.0380683,129.3657103
4740710052,36.038267,129.3657869
4635295495,36.0382133,129.367689
8265960301,36.0382379,129.3681077
4635295494,36.0382563,129.3685671
4632583940,36.0383552,129.3697021
12168051659,36.0385024,129.3658742
9271029068,36.0404203,129.3666606
4740710044,36.040485,129.366681
12112513602,36.037893,129.365539
9510688679,36.0372727,129.3652946
4701487690,36.0371534,129.3652446
4740710086,36.036476,129.3649976
9271029067,36.0363605,129.3649561
13937823886,36.0486679,129.3676733
12855618623,36.0486001,129.3676825
9310065479,36.0485752,129.3676859
12855618627,36.0474445,129.3678396
12855618629,36.0472712,129.3678631
12855618630,36.0461577,129.3680144
9310065492,36.0441556,129.3682864
6378700733,36.0490425,129.3636839
4658585342,36.0489864,129.3639569
9276418115,36.0492515,129.3665507
1645075258,36.0492714,129.3667381
1645075259,36.049305,129.3670798
9310065478,36.0493119,129.3673397
12855608467,36.0505162,129.3716228
7947730306,36.0500276,129.3714164
9211970238,36.0495,129.3712468
436911699,36.0490483,129.3711007
13671609559,36.0489612,129.3710757
12855608484,36.0488053,129.3710454
10033789061,36.0484194,129.3709056
436911698,36.0482677,129.3708579
4632583915,36.0480577,129.3707259
13671609566,36.0490769,129.3685951
1645075255,36.0491515,129.3689675
13671609562,36.0492227,129.3692341
1645075257,36.0492402,129.3693651
1645075256,36.049237,129.3696176
13671626301,36.0492349,129.3697441
13671609600,36.049118,129.3703392
13671609560,36.0489489,129.3711543
12855608463,36.0489184,129.3713496
13055631350,36.0488707,129.3714856
13055631349,36.0487212,129.3717877
13055631351,36.0486977,129.3719265
4740525320,36.0467116,129.3700664
4740525317,36.0481284,129.3708773
12855608485,36.0487893,129.3711108
13671609561,36.0490332,129.3711762
4740700164,36.0501907,129.371571
9310065483,36.0506135,129.3717037
4740525315,36.0507622,129.3717503
13055631364,36.0461398,129.3699773
4632583923,36.0454001,129.369847
4642026818,36.0446725,129.369716
4740700162,36.0439774,129.369564
13055631388,36.0432453,129.3694008
4650030224,36.0415989,129.369166
4740205159,36.0403623,129.3689444
436913237,36.0427386,129.3674605
12122053864,36.0424646,129.3673604
5164536880,36.0410845,129.3668411
9271029072,36.0409549,129.3667977
6987341950,36.0640149,129.3777784
6987341952,36.0641466,129.3791696
7176667175,36.061387,129.3716418
7176667174,36.0621704,129.3719262
7176667173,36.0622195,129.3719755
7176667172,36.0623912,129.3723548
7176667171,36.0620753,129.3726089
7176667170,36.0618883,129.3725824
7176667169,36.061643,129.3727417
7176667168,36.0615357,129.3725141
7176667167,36.0612566,129.3727038
7176667166,36.0611886,129.3728329
7176667176,36.0610103,129.3714363
7176667177,36.060812,129.3713079
7176667178,36.0601466,129.3718655
7176667179,36.0601006,129.3719603
7176667180,36.0600724,129.3724599
7176667181,36.059997,129.3725897
7176667182,36.0601343,129.3724648
7176667152,36.0612566,129.3724686
7176667154,36.0614927,129.3717403
7176667165,36.0608396,129.3713572
1724839206,36.0267462,129.3540606
4740205538,36.0436728,129.3654121
6351635651,36.0437311,129.3654737
436561611,36.0429565,129.3656689
4740205540,36.0409904,129.3663973
9271029071,36.0409392,129.3664273
6378700731,36.0480152,129.3638716
4740288270,36.0482197,129.3634857
8795770878,36.0484515,129.3631138
13947279402,36.0485904,129.3629609
4740288268,36.0487218,129.3628428
4740288267,36.0491215,129.3625981
13947240095,36.0492432,129.3625411
4740288266,36.0493889,129.3624874
4740299283,36.0497016,129.3623856
9310065471,36.0504895,129.3621444
4740288265,36.0506356,129.3621015
7249130564,36.0618694,129.3614765
7249130565,36.061935,129.3613863
7249130566,36.0622413,129.3612599
7249130567,36.0624499,129.3610466
7249130568,36.0629052,129.3609324
7249130569,36.0631111,129.3610423
7249130570,36.0637762,129.3608776
414664986,35.7449263,129.4802512
13253924061,35.7446744,129.4808246
259979288,35.7443545,129.4816687
13802090949,35.744341,129.4817064
13802090688,35.744286,129.4818599
259979289,35.7442014,129.4820965
12202899673,35.7441763,129.4821684
13802090687,35.7441549,129.4822365
13802090686,35.7441384,129.4823064
13802090685,35.7441227,129.4823825
13802090684,35.7441115,129.4824656
13802090683,35.744102,129.4825451
13802090682,35.7440974,129.4826262
13802090681,35.7440938,129.4827831
13802090680,35.7440939,129.4828526
13802090679,35.7440998,129.4829246
13802090676,35.7441102,129.4829852
12202899674,35.7441267,129.4830553
259979318,35.744148,129.4831284
259979319,35.7441782,129.4832062
13802090669,35.7442516,129.4833767
13802090668,35.7443351,129.483564
259979321,35.7443727,129.4836396
13802090667,35.7444106,129.483708
259979322,35.7444536,129.4837702
13802090666,35.7444987,129.4838285
13802090665,35.7445452,129.4838823
259979323,35.7446023,129.4839403
259979324,35.7446622,129.4839937
259979327,35.7447331,129.4840515
1503595817,35.7448109,129.4841104
13802090648,35.7450004,129.4842499
259979339,35.7453397,129.4844998
13802090660,35.7455206,129.4846465
13802090641,35.7456122,129.4847206
13797512286,35.7457134,129.4848027
13797512285,35.7458064,129.4848845
13797512284,35.7458661,129.4849403
259979368,35.7459243,129.4850041
259979382,35.7459838,129.4850839
259979410,35.7460265,129.4851525
259979411,35.7460839,129.485256
259979412,35.7461447,129.4853623
13802089377,35.7462577,129.485556
13802090602,35.7463273,129.4856752
259979414,35.7464287,129.4858489
259979420,35.7464705,129.4859218
13797512176,35.7465113,129.4859796
259979421,35.7465515,129.486032
13797512164,35.7465947,129.4860796
13797512163,35.7466298,129.486111
13802089372,35.7466504,129.486129
259979422,35.7466612,129.4861384
13797512169,35.7466857,129.4861561
13797512162,35.7467121,129.4861752
13797512161,35.7467962,129.4862273
259979424,35.7468743,129.486273
13797512157,35.746983,129.4863246
13797512121,35.7470173,129.4863399
259979425,35.7470897,129.4863845
259979428,35.7471581,129.4864281
259979429,35.7472094,129.4864676
13797512091,35.7472567,129.4865104
13797512090,35.7472953,129.4865478
259979431,35.7473344,129.4865922
259979433,35.7473954,129.4866672
259979434,35.7474657,129.4867591
13797512073,35.7475513,129.4868722
13793839384,35.7483998,129.4880062
13793839405,35.7484108,129.4880203
13793839378,35.7487372,129.4884395
13793839377,35.7487853,129.4885068
13793839376,35.7488283,129.4885726
13793839375,35.7488742,129.488651
13793839374,35.7489157,129.4887388
259979443,35.7489499,129.488826
259979444,35.7489795,129.4889155
259979445,35.7490074,129.489015
259979447,35.7490397,129.4891507
259979448,35.7490758,129.4893043
259979449,35.7490984,129.489399
259979450,35.7491251,129.4894884
13793839334,35.7491549,129.4895713
13793839333,35.7491887,129.4896503
259979453,35.7492315,129.4897373
259979457,35.7492737,129.4898139
259979458,35.7493303,129.4899027
259979459,35.749389,129.4899809
259979460,35.7494475,129.4900434
259979461,35.7495089,129.4901007
259979462,35.7495785,129.4901578
259979463,35.7500045,129.4904363
13793839307,35.7505027,129.4907482
13793839306,35.7505644,129.4907877
259979464,35.7506246,129.4908313
13793839305,35.750687,129.4908842
259979465,35.7507473,129.4909441
259979466,35.7508061,129.4910052
259979468,35.7508764,129.4910856
259979469,35.7509509,129.4911741
13793838825,35.7513931,129.4917273
13793838824,35.7514517,129.4917925
13793838823,35.7515041,129.4918507
259979472,35.7515587,129.4919084
13793838822,35.7516182,129.4919592
13793838821,35.7516889,129.4920122
13793838820,35.7517616,129.4920614
259979473,35.7518382,129.4921073
259979475,35.7519131,129.492142
259979479,35.7519902,129.4921762
259979480,35.7520608,129.4922012
13793838819,35.7521447,129.4922253
259979481,35.7522307,129.4922441
259979482,35.7523046,129.4922529
259979488,35.7523759,129.4922544
259979489,35.7524482,129.4922506
259979507,35.7525238,129.4922393
259979512,35.7525927,129.4922238
259979513,35.7526607,129.4922023
259979514,35.7527284,129.4921766
259979516,35.7528115,129.4921376
259979518,35.7528892,129.4920975
259979519,35.7539737,129.4914627
13793839242,35.7541904,129.4913389
13793838924,35.754289,129.4912868
13793838826,35.7544481,129.4911981
13793838803,35.7546118,129.4911068
13793838802,35.7546897,129.4910664
13793838801,35.7547654,129.4910305
13793838800,35.7548392,129.4910003
259979521,35.7549082,129.4909753
259979522,35.7549861,129.490954
259979526,35.7550636,129.4909378
259979527,35.7551549,129.4909249
259979533,35.7552363,129.4909172
259979560,35.7553166,129.4909133
259979579,35.7554102,129.4909135
259979598,35.7559265,129.4909354
13793838774,35.7562203,129.4909465
259979628,35.7565766,129.4909691
13793838738,35.7570958,129.4909936
259979657,35.7572215,129.4909978
13793838737,35.7573137,129.4909956
13793838736,35.7574081,129.4909899
13793838735,35.7574919,129.4909784
259979674,35.7575735,129.4909635
259979688,35.7576757,129.4909409
259979693,35.757775,129.4909153
259979712,35.7581054,129.4908299
13793838734,35.7581917,129.4908134
13793838696,35.7582571,129.4908031
13793838695,35.7583377,129.4907967
259979713,35.7584128,129.4907963
259979714,35.7585068,129.4908024
259979715,35.7585994,129.4908143
259979716,35.7587129,129.4908333
259979717,35.7590874,129.4909035
13793838680,35.7592301,129.4909328
13793838679,35.7593483,129.4909604
13793838665,35.7594585,129.4909908
13793838664,35.7595624,129.4910248
259979718,35.7596518,129.4910592
13793838663,35.7597275,129.4910947
259979719,35.7598062,129.4911382
259979720,35.7598751,129.4911834
13793838650,35.7598989,129.4912006
13793838649,35.7599431,129.4912323
259979721,35.7600092,129.4912858
13793838645,35.7600831,129.4913552
259979722,35.7601571,129.4914324
259979723,35.7602251,129.4915127
13793838658,35.7602867,129.4915917
13793838622,35.7603542,129.4916782
259979724,35.7603841,129.491718
13793838617,35.7605135,129.4918852
13793838550,35.7605561,129.4919402
13793838383,35.7606043,129.4920026
13072307011,35.7606567,129.4920702
13793838381,35.7606847,129.4921068
13784654903,35.7608242,129.4922889
13793838379,35.7609348,129.4924364
13793838378,35.7610215,129.4925452
259979725,35.7610777,129.4926145
13784654894,35.7611329,129.4926714
13784654893,35.761189,129.4927283
259979726,35.7612534,129.4927832
13784654888,35.7613164,129.4928316
13784654887,35.7613918,129.4928839
259979730,35.7614749,129.4929359
259979731,35.7615681,129.4929893
259979734,35.7618321,129.4931289
259979747,35.7622908,129.4933809
13784654876,35.7623662,129.4934164
259979748,35.7624408,129.4934458
13784654875,35.7625243,129.4934752
13784654874,35.7626135,129.4934995
259979749,35.7627045,129.4935175
13784654865,35.762798,129.4935318
13784654864,35.7629195,129.49354
13784654863,35.7630355,129.4935442
259979805,35.7631554,129.4935423
259979806,35.7632708,129.4935385
259979807,35.7633765,129.4935298
7723782350,35.7635455,129.493508
7384411490,36.0670977,129.3498599
7384411491,36.0674071,129.3493687
9201335377,36.067597,129.3492407
9201335376,36.0678428,129.3491718
7384411492,36.0681573,129.348958
9201335378,36.0685898,129.3484363
7723782066,35.7635471,129.4932994
13784654858,35.7635451,129.4933385
7723782069,35.763531,129.4933725
7723782070,35.7634994,129.4933889
7723782071,35.7631793,129.4934169
7723782072,35.7629776,129.4934244
7723782074,35.7628039,129.4934204
7723782077,35.7627297,129.4934138
7723782075,35.7626271,129.4933986
13784654904,35.76251,129.493363
13784654905,35.7624069,129.4933275
13784654856,35.763536,129.4934197
5158711969,36.0335746,129.358885
4636677863,36.0309729,129.3579885
8795938944,36.0615692,129.3677124
7947730305,36.050076,129.3710414
9211989853,36.0529676,129.363832
4658585406,36.0531248,129.3639202
4658585336,36.0536348,129.3642666
9211989906,36.0537798,129.3643172
12045041228,36.0539261,129.3642199
4658585416,36.0542632,129.3637199
9311952560,36.0544678,129.3636267
12949898175,36.0545047,129.3635985
13947240100,36.0482681,129.3628931
7947730310,36.0477321,129.3629063
4632583619,36.0440691,129.3645948
4632583632,36.0445139,129.3634534
7947730312,36.044306,129.3636978
4632583641,36.0441439,129.3638806
4632583634,36.0436563,129.3644201
7947730311,36.043553,129.3644385
4632583635,36.0431935,129.3645025
4632583626,36.0450973,129.3649233
4632583620,36.0460635,129.3640044
4632583621,36.0463149,129.3640007
6132178360,36.0465027,129.3640251
6132178359,36.0466801,129.3640612
13947279406,36.0468837,129.3641706
4632583622,36.0470167,129.3642736
8265960298,36.0397283,129.3677653
4740205176,36.0404856,129.3678515
4740526323,36.0447509,129.3688884
4701870266,36.0441203,129.3684252
8108720651,36.0645727,129.3803721
8108720652,36.0642595,129.3801042
8108720653,36.0641366,129.379955
8124580466,36.0567996,129.3733636
8124580467,36.057082,129.3734313
8124580468,36.0575733,129.3736478
8124580469,36.0578578,129.3735804
8124580470,36.0577143,129.3729157
8124580471,36.0576109,129.3730954
8124580472,36.0577096,129.3731564
8124792358,36.0549424,129.3765066
12855608469,36.0537497,129.3771616
8124792410,36.0534008,129.3771832
14070414390,36.0530748,129.3771964
14070414391,36.0528212,129.3772271
14070414392,36.0527211,129.3772306
14070414393,36.0526541,129.3772061
14070414394,36.0526003,129.3771349
14070414395,36.0525767,129.3769971
4740525301,36.053004,129.374718
8124792419,36.0526477,129.3748545
8124792414,36.0526888,129.3761594
8124792415,36.052847,129.377126
8124792417,36.0537355,129.3765193
8124792418,36.0533341,129.3766257
8124792420,36.0529173,129.3761826
8124792421,36.0530613,129.3770723
4634870976,36.0587578,129.3781638
8124792607,36.059124,129.3773214
8137538279,36.0404167,129.3755848
8137538280,36.0405237,129.3755321
8137538281,36.0404192,129.3752257
8137538282,36.0403262,129.3752628
12305973897,36.0525014,129.3775136
12855608476,36.0524823,129.3772401
8137538298,36.0524665,129.3773802
8137538299,36.0524683,129.3774616
12305973898,36.0524658,129.3774788
8137685872,36.0602971,129.3761369
8137686061,36.0618837,129.3773003
8137686062,36.0613398,129.3770178
5684338918,36.0586711,129.369597
8825312835,36.0589094,129.3697262
6280676343,36.0600193,129.3699696
9310065493,36.0382391,129.3659913
8265970120,36.0370339,129.3608789
8265970121,36.0363722,129.360482
8265970122,36.0362586,129.3608715
8265970124,36.0360294,129.3609355
8265970125,36.0366991,129.3613521
8265970119,36.0371236,129.3617366
9350114228,36.0378973,129.3612369
8265970127,36.0379309,129.3612387
9382960839,36.0358088,129.3651431
9271029040,36.0323141,129.3591667
8591741628,36.0234992,129.3587337
8591741627,36.022606,129.3580226
13989496820,36.0225783,129.3580754
9349888765,36.0215859,129.3599304
4057921170,36.0234376,129.3516824
9349894045,36.0233884,129.3517756
4057921180,36.0230577,129.3524024
4057921212,36.0220743,129.3542958
12438049899,36.0290724,129.3796415
4699456990,36.030941,129.3714043
4658585796,36.0310707,129.3721344
8341384635,36.0305801,129.3722816
8341384637,36.0275206,129.3731106
13952032185,36.028034,129.3663787
8341384638,36.0268237,129.3666511
8341384639,36.0277782,129.3744124
14070265349,36.0305194,129.3693481
8382097933,36.0367637,129.3563189
8382097932,36.0369112,129.3564959
8382097931,36.0370044,129.3566475
8382097930,36.0370739,129.3567762
8382097929,36.0370999,129.3568889
8382097928,36.0370608,129.3569573
8382097927,36.0370207,129.3570418
8382097926,36.036934,129.3570565
8382097925,36.036883,129.357086
8382097924,36.0368526,129.3570847
8382097923,36.0368385,129.3570337
8382097922,36.0368689,129.3568594
8382097921,36.0368635,129.3568057
8382098110,36.0368656,129.3567534
8382097920,36.0368678,129.3566904
8382097919,36.0368244,129.3565549
8382097918,36.0367279,129.3563511
8382098108,36.0367485,129.356331
8382097947,36.0373562,129.3505209
8382097946,36.0369654,129.351133
8382097949,36.036853,129.3509811
8382097948,36.0372303,129.3503836
8382097955,36.0367663,129.3510284
8382097954,36.0368276,129.3509505
8382097953,36.0370606,129.35123
8382097952,36.0374319,129.3506021
8382097951,36.037156,129.3503122
8382097950,36.0367643,129.3508891
8382097964,36.0374951,129.351433
8382097959,36.0376102,129.3515179
8382097958,36.0378277,129.3513737
8382098001,36.0378442,129.3513523
8382097957,36.03793,129.3511149
8382097956,36.0378924,129.3510152
8382097963,36.0377969,129.3509725
8382097962,36.0371445,129.3513639
8382097961,36.0375731,129.350703
8382097960,36.0377258,129.3509014
9215211298,36.0366667,129.3509464
8382097966,36.0371274,129.3513402
8382097965,36.0373347,129.3514874
8382098018,36.038502,129.3516127
8382098017,36.0384786,129.3515924
8382060216,36.0384287,129.3515682
8382060215,36.0383908,129.3515494
8382060214,36.038343,129.3515468
8382060213,36.0382617,129.3515441
8382060212,36.0381685,129.3515106
8382060211,36.0380554,129.3514971
8382098002,36.0379383,129.3514323
8382098038,36.0380536,129.3520261
8382098033,36.0379871,129.3520012
9215203934,36.0379999,129.3519366
8382098032,36.0380622,129.3518796
8382098031,36.0381655,129.3518088
8382098030,36.038368,129.351764
8382098029,36.0384721,129.3517345
8382098028,36.0385415,129.3516889
8382098027,36.0384916,129.3516565
8382098025,36.0386242,129.351558
8382098024,36.0386482,129.3515801
8382098023,36.0386439,129.3516204
8382098022,36.0386992,129.3516119
8382098021,36.0387455,129.3516441
8382098041,36.038658,129.3517837
8382098040,36.0384612,129.3518937
8382098039,36.0382555,129.3519702
8382098037,36.038122,129.3522374
8382098036,36.0381409,129.352411
8382098035,36.0382408,129.3526381
8382098034,36.0382716,129.3527738
8382098047,36.0377552,129.3504272
8382098046,36.0378918,129.3502035
9213042229,36.0381789,129.3499235
8382098045,36.0380588,129.3500598
8382098042,36.0376551,129.3505928
8382098070,36.0390404,129.350932
8382098056,36.0388252,129.3507935
8382098055,36.0386808,129.3506646
8382098054,36.0385805,129.3507045
8382098053,36.0384743,129.3507689
8382098052,36.0383593,129.350777
8382098051,36.0381988,129.3507904
8382098050,36.0381142,129.3507904
8382098049,36.0379776,129.350785
8382098107,36.0366232,129.3561206
8382098090,36.0366733,129.3559587
9215203937,36.0367664,129.3557387
8382098089,36.0368327,129.3556051
11696428044,36.0369517,129.355444
8382098088,36.037093,129.3552831
8382098087,36.0371631,129.355075
11696428045,36.0372282,129.3549357
8382098086,36.0373675,129.3548381
9215203936,36.0374606,129.354806
8382098085,36.037559,129.3548002
8382098084,36.0377471,129.3546819
8382098083,36.0378244,129.3546021
11696428046,36.037893,129.3544435
8382098082,36.037929,129.3542385
8382098081,36.0379583,129.3540573
8382098080,36.0379142,129.3538008
8382098079,36.0379067,129.3535602
11696428047,36.0379461,129.3533707
8382098078,36.0380401,129.3531582
8382098077,36.0382619,129.3528181
8382098076,36.0384134,129.352551
11696428048,36.0384667,129.3523099
8382098075,36.0385453,129.3521164
8382098074,36.0386981,129.3517197
11696428041,36.0387779,129.3515615
8382098073,36.038804,129.3514441
11696428040,36.0388289,129.3513161
8382098072,36.038859,129.3511987
8382098071,36.0389554,129.351043
8382098069,36.0392219,129.3507396
8382098068,36.0392801,129.3506442
8382098067,36.0392881,129.3505114
9215203935,36.0393276,129.3503798
8382098066,36.0393738,129.3501826
11696428042,36.0395121,129.3500568
8382098065,36.0396043,129.3499377
11696428043,36.0397127,129.3497685
8382098064,36.0397203,129.3496677
8382098063,36.0399176,129.3495928
8382098062,36.0400634,129.3494153
8382098061,36.0401086,129.3491282
11696428039,36.0401345,129.3489879
8382098060,36.0401741,129.3488633
11180842159,36.0403156,129.3486567
8382098059,36.0404962,129.3485224
8382098057,36.0407332,129.3483889
11180842160,36.0407701,129.3483818
8382098104,36.0364859,129.3558792
8382098103,36.0364983,129.3559011
8382098102,36.0365171,129.3559142
8382098101,36.0365386,129.355916
8382098100,36.0365587,129.355906
8382098099,36.0365732,129.3558862
8382098098,36.0365794,129.3558606
8382098105,36.036576,129.3558342
8382098097,36.0365636,129.3558123
8382098096,36.0365448,129.3557992
8382098095,36.0365233,129.3557974
8382098094,36.0365032,129.3558074
8382098093,36.0364887,129.3558272
8382098092,36.0364825,129.3558528
8382098120,36.0361995,129.3571333
8382069109,36.0364108,129.3570882
8382098109,36.0369645,129.3567008
8382098106,36.0366021,129.3560545
8382098124,36.0361366,129.357195
8382098123,36.0361587,129.3571928
8382098122,36.0361784,129.3571803
8382098121,36.0361927,129.3571594
8382098119,36.0361977,129.357106
8382098118,36.0361876,129.3570817
8382098117,36.0361707,129.3570639
8382098125,36.0361496,129.3570555
8382069116,36.0361275,129.3570578
8382069115,36.0361078,129.3570703
8382069114,36.0360935,129.3570912
8382069113,36.0360867,129.3571172
8382069112,36.0360885,129.3571445
8382069111,36.0360986,129.3571689
8382069110,36.0361155,129.3571866
8382098149,36.0358906,129.3565429
9215203939,36.0358517,129.3567713
9215203938,36.0357829,129.3568559
8382098127,36.0357489,129.3570596
8382098126,36.0359095,129.3570989
8382098154,36.0355727,129.3568508
8382098153,36.0356503,129.3567492
8382098152,36.0357339,129.356636
8382098151,36.0357377,129.3564799
8382098150,36.0358034,129.3564847
8382098157,36.0252737,129.3569004
8382098156,36.0255087,129.3571029
8382098159,36.0253061,129.3579427
8382098158,36.0255683,129.3574275
8382098161,36.025126,129.3578208
8382098160,36.0254175,129.3572585
8382131787,36.0437011,129.343936
9215203933,36.0438539,129.3437279
8382131786,36.0439083,129.343693
8382118861,36.039957,129.3472475
8382118860,36.0401431,129.3474547
8382118859,36.0403733,129.3477691
8382118858,36.0403551,129.3478247
8382118853,36.0400647,129.3481062
8382118857,36.0400096,129.3481719
8382118856,36.0396189,129.3485482
8382118855,36.0395032,129.3486531
8382118875,36.0396821,129.3477007
8382118874,36.0396189,129.3476388
8382118873,36.0395747,129.3476361
8382118872,36.0394883,129.3476894
8382118885,36.0391805,129.3481916
8382118883,36.0389766,129.348439
8382118882,36.0391573,129.3486738
9215211306,36.039174,129.3486604
8382118881,36.0392311,129.3486142
8382118854,36.0393392,129.3485264
9215211311,36.0394575,129.3484236
9215211310,36.0395776,129.3483904
8382118880,36.0399539,129.3480009
8382118884,36.0399755,129.3474583
4634172554,36.0449351,129.3439059
9307356738,36.0450179,129.3440581
4738282804,36.0454539,129.3461968
4634163401,36.048473,129.3522258
4738282799,36.0483971,129.3524082
5833893768,36.0475394,129.3539624
5833894202,36.0474176,129.3541874
5833893767,36.0467866,129.3554098
4738267111,36.0463139,129.3562491
5833894264,36.0459682,129.3568377
4634163406,36.0458847,129.3572991
4738282797,36.0458031,129.3575527
9249577876,36.045755,129.3580381
8591730477,36.0331042,129.3659005
8591730478,36.0329918,129.3658785
8591730479,36.0329658,129.3658184
8591729802,36.0324334,129.3658223
8591730481,36.0324554,129.3659622
8795938938,36.0623349,129.3659267
9249585235,36.0622739,129.3660932
8795938939,36.062234,129.3663393
8795938941,36.0621929,129.3671776
8795938943,36.0621211,129.3674071
13953462656,36.0639539,129.3709708
13953462658,36.0635842,129.3708634
13953462653,36.0630953,129.3707213
8825312831,36.0629987,129.3706591
8825312832,36.0628737,129.370538
8825312833,36.0628056,129.3703501
9196643798,36.027715,129.3427064
9196643799,36.027949,129.3432403
9196656245,36.0279173,129.3433519
9196656246,36.0279874,129.3434241
9211844820,36.0280684,129.3434405
9211844819,36.0281303,129.343453
9196694071,36.0281314,129.3435757
9196694072,36.0279191,129.34373
9196694073,36.0278088,129.3439901
9391222224,36.0277251,129.3440199
9196694074,36.0276125,129.3440599
9211844826,36.0275726,129.3440796
9196694075,36.0273717,129.3440786
9196694076,36.0272108,129.3440791
9196694077,36.027046,129.3440716
11180790110,36.0269306,129.3441197
9196694078,36.0268039,129.3442898
11180790109,36.0267006,129.3444724
9196694079,36.0266035,129.3445822
9196694080,36.0263395,129.3448542
9196694081,36.0261798,129.345017
9196694082,36.0260412,129.3451254
9196694083,36.0259226,129.3452647
9211820416,36.0258356,129.3453593
9196694084,36.0257425,129.3455038
9196694085,36.0255971,129.3456297
9196694086,36.0255437,129.3457921
9196694087,36.0254087,129.3459408
9196694088,36.0253621,129.3459863
9211820415,36.0253881,129.3460549
9196694089,36.0253644,129.3460821
9207546293,36.0253108,129.3460846
9209187424,36.0249664,129.3460158
9196694093,36.0249056,129.3458164
9196694094,36.0248319,129.3457314
9196694095,36.0248246,129.3456616
9196694096,36.0247878,129.3455554
9196694097,36.0247755,129.345522
9196694098,36.0248123,129.3454705
9196694099,36.024827,129.3453187
9196694100,36.024744,129.3453491
9196694101,36.0246704,129.3453491
9196694102,36.0246113,129.3453026
9196694103,36.0245796,129.3451913
9196694104,36.0244225,129.3451761
9196694105,36.0242875,129.3452247
9196694106,36.0241771,129.3453733
9196694107,36.0240666,129.3454371
9196694108,36.0238973,129.3455372
9196694109,36.0238285,129.3456525
9196694110,36.0237083,129.3456343
9196694111,36.0235494,129.3457008
9196694112,36.0236298,129.3458376
9196694113,36.0236641,129.3459165
9196694115,36.0251458,129.3460608
9196694092,36.0250455,129.3460462
9218598691,36.0235581,129.3460426
9196693145,36.0234285,129.3462139
9196693146,36.0233174,129.3465229
9196693147,36.0230953,129.3467546
9211799813,36.0228192,129.3468721
9196693148,36.0227169,129.3468447
9196693149,36.0224046,129.3469091
9196693150,36.0220922,129.3469949
9196693151,36.0215412,129.3468673
9196682593,36.0215816,129.3436217
9196682594,36.0217326,129.3439843
9196682597,36.0220241,129.3446174
9211787646,36.0221704,129.3448821
9198572720,36.0217234,129.3451433
9288099280,36.0271598,129.3426939
9196727470,36.0272441,129.3428004
9213999845,36.0274569,129.3430427
9196727472,36.0274341,129.3433124
9223922023,36.0285557,129.3457275
9196748906,36.0284078,129.345512
9196748907,36.0281348,129.3455392
9223922022,36.0277567,129.3457995
9196748908,36.02736,129.3460164
9351614053,36.0271213,129.3460117
9196748909,36.0268055,129.3460055
9196748910,36.0265895,129.3461246
9196748911,36.0264348,129.3463267
9196748912,36.0262364,129.3464783
9196748913,36.0259153,129.3465541
9196748914,36.0258336,129.3466623
9223922020,36.0327103,129.3440961
9196764242,36.0327012,129.3441084
9351614084,36.0326774,129.3441488
9196764243,36.0326153,129.3442541
9196764244,36.0324337,129.3444058
9196764245,36.0322082,129.3445869
9196764246,36.0319675,129.3440477
9196764247,36.0317834,129.344157
9197024924,36.0217317,129.3453077
9214156294,36.0216881,129.3453616
9197024925,36.0216041,129.3454655
9197024926,36.0215853,129.3455151
9198902163,36.0216862,129.3457564
9197024927,36.0217587,129.3459298
9197024928,36.0218446,129.3460299
9197024929,36.0219035,129.3460208
9197024930,36.0220115,129.3460936
9211787647,36.0223374,129.3461112
9197024931,36.0226246,129.345992
9197024938,36.0226859,129.3459412
9197024932,36.0227732,129.3458678
9270970208,36.0226509,129.3456037
9270970207,36.0224542,129.3451788
9197024933,36.0223846,129.3450285
9197024934,36.0221283,129.3449935
9198902153,36.0222894,129.3450164
9270970206,36.0223791,129.345238
9197024937,36.0225004,129.3455376
9197024936,36.0225179,129.3455871
9270970205,36.022241,129.3457476
9211787649,36.0225672,129.345691
9198585364,36.0326059,129.3445836
9198585365,36.0323004,129.3447767
9198585366,36.0320055,129.3450857
9198585368,36.0384582,129.3481043
9198585369,36.0379692,129.3471475
9215211273,36.0376306,129.3465611
9213064691,36.0375856,129.3464935
9213064692,36.0375186,129.346411
9198585371,36.0374822,129.3462722
9215211274,36.0375223,129.346116
9198585372,36.0375975,129.3459751
9198585373,36.037703,129.3458128
9198585374,36.038105,129.3454285
9198585375,36.0386687,129.3463793
9198585376,36.0387719,129.3463334
9215211272,36.0382728,129.3452561
9208720390,36.0383547,129.3453056
9198585377,36.0384745,129.3454177
9198585378,36.038641,129.3456065
9198585379,36.0386792,129.3456966
9208720391,36.0374119,129.3453303
9198585381,36.0375874,129.3458052
9198585383,36.0369643,129.3449777
9198585384,36.0365183,129.3447228
9198585385,36.0367818,129.3440423
9198585386,36.0375096,129.3444261
9198585387,36.0375815,129.3443065
9198585388,36.0378878,129.3444645
9198585389,36.0371425,129.3450225
9198585390,36.0373406,129.3451118
9198585391,36.0374087,129.3450888
9198585392,36.0376151,129.34515
9198585393,36.0377224,129.3449995
9198585394,36.037516,129.3447673
9198902157,36.021757,129.3457098
9198974045,36.0594322,129.3505072
9198974046,36.0594738,129.3511959
9198974048,36.0593847,129.3517016
9198974049,36.0592622,129.3511402
9198974050,36.0593368,129.3510522
9198974051,36.0593957,129.3509084
9198974052,36.0594044,129.3507432
9198974053,36.0593819,129.3518075
9198974054,36.0592934,129.3518697
9198974055,36.0592899,129.3519598
9198974056,36.0598936,129.3516981
9198974057,36.0601,129.3516616
9198974058,36.0603654,129.3514813
9198974059,36.0604227,129.351108
9198974060,36.0604227,129.3508827
9198974061,36.0604487,129.3508269
9198974065,36.0607141,129.3508698
9198974066,36.0608164,129.3508483
9198974067,36.0608667,129.3511402
9198974071,36.060888,129.3512616
9198974068,36.0609066,129.3513676
9215179033,36.0608336,129.3514236
9215179034,36.0608546,129.3515246
9198974073,36.0610662,129.351211
9198974076,36.0629832,129.3519184
9198974077,36.0629276,129.3511605
9198974078,36.0628884,129.3509692
9198974079,36.0627708,129.3509462
9198974080,36.0626161,129.3509309
9198974081,36.0625686,129.3510074
9198974082,36.062548,129.3512524
9198974083,36.0625666,129.3515076
9198974084,36.0626016,129.3517194
9198974085,36.0627419,129.3518061
9198974087,36.062793,129.3518299
9276430734,36.062429,129.3510025
9198974086,36.0622159,129.351084
9276430735,36.0625891,129.3508296
9198974088,36.062614,129.350617
9198974089,36.0626986,129.3505328
9198974090,36.0627398,129.3504486
9276430717,36.0630228,129.3520999
9276430756,36.0629909,129.3519536
9201335337,36.0665048,129.3504884
9201335338,36.0664751,129.3503294
9382980474,36.0664342,129.3502702
9382980475,36.0664226,129.3502534
9201335339,36.0663745,129.3501837
9201335340,36.0662421,129.3501534
9201335341,36.0660238,129.3503324
9201335342,36.0660507,129.3504295
9201335343,36.0660826,129.3504508
9201335344,36.0662372,129.3504113
9201335345,36.0656352,129.3496876
9201335346,36.0655243,129.3497887
9201335347,36.0658992,129.3504382
9201335348,36.0658773,129.3494711
9201335359,36.065836,129.3494956
9201335349,36.0658044,129.3495144
9201335356,36.0656757,129.3496461
9201335350,36.065482,129.3498536
9201335351,36.0654733,129.3499204
9201335352,36.0655054,129.3499944
9201335353,36.0657839,129.3504581
9201335354,36.0658146,129.3504779
9201335355,36.0658612,129.3504797
9201335357,36.0655258,129.3493683
9201335360,36.0656731,129.3491878
9201335363,36.0647976,129.3508749
9201335364,36.0644469,129.3511428
9201335369,36.0644492,129.3511798
9201335365,36.064451,129.3512092
9201335366,36.0645274,129.3513011
9201335367,36.0648698,129.3509897
9201335361,36.0651317,129.3509641
9201335362,36.0650513,129.350732
9201335368,36.0648744,129.3508315
9201335370,36.0643619,129.3512696
9201335371,36.0643502,129.3514103
9201335372,36.0644513,129.3514958
9201335373,36.0645204,129.351451
9201335384,36.0647894,129.3514381
7384411485,36.0648425,129.3513243
9201335385,36.0648659,129.3512937
9201335383,36.0649034,129.3512447
7384411486,36.0649515,129.3511817
7384411487,36.0654682,129.3506892
7384411488,36.0664005,129.3505196
9201335375,36.0667539,129.3502701
7384411489,36.0669116,129.3501318
9201335374,36.0670067,129.3499929
9201335380,36.0650015,129.351495
9201335381,36.0649303,129.3514419
9201335382,36.0649046,129.3513478
9201335386,36.0647206,129.3513979
9201335387,36.0646102,129.3516225
9201335389,36.0649588,129.3503007
9201335392,36.0648498,129.3500649
9201335390,36.0647371,129.349846
9201335391,36.0644395,129.34955
9201335393,36.0642118,129.3492592
9201335394,36.0640199,129.3489989
9201335398,36.0640065,129.3489617
9201335395,36.0639663,129.3488509
9218530149,36.0639636,129.3487552
9201335399,36.0638859,129.3490576
9201335400,36.0636507,129.3489325
9201335401,36.0636074,129.348833
9201335402,36.0634506,129.3487182
9201335405,36.0638625,129.3491318
9201335404,36.0638438,129.3491911
9201335403,36.0637373,129.3493858
9201335406,36.0639828,129.349285
9201335407,36.0638848,129.3494266
9201335408,36.0640839,129.3493769
9201335409,36.0640199,129.3495057
9201335410,36.0636662,129.3493973
9201335411,36.0636198,129.3494164
9201335412,36.0634867,129.3493564
9201335413,36.0632516,129.3492684
9201335414,36.0654012,129.3504844
9201335415,36.0653137,129.3502823
9201335419,36.0653091,129.3501975
9201335416,36.0652962,129.349963
9201335417,36.0653298,129.3495263
9201335431,36.0653103,129.3494185
9276418114,36.0653005,129.3493638
9201335418,36.0652787,129.349243
9201335420,36.0652632,129.3501718
9201335421,36.0651591,129.3498146
9201335422,36.0650457,129.3498906
9201335423,36.0651168,129.350279
9201335424,36.0651281,129.3503007
9201335425,36.065254,129.3502522
9201335426,36.0654231,129.3490656
9201335427,36.0655252,129.3488487
9201335428,36.0656005,129.3486127
9201335429,36.0656974,129.3482503
9201335430,36.0656139,129.3482069
9201335432,36.0653715,129.349364
9201335433,36.0656126,129.3488212
9201335434,36.065741,129.3484693
9201335435,36.0658468,129.3482418
9201335436,36.0658919,129.3482375
9201335437,36.0659942,129.3481131
9201335438,36.065989,129.3479908
9201335439,36.0658884,129.347847
9201335440,36.0657063,129.3476989
9201335441,36.0656005,129.3476431
9201335442,36.0653576,129.3475401
9201335443,36.0652952,129.3476775
9201335444,36.0654739,129.3477612
9201335445,36.0652493,129.3490434
9201335446,36.0651544,129.3488163
9201335454,36.0584152,129.3572864
9201335458,36.0582555,129.358744
9382962599,36.0574343,129.3611206
9311952565,36.0574529,129.3610782
9201335461,36.0576251,129.3606854
9382962597,36.0526987,129.3522249
9201335463,36.0528515,129.3522724
9201335464,36.0529383,129.3522896
9201335465,36.0530424,129.3522252
9201335466,36.053254,129.3519763
9201335467,36.0534309,129.3520235
9201335468,36.0535073,129.3521136
9201335469,36.0533517,129.3525774
9201335470,36.0534628,129.3526105
9201335471,36.053535,129.3521694
9201335472,36.0536586,129.3527251
9201335473,36.0537298,129.352807
9215168005,36.0538252,129.3528669
9201335474,36.0539334,129.3529072
9201335475,36.0540021,129.3529284
13108382561,36.0521883,129.351724
13108382562,36.0522033,129.3516713
13108382564,36.0522319,129.3515885
9201335477,36.0522511,129.3515326
9201335480,36.0370235,129.3608367
9269459899,36.0312322,129.3670695
9462311151,36.0312482,129.3672435
9462311148,36.0312659,129.3674359
9201335482,36.0312761,129.3675463
9201335483,36.0314162,129.3682428
9201335484,36.0314892,129.3684701
9269459900,36.0315232,129.3686013
9201335485,36.03153,129.3686274
9462311147,36.0315389,129.3686381
4677735301,36.0402939,129.3763535
12315455219,36.0403483,129.3762981
12315455218,36.0410484,129.3756028
12315455217,36.0414895,129.3751323
12315455216,36.0415245,129.3750929
4677735302,36.0415555,129.375045
4677735303,36.0415812,129.3749845
4677735304,36.041925,129.3739593
9201335487,36.0524239,129.377136
9201335488,36.0523402,129.3771403
12305995602,36.0522817,129.3771332
12305995604,36.0522259,129.3771128
12305995605,36.0521754,129.3770862
12305995606,36.0521237,129.3770519
9235550858,36.0520361,129.3769778
9201335490,36.0519903,129.3769327
9201335489,36.0516822,129.3766835
9201335491,36.0519587,129.3767658
9201335492,36.0522552,129.3767032
9201335504,36.0518396,129.3770606
9201335494,36.0518455,129.3771137
12305995619,36.051854,129.3771659
9201335495,36.0518549,129.377232
9201335496,36.0516547,129.3777478
9201335497,36.0516363,129.3778332
9201335498,36.0516301,129.3778994
12305995627,36.051634,129.3779594
12305995628,36.0516549,129.3780245
9201335512,36.0516871,129.3780849
12305995626,36.0517447,129.3781204
12305995625,36.0518061,129.3781372
12305995624,36.0518571,129.3781335
12305995623,36.05191,129.3781167
9201335499,36.051948,129.3780971
9201335500,36.0519874,129.3780531
9201335501,36.0520165,129.3780062
9201335502,36.0521951,129.3775319
9201335503,36.0522668,129.3773941
12305995618,36.0519474,129.3770896
12305995612,36.0519347,129.3769068
12305995613,36.0519032,129.3769055
12305995614,36.0518742,129.3769142
12305995615,36.0518503,129.3769349
12305995616,36.0518327,129.3769709
12305995617,36.0518304,129.3770159
9201335505,36.0519827,129.3773491
9201335506,36.0517769,129.3778596
9201335507,36.0517774,129.3778943
9201335508,36.0517857,129.3779259
9201335509,36.0518062,129.3779415
9201335510,36.0518322,129.3779426
12305995620,36.0518556,129.3779333
12305995621,36.0518806,129.3779124
12305995622,36.0518949,129.3778832
9201335511,36.0520716,129.3774244
9201335513,36.051628,129.3783073
9201335514,36.0517801,129.3783802
9201335515,36.0517359,129.3787504
9201335520,36.0516378,129.3788278
9201335517,36.0516378,129.378717
9201335518,36.0514109,129.3786381
9201335519,36.051704,129.3788445
9201303433,36.0650791,129.3921715
9201303434,36.065174,129.3922481
9201303435,36.0652214,129.3923578
9201303436,36.0652503,129.3923935
9201303437,36.0651162,129.3925619
9201303438,36.0647462,129.3915535
9201303439,36.0645902,129.3918245
9201303440,36.0644788,129.3919827
9201303441,36.0642664,129.3921741
9201303471,36.0668938,129.3909985
9201303468,36.0667743,129.390855
9201303479,36.0658483,129.3932285
9201303480,36.0657411,129.3933587
9201303481,36.0656751,129.393425
9201303482,36.0655142,129.3934046
9201303483,36.0653492,129.3934607
9201303484,36.0653079,129.3934301
9201303485,36.0652151,129.3934888
9201303486,36.0652336,129.3935807
9201303487,36.0653265,129.3935628
9201303489,36.0655554,129.3950275
9201303490,36.0655699,129.394854
9201303491,36.0656524,129.3947519
9201303492,36.0656936,129.3946141
9201303493,36.0657225,129.3945376
9201303494,36.0658648,129.3945325
9201303495,36.0659638,129.3945095
9201303496,36.0660133,129.3944559
9201303497,36.0660402,129.3943105
9201303498,36.0660402,129.3942441
9201303499,36.0651243,129.3953848
9201303500,36.065213,129.3958288
9201303504,36.0669335,129.3895989
9201303505,36.0669065,129.3894367
9201303510,36.0669267,129.3894184
9201303506,36.0670436,129.3893122
9201303507,36.0673748,129.3897242
9201303508,36.0673887,129.3898487
9201303509,36.0673315,129.3898916
9201303512,36.0665475,129.3914666
9201303513,36.0666273,129.391561
9201303514,36.0666533,129.3916275
9201303515,36.06674,129.3917198
9201303516,36.066858,129.3917949
9201406446,36.0247306,129.3599862
9201406447,36.0245802,129.3599162
9201406448,36.0245352,129.3600104
9201406449,36.0248927,129.3602833
9201406452,36.0249301,129.3602334
9201406450,36.0249416,129.3601795
9201406445,36.024824,129.3598141
9216369103,36.024772,129.3599221
9216369104,36.0249601,129.3602423
9201406453,36.0247872,129.3605297
9201406454,36.0247365,129.3606287
9201406455,36.0246974,129.3606626
9201406456,36.0246271,129.3606118
9201406457,36.0247345,129.360363
9201406462,36.0246216,129.3602762
9201406458,36.0245177,129.3601964
9201406459,36.0244708,129.3602084
9201406460,36.0243848,129.3603534
9201406461,36.0244669,129.3604645
9201406463,36.0244957,129.360491
4740468291,36.0349606,129.3624187
12120220881,36.0349274,129.3624715
8591741635,36.0313599,129.3649915
8591741632,36.0290556,129.3631661
13727740597,36.0282391,129.3634433
8591741634,36.0306757,129.3644556
9201832992,36.0280524,129.3856112
9201832993,36.0286553,129.3868707
9201832994,36.0291379,129.3878057
9203567772,36.029759,129.3890791
9201832995,36.0299593,129.3894898
9201832996,36.0306733,129.3909443
9201832997,36.0318743,129.3924754
9201832998,36.0326048,129.3935114
9201832999,36.0332972,129.3943392
9201833000,36.0336859,129.3948735
9203567793,36.0341359,129.3954824
9201833001,36.034839,129.3964336
9201833002,36.0353587,129.3971389
9201833003,36.0359757,129.3980356
9201833004,36.0364622,129.3987184
9203567834,36.0366336,129.3989429
9201833005,36.0369233,129.3993224
9201833006,36.0379064,129.400695
9201833007,36.0379726,129.4008073
9203567703,36.0216368,129.3839495
9203567807,36.0217265,129.3841053
9203567704,36.0218675,129.3843501
9203567705,36.0221055,129.3848113
9203567706,36.0223657,129.3853424
9203567707,36.0221816,129.3855032
9203567708,36.0218871,129.3858765
9203567710,36.023772,129.3837462
11874019732,36.0237253,129.3841188
11874019725,36.0237207,129.3841551
9209246287,36.0237122,129.3842231
11874019748,36.0237047,129.3843043
9203567711,36.0236689,129.384696
9203567712,36.0235536,129.385837
9203567750,36.0235107,129.3861777
9203567713,36.0234333,129.3867926
9203567714,36.0233185,129.3874716
9203567715,36.0233557,129.387737
9203567716,36.0229223,129.3878876
9203567717,36.0228377,129.387862
9203567718,36.0221112,129.3874359
9203567723,36.0216141,129.3875073
9203567724,36.0219505,129.3876834
9203567725,36.022033,129.3876962
9203567726,36.0223653,129.3878978
9203567727,36.0221548,129.3884515
9203567728,36.0224974,129.3886863
9203567729,36.0225284,129.3886709
9203567730,36.0227574,129.388107
9203567731,36.0231207,129.3873466
9203567732,36.0226728,129.3868031
9203567932,36.022638,129.386786
9203567733,36.0225634,129.3867495
9203567734,36.0223323,129.3870174
9203567736,36.0222785,129.3870999
9203567735,36.0222126,129.3872011
9203567737,36.0219402,129.3867061
9203567738,36.0217627,129.3869689
9203567739,36.0218576,129.3866193
9203567740,36.0216471,129.3869153
9203567741,36.0219779,129.3864211
9203567742,36.022075,129.3864855
9203567744,36.0255679,129.3846571
11874019733,36.0253863,129.3850404
9203567745,36.0253815,129.3850505
11874019722,36.025361,129.3851143
9209246290,36.0253445,129.3851655
11874019749,36.0253196,129.3852694
9203567746,36.0252801,129.3854346
9203567747,36.0250186,129.3855513
9203567748,36.0239982,129.3859761
9203567749,36.0236737,129.3861414
9203567752,36.0270121,129.3854781
11874019952,36.0267448,129.3862081
11874019701,36.0267226,129.3862686
9209246291,36.0266957,129.3863421
11874019719,36.0266636,129.3864254
11860212775,36.026625,129.3865254
9203567754,36.0264918,129.386871
9203567755,36.0263421,129.3870591
9203567756,36.0258464,129.3872625
9203567757,36.0265881,129.3870316
9203567758,36.0267027,129.387392
9203567770,36.0267647,129.3875688
9203567759,36.0267998,129.3876688
9203567760,36.0268467,129.3878384
9203567762,36.0255087,129.3860445
11874019711,36.0256425,129.386503
11860212778,36.0256554,129.3865472
9203567763,36.0256822,129.3866389
9203567764,36.0236391,129.3884607
9203567765,36.0238944,129.3890464
9203567766,36.0249539,129.3885093
9203567767,36.0251257,129.3883879
9203567768,36.0252116,129.3883029
9203567771,36.0260365,129.3879105
9203567769,36.0262768,129.3877962
11874010055,36.0296965,129.389191
9209246292,36.0296541,129.3892667
11860212779,36.0295266,129.3894233
9203567773,36.0294074,129.3897911
9203567774,36.0252224,129.3885938
9203567775,36.0254443,129.3887345
9203567776,36.025634,129.3888067
9203567777,36.0257741,129.3887454
9203567778,36.0262294,129.3885288
9203567933,36.0269738,129.388166
9203567779,36.0271253,129.3880922
9203567780,36.0278783,129.3877494
9203567781,36.0280534,129.3877818
9203567782,36.0283774,129.3881571
11860212774,36.0283858,129.3881698
9203567783,36.0286897,129.3886263
11860212777,36.0288062,129.3888392
11874010051,36.0290171,129.3892244
9203567784,36.0290749,129.38933
9203567785,36.029215,129.3896548
9203567786,36.0291031,129.3897302
9203567787,36.0289607,129.3900519
9203567792,36.0289202,129.390196
9203567788,36.0288994,129.3903401
9203567789,36.0289484,129.3904676
9203567790,36.0290736,129.3904646
9203567791,36.0292724,129.3901125
11874019669,36.0340045,129.3956371
9209246293,36.0339518,129.3956991
9203567794,36.0338369,129.3958236
9203567795,36.0333903,129.396473
9203567812,36.0330058,129.3970144
9203567796,36.0329657,129.3970708
9203567797,36.0327989,129.3977263
9203567889,36.0327277,129.3979604
9203567798,36.0324602,129.39884
9203567799,36.0322614,129.3996047
9203567800,36.0318982,129.4008242
9203567806,36.0221687,129.3837074
9203567808,36.0278202,129.3919131
9203567809,36.0279847,129.3915125
9203567810,36.0281908,129.3909481
9203567811,36.0285025,129.3907569
9203567813,36.0328045,129.3968686
9203567814,36.0323063,129.3964437
9203567815,36.0316879,129.3958884
9203567816,36.0309394,129.3952511
9203567817,36.0302645,129.3946564
9203567818,36.029477,129.3939753
9203567819,36.028969,129.3935465
9203567820,36.0282799,129.3929806
9203567821,36.0282088,129.3929017
9203567822,36.0281499,129.392844
9203567823,36.0279241,129.3920449
9203567824,36.0279953,129.3922482
9203567825,36.0279266,129.3925698
9203567826,36.0279413,129.3926791
9203567827,36.0240636,129.3895626
9203567828,36.0242182,129.3899085
9203567829,36.0247066,129.3901938
9203567830,36.0256221,129.3907218
9203567831,36.0262013,129.3910647
9203567832,36.0273873,129.3917566
9203567833,36.0276362,129.3918691
11874019670,36.0365522,129.3991608
9209246295,36.0365135,129.3992646
9203567836,36.0364278,129.3996267
9203567911,36.0364193,129.3996551
9203567849,36.0362012,129.4003926
9203567837,36.0361345,129.400618
9203567858,36.0361146,129.4006791
9203567850,36.0364571,129.400515
9203567851,36.0364939,129.4004286
9203567852,36.036943,129.4006258
9203567863,36.0369837,129.4006121
9203567853,36.0369969,129.4006076
9203567854,36.0370607,129.4004574
9203567855,36.0371368,129.400424
9203567856,36.0373025,129.4004543
9203567857,36.0373344,129.4004999
9203567859,36.0363786,129.4007881
9203567860,36.0366669,129.4009323
9203567862,36.0368743,129.4009702
9203567864,36.0365565,129.4002025
9203567890,36.0335009,129.3982169
9203567891,36.0343205,129.3985716
9203567892,36.0349375,129.3988701
9203567894,36.0355705,129.4007871
9203567906,36.0351351,129.40058
9203567895,36.0349643,129.4004988
9203567896,36.0347656,129.4004229
9203567897,36.0349852,129.3989005
9203567898,36.035169,129.398204
9203567899,36.0348378,129.3980741
9203567900,36.034457,129.3979316
9203567901,36.0333484,129.397439
9203567902,36.0332011,129.3979731
9203567903,36.035273,129.3977458
9203567904,36.0355303,129.3992963
9203567905,36.0353325,129.3999207
9203567907,36.0359606,129.3994744
9203567908,36.0360404,129.3995666
9203567909,36.0358062,129.39891
9203567910,36.0361757,129.3994615
9203567927,36.0225773,129.3857809
9203567928,36.0226065,129.3859397
9203567929,36.0225511,129.3861202
9203567930,36.0225627,129.3862898
9203567931,36.0226357,129.3865352
9203871555,36.0278184,129.3927511
9203871556,36.0272113,129.3943534
9203871557,36.0267648,129.3956237
9203871558,36.0266165,129.3960417
9203871559,36.0265465,129.3961536
9203871560,36.0264867,129.3961933
9203871561,36.0264049,129.3961482
9203871562,36.0261554,129.3960219
9203871563,36.0259798,129.3960062
9203871564,36.0256848,129.3960062
9203871565,36.0255564,129.3961392
9203871566,36.0253586,129.3967057
9203871567,36.0252822,129.3968302
9203871568,36.0251989,129.3968731
9203871569,36.0249108,129.3967572
9203871570,36.0245411,129.3964518
9203871571,36.0246298,129.3961404
9203871572,36.0245576,129.3960384
9203871573,36.0243656,129.3959414
9203871574,36.0242955,129.396092
9203871575,36.0244482,129.39624
9203871576,36.0244957,129.3955995
9203871577,36.0241943,129.3961047
9203871578,36.0241799,129.3960741
9203871579,36.024215,129.3959491
9206556196,36.0612754,129.3427166
9206556162,36.0609063,129.3436587
5705061554,36.0602345,129.3444429
5705061553,36.0599838,129.3446916
5705061552,36.0595866,129.3449878
11497712983,36.0594031,129.3453085
5705061551,36.0593315,129.345678
9206556178,36.0674661,129.3425272
9206556179,36.0676377,129.3426091
9206556180,36.0678094,129.3425909
9206556181,36.0680962,129.3427244
8591741626,36.0217784,129.3573039
414898552,36.0218213,129.3572144
13989496805,36.0242229,129.3593187
13989496866,36.0257794,129.3605754
9288127482,36.0257952,129.3605878
13989496849,36.0270791,129.3615461
9271029045,36.027246,129.3616707
13952032213,36.0273003,129.3617158
13952032193,36.0274431,129.3618336
13952032200,36.02751,129.3618883
13989496856,36.0277207,129.3620606
9288127484,36.0289763,129.3630878
12146228216,36.0294296,129.3634634
9288127486,36.0297244,129.3636978
12856161070,36.0217076,129.357148
12856161074,36.0218166,129.3570952
9288127475,36.0218556,129.3570265
13989496767,36.0221663,129.3564323
14026238391,36.0224668,129.3558614
13958219619,36.0224948,129.3558082
9310043646,36.0226085,129.3556355
9207546274,36.0508309,129.3440632
9207546275,36.0510928,129.3442284
11180789471,36.0471027,129.3435122
9207546276,36.0472086,129.3437399
9207546277,36.0472448,129.3438901
9207546278,36.0472472,129.3441312
9207546279,36.0472557,129.3443115
9207546280,36.0473229,129.344425
9207546281,36.0474298,129.3445247
9306330278,36.0446804,129.3529193
9207546282,36.0448905,129.3529912
9306330277,36.0447096,129.352768
9207546284,36.0449266,129.3528627
9207546285,36.0502468,129.3488502
9207546286,36.0501185,129.3488609
9207546287,36.0498305,129.3488738
9207546288,36.0496067,129.3488953
9207546289,36.0494748,129.3488888
9387628395,36.0456809,129.3588598
9387628396,36.0456928,129.3591549
9387628399,36.0456978,129.3592019
9207546291,36.0457544,129.3597366
9208701555,36.0459998,129.3774061
9208701552,36.0458447,129.3774479
9208701553,36.0459022,129.3777779
9208701556,36.0460566,129.3777373
9208701557,36.0458934,129.3768159
9208701558,36.0457493,129.3768605
9208701560,36.04597,129.3781737
9208701561,36.0461245,129.3781374
9208701562,36.046254,129.3776801
9208701563,36.0460683,129.3756248
9208701564,36.0461352,129.3755904
12318706829,36.046216,129.3755634
9208701565,36.0477991,129.3750834
9208701568,36.0479062,129.3750414
12318706830,36.0479987,129.374993
12318706831,36.0481765,129.374875
9208701570,36.0439254,129.3741232
9208701571,36.0439221,129.3742122
9208701572,36.0439288,129.3742588
9208701573,36.0439441,129.3742928
9208701574,36.0439624,129.3743164
12315455221,36.0439955,129.3743344
12315455222,36.0442612,129.3744065
12315455225,36.0443053,129.3744051
12315455226,36.0443614,129.3743928
12315455227,36.0443913,129.374375
12315455228,36.0444129,129.374352
12315455229,36.0444253,129.3743179
9208701576,36.0444363,129.3742614
12318706815,36.0451734,129.3743976
12318706814,36.0452207,129.3743752
9208701582,36.0452676,129.3743626
9208701578,36.0454544,129.3743448
12318706817,36.0455466,129.3743354
12318706818,36.045636,129.3743173
12318706819,36.0459171,129.3742465
9208701579,36.0459551,129.3742309
12318706834,36.0459904,129.3742051
12318706836,36.0461139,129.3740829
12318706837,36.046152,129.3740572
12318706838,36.0461959,129.3740351
9208701580,36.0470847,129.3739882
9209113949,36.0257558,129.3429441
9209113950,36.0257142,129.3433029
9209187394,36.0256514,129.3432947
9209187385,36.0255405,129.3432803
9209113951,36.0254686,129.343271
9209187396,36.0257088,129.3433809
9209113952,36.0257018,129.3434828
9209113953,36.0255553,129.3449462
9209113954,36.025642,129.3441195
9209113955,36.0254507,129.3434103
9209113956,36.0254354,129.3436294
9209113957,36.0253535,129.344521
9209113958,36.025258,129.345184
9209113959,36.0251782,129.3454737
9209113960,36.0250975,129.3457955
9209113961,36.025088,129.3458563
9209113974,36.0253058,129.3459719
9209113973,36.025425,129.3455846
9209113976,36.0255443,129.3426554
9209187397,36.02555,129.3426093
9209113977,36.02395,129.3484265
9209113963,36.023809,129.3487009
9209113964,36.0234758,129.3495292
9209187428,36.0232752,129.3499257
9209113962,36.0245136,129.3473298
9209187425,36.0235036,129.3500454
9209113967,36.023536,129.3499812
9209113968,36.0237261,129.3495971
9209113969,36.0239282,129.3491572
9209113970,36.0241833,129.3485779
9209113978,36.0247291,129.3475182
9209134920,36.0324737,129.3425285
9209134921,36.0323327,129.342541
9209134919,36.032332,129.3425736
9209187437,36.03239,129.3425359
9209134922,36.0323203,129.342653
9209134923,36.0323714,129.342958
9209134924,36.0324809,129.3432864
9209134925,36.0325378,129.3432564
9209134926,36.0325772,129.3432485
9209134927,36.0324692,129.342709
9209134928,36.0326209,129.343308
9209134929,36.0327333,129.343234
9209134930,36.0323977,129.3433603
2193764890,36.0324307,129.343505
9209134938,36.0324437,129.3435536
9312208320,36.0326729,129.3434652
9209134932,36.0327056,129.3434487
9209134937,36.0327775,129.3434095
9209134933,36.0330061,129.3432846
9209134934,36.0332052,129.34316
9351575546,36.0332795,129.3430845
9209134939,36.0321308,129.343779
9209134940,36.0318011,129.3439678
9209134941,36.0312753,129.3443391
9331405227,36.0314773,129.3439687
9209134944,36.0315393,129.343945
9209134945,36.031771,129.3437658
9209134946,36.0318615,129.3436792
9209134947,36.0319842,129.3436198
9331106532,36.0322086,129.3434991
9209134948,36.0322897,129.3434554
9209134942,36.0311553,129.3441898
9209187444,36.0311891,129.3442929
9209134949,36.0312128,129.3443654
9209134950,36.0311245,129.3444352
9209134951,36.0307993,129.3446643
9211882542,36.0310513,129.3442508
9209134952,36.0309466,129.3443123
9209134953,36.0306447,129.344543
9209134954,36.0305294,129.3446507
9209134955,36.0307073,129.3447296
9209134956,36.0306828,129.3448024
9209134957,36.0306275,129.3449071
9209134958,36.0305625,129.3449693
9209134959,36.0304509,129.3450573
9349850512,36.0303918,129.3450756
9209134960,36.0303625,129.3450846
9209134961,36.0302558,129.3451089
9209134962,36.0301981,129.3451453
9209134964,36.0299232,129.3453107
9209134965,36.0297711,129.3454063
9215222257,36.0297061,129.345505
9209118195,36.0295698,129.3453653
9209118196,36.0298975,129.3450922
9349850513,36.03019,129.3449004
9209118197,36.0303441,129.3447994
9209118198,36.0295085,129.345687
9209118199,36.0296831,129.3456984
9209187443,36.0295915,129.3456937
9209113966,36.0233634,129.3503235
9209187426,36.0234605,129.350131
9209187427,36.0232319,129.3500112
9209113965,36.0231838,129.3501063
9211787648,36.0225325,129.3456178
11696427996,36.0230042,129.3469012
9211799814,36.023228,129.3470243
9211799815,36.0232477,129.3468926
9211799816,36.0232849,129.3467063
9211829117,36.0233292,129.347494
9211829118,36.0234458,129.347685
9211829119,36.0234788,129.3478711
9211829120,36.0234888,129.347892
9211829121,36.0235201,129.3479242
11696428038,36.0237526,129.3478319
11696428037,36.0239305,129.3477702
11696428036,36.0240173,129.3477461
11696428035,36.0241518,129.347797
9211840217,36.0258585,129.3454361
9211840218,36.0258403,129.3454929
9211840219,36.0259374,129.3454887
9211840220,36.0259947,129.3455037
9211840221,36.0260546,129.3455552
9211840222,36.0261075,129.3455487
9211840223,36.0261665,129.3455895
9211840224,36.0262238,129.345611
9211840225,36.0262303,129.3456477
9211840226,36.0261917,129.345703
9211840227,36.0261267,129.3457387
9211840228,36.0259911,129.3458897
9211840229,36.0259279,129.3459322
9211840230,36.0258892,129.345936
9211840231,36.0258512,129.3459413
9211840232,36.0258236,129.3459413
9211840233,36.025818,129.3459663
9211840234,36.0258229,129.3459959
9211840235,36.0258248,129.3460308
9211840236,36.0258015,129.346052
9211840237,36.0257861,129.3460444
9211840238,36.0257401,129.3460255
9211840239,36.0256702,129.3460232
9211840240,36.0255738,129.3460581
9211840241,36.0255241,129.3460824
9211840242,36.025472,129.3460695
9211840243,36.0254566,129.3460566
9211840244,36.0254186,129.3460551
9211838051,36.0262525,129.3455159
9211838052,36.0263838,129.3454446
9211838053,36.02652,129.3453672
9211838054,36.0265728,129.3453505
9211838055,36.0266489,129.3452822
9211838056,36.02672,129.3452595
9211838057,36.0268403,129.3451942
9211838058,36.0269066,129.3450729
9211838059,36.026963,129.3450016
9211838060,36.0270496,129.3449087
9211838061,36.0271507,129.3447352
9211838062,36.0272498,129.3445948
9211838063,36.0273798,129.3444621
9211838064,36.0275304,129.3442707
9211838065,36.0276206,129.3441826
9211838066,36.0277298,129.3441978
9211844828,36.0277692,129.3441971
9211838067,36.0278182,129.3441963
9211838068,36.0278734,129.3441917
9211838069,36.0279863,129.3441841
9211838070,36.0280317,129.3441781
9211838071,36.0281507,129.3441204
9211838072,36.0282255,129.3439924
9211838073,36.0283218,129.3439329
9211838074,36.0283656,129.3438679
9211838075,36.0284093,129.3437903
9211838076,36.0284225,129.3436243
9211838077,36.0284166,129.3435125
9211838078,36.0284166,129.3434367
9211838079,36.0284473,129.3433699
9211838080,36.0283758,129.3433176
9211844825,36.0283563,129.3432165
9211838081,36.0283524,129.3431967
9211838082,36.0283262,129.3430812
9211838083,36.0283276,129.3430358
9211838084,36.0283337,129.3429484
9211838085,36.0283769,129.3428719
9211838086,36.0284558,129.3427604
9211838087,36.0285573,129.3427205
9211838088,36.0286424,129.3426816
9211838089,36.0287975,129.3426445
9211838090,36.028868,129.3426083
9211838091,36.0289532,129.3425928
9211844821,36.027993,129.3435291
9211844822,36.0279569,129.3436197
9211844823,36.0282035,129.343399
9211844824,36.0283067,129.3432663
9391222225,36.0283137,129.3432593
9211844827,36.0276824,129.3441224
9211829100,36.0311211,129.3461845
9211829101,36.0312472,129.3460789
9211829102,36.0312545,129.3460392
9211829103,36.0313151,129.3459003
9211829104,36.0313735,129.3457451
9211829105,36.0314931,129.3456008
9211829106,36.0315646,129.3454961
9211829107,36.0316711,129.3454294
9211829108,36.0318025,129.3453662
9211829109,36.0318936,129.3452859
9211829110,36.0319476,129.345211
9211829111,36.0320002,129.3451768
9211877572,36.0373216,129.3425342
11180779620,36.0372966,129.342674
11180790125,36.0371621,129.3428779
11180790124,36.0369886,129.3430388
11180790123,36.0366632,129.3431461
11180790122,36.036442,129.3432856
11180790121,36.0360082,129.343543
11180790120,36.035813,129.3436289
11180789279,36.0357089,129.3437952
11180789280,36.0356286,129.3440795
11180790119,36.0355614,129.3443987
11180779619,36.0355354,129.3446535
11180790118,36.0355701,129.3447822
11180789278,36.0357089,129.3449968
11180790117,36.035852,129.3453455
11180790116,36.0359735,129.3455279
11180790115,36.0359345,129.3458497
11180790114,36.0359952,129.3461394
11180790113,36.0359518,129.3464291
11180790112,36.0357696,129.3467671
9213042251,36.0356581,129.346929
9211877573,36.0402009,129.3459822
9211877574,36.0400647,129.3456757
9211877575,36.0399727,129.3454739
9211877576,36.0398218,129.3451371
9211877577,36.0398138,129.3449575
9211877578,36.0395618,129.3444983
9211877579,36.0395318,129.3444089
9211877580,36.0395114,129.3443418
9211877581,36.0395286,129.3442839
9211877582,36.0395346,129.3442631
9211877617,36.0395425,129.3442505
9211877583,36.0395373,129.3441915
9211877584,36.0394665,129.3440651
9211877585,36.039323,129.3437631
9211877586,36.0392552,129.3435283
9211877587,36.0391358,129.3434275
9211877604,36.0396059,129.3426458
9211877608,36.039606,129.342979
9211877609,36.0396022,129.3432278
9211877610,36.0396328,129.3435358
9211877611,36.0396893,129.3436966
9211877612,36.0397359,129.3438848
9211877613,36.0397398,129.3440123
9211877614,36.0397065,129.3440957
9211877615,36.039623,129.3442004
9211877616,36.0396046,129.3442125
9211882538,36.0309985,129.3431281
9211882539,36.0307263,129.3433401
9211882540,36.0309015,129.3438465
9211882541,36.0310913,129.3443587
9211882543,36.0304451,129.3428616
9211882544,36.0305284,129.3430912
9211882545,36.0306395,129.3431792
9331106525,36.039809,129.3757427
12438025245,36.0396727,129.3757992
12438025247,36.0393692,129.375925
12438025253,36.0391204,129.3760281
9211885486,36.0387465,129.376183
9211943914,36.0353198,129.363558
9211970220,36.0351286,129.3636149
9211943915,36.0349937,129.363655
9211970217,36.0348706,129.3627897
9211970218,36.0349607,129.3630068
9211970219,36.0350907,129.3635197
9211970221,36.0352938,129.364173
9211970222,36.0429979,129.3643016
9211970223,36.0429598,129.3641685
9211970224,36.0430222,129.3633896
9211970225,36.0430829,129.3633553
9211970226,36.0434334,129.3634154
9211970227,36.0439383,129.3634476
9211970228,36.0439591,129.3635849
9211970229,36.0439747,129.3638209
9211970230,36.0439574,129.3639647
9211970231,36.0493578,129.3706033
9211970232,36.0493578,129.3707513
9211970233,36.0493855,129.3707982
9211970234,36.0494614,129.3708162
9211970235,36.049511,129.3708469
9211970236,36.049546,129.3709714
9211970237,36.0495431,129.3711157
9211989854,36.0530269,129.363656
9211989855,36.0529176,129.3635315
9211989856,36.0526747,129.3634199
9211989857,36.0526487,129.3633513
9211989858,36.0532663,129.3622827
9342203949,36.0498557,129.3648219
9211989860,36.0498929,129.3648202
9211989861,36.0499177,129.3653597
9211989862,36.0499571,129.365385
9211989863,36.0504035,129.3654157
9211989866,36.0504853,129.3654218
9211989864,36.0509783,129.365459
9211989865,36.0504925,129.365062
9211989867,36.0499031,129.3645748
9211989868,36.0500242,129.3645514
9211989871,36.0503802,129.3645446
9211989869,36.0505013,129.3645423
9211989870,36.0507697,129.3645442
9211989872,36.0503904,129.3641905
9211989874,36.050391,129.3641561
9211989875,36.0508552,129.3641421
9211989876,36.0509666,129.3641383
9211989877,36.0509893,129.3641051
9211989878,36.0511265,129.3640745
9211989879,36.0511925,129.3640681
9211989880,36.0512245,129.3640681
9211989881,36.0509676,129.3641778
9211989882,36.0510017,129.3642735
9211989883,36.0510935,129.3643322
9211989884,36.051143,129.3643309
9211989885,36.0512069,129.3641842
9211989886,36.0507737,129.3647583
9211989887,36.0507768,129.3651143
9211989888,36.050851,129.3651105
9211989889,36.0508696,129.3648056
9211989890,36.0508593,129.3644981
9211989891,36.0508572,129.3643194
9211989892,36.0508569,129.364289
9211989895,36.0535034,129.3639572
9211989896,36.0536469,129.3637323
9342203986,36.053737,129.3635776
9211989897,36.0538707,129.3633482
9211989898,36.0540077,129.3632795
9211989899,36.0541187,129.3632302
9211989900,36.0541638,129.3631572
9211989901,36.0540129,129.3629233
9211989902,36.0539054,129.3627924
9211989903,36.053581,129.3624727
9211989904,36.053458,129.3623884
9211989905,36.0533177,129.3622493
9212005720,36.0645218,129.362233
9382980513,36.0645324,129.3622271
9212005721,36.0646143,129.3621813
9212005722,36.0647298,129.3621813
10601348768,36.0649702,129.3622017
9212005723,36.0651498,129.362217
10601348769,36.065347,129.3621982
9212005724,36.0656441,129.3621698
10601348763,36.0657762,129.3621485
9212005725,36.0658835,129.3621312
10601348762,36.0661148,129.3620223
9212005726,36.066645,129.3617728
10601348761,36.0669537,129.3615946
9212005727,36.0674636,129.3613004
9212005728,36.0682597,129.360779
10601348760,36.0684812,129.3606159
9212005745,36.0658211,129.3637036
9212005746,36.0657812,129.3639976
9212005747,36.0657638,129.3643216
9213042230,36.0328661,129.3479932
9213042231,36.0331798,129.3479968
9213042232,36.0337445,129.3480581
9213042233,36.0340246,129.3480419
9213042234,36.034226,129.3479805
9213042235,36.0344449,129.3478254
9213042236,36.0345324,129.3477983
9213042237,36.034585,129.3477226
9213042238,36.0345753,129.3476405
9213042239,36.0345613,129.3475648
9213042240,36.0345614,129.3475061
9213042241,36.034627,129.3474425
9213042242,36.034672,129.3473903
9213042243,36.0347549,129.3473477
9213042244,36.0348789,129.3473477
9213042245,36.0349373,129.3472502
9213042246,36.0351459,129.3471384
9213042247,36.0352889,129.3471329
9213042248,36.0353692,129.347059
9213042249,36.0354961,129.3469561
9213042250,36.0355851,129.3468785
9213042252,36.0356551,129.346985
9213042253,36.0356624,129.3470355
9213042254,36.0356551,129.3471077
9213042255,36.0355895,129.3472358
9213042256,36.0355399,129.3473007
9213042257,36.0355092,129.3474343
9213042258,36.0353867,129.3476869
9213042259,36.0353006,129.3477699
9213042260,36.0351809,129.3478944
9213042261,36.0351124,129.3480478
9213042262,36.0350671,129.3481686
9213042263,36.0349985,129.3483473
9213042264,36.0349504,129.3484375
9213042265,36.0348672,129.3485909
9213042266,36.0346834,129.3487298
9213042267,36.0346834,129.3487948
9213042268,36.0345608,129.3489084
9213042269,36.034536,129.3489969
9213042270,36.034447,129.3492007
9213042271,36.034393,129.3493216
9213042272,36.0342909,129.3494635
9213042273,36.0341552,129.3495075
9213042274,36.0339567,129.3496049
9213042275,36.0338283,129.349724
9213042276,36.033786,129.349789
9213042277,36.0337233,129.3500723
9213042278,36.0335829,129.3503307
9213042279,36.0335259,129.3505123
9213042280,36.0334194,129.3507035
9213042281,36.0333377,129.350884
9213042282,36.0333012,129.3510879
9213042283,36.0332925,129.3511835
9213042284,36.0333236,129.3513924
9213042285,36.0333449,129.3515069
9213042286,36.0333612,129.3516624
9213042287,36.0333902,129.3518222
9213042288,36.0334165,129.3519658
9213042289,36.0334139,129.3522231
9213042290,36.0334431,129.3523728
9213042291,36.0335117,129.352454
9213042292,36.0335292,129.3525713
9213042293,36.0335662,129.3526975
9213042294,36.0335467,129.3527193
9213042295,36.0335496,129.3527499
9213042296,36.0335117,129.3529159
9213042297,36.0334042,129.3531092
11180829941,36.0333474,129.3532218
9213042298,36.0332591,129.3532922
9213042299,36.0331235,129.3534031
9213042300,36.0329411,129.3536323
11180829940,36.0328886,129.35371
9213042301,36.0328551,129.3537768
9213042302,36.0327978,129.3539407
11180829939,36.0327259,129.3540426
9213042303,36.0326629,129.3541769
9213042304,36.0326039,129.3543222
9213042305,36.0325878,129.3543991
9213042306,36.0325515,129.3544605
9213042307,36.0325557,129.3546312
9213042308,36.0324861,129.3547914
9213042309,36.0324337,129.3549219
9213042310,36.0323452,129.3550301
9213042311,36.0323165,129.3551185
9213042312,36.0323348,129.355235
9213042313,36.0323532,129.3553446
9213042314,36.0324466,129.3554691
9213042315,36.0325677,129.3555269
9213042316,36.0326917,129.355655
9213074717,36.0327647,129.3557488
9213074718,36.0327749,129.3558408
9213074719,36.0327632,129.3559004
9213074720,36.0327851,129.3559761
9213074721,36.0327822,129.3559996
9213074722,36.0327574,129.3560285
9213074723,36.0327676,129.3560736
9213074724,36.0327676,129.3561548
9213074725,36.0327691,129.3562197
9213074726,36.032772,129.3563352
9213074727,36.0327983,129.3563875
9213074728,36.0328858,129.3563893
9213074729,36.03295,129.3563839
9213074730,36.033023,129.3563875
9213074731,36.0331368,129.3564254
9213074732,36.0331776,129.3564561
9213074733,36.0332214,129.3564886
9198902181,36.0255679,129.3435894
4736692016,36.0254367,129.3443181
4736692017,36.0254128,129.3445032
4736692018,36.0253651,129.3448841
4736692019,36.0253022,129.3452354
4736692020,36.0252089,129.3456351
4736692021,36.0251525,129.3458631
4736692022,36.0251456,129.3458868
1494218735,36.0252562,129.3459263
1494218764,36.0252935,129.3458121
1494218762,36.0253369,129.3456217
1494218802,36.0254193,129.3452622
1494218782,36.0254953,129.344876
1494218733,36.02553,129.3445568
9216374221,36.0256144,129.3437222
12305995603,36.0523462,129.376452
9214231124,36.0516977,129.3765992
9214231126,36.0514713,129.3777651
9214231127,36.0513186,129.3785333
9215167994,36.0546284,129.3487517
9215167998,36.0548725,129.3482252
9215167999,36.0547849,129.3476997
9215168000,36.0547579,129.3476132
9215168001,36.0547579,129.3475358
9215168002,36.0548192,129.347513
9215168003,36.0549505,129.3474933
9215168004,36.0550891,129.347425
9215168007,36.0505576,129.3609902
13947240070,36.0506988,129.3610049
13947240064,36.0508577,129.3610176
13947240063,36.0508306,129.3615434
9215168009,36.0504293,129.3590614
9215168010,36.0504122,129.3591931
9215168011,36.0503886,129.3593062
13947240084,36.0503134,129.3591776
13947240083,36.0502418,129.359116
9215179017,36.0501818,129.3590767
9215168013,36.0499945,129.3588881
9215179018,36.0499647,129.3590479
9215168014,36.0499266,129.3592517
9215168015,36.0500442,129.3592913
9215168016,36.0502237,129.359327
9215179019,36.049911,129.3588072
9215179020,36.049554,129.3586812
9215179022,36.0570491,129.3529623
9215179023,36.0573462,129.3533834
9215179024,36.0574617,129.3536003
9215179025,36.0575793,129.3540136
9215179026,36.0576824,129.3546363
9215179028,36.0569852,129.3528118
9215179029,36.0562322,129.3529215
9215179030,36.0570017,129.3524724
9311930414,36.0469088,129.3515454
13327784390,36.0469108,129.3516286
9215133112,36.0468988,129.3517329
9311930438,36.0463085,129.3521126
9215133113,36.0463902,129.3517791
9215133114,36.0464562,129.3517147
9215133115,36.0465707,129.3516997
9215133116,36.0449472,129.3529959
9215203917,36.0453893,129.3531727
9215203918,36.0455483,129.3532756
9215203919,36.0454039,129.353871
9215203920,36.0454739,129.3539107
9215203921,36.0456431,129.3533207
9215203922,36.0451632,129.3529959
9215203923,36.0454744,129.3531389
9215203924,36.0456655,129.3532174
9215203925,36.0457562,129.3532096
9215203926,36.0458408,129.3531216
9215203927,36.0459316,129.352689
9215211276,36.0346809,129.3545033
9215211275,36.0344722,129.3548913
9215211279,36.0349742,129.3541623
9215211278,36.0349246,129.354276
9215211277,36.0348283,129.3542976
9215211281,36.0355243,129.3546314
9215211287,36.0355514,129.354573
9215211282,36.0356483,129.3543644
9215211292,36.0353433,129.3541519
9215211283,36.0350734,129.3539638
9215211288,36.0349799,129.3541508
9215211285,36.0352003,129.3553279
9215211297,36.0353394,129.3550175
9215211286,36.0353944,129.3548949
9215211289,36.0351332,129.3538483
9215211290,36.0352091,129.3537545
9215211291,36.0352777,129.3535975
9215211293,36.0354849,129.3538267
9215211294,36.0355184,129.3537978
9215211295,36.0356337,129.353888
9215211296,36.0350734,129.3548155
9215211304,36.0388674,129.3484483
9215211305,36.0392207,129.3488579
9215211307,36.0393134,129.3487446
9215211308,36.0395631,129.3485011
9215211309,36.0393091,129.3488644
9215215130,36.0383598,129.3488578
9215215125,36.0383813,129.3488839
9215215126,36.0381069,129.3491927
9215215127,36.0382327,129.3493917
9215215128,36.0382554,129.3495091
9215215129,36.0385959,129.3500475
9215215131,36.0387208,129.3501772
9215215132,36.0387806,129.3501519
9215215133,36.0388339,129.3500301
9215215134,36.0388762,129.3498596
9215215135,36.0390316,129.3496902
9215215136,36.0391833,129.3495125
9215222240,36.0376208,129.3506151
9215222241,36.0375754,129.3506227
9215222242,36.0373257,129.3503612
9215222243,36.0371865,129.3502246
9215222245,36.0363832,129.349814
9215222246,36.0366327,129.3498609
9215222247,36.0367582,129.3499493
9215222248,36.0368136,129.350081
9215222249,36.0368661,129.3502163
9215222251,36.0366619,129.3492456
9215222252,36.0367217,129.3491247
9215222253,36.0367333,129.3490417
9215222254,36.0367012,129.3489623
9215222255,36.036049,129.3498266
9215222260,36.0312935,129.3471151
9394431194,36.0311734,129.3469892
9215222261,36.031091,129.3469027
9215222262,36.030945,129.346754
9215222263,36.0309242,129.3466342
9215222264,36.0310714,129.3465189
9215222265,36.0312368,129.3464046
9215222269,36.0318064,129.3474338
9215222270,36.0317193,129.3474899
9215222271,36.0316358,129.3474732
9269479617,36.0314444,129.347273
9215222272,36.0311344,129.3462126
9215222273,36.0312996,129.3460997
9215222274,36.0313237,129.3460952
9215222275,36.0314711,129.3462422
9215222276,36.0319335,129.3466641
9215222278,36.0322905,129.3479884
9215222280,36.0324938,129.3480611
4736691993,36.0239346,129.348785
4736691994,36.0236564,129.349333
4736691995,36.0234477,129.3497271
4736691988,36.0233102,129.3499848
1494219444,36.0235283,129.3498473
1494218791,36.0237369,129.3494102
9349894086,36.0264905,129.3545494
9271029031,36.0265978,129.3543674
9349894078,36.0266687,129.3542209
9271029024,36.0242293,129.3525731
9349894047,36.0242815,129.3524738
1724846514,36.0243509,129.3523417
9216374259,36.0324125,129.3426454
9216374261,36.0325205,129.3431721
4995814758,36.031113,129.3433508
9331405230,36.0314489,129.3439918
9331405228,36.0314586,129.3440103
4995814759,36.0314857,129.3440974
9216374218,36.0254609,129.3425935
9214156296,36.025417,129.3425857
4736692013,36.0255737,129.3428845
9216374222,36.0255457,129.3432187
4632468220,36.0244553,129.3431724
4632468225,36.0248758,129.3427808
4632468224,36.0248251,129.3432587
4632468223,36.0251182,129.3433005
9216374219,36.0257487,129.3433877
1494218739,36.0256943,129.3428335
9216374223,36.0257099,129.3426986
4632468204,36.0259734,129.3442292
4632468205,36.0264247,129.3442785
4632468206,36.0264969,129.3441293
4632468207,36.026653,129.3425553
9213999842,36.0271185,129.3437338
9213999843,36.0272809,129.3437369
9213999844,36.0273908,129.3436788
9218530145,36.0274184,129.3436789
9196727471,36.0275871,129.3436798
9218530146,36.0274205,129.3434737
9218530147,36.0554348,129.3722894
9201335397,36.0643025,129.3478965
9201335396,36.0639622,129.348708
9218598695,36.0295506,129.3467756
9218598697,36.0294324,129.3475497
9218598698,36.0298206,129.3479124
9218598699,36.0302218,129.3480946
9218598700,36.0301679,129.3479196
9218598701,36.0300278,129.3476255
9218598702,36.0298322,129.3472682
9218598703,36.0301202,129.3481386
9218598704,36.0300067,129.3480991
9218598706,36.0303152,129.348011
9218598707,36.0304514,129.3479638
9218598708,36.0306608,129.3479919
9218598709,36.0307692,129.3480302
9218598710,36.0308699,129.3480838
9218598711,36.0311506,129.348381
9218642417,36.0317133,129.3490693
9218598712,36.0319997,129.3496837
9218598713,36.0318378,129.3500231
9218598714,36.031942,129.349967
9218598715,36.0320235,129.3498623
9218598716,36.03204,129.3497603
9218642424,36.030175,129.3468402
9218642418,36.0301752,129.3468659
9218642419,36.0302776,129.3472178
9218642420,36.0303956,129.3476791
9218642421,36.0304268,129.3478379
9218642422,36.0305396,129.3478594
9218642423,36.0306108,129.3478229
9218642427,36.0305847,129.3474667
9218642426,36.0303748,129.3467908
9218642425,36.0302273,129.3468444
9218679732,36.0242564,129.3427306
9218679734,36.0242441,129.3430207
9222527306,36.0220193,129.355502
4635076491,36.0287548,129.3514541
9223922028,36.0286349,129.3516442
9223922029,36.0285523,129.3516819
9223922030,36.0281667,129.3514204
9223922032,36.0279178,129.3511777
9230022569,36.0278818,129.3510922
9230022570,36.0277145,129.3509649
9223922031,36.027762,129.3508079
13958219640,36.0266172,129.3502119
13958219641,36.0266215,129.3502084
13958219642,36.0267458,129.3501328
13958219644,36.0270511,129.3497437
2193765000,36.0276885,129.3489085
2193765015,36.0281027,129.3483964
9218598692,36.0283533,129.3480874
9218598693,36.0291499,129.3474969
6194343302,36.0293193,129.3473897
2193764894,36.0293671,129.3470769
2193764965,36.0293625,129.3468637
2193764991,36.0293739,129.3466434
2193764952,36.0295133,129.3460271
9299582168,36.0295468,129.345856
2193765017,36.029671,129.345417
2193764976,36.0297701,129.3453376
2193764946,36.0299436,129.3452249
2193765002,36.0302979,129.3449475
2193764918,36.0308085,129.3445465
9299582169,36.0309722,129.3444378
4635076378,36.0275889,129.3507041
4635076379,36.027847,129.3508588
4635076380,36.0285429,129.351302
4635076381,36.0295387,129.3517163
4635076382,36.029836,129.3518704
4635076383,36.0299546,129.3518989
8314943024,36.0300966,129.3518789
8314943025,36.0304138,129.352019
8314943026,36.0308217,129.3520564
9230022578,36.0265113,129.3476391
9230022580,36.0259087,129.3484783
9331305585,36.0258827,129.3484102
9230022581,36.0258032,129.3482021
9331305581,36.0255236,129.3477954
9230022582,36.0254301,129.3476594
9230022583,36.0252375,129.3475152
9230022584,36.0250743,129.347362
9230022585,36.0249279,129.3472163
9230022586,36.0245929,129.3469796
9230022587,36.0244727,129.3469022
4736692028,36.0246344,129.3472699
9230022588,36.0247294,129.3473521
1494218744,36.0247469,129.3473195
9230022589,36.024801,129.3471972
9230022590,36.0250488,129.346572
4736692027,36.0246957,129.3471369
9230022591,36.0249439,129.3465658
9230022592,36.0246361,129.347108
9230022593,36.0246467,129.3470818
9230022594,36.0248872,129.3464961
9209113971,36.0247888,129.3474023
9230022595,36.0248618,129.3472402
9230022596,36.0251214,129.3465947
9215167995,36.0546823,129.3486849
9215167996,36.0547915,129.3486303
9215167997,36.0548627,129.3485104
9249579444,36.0324087,129.3588844
9249579445,36.0327276,129.3582419
9249579446,36.0309046,129.3579454
9249579447,36.0309785,129.357806
9249579448,36.0312352,129.3573439
9249579449,36.031432,129.3574332
9249579450,36.0308714,129.3571159
9249579451,36.0325959,129.3581711
9249579452,36.0321333,129.3578675
9249579453,36.0328131,129.3582785
9249579454,36.0331398,129.3585026
9249579455,36.0332738,129.3586077
9249579456,36.0335099,129.3588132
9249579457,36.0337912,129.3590303
9350114221,36.0339772,129.3591951
9249579458,36.034031,129.3592428
9249579459,36.0341726,129.3593549
9249579460,36.0342954,129.359432
9249579461,36.0344596,129.359509
9350087412,36.034479,129.3595226
9249579462,36.0345597,129.3595791
9249579463,36.0347429,129.3597729
9249579464,36.0349298,129.3599643
9249579465,36.0350922,129.3601558
9249579466,36.0351847,129.3602586
9249579467,36.0354094,129.3604897
9249579468,36.0356681,129.3607512
8265970118,36.0369939,129.3622099
6771400439,36.0388859,129.3617244
4632583607,36.0376858,129.3625626
4738684365,36.0389881,129.3595651
436581027,36.0390882,129.3597976
4738817580,36.0390836,129.3604977
6280676323,36.0389855,129.3612016
9249579471,36.0404532,129.3621763
9249579472,36.0411291,129.3625421
4632583617,36.0431161,129.3644792
4632583618,36.0434967,129.3646318
9291432715,36.043674,129.3646586
9249579473,36.0447409,129.3632859
9249579477,36.0447989,129.3631643
9249579474,36.044793,129.3630538
9249579485,36.0448036,129.3629997
9249579475,36.0447554,129.3628928
9249579478,36.0449397,129.3631413
9249579479,36.0451212,129.3631467
9249579480,36.0455662,129.3631949
11696433076,36.0455827,129.3631973
9249579481,36.04568,129.3632117
11696433078,36.0457994,129.3631869
9249579482,36.04592,129.3630996
9249579483,36.0461501,129.3629634
9249579484,36.0464147,129.3628028
9249579486,36.0448278,129.362943
9249579487,36.0448487,129.362849
9249579488,36.0448834,129.3627868
9249579489,36.0448898,129.36278
9249579490,36.0449234,129.362763
9249579491,36.0449458,129.3626336
9249579492,36.0444376,129.3626631
9249579493,36.0445578,129.3626597
9249579494,36.0446105,129.362706
9249579495,36.0446952,129.3628092
9249579497,36.0432683,129.3595207
9249579498,36.0432993,129.3595822
9249579499,36.0433785,129.3597115
9249579500,36.0434926,129.3598347
9249579501,36.0435875,129.3599209
9249579502,36.0437056,129.3599824
9249579503,36.0438495,129.3600423
9249579504,36.0439694,129.3600758
9249579505,36.0441487,129.3601062
9249579506,36.0443176,129.3602234
9249579507,36.0443505,129.3602977
9249579508,36.0443677,129.3603614
9249579509,36.0443648,129.3604393
11696433388,36.0442661,129.3605389
9249579510,36.0441803,129.3605891
9249579511,36.0440625,129.3606314
9249579512,36.0438758,129.3606691
9249579513,36.0436607,129.3607128
9249579514,36.0435407,129.3608015
9249579515,36.0435012,129.3608757
9249579516,36.0434992,129.3609515
9249586117,36.0435057,129.3610576
9249586118,36.0435137,129.3612287
11696433387,36.0434908,129.3613274
9249586119,36.0434669,129.3613802
9249586120,36.043403,129.3614768
11696433083,36.0432826,129.3615662
9249586121,36.0431632,129.36161
9249586122,36.0430385,129.3616091
9249586123,36.0428353,129.361587
9249586124,36.0426875,129.3615306
9249586125,36.0425835,129.3614681
9249586126,36.0423203,129.3612837
9249586127,36.0422216,129.3611738
9249586128,36.0421414,129.3610383
9249586129,36.0421208,129.3609015
9249586130,36.0421055,129.3607231
9249586131,36.0421186,129.3605314
9249586132,36.0421425,129.3603503
9249586133,36.0419657,129.3602269
9249586134,36.0418953,129.3601854
9249586135,36.0417688,129.3601132
9249586136,36.0416485,129.3600434
9249586137,36.0415709,129.3599851
9249586138,36.0415048,129.3599051
9249586139,36.0414348,129.3598124
9249586140,36.0413616,129.3597451
9249586141,36.0413386,129.3597213
9249586142,36.0412774,129.3597044
9249586143,36.0412444,129.3597092
11696421764,36.0411987,129.3597735
9249586144,36.041191,129.3597845
9249586145,36.0412405,129.3599912
9249586146,36.0412847,129.3602319
9249586147,36.041312,129.3604096
9249586148,36.0413134,129.3605151
9249586149,36.0412845,129.3606103
9249586150,36.041224,129.3606515
9249586151,36.0411301,129.3607254
9249586152,36.0410332,129.36076
9249586153,36.0409362,129.3607701
9249586154,36.0408359,129.3608413
9249586155,36.0407965,129.360888
11696433386,36.0407364,129.3609291
11696433385,36.0406637,129.3609345
11696433384,36.0405358,129.3608889
11696433383,36.0404534,129.3609251
11696433382,36.0403981,129.3609184
11696433381,36.0403493,129.3608339
11696433380,36.040372,129.36074
11696433379,36.0403558,129.3606153
11696433378,36.0402961,129.3604745
11696433377,36.0402538,129.3604222
11696433376,36.0401638,129.3603605
11696433375,36.0400879,129.3603109
11696433374,36.0400304,129.3602639
11696433373,36.0399578,129.3601888
11696433372,36.0399372,129.3600936
11696433371,36.0399242,129.3600292
11696433370,36.0398721,129.3599407
11696433369,36.0398428,129.3599139
11696433368,36.0397485,129.3599246
11696433367,36.0396975,129.3599609
11696433366,36.039575,129.3599555
11696433365,36.0394828,129.3599059
11696433364,36.039318,129.3598174
11696433363,36.0392258,129.3597624
9249736151,35.7478308,129.4767848
9249736152,35.747982,129.4768603
9249736153,35.7480406,129.4769541
9249736154,35.7480977,129.4770029
9249736155,35.7480391,129.4771183
9249736156,35.7481929,129.4772843
9249736164,35.7481727,129.4773203
9249736157,35.7480493,129.4775406
9249736158,35.7481811,129.4770841
9249736159,35.7482282,129.477007
9249736160,35.7483198,129.477092
9249736161,35.7482288,129.4772408
9249736162,35.7481373,129.4771559
9249736163,35.7481827,129.4773283
9249736165,35.7481489,129.4767849
9249736166,35.7481994,129.4768289
9269451121,36.0300481,129.3570081
9269451122,36.0302764,129.3566929
9269451123,36.0304982,129.3568592
9269451124,36.0303026,129.3567175
9269459882,36.0290654,129.3555233
9269459883,36.0292224,129.3556835
9269459884,36.0294716,129.3559392
9269459885,36.0296933,129.3561534
9269459886,36.0299288,129.3563814
9269459887,36.0300907,129.3565246
9269459889,36.0261899,129.3521388
9269459890,36.026616,129.3526379
9269459891,36.0270459,129.3531416
9269459892,36.0273673,129.3535514
9269459893,36.027751,129.3539689
9269459894,36.0280675,129.3543417
9269459895,36.0283017,129.3546159
9269459896,36.0286082,129.3549364
9269459897,36.0288275,129.3552352
9331305646,36.0288784,129.3552143
9269459901,36.0311484,129.3664827
9269459911,36.032323,129.3471117
9269459916,36.0323904,129.3472033
9269459912,36.0327554,129.3477001
9269459913,36.0327441,129.3477865
9299582170,36.0312329,129.3442634
2193765016,36.0312767,129.3442339
4995814760,36.0317147,129.343922
2193764958,36.0320131,129.3437261
9216374262,36.032373,129.3435297
9270975161,36.0333045,129.3430592
9312208319,36.0333857,129.3431457
9270975156,36.0334841,129.3432505
9270975157,36.0335332,129.3433299
9270975158,36.0333292,129.3435237
9270975159,36.033012,129.3438623
9270975160,36.0328251,129.3440538
9271029043,36.0290888,129.3630722
9271029044,36.0279547,129.3621494
9271029073,36.0498246,129.3654435
9271029074,36.0498691,129.3654918
9342203941,36.0500276,129.3655027
9342203938,36.0501432,129.3654998
9271029075,36.0502924,129.3655342
9271029076,36.0506969,129.3655658
9271029077,36.0510709,129.3656133
9271029078,36.0511852,129.3656083
9271029084,36.0505063,129.3649279
9271029086,36.0513607,129.3638494
9271029087,36.0513396,129.3639566
9271029088,36.0512787,129.3641233
9271029089,36.0512142,129.3642638
9271029090,36.0511451,129.3643884
9271029091,36.0510865,129.3644508
9271029092,36.0510725,129.3645522
9271029093,36.0510655,129.3646855
9271029094,36.0510619,129.3648275
9271029095,36.051069,129.3649362
9271029096,36.0510819,129.3650159
9271029097,36.0511791,129.3651043
9271029098,36.0512787,129.3652057
9271029099,36.051315,129.3652941
9271029100,36.0513279,129.3653738
9271029101,36.0513138,129.3654463
9271029102,36.0512576,129.3655535
9276412714,36.0621836,129.3510957
9276412715,36.0622469,129.3516793
9276412716,36.0625062,129.3516396
9276430757,36.0628311,129.3520081
13952032120,36.0494221,129.3665047
9276462923,36.0494696,129.3664974
13952032121,36.0495282,129.3664902
9276462917,36.0498698,129.3664525
14053608784,36.0498824,129.3664532
13952032122,36.0498934,129.3664566
14053608785,36.049915,129.3664833
9276462918,36.049928,129.3665115
9276462954,36.049936,129.3665904
14053608783,36.0495704,129.3666453
14053608781,36.0495614,129.3666456
9276462921,36.0495525,129.3666446
14053608782,36.049544,129.3666316
14053608780,36.0495473,129.3666387
9276462969,36.049657,129.3680468
9276462970,36.0499821,129.3680293
9276462971,36.0502311,129.3680415
9276462972,36.0504427,129.3680415
9276462973,36.0505579,129.3680376
9282780785,36.025429,129.3758016
9282780786,36.0254203,129.3757144
9288099281,36.0271376,129.342716
9288099282,36.0271176,129.3428929
9198902154,36.022135,129.3451594
9547235111,36.0302885,129.3641431
9288127489,36.0312953,129.3649338
9222523488,36.0323522,129.3657519
9510776813,36.0326219,129.3659666
9288127487,36.0298211,129.363917
13727740600,36.0292157,129.3650564
6284023512,36.0291124,129.3630911
9288127485,36.029031,129.3630259
1494268719,36.0285412,129.3626339
13989496853,36.0277591,129.3619878
1494268675,36.0277309,129.3619645
9271029046,36.0275633,129.3618427
13952032199,36.027541,129.3618267
13952032212,36.0273419,129.3616417
13989496852,36.0271059,129.3614645
1494268715,36.0267061,129.3611645
9288127483,36.0259606,129.3605742
6282828787,36.0251835,129.3599512
6282827175,36.024646,129.3595348
1494268722,36.0244547,129.3593812
9288127481,36.0242882,129.3592345
13989496804,36.0242752,129.3592231
1724839205,36.0241217,129.3590877
9290335168,36.0310646,129.363499
9290335169,36.0318295,129.3641541
9290335170,36.0317099,129.3640616
9290335171,36.0317634,129.3639446
9290335172,36.0319179,129.364057
9290335173,36.0318693,129.3641726
9290335175,36.0325871,129.3651208
9290335177,36.0351279,129.3647206
9290335178,36.0351593,129.3649276
9290335179,36.0352624,129.3649028
6132178364,36.0466443,129.3662902
9293429510,36.0312555,129.3444622
9293429511,36.0313185,129.3444675
9306379029,36.0670187,129.3485143
9306379030,36.067154,129.3484546
9306379031,36.0674706,129.3485921
9306379032,36.0677017,129.3486499
9306379033,36.0678508,129.3486545
13589661917,36.0679811,129.3485415
9306379034,36.0680312,129.3484097
9306379035,36.0681062,129.3482121
13589661916,36.0681064,129.3479891
9306379036,36.0680653,129.3477968
9306379037,36.0679516,129.3475809
9306379038,36.0676497,129.3472412
9306379039,36.0674313,129.3469581
9306379040,36.067409,129.3467556
9306379041,36.0675159,129.3465922
9306379042,36.0677871,129.3466219
9306379043,36.0683574,129.3466608
9306379044,36.0685701,129.3466159
9310032726,36.0367565,129.3591828
9310032723,36.0365884,129.3591077
9310032724,36.0366462,129.3592598
9201416695,36.0366006,129.3592336
9201416696,36.0365382,129.3591983
436911707,36.0535869,129.3758269
12304715955,36.0535806,129.3759848
12304715953,36.0536166,129.376178
14070414376,36.0536425,129.3762631
12304715944,36.0538818,129.3769436
12304715950,36.0538756,129.3771455
12855618614,36.0538784,129.3771542
12304715943,36.0536816,129.375913
4740525297,36.0537957,129.3759959
14070414380,36.0539332,129.3760766
13055631328,36.0540027,129.3761174
12304715940,36.0544325,129.3763272
12304715913,36.0572323,129.3773704
12304715912,36.0574224,129.3774459
12304715911,36.057585,129.377512
4740525288,36.0579016,129.3776754
9310065444,36.0612592,129.3808132
9310065445,36.061399,129.380958
9310065446,36.0616274,129.3811943
9310065447,36.0616806,129.3811161
9310065448,36.0615902,129.381019
9310065452,36.0617321,129.3808243
12304715809,36.0617629,129.3807838
9310065450,36.0614474,129.3808804
12296984081,36.0630649,129.3829428
9310065453,36.0631013,129.3829808
12296984070,36.0634203,129.3833241
12296984069,36.0635246,129.383438
12296984068,36.0636077,129.3835361
12296984067,36.0636888,129.3836389
12296984080,36.0637668,129.3837462
9310065461,36.0638523,129.3838641
12304640499,36.0638742,129.3838918
12296984052,36.0639236,129.3839544
12296984053,36.0640107,129.3840683
9311930262,36.0452686,129.3445532
9311930272,36.0453771,129.3443965
9311930274,36.0455348,129.3441686
9311930263,36.0456263,129.3440364
9311930264,36.0457095,129.3438835
9311930265,36.0455984,129.3437722
9311930266,36.0455113,129.3436644
9311930267,36.0453716,129.3436563
9311930268,36.0453009,129.3437437
9311930269,36.0452335,129.3438697
9311930270,36.0451973,129.3439958
9311930271,36.0452154,129.3441787
4738282806,36.0453368,129.3446997
4634172552,36.0454658,129.3451115
4738282805,36.0455084,129.3455605
4634172553,36.0452079,129.3444226
9311930273,36.0454209,129.343512
9311930276,36.0454521,129.3440709
9311930275,36.0453335,129.3439306
9311930277,36.0455266,129.343936
9311930278,36.0454235,129.3438179
9311930279,36.0458031,129.3439225
9311930280,36.045944,129.3440298
9311930281,36.0460199,129.3440352
9311930282,36.0461175,129.343948
9311930283,36.0462975,129.3436221
9311930350,36.0502425,129.3485641
9311930349,36.0502346,129.3480438
9311930351,36.0498846,129.3485906
9311930366,36.0502303,129.3489948
9311930352,36.05021,129.349172
9311930353,36.0502412,129.350164
9311930354,36.0502527,129.3502447
9311930355,36.0502969,129.3502886
9311930356,36.0504239,129.3502694
9311930357,36.0505584,129.35014
9311930372,36.0505793,129.3501338
9311930358,36.0506369,129.3501169
9311930359,36.0507695,129.3501122
9311930360,36.0508611,129.3501061
9311930361,36.0508897,129.3500645
9311930362,36.0508941,129.3496917
9311930363,36.0508941,129.3492203
9311930364,36.0507814,129.3490608
9311930367,36.0506607,129.3490362
9311930365,36.0505591,129.3490154
9311930368,36.0506699,129.3489137
9311930369,36.0507185,129.3484762
9311930370,36.0506986,129.3483083
9311930371,36.0506961,129.3480017
13327784389,36.0465053,129.352161
9311930439,36.0465493,129.3521406
9311930440,36.0465893,129.3520146
9311952554,36.0549433,129.3639548
12045041234,36.0548013,129.3640698
9342234721,36.0547664,129.3640979
9311952556,36.0547276,129.3641293
9342234724,36.0546732,129.3641733
9311952555,36.0544472,129.3643561
4640291331,36.0565959,129.3618871
4640291332,36.0564894,129.3624959
4640291341,36.0553716,129.3634976
9312192116,36.0327929,129.3437343
9312208317,36.0329016,129.3436475
9312208318,36.0333023,129.3432264
9312208334,36.0318528,129.3432597
9312208335,36.0317526,129.3433181
9312208336,36.031714,129.3431853
9312208337,36.0318585,129.3436384
9319609874,36.0455124,129.3540087
9319609875,36.0454567,129.3542942
9319609876,36.0454388,129.3544528
9319609877,36.0454645,129.354548
9319609878,36.0454411,129.354657
8137538275,36.0403,129.3761954
8137538276,36.0402751,129.3760156
8137538277,36.0402634,129.3758123
8137538278,36.0403078,129.3756707
9331106526,36.0387115,129.3760316
9331106531,36.038581,129.3760777
9331106527,36.0384571,129.3761215
9331106528,36.0385319,129.3764452
12438025263,36.0385389,129.3764427
9331106530,36.0386539,129.3764021
9331106529,36.0387863,129.3763553
9331305631,36.0249502,129.3509933
9331305540,36.0238952,129.3504179
9331238304,36.0238302,129.3503821
9331305555,36.0233771,129.3501054
9331305596,36.0231704,129.349967
9331238305,36.0230927,129.3499151
9331238306,36.0225384,129.3496699
9331238307,36.0220597,129.3494049
9331238308,36.0218671,129.3493091
9331238309,36.0215725,129.3491924
9331238310,36.0214903,129.3491574
9331305529,36.0239155,129.3517451
9331305530,36.0235916,129.351454
9331305536,36.0235322,129.3514021
12856171031,36.0230904,129.3510157
9331305531,36.0229997,129.3509364
9345098357,36.0227728,129.3507648
9331305532,36.0225051,129.3505312
9331305603,36.022188,129.3503007
9331305533,36.0219731,129.3501445
9331305534,36.0215676,129.3498256
9345098358,36.0237017,129.3509424
9331305537,36.0239716,129.3502108
9331305543,36.0246992,129.3501415
9331305544,36.0245497,129.3499581
9331305545,36.0244899,129.3498272
9331305546,36.0243391,129.3498241
9331305547,36.0242008,129.3498749
9331305548,36.0241472,129.3498765
9331305550,36.0241896,129.3497586
9331305549,36.024212,129.3496962
9331305551,36.0239628,129.3497671
9331305570,36.0238919,129.3497594
9331305552,36.0236722,129.3497355
9331305562,36.0237678,129.3495371
9331305559,36.0238207,129.3494266
9331305560,36.0234955,129.3492448
9331305561,36.0233709,129.3495514
9331305567,36.0233571,129.3495852
9331305563,36.0237173,129.3495236
9331305564,36.0236363,129.3495236
9331305565,36.0234967,129.3495745
9331305566,36.0234083,129.349596
9331305568,36.0238718,129.349442
9331305569,36.0238917,129.3495714
9331305572,36.0248473,129.3495529
9331305573,36.0247202,129.3495621
9331305574,36.0261144,129.3483436
9331305575,36.0262128,129.3482265
9331305576,36.0262776,129.3480909
9331305577,36.0263387,129.3479338
9331305582,36.0263316,129.34792
9331305578,36.0262838,129.347826
9331305579,36.0260907,129.3476457
9331305580,36.0258752,129.3473746
9331305583,36.0255366,129.3486898
9331305584,36.025769,129.3484912
9331305586,36.0250308,129.3492977
9331305587,36.0252741,129.3490464
9331305588,36.02534,129.3489685
9331305589,36.0254015,129.3488358
9331305590,36.0243181,129.3496321
9331305591,36.0244312,129.3496233
9331305592,36.0245442,129.3496374
9331305593,36.0246158,129.3496233
9331305598,36.0233291,129.3506832
9345098356,36.0228881,129.3505085
9331305599,36.0228597,129.3504886
9331305600,36.0227838,129.350393
9331305601,36.0228153,129.3503028
9331305609,36.0249062,129.3518121
9331305612,36.0255785,129.3525418
9331305613,36.0259061,129.3528609
9331305616,36.0259864,129.3529426
9331305614,36.0261751,129.3531345
9331305619,36.0265059,129.3534068
9331305622,36.0269809,129.35397
9331305623,36.0266621,129.3536683
9331305624,36.0265471,129.3534819
9331305633,36.025231,129.3510251
9331305634,36.0255343,129.3512466
9331305635,36.0257086,129.3514154
9331305636,36.0259757,129.3512243
9331305638,36.0258082,129.3515171
9331305639,36.025753,129.3515165
9331305640,36.0258235,129.3516217
9331305641,36.0259548,129.3517263
9331305642,36.0260003,129.3517672
9331305644,36.0261972,129.3517739
9331305647,36.0284857,129.3547177
9331305648,36.0284564,129.3546976
9331305685,36.0284527,129.3546064
9331305649,36.0284521,129.3545916
9331305650,36.0282623,129.3543958
9331305651,36.0281853,129.3543408
9331305652,36.028156,129.3543261
9331305653,36.0280486,129.3542389
9331305654,36.0276983,129.3538178
9331305655,36.0273903,129.3534664
9331305656,36.0272048,129.3531942
9331305657,36.0269239,129.352871
9331305688,36.0275421,129.3535249
9331305663,36.027578,129.3534297
9331305664,36.0275319,129.3534097
9331305665,36.0274024,129.3534081
9331305683,36.0279709,129.354049
9331305668,36.0279712,129.3540192
9331305669,36.0279555,129.3539738
9331305672,36.0278417,129.3538723
9331305673,36.027821,129.3537517
9331305674,36.0278768,129.3537756
9331305675,36.027919,129.3537641
9331305676,36.0279978,129.3537871
9331305677,36.0280436,129.3538544
9331305678,36.02806,129.3539243
9331305679,36.028075,129.3539862
9331305680,36.0280593,129.3540243
9331305681,36.0280221,129.3540552
9331305682,36.0279913,129.3540588
9331305684,36.0285058,129.3546206
9331305686,36.027743,129.3537464
9331305687,36.0275956,129.3535765
9331305689,36.0276228,129.3534562
9331305690,36.0276686,129.3535288
9331305691,36.0277058,129.3536155
9331305692,36.0277294,129.3536553
9331305693,36.0277702,129.3536925
9331305694,36.0290139,129.3553034
9331305695,36.0292027,129.355585
9331305696,36.0294174,129.3558022
9331305697,36.0298762,129.3562542
9331305698,36.0300172,129.356332
9331305699,36.0300942,129.3563239
9331305700,36.0301961,129.356328
9331305701,36.0303317,129.3564017
9331305702,36.0304944,129.3565694
9331305703,36.030567,129.3567088
9331305704,36.030592,129.3567477
9331305705,36.0308295,129.356914
9331305706,36.0309076,129.3569905
9331305708,36.0311028,129.3571259
9331305709,36.031452,129.3573271
9331305710,36.0316527,129.357433
9331305711,36.031978,129.3575993
9331305712,36.0320268,129.3576208
9331381901,36.0420972,129.3497006
9331381902,36.0425158,129.3491159
9331381903,36.0424507,129.3490408
9209134943,36.0312997,129.344114
9331405229,36.03141,129.3440236
9331405234,36.0307639,129.342593
9331405235,36.030947,129.3429504
9331405236,36.0312086,129.3434649
9332183999,36.0638349,129.3833731
9332184000,36.063834,129.3833231
9332184001,36.0638452,129.3832707
12296984050,36.0638719,129.3832173
12296984051,36.0639057,129.3831622
9336049786,36.0450106,129.3527652
9336049751,36.0450382,129.3527333
9336049787,36.0449456,129.3526684
9336049788,36.0449445,129.3525236
9336049789,36.0450973,129.3519208
9336049790,36.0451765,129.351645
9336049801,36.045194,129.3516402
9336049791,36.0452423,129.351627
9336049792,36.0453872,129.3516657
9336049793,36.0454954,129.3517484
9336049802,36.0455389,129.3517623
9336049794,36.045569,129.3517719
9336049795,36.0456148,129.3517029
9336049796,36.0456761,129.3515401
9336049797,36.045714,129.3515125
9336049798,36.0459917,129.3516105
9336049799,36.0459293,129.3518326
9336049800,36.0458936,129.3519291
9336049769,36.0455166,129.3518629
9339276881,36.0531058,129.3480516
9339276882,36.0531862,129.3481257
9339276883,36.0534023,129.3482701
9339276884,36.0536893,129.3485236
9339276885,36.0537776,129.3486485
9339276886,36.0538864,129.3488084
9339276887,36.0539669,129.3488592
9339276888,36.0542697,129.3488045
9339276889,36.0544605,129.3487402
11180789389,36.0555004,129.3483321
9339276890,36.055713,129.3484321
9339276891,36.0557657,129.3485819
9339276892,36.0557533,129.3487679
9339276895,36.0594974,129.3464054
9339276896,36.0596312,129.3464054
9339276897,36.0597628,129.3463282
9339276898,36.0598989,129.3462454
9339276899,36.0600193,129.3461626
9339276900,36.0603427,129.3460468
9339276901,36.060501,129.3459944
9339276902,36.060724,129.3460413
9339276903,36.0609738,129.3461488
9339276904,36.0610853,129.3461957
9339276905,36.0612793,129.3462068
9339276906,36.0615112,129.3462151
9339276907,36.0617186,129.3462068
9342203939,36.0501348,129.3656442
9342203940,36.0500365,129.3657208
9342203962,36.0535395,129.369466
9342203963,36.0536726,129.3695162
9342203964,36.0538852,129.3695084
11696387628,36.0539879,129.3694541
9342203965,36.0540918,129.3693991
9342203966,36.0541722,129.3693348
9342203967,36.0542353,129.3692041
9342203968,36.0535825,129.369234
9342203969,36.0536408,129.3690461
9342203970,36.0537449,129.3689778
9342203971,36.053954,129.3688993
9342203972,36.0540436,129.368767
11696387666,36.0541885,129.3685399
9342203973,36.0543077,129.368344
9342203974,36.0543953,129.3681513
9342203975,36.0544569,129.367973
9342203976,36.0545318,129.3678971
9342203977,36.0546149,129.3678675
9342203978,36.0547574,129.367909
9342203979,36.0549231,129.3679121
11696387665,36.0551795,129.3679485
9342203984,36.0502193,129.3682941
9342203985,36.0498914,129.3681953
9342203987,36.0539797,129.363812
9342234720,36.0550283,129.3645469
9342234722,36.0549021,129.3643305
9342234723,36.0547508,129.3644552
9342234725,36.0545245,129.3639403
9342234726,36.0543344,129.36407
9342234727,36.0542824,129.3641919
9342234728,36.0542067,129.3642846
9342234729,36.0491218,129.3636764
6378700723,36.0492119,129.3635604
13144923571,36.0493108,129.3636148
6378700724,36.049329,129.3636248
9463070009,36.0517007,129.3625969
9342234730,36.0481032,129.3638668
13937823861,36.0481217,129.3638304
6378700722,36.0489083,129.3637106
4746298509,36.0359928,129.359392
6378700710,36.036302,129.3593471
6378700711,36.0365081,129.3595036
6378700712,36.036759,129.3598675
6378700713,36.0380645,129.3606529
9342234734,36.0389516,129.3611814
9342234731,36.0410963,129.3623861
6378700732,36.041158,129.3624167
12018577703,36.0390585,129.3612419
6378700714,36.0406238,129.3621067
9342234737,36.0479412,129.374082
9342234738,36.0481286,129.3741234
9342234739,36.0482512,129.3741561
9342234740,36.0485218,129.3741365
9342234776,36.0368144,129.3779159
9342234773,36.0366314,129.3779999
9342234777,36.0366869,129.3781543
9342234774,36.0367374,129.3782946
9342234775,36.0368762,129.3781925
9342234778,36.0368506,129.3780777
9342234784,36.0337189,129.3801096
9342234779,36.0336626,129.3801166
9342234780,36.0333296,129.380325
9342234781,36.03325,129.3804677
9342234782,36.0330232,129.3805973
9342234783,36.0326359,129.3808154
9342272148,36.0343058,129.3792348
9342272149,36.0344419,129.379592
9342272150,36.0346208,129.3795533
12856171071,36.0344995,129.3791798
9342272151,36.0344842,129.3791555
9342272152,36.0347205,129.379514
9342272153,36.0349238,129.3794224
9345075802,36.021918,129.3522547
9345075803,36.0224765,129.3511799
9345075812,36.0228302,129.3514269
9345075815,36.0221536,129.3527654
9345075816,36.0225688,129.3519649
13958219628,36.0233369,129.3542331
4656644510,36.0218554,129.3647318
9349894039,36.0229007,129.3514056
9349894040,36.0229498,129.3514196
9349894041,36.0233275,129.3517255
9349894042,36.0236618,129.352001
9349894043,36.0241636,129.3523596
9349894044,36.0242036,129.3523964
9349894046,36.0243703,129.3525619
9349894048,36.0244291,129.3525692
9349894049,36.0246173,129.352711
9349894038,36.0250629,129.3530646
9349894050,36.0251181,129.3531084
9349894051,36.0254146,129.3533133
9349894052,36.0258657,129.3536692
9349894053,36.0260226,129.3538232
9349894055,36.0260999,129.3538864
9349894059,36.0242216,129.3522539
9349894058,36.0242819,129.3520928
9349894057,36.0242947,129.3520588
9349894060,36.0243376,129.3520853
9349894061,36.0243734,129.3520623
9349894062,36.0245194,129.352188
9349894064,36.024548,129.3522517
9349894065,36.0250832,129.3526887
9349894066,36.0254339,129.3529666
9349894072,36.0256602,129.3531253
9349894067,36.0260121,129.3534337
9349894068,36.0261523,129.3535399
9349894070,36.0262253,129.3535842
4235822581,36.0266942,129.3541683
4738419700,36.0259329,129.3536047
9349894074,36.0260044,129.3537173
9349894075,36.0263395,129.35399
9349894083,36.0264415,129.3540615
9349894082,36.0265539,129.3541403
9349894076,36.0267195,129.3542565
12137763389,36.0267528,129.3542794
9349894084,36.026488,129.3541792
9349894085,36.0265267,129.3543071
9349894088,36.0284758,129.3551504
9349997835,36.0335563,129.3631758
9349997837,36.0338301,129.3633159
9350087388,36.034285,129.3644929
9350087390,36.0342078,129.362154
9350087391,36.0342726,129.3620323
9350087393,36.0326084,129.3640034
9350087395,36.0322272,129.3639926
9350087403,36.032033,129.3603968
9350087405,36.0314664,129.361357
9350087407,36.0304378,129.3636019
9350087409,36.0342411,129.3600609
9350087413,36.0343056,129.3599389
9350087410,36.0343512,129.3598525
9350087411,36.0344318,129.3596401
9350087414,36.0338556,129.3599033
9350087416,36.0338331,129.3599251
9350087415,36.0338219,129.3599359
9350114217,36.0338244,129.3597793
9350114218,36.0338318,129.3595578
9350114219,36.033854,129.3594216
9350114220,36.0338902,129.3593362
9350114222,36.0370772,129.3608558
9350114223,36.0371702,129.3608416
9350114224,36.0372947,129.3608805
368833761,36.0374596,129.3609552
9350114225,36.0376152,129.3610256
9350114226,36.0377053,129.3611177
9350114227,36.0378141,129.3611672
9350114230,36.0387095,129.3596323
9350114233,36.0391238,129.3595184
9350114235,36.0324761,129.3574287
9350114238,36.0321941,129.3572924
9350114240,36.0321562,129.357744
6378700705,36.0329956,129.3581264
6378700706,36.0334672,129.3583808
4746298508,36.0339488,129.3585797
6378700707,36.0348722,129.3588537
6378700708,36.035513,129.3591304
6378700704,36.0321188,129.357727
9288127474,36.0215676,129.3571528
12856161071,36.0216713,129.3572126
9209134935,36.0333734,129.3429908
9351575547,36.03351,129.3427908
9351575592,36.0329712,129.3431078
9351575593,36.0331861,129.3429143
9351575594,36.0335005,129.3425321
9351614062,36.027106,129.34612
9351614054,36.0270821,129.3462899
9351614055,36.026917,129.3466587
9351614056,36.0268232,129.3467863
9351614057,36.0268269,129.346944
9351614058,36.0267838,129.3470206
9351614059,36.0266956,129.3470438
9351614060,36.0266374,129.347002
9351614061,36.0265793,129.3468443
9351614067,36.0278037,129.3464053
9351614064,36.0277775,129.3463504
9351614065,36.0277285,129.3463379
9351614066,36.0276102,129.3464593
9351614085,36.0319764,129.3439655
9351614086,36.0319918,129.3439058
9351614081,36.0320427,129.3438694
9444427094,36.0322094,129.3437508
9351614082,36.0324236,129.3435983
9351614083,36.0325009,129.3435826
9352495878,36.0492608,129.3634811
9352495879,36.0493741,129.3633671
9352495880,36.0495149,129.3632978
9352495881,36.0496158,129.3632531
9352495882,36.0497067,129.3632439
9352495883,36.0499433,129.3632547
9352495884,36.0500492,129.3632254
9352495885,36.0501476,129.3631453
9352495886,36.0502161,129.3630698
9352495887,36.0502721,129.3630298
9352495888,36.0503917,129.3630344
9352495889,36.0504988,129.3630205
9352495890,36.0505711,129.3629497
9352495891,36.0507018,129.3628449
9352495892,36.0507716,129.3628018
9352495893,36.0508513,129.3627725
9352495894,36.0510045,129.3627093
9352495895,36.0511091,129.3626431
9352495896,36.0511963,129.3626215
9352495897,36.0512922,129.3626092
9352495898,36.0514305,129.3626169
9352495899,36.0515762,129.3625691
9352495900,36.0516982,129.3624798
9352495901,36.0517605,129.3624074
9352495902,36.0518303,129.3623504
9352495903,36.0518863,129.3623427
9352495904,36.0519586,129.3623473
9352495905,36.0520619,129.362335
9352495906,36.0521429,129.3622903
9352495907,36.052194,129.3622302
9352495908,36.0522612,129.3621717
9352495909,36.052316,129.3621363
9352495910,36.0524044,129.3621393
9352495911,36.0524941,129.3621424
9352495912,36.0525825,129.3620823
9352495913,36.0526486,129.3620238
9352495914,36.0527706,129.3619576
9352495915,36.052935,129.3619221
9352495916,36.0530347,129.3618882
9352496017,36.0530969,129.3618975
9352496018,36.0531256,129.3618713
9352496019,36.0531256,129.361822
9352496020,36.0530932,129.3618035
9352496021,36.053067,129.3618143
9352496022,36.0530521,129.3618389
9352496023,36.0532626,129.3617696
9352496024,36.0533647,129.3617326
13144923534,36.053437,129.3616916
4632468215,36.0257357,129.3446187
9382962602,36.0571576,129.3616729
9382962604,36.0572764,129.3612907
9382962612,36.0575973,129.360596
9382962616,36.0573752,129.3603908
9382962613,36.056975,129.3600209
9382962614,36.0568648,129.3600138
9382962615,36.056367,129.360274
9382980317,36.0572411,129.3605642
9382980319,36.0577017,129.3607695
9382980320,36.0581309,129.3610331
9382980321,36.0582511,129.3609429
9382980322,36.058387,129.3610614
9382980323,36.058407,129.3611163
9382980324,36.0583298,129.3612579
9382980325,36.058314,129.3613251
9382980336,36.0578193,129.3576348
9382980337,36.057867,129.3575291
9382980356,36.0614704,129.354051
9382980357,36.0619821,129.3539411
9382980358,36.0623854,129.3539759
9382980359,36.0626883,129.3534925
9382980395,36.0625904,129.3528776
13108412869,36.0626078,129.3529225
13108412870,36.0625587,129.3529934
9382980363,36.0625677,129.3531132
9382980364,36.0626238,129.3533441
9382980365,36.0626413,129.353421
9382980367,36.0628074,129.3535617
9382980368,36.0629479,129.3537271
9382980369,36.0630807,129.3539593
9382980370,36.0631885,129.3540556
9382980371,36.0632591,129.3541715
9382980372,36.0633723,129.3542923
9382980373,36.0634657,129.3544183
9382980374,36.0635025,129.3545951
9382980375,36.0636128,129.3545846
9382980376,36.0636935,129.3546056
9382980377,36.0639156,129.3549084
9382980378,36.0640543,129.3550607
9382980379,36.0642325,129.3551849
9382980380,36.0643896,129.3552549
9382980381,36.0645947,129.3552007
9382980382,36.064773,129.3551202
9382980383,36.0649046,129.3551044
9382980384,36.0650376,129.3551044
9382980385,36.0652512,129.3550012
9382980386,36.0654012,129.3549661
9382980387,36.0655215,129.3549014
9382980388,36.0656233,129.3548401
9382980389,36.0657337,129.3548191
9382980390,36.0658752,129.3548716
9382980391,36.0659544,129.3549346
9382980392,36.0659785,129.3550869
9382980393,36.066069,129.3553022
9382980394,36.0661935,129.3553565
9382980396,36.0625214,129.3541228
9382980397,36.062807,129.3543399
9382980398,36.0629172,129.354557
9382980409,36.0628033,129.3547903
9382980410,36.0624131,129.3553977
9382980419,36.0629866,129.3545706
9382980420,36.0631762,129.3547369
9382980421,36.0632484,129.3548192
9382980422,36.06338,129.3549312
9382980423,36.06382,129.3554738
9382980445,36.0640195,129.3557007
9382980424,36.0641185,129.3558133
9382980425,36.0642247,129.3558921
9382980426,36.0644072,129.3558658
9382980427,36.0645388,129.3559271
9382980428,36.0647609,129.3560549
9382980429,36.0648713,129.3560514
9382980430,36.0649095,129.3560041
9382980431,36.0649689,129.3558798
9382980432,36.0649816,129.3557171
9382980433,36.0650552,129.3556033
9382980434,36.0651273,129.3555508
9382980435,36.0652151,129.3555473
9382980436,36.0653707,129.3554353
9382980437,36.0657131,129.3552427
9382980438,36.0658857,129.3552882
9382980439,36.062918,129.356603
9382980440,36.0632008,129.356605
9382980441,36.0633259,129.356605
9382980442,36.0635876,129.356404
9382980443,36.0638363,129.3561225
9382980444,36.0639533,129.3559375
9382980446,36.0628197,129.3533081
9382980447,36.063108,129.3530399
9382980448,36.0633026,129.3529058
9382980449,36.0635391,129.3528845
9382980450,36.0638347,129.3528723
9382980451,36.0641993,129.3527839
9382980452,36.0644259,129.3526407
9382980453,36.0647871,129.3524882
9382980454,36.0649586,129.3524128
9382960831,36.0336286,129.368136
9382960830,36.0337715,129.3691358
9382960835,36.036183,129.3674883
9382960838,36.0361032,129.3665218
9387628397,36.0459037,129.3597161
11696421766,36.0458773,129.3593944
9387628398,36.0458593,129.3591754
9394431175,36.0312329,129.3465422
9394431193,36.0313805,129.3467284
9394431176,36.0315019,129.3468815
4634229439,36.0312136,129.3463794
9404219226,36.0388137,129.3485047
9404219227,36.0390492,129.3487846
9444427092,36.0320151,129.3447486
9444427093,36.0323795,129.3441397
9444363241,36.0320967,129.3453136
9444363242,36.0322008,129.345496
9444363243,36.0323309,129.3455147
9444363244,36.0324459,129.345496
13952030396,36.0311853,129.3694042
9462311144,36.0312413,129.3691432
9462311145,36.0313073,129.3690138
9462311146,36.0313945,129.3688166
9462311149,36.0316789,129.367296
9462311150,36.0316531,129.367142
9462343638,36.0312298,129.3637005
9462343639,36.0312675,129.3636304
9462343640,36.0314601,129.3637845
13515899585,36.053166,129.3763317
9463031405,36.0532714,129.3770197
9463031406,36.0530007,129.3761911
9463031407,36.0531292,129.3770553
9463031408,36.0528468,129.3761755
9463031409,36.0529873,129.3770908
9463069930,36.0665539,129.3855541
9463069931,36.067359,129.3858163
9463069933,36.0673471,129.3875688
9463069934,36.0672929,129.3870708
9463069936,36.0671432,129.3869607
9463069937,36.0671574,129.3872709
9463070007,36.0517622,129.3628018
9463070006,36.0521783,129.3626176
9463070002,36.0528875,129.3623036
9463070003,36.0529286,129.3624012
9463070004,36.0523814,129.3634338
9463070005,36.0523255,129.363446
9471665709,36.0461851,129.3697474
9471665710,36.0465346,129.3700731
1645075279,36.0579168,129.3690362
1645075277,36.0573474,129.3681078
13441910882,36.0552774,129.364535
9311952552,36.0549978,129.3640524
9311952558,36.0547564,129.3636204
12949898171,36.054728,129.3635696
12949898167,36.0545885,129.3633306
1645075271,36.0536771,129.361826
4658585351,36.0536302,129.3617397
6378700726,36.0536079,129.3616973
4658585339,36.053509,129.361549
1645075269,36.0532914,129.3611771
4658585357,36.053172,129.361006
9307356740,36.0527151,129.3604704
12949883799,36.052698,129.3604539
414668434,36.0526027,129.3603852
436561631,36.0525162,129.360315
4658585739,36.0354527,129.3651082
4650035699,36.0350719,129.3652576
9271029063,36.0348724,129.3653282
12112182149,36.0340833,129.3655967
4740710061,36.0345104,129.3655509
9271029062,36.0346799,129.3654972
13989496811,36.0240008,129.3589885
13989496848,36.02379,129.3588122
13958219615,36.0227959,129.3580012
9288127477,36.0219684,129.3573255
12856161077,36.0219302,129.3572951
9201416694,36.0218602,129.3572477
13989496808,36.0242019,129.3589332
9288127479,36.0242306,129.3588682
4235822577,36.0250944,129.352946
2193764922,36.0255078,129.3532812
9349894077,36.0261202,129.3537338
9271029032,36.0265712,129.354074
12856161078,36.0218827,129.3573804
13958219616,36.02273,129.3581213
13989496845,36.0237357,129.3589239
12146247480,36.0238718,129.3590333
13989496812,36.0239429,129.3590833
9288127478,36.0239713,129.3591009
4740526324,36.0439875,129.3683289
4740526322,36.0457667,129.3694645
13441908794,36.0600355,129.3703316
4738684383,36.0603531,129.3704043
13441914886,36.0609937,129.3705691
9307356748,36.0611879,129.3706227
4738419701,36.0259339,129.3534142
9544079196,36.0256434,129.3531777
4738419672,36.0255619,129.3531113
9271029022,36.0245226,129.3522708
12304715856,36.0650171,129.3852905
12304715855,36.0650243,129.385358
12304715854,36.0650345,129.3854178
9544711848,36.065055,129.385473
12304715853,36.0654448,129.3861699
9544711853,36.0655007,129.3862471
9544711849,36.0657921,129.3864493
9544711850,36.0660406,129.3866409
9544711857,36.0662619,129.3868173
9557314461,36.0221564,129.3612551
13989496783,36.0224911,129.3605111
9705256348,36.0580268,129.3652782
9705256327,36.0576186,129.3645849
9705256326,36.0575009,129.3643879
9705256328,36.057732,129.3644664
9705256334,36.0578103,129.3646088
9705256335,36.0577316,129.364684
9705256609,36.0579781,129.3650966
9705256336,36.0580499,129.3652166
9705256337,36.0580787,129.3652359
9705256338,36.0581307,129.3652131
9705256339,36.0584662,129.3649202
9705256340,36.0584883,129.3648565
9705256341,36.0585127,129.3648185
9705256342,36.058542,129.3647964
9705256343,36.0585863,129.3647955
9705256344,36.0586114,129.3647973
9705256345,36.058738,129.3646875
9705256346,36.058758,129.3646088
9705256347,36.0587602,129.364507
9705256349,36.0579759,129.3653193
9705256350,36.0577377,129.3655138
9705256357,36.0569705,129.3643483
9705256359,36.0569792,129.3643604
9705256358,36.0569988,129.3643874
9705256397,36.0585054,129.3648825
9705256398,36.058503,129.3649053
9705256399,36.0585063,129.3649279
9705256388,36.0585303,129.3649658
9705256382,36.0585495,129.3649758
9705256387,36.0585703,129.3649772
9705256383,36.0585902,129.3649697
9705256390,36.0586069,129.3649542
9705256393,36.0586183,129.3649326
9705256394,36.058623,129.3649075
9705256395,36.0586205,129.3648819
9705256415,36.058613,129.3648636
9705256396,36.0586111,129.3648589
9705256384,36.0585959,129.3648413
9705256391,36.058579,129.3648318
9705256385,36.0585605,129.3648292
9705256392,36.0585423,129.3648337
9705256386,36.058526,129.3648449
9705256389,36.0585133,129.3648617
9705256416,36.0586611,129.3648185
9705256417,36.0587807,129.3650172
9705256418,36.0587986,129.3650378
9705256419,36.0588311,129.365066
9705256420,36.0588689,129.3650901
9705256421,36.0589181,129.3651042
9705256444,36.0589416,129.3651048
9705256422,36.0589783,129.3651057
9705256423,36.0590259,129.3651088
9705256424,36.0590694,129.3651254
9705256425,36.0591036,129.365151
9705256426,36.05913,129.3651817
9705256427,36.0591613,129.3652315
9705256428,36.0593163,129.3654463
9705256429,36.0593968,129.3655511
9705256430,36.0594397,129.3656387
9705256431,36.0594548,129.3657303
9705256432,36.0594483,129.3658312
9705256433,36.0594258,129.3659826
9705256434,36.0594,129.3660662
9705256435,36.0593743,129.3661047
9705256436,36.0593228,129.3661366
9705256437,36.0592605,129.3661499
9705256438,36.0591747,129.3661499
9705256439,36.0589815,129.3661406
9705256440,36.0589772,129.3662056
9705256441,36.0587389,129.366191
9705256442,36.0587454,129.3655485
9705256445,36.0590703,129.3653291
9705256494,36.0578523,129.3647294
9705256493,36.0579942,129.3646154
9705256553,36.0582224,129.3644734
9705256456,36.0582306,129.3644683
9705256457,36.0584079,129.3642822
9705256458,36.0584478,129.3642832
9705256459,36.0584941,129.3642832
9705256460,36.0585266,129.3642942
9705256469,36.0585443,129.3643023
9705256461,36.0585608,129.3643133
9705256462,36.0585917,129.3643526
9705256463,36.0586498,129.3643458
9705256464,36.0586837,129.3643497
9705256465,36.058709,129.3643756
9705256466,36.0587263,129.3644137
9705256467,36.0587454,129.3644686
9705256468,36.0587458,129.3644697
9705256495,36.0576759,129.3647747
9705256497,36.0577101,129.3648201
9705256496,36.0577368,129.3648239
9705256524,36.0573267,129.3647364
9705256528,36.0573824,129.3646833
9705256526,36.0574754,129.3645948
9705256525,36.0575335,129.3645395
9705256455,36.0576445,129.3647307
9705256615,36.0576594,129.3647516
9705256505,36.0576002,129.3644664
9705256611,36.0575547,129.3644117
9705256562,36.0574305,129.3642623
9705256506,36.0574215,129.3642514
9705256507,36.0573746,129.3642354
9705256508,36.0573309,129.3642469
9705256509,36.0570455,129.3644703
9705256510,36.0569943,129.3644924
9705256511,36.0569512,129.3645008
9705256512,36.0569216,129.364529
9705256513,36.0569223,129.3646342
9705256514,36.0569406,129.3647709
9705256579,36.0570749,129.3649419
9705256515,36.057162,129.3650982
9705256578,36.0571865,129.365254
9705256516,36.0572292,129.3654521
9705256517,36.0572928,129.36561
9705256518,36.057353,129.3656669
9705256519,36.0574054,129.3656748
9705256520,36.0574606,129.3656468
9705256521,36.0575179,129.3655933
9705256522,36.0575866,129.365398
9705256612,36.0577598,129.3652414
9705256523,36.0578791,129.3651335
9705256527,36.0574188,129.3644993
9705256529,36.0575958,129.3650309
9705256550,36.0574606,129.3651353
9705256551,36.0577103,129.3649341
9705256552,36.0576765,129.3648813
9705256554,36.0580178,129.3640736
9705256555,36.0582625,129.3641811
9705256556,36.0581509,129.3641055
9705256557,36.0578912,129.3640683
9705256558,36.0577806,129.3641028
9705256559,36.0576036,129.3641347
9705256560,36.0574869,129.3641952
9705256561,36.0574565,129.3642443
9705256573,36.057063,129.3653406
9705256574,36.0570996,129.365309
9705256575,36.0570569,129.3652248
9705256576,36.0570707,129.3652143
9705256577,36.0571137,129.3653006
9705256580,36.0569878,129.3652163
9705256581,36.0570852,129.3651374
9705256584,36.0586227,129.364407
9705256585,36.0586324,129.3644581
9705256586,36.0586168,129.3645324
9705256587,36.0584966,129.3646293
9705256588,36.0584236,129.3646851
9705256589,36.058393,129.3647282
9705256590,36.0583737,129.3647747
9705256591,36.0581596,129.3647931
9705256592,36.0582422,129.3647725
9705256593,36.0582921,129.3647672
9705256594,36.0583322,129.364771
9705256595,36.05868,129.3644003
9705256596,36.0587015,129.364458
9705256597,36.0587079,129.3645098
9705256598,36.0587047,129.3645569
9705256599,36.0586939,129.36461
9705256600,36.0586741,129.3646313
9705256601,36.0586285,129.3646631
9705256602,36.0584525,129.3647886
9705256603,36.0584181,129.3648337
9705256604,36.058314,129.3649572
9705256605,36.0582362,129.3650143
9705256606,36.0581198,129.3650793
9705256607,36.0580527,129.3650959
9705256608,36.0580033,129.3650986
9705256610,36.057659,129.3643186
9705256613,36.0577905,129.3652913
9705256614,36.0576495,129.3647612
9918349401,36.0652895,129.3903813
9918349394,36.0653963,129.3902862
9918349405,36.06546,129.3901911
9918349395,36.0656963,129.3900736
12207980633,36.0656829,129.3899843
12207980632,36.0657598,129.3898712
9918349396,36.0658207,129.3898279
9918349393,36.065842,129.3897505
9918349402,36.0658018,129.3894693
12207980634,36.0658582,129.389391
9918349390,36.0659474,129.3893127
9918349392,36.0650875,129.391173
9918349389,36.0652004,129.3909607
9918349406,36.0652704,129.390685
9918349398,36.0650205,129.3902344
9918349404,36.0649311,129.3903829
9918349399,36.0648992,129.3905547
9918349397,36.0650248,129.3907033
9222527307,36.0216831,129.3552433
10033789059,36.0486185,129.3693625
4738684352,36.0501737,129.3587074
13947240086,36.0503004,129.3588558
13108382611,36.0504119,129.3593708
13108382610,36.050464,129.3593697
13947240085,36.0504993,129.3593889
4658585425,36.0505684,129.3594519
10620768442,36.0594569,129.3626724
10620768443,36.05954,129.3630274
10620768444,36.0597438,129.363513
10620768445,36.0598005,129.3637792
10620768446,36.0597929,129.3640361
10620768447,36.0598005,129.3642929
10620768448,36.0598797,129.3645078
10620768449,36.0600496,129.3647553
10620768450,36.0602988,129.3649421
10620768451,36.0604876,129.3652083
10620768452,36.0607065,129.3655211
10620768453,36.0608009,129.3657033
10620768469,36.0608009,129.3658308
10620768454,36.0607812,129.3658999
10620768455,36.060699,129.3660115
10620768456,36.0605366,129.3661936
10620768457,36.0604083,129.3663291
10620768458,36.0603214,129.3664271
10620768459,36.0602875,129.3666139
10620768460,36.0603781,129.366782
10620768461,36.0604951,129.3669221
10620768462,36.0605261,129.3670015
10620768463,36.0604989,129.3671743
10620768464,36.0604007,129.3673565
10620768465,36.0604196,129.3675059
10620768466,36.060514,129.367688
10692613516,36.0681418,129.3837536
10692613517,36.0682199,129.3837536
11999300195,35.7290581,129.4844194
11180789672,36.0686779,129.3457733
11180789671,36.0685522,129.3457907
11180789670,36.0684503,129.3457894
11180789669,36.0683679,129.3457505
11180789668,36.0682649,129.3457237
11180789667,36.0681966,129.3457076
11180789666,36.0680871,129.3457156
11180789665,36.0679397,129.345776
11180789664,36.067866,129.3458511
11180789663,36.0678454,129.3458712
11180789662,36.0674974,129.3459423
11180789661,36.0674063,129.3459544
11180789660,36.0672112,129.3460308
11180789659,36.0671266,129.346122
11180789658,36.0669597,129.3462025
11180789657,36.0667364,129.3462668
11180789656,36.0666453,129.3463191
11180789655,36.0665857,129.3463312
11180789654,36.0665532,129.3463741
11180789653,36.0665488,129.3464801
11180789652,36.0665011,129.3466048
11180789651,36.0665076,129.3467885
11180789650,36.0664654,129.3470071
11180789649,36.0664448,129.3470769
11180789648,36.0662529,129.3471412
11180789647,36.0660664,129.3471023
11180789646,36.0659472,129.3470219
11180789645,36.0657336,129.3468717
11180789644,36.065648,129.3467389
11180789643,36.0653911,129.3466075
11180789642,36.0651872,129.3465163
11180789641,36.0650376,129.3464828
11180789640,36.064681,129.3464278
11180789639,36.064578,129.3463942
11180789638,36.0644891,129.3464103
11180789637,36.0644273,129.3463849
11180789636,36.0644089,129.3463111
11180789635,36.0643156,129.3462709
11180789634,36.0642972,129.3462092
11180789633,36.0642137,129.3461582
11180789632,36.0642636,129.3460375
11180789631,36.0642961,129.3459222
11180789630,36.0643612,129.3456794
11180789629,36.0644154,129.3456244
11180789628,36.0644739,129.3453562
11180789627,36.064475,129.3452275
11180789626,36.0644501,129.3451041
11180789625,36.0644045,129.3450142
11180789624,36.0643211,129.3449526
11180789623,36.0642875,129.3448654
11180789622,36.0642593,129.344679
11180789621,36.0642398,129.3445864
11180789620,36.0640728,129.344518
11180789619,36.0639622,129.3444738
11180789618,36.0638083,129.3444322
11180789617,36.0636674,129.3444765
11180789616,36.063405,129.3444818
11180789615,36.0632424,129.3444121
11180789614,36.063096,129.3443625
11180789613,36.0628825,129.3442525
11180789612,36.0627361,129.344231
11180789611,36.06249,129.3442391
11180789610,36.0622526,129.344109
11180789609,36.062168,129.3439803
11180789608,36.0621052,129.3438797
11180789607,36.0619957,129.3437965
11180789606,36.0618688,129.343763
11180789605,36.0616043,129.343531
11180789604,36.0614547,129.3433687
11180789603,36.0614417,129.3433419
11180789602,36.0615327,129.3429717
11180789601,36.0616097,129.3427934
11180789600,36.0616574,129.3426687
11180789599,36.0617322,129.3425815
11180789598,36.061768,129.3425252
11180789594,36.0614937,129.3426231
11180789593,36.0613723,129.3427049
11180789591,36.0611132,129.3427934
11180789590,36.0610145,129.3428604
11180789589,36.0609375,129.3428658
11180789588,36.060853,129.3428497
11180789587,36.0606557,129.3430763
11180789586,36.0604497,129.343244
11180789585,36.0602719,129.3433768
11180789584,36.0602025,129.3433674
11180789583,36.0599911,129.3432426
11180789582,36.0597591,129.3432158
11180789581,36.0594338,129.3432078
11180789580,36.0592387,129.343181
11180789579,36.0591194,129.3431273
11180789578,36.058933,129.3428805
11180789577,36.0587595,129.3426472
11180789576,36.0585925,129.342564
11180789575,36.0583388,129.3425292
11180789573,36.0579745,129.3425292
11180789572,36.0578683,129.3425935
11180789571,36.0577317,129.3427786
11180789457,36.0575799,129.3429637
11180789570,36.0574888,129.343071
11180789569,36.0574563,129.3430951
11180789456,36.0574368,129.3431045
11180789568,36.0572828,129.3431327
11180789567,36.0569944,129.3431193
11180789566,36.056873,129.3430361
11180789565,36.0567321,129.3428913
11180789564,36.0564827,129.3426821
11180789563,36.0563938,129.3425935
11180789559,36.0557758,129.3426874
11180789558,36.0556023,129.3425426
11180478605,36.0686524,129.3652769
11180478250,36.0685827,129.365259
11180467821,36.0684893,129.3652096
11180478434,36.0683001,129.3649933
11180478379,36.0682319,129.3649394
11180478546,36.0680503,129.3648337
11180478649,36.0675449,129.3645846
11180478242,36.0674782,129.3645303
11180478194,36.0674383,129.3644703
11180467814,36.0674027,129.3643841
11180467765,36.0673412,129.3642001
11180467760,36.0672116,129.3638605
11180478368,36.0670783,129.3634271
11180467808,36.0669781,129.3631409
11180478479,36.0669451,129.3630677
11180478423,36.0669214,129.3630378
11180478583,36.0668858,129.3630159
11180478537,36.06685,129.363006
11180478691,36.0667906,129.3630042
11180478640,36.0666748,129.3630247
11180478235,36.0665723,129.363064
11180478361,36.0665346,129.3630951
11180478471,36.0664812,129.3631707
11180478414,36.0664462,129.3632352
11180478526,36.0664075,129.3633489
11180478681,36.0663852,129.3633927
11180478629,36.0663543,129.3634203
11180478227,36.0662756,129.3634499
11180478352,36.0662412,129.363448
11180467795,36.0662059,129.3634291
11180478464,36.0661548,129.3633746
11180478403,36.0661221,129.3633175
11180478515,36.0660956,129.3632131
11180478619,36.0660958,129.3631454
11180789238,36.0475506,129.3427598
11180789237,36.0475929,129.3429181
11180789236,36.0476069,129.3430321
11180789235,36.0476243,129.3431528
11180789234,36.0476937,129.3432426
11180789233,36.0477262,129.3433419
11180789232,36.0477208,129.3435672
11180789231,36.047672,129.3437026
11180789230,36.0476492,129.3438207
11180789229,36.047569,129.3439186
11180789228,36.0475441,129.3440647
11180789227,36.0475376,129.3441506
11180789226,36.0475213,129.3442002
11180789225,36.047531,129.344337
11180789224,36.0475538,129.3443947
11180789223,36.0474801,129.344514
11180789222,36.0474909,129.344569
11180789382,36.0475321,129.3451376
11180789381,36.04753,129.3452033
11180789380,36.0475441,129.3452463
11180789379,36.0476004,129.3452932
11180789378,36.0476416,129.3453106
11180789377,36.0476753,129.3453388
11180789376,36.0477241,129.3453911
11180789375,36.0477284,129.3454729
11180789374,36.0478043,129.3455158
11180789373,36.0477783,129.3456124
11180789372,36.0477989,129.3457344
11180789371,36.0478498,129.3458256
11180789370,36.0478292,129.3459342
11180789369,36.0478607,129.3459852
11180789368,36.0480038,129.3461435
11180789367,36.0480689,129.3462414
11180789366,36.0481437,129.3462682
11180789365,36.0482478,129.3463808
11180789364,36.0483324,129.3463929
11180789363,36.0483768,129.3465283
11180789362,36.0484126,129.3466625
11180789361,36.0484256,129.3467523
11180789360,36.0484516,129.34692
11180789359,36.0484809,129.3470554
11180789358,36.0485698,129.3471318
11180789357,36.0486154,129.3471909
11180789356,36.0486436,129.3472311
11180789355,36.0486251,129.3473062
11180789354,36.0486533,129.3473652
11180789353,36.0487281,129.3474309
11180789352,36.0488474,129.3474309
11180789351,36.048919,129.3473665
11180789350,36.0490621,129.3473196
11180789349,36.049138,129.3473518
11180789348,36.0492714,129.3473169
11180789347,36.049331,129.3473867
11180789346,36.0496173,129.3473008
11180789345,36.0499946,129.3472901
11180789344,36.0500488,129.3472552
11180789343,36.0501811,129.3469709
11180789342,36.050244,129.3468636
11180789341,36.0504435,129.3467751
11180789340,36.0505411,129.3467188
11180789339,36.0506387,129.346523
11180789338,36.0506907,129.3464801
11180789337,36.0507839,129.3464613
11180789336,36.0510919,129.3465391
11180789335,36.0511786,129.3467107
11180789334,36.051287,129.3470004
11180789333,36.0513326,129.3472096
11180789332,36.0513044,129.347384
11180789331,36.0512914,129.3476012
11180789330,36.051402,129.3477997
11180789329,36.0514388,129.3479365
11180789328,36.0516145,129.3479392
11180789327,36.051866,129.3480679
11180789326,36.0522,129.3483201
11180789325,36.0526337,129.348532
11180789324,36.0528549,129.3487063
11180789323,36.0529525,129.3488431
11180789322,36.0529828,129.3490362
11180789321,36.0529958,129.3491408
11180789320,36.052959,129.3492964
11180789319,36.052959,129.3493876
11180789318,36.0530566,129.3493366
11180789317,36.0531227,129.3493876
11180789316,36.0531509,129.3494385
11180789315,36.0530782,129.3495566
11180789314,36.0530598,129.349574
11180789313,36.0531964,129.3496478
11180789312,36.0531455,129.3497349
11180789311,36.0530685,129.3497604
11180789310,36.0530045,129.3498717
11180789309,36.0528701,129.3500018
11180789308,36.0527996,129.3500809
11180789307,36.0527768,129.3501292
11180789306,36.0528007,129.3502083
11180789305,36.0528679,129.3501936
11180789304,36.053217,129.3505034
11180789388,36.0558029,129.348359
11180789387,36.0558365,129.3482959
11180789386,36.0558784,129.348309
11180789385,36.0561759,129.3484381
11180789455,36.0575116,129.3431246
11180789454,36.0575365,129.3430831
11180789453,36.0575756,129.3430884
11180789452,36.0576113,129.34313
11180789451,36.0576363,129.343197
11180789450,36.0575994,129.3432574
11180789449,36.0575972,129.3433432
11180789448,36.0576298,129.3434384
11180789447,36.0576612,129.3435752
11180789446,36.0576601,129.3436758
11180789445,36.0576287,129.3438689
11180789444,36.0575723,129.3439199
11180789443,36.0575604,129.3439628
11180789442,36.05753,129.3439762
11180789441,36.0575138,129.3442337
11180789440,36.0575311,129.3443799
11180789439,36.057542,129.3445288
11180789438,36.0575387,129.3447004
11180789437,36.0575626,129.3447863
11180789436,36.0575745,129.3449874
11180789435,36.057555,129.3451081
11180789434,36.0574346,129.345253
11180789433,36.0573555,129.3453428
11180789432,36.0573273,129.3454085
11180789431,36.0573327,129.3454407
11180789430,36.0573739,129.3454635
11180789429,36.0573468,129.3455212
11180789428,36.0573099,129.345717
11180789427,36.0572709,129.3457545
11180789426,36.0571224,129.3457746
11180789425,36.0570649,129.3458042
11180789424,36.0570888,129.3459289
11180789423,36.0570443,129.3459342
11180789422,36.0570432,129.3460643
11180789421,36.0569847,129.3461555
11180789420,36.0569706,129.3463044
11180789419,36.0569673,129.3464398
11180789418,36.057002,129.3465565
11180789417,36.0569847,129.3466879
11180789416,36.0569565,129.346763
11180789415,36.056886,129.3468328
11180789414,36.0568492,129.3468462
11180789413,36.0568155,129.3468931
11180789412,36.0566995,129.3468972
11180789411,36.0566573,129.3469495
11180789410,36.056628,129.3470299
11180789409,36.0566356,129.347164
11180789408,36.0566117,129.3472311
11180789407,36.0565304,129.3473357
11180789406,36.0564458,129.3473116
11180789405,36.0563721,129.3473652
11180789404,36.056332,129.3474658
11180789403,36.0562463,129.3475127
11180789402,36.056178,129.347502
11180789401,36.0560902,129.3475449
11180789400,36.0560425,129.3475516
11180789399,36.0559991,129.3476066
11180789398,36.0559579,129.3476589
11180789397,36.0559439,129.3477474
11180789396,36.0559645,129.3478306
11180789395,36.0560534,129.347844
11180789394,36.0560967,129.3478735
11180789393,36.056139,129.3479124
11180789392,36.0561238,129.3480022
11180789391,36.0560783,129.3480907
11180789390,36.0559493,129.3482235
11180842158,36.0452409,129.3427706
11180842225,36.0451302,129.3429622
11180842224,36.0449094,129.3431381
11180842223,36.0448442,129.3432712
11180842222,36.0448348,129.3433351
11180842221,36.0448179,129.3433746
11180842220,36.0447656,129.3434252
11180842219,36.0446727,129.343537
11180842218,36.044581,129.3436453
11180842217,36.0445493,129.3437015
11180842216,36.0445193,129.3437436
11180842215,36.0445002,129.3437844
11180842214,36.0444936,129.3438357
11180842213,36.0444793,129.343927
11180842212,36.0444707,129.3439903
11180842211,36.0444514,129.3440293
11180842210,36.0444317,129.3440554
11180842209,36.0443933,129.3440945
11180842208,36.0443239,129.3442067
11180842207,36.044282,129.3442479
11180842206,36.0439753,129.3445785
11180842205,36.0438881,129.3446846
11180842204,36.0436508,129.3449884
11180842203,36.0433815,129.3453195
11180842202,36.0432938,129.3454153
11180842201,36.0432109,129.3454949
11180842200,36.0431059,129.3455661
11180842199,36.0430847,129.3455874
11180842198,36.0430656,129.3456293
11180842197,36.0430579,129.3457188
11180842196,36.0430475,129.3457599
11180842195,36.0430239,129.3457972
11180842194,36.0429978,129.3458221
11180842193,36.0429586,129.3458479
11180842192,36.0428528,129.3459049
11180842191,36.0428262,129.3459233
11180842190,36.0427739,129.3459761
11180842189,36.0427094,129.3460551
11180842188,36.0426461,129.3461224
11180842187,36.0423994,129.34633
11180842186,36.0422828,129.3464469
11180842185,36.0419455,129.3468077
11180842184,36.0418307,129.3469405
11180842183,36.0415636,129.3472963
11180842182,36.0415385,129.3473356
11180842181,36.0415143,129.3473841
11180842180,36.0415012,129.3474212
11180842179,36.0414695,129.3475535
11180842178,36.0414547,129.3475974
11180842177,36.0414351,129.3476372
11180842176,36.0414164,129.3476649
11180842175,36.0413282,129.3477741
11180842174,36.0413117,129.3478003
11180842173,36.0412957,129.3478358
11180842172,36.0412865,129.3478698
11180842171,36.041271,129.3479712
11180842170,36.0412525,129.3480239
11180842169,36.0412182,129.348056
11180842168,36.041099,129.3480996
11180842167,36.0410274,129.3481324
11180842166,36.0409728,129.3481649
11180842165,36.0409513,129.3481851
11180842164,36.0409339,129.3482101
11180842163,36.040901,129.3482766
11180842162,36.0408765,129.3483115
11180842161,36.0408417,129.3483427
4641236524,36.0598479,129.35151
11696319916,36.0678736,129.3892573
11696319915,36.0680665,129.3892278
11696319914,36.0682161,129.3892412
11696319913,36.0684167,129.3892761
11696319912,36.0685923,129.3892989
11696319911,36.0686627,129.3892761
12293396456,36.0669739,129.3866927
11696319922,36.0670573,129.3867454
11696319921,36.0673413,129.3870163
9544711845,36.06739,129.3870488
11696319920,36.067454,129.3870914
11696319919,36.0675581,129.3871745
11696319938,36.0676135,129.3872735
11696319918,36.0677207,129.3873918
11696319917,36.0682194,129.3873475
11696384314,36.0685306,129.3863552
11696319956,36.0684756,129.3863718
11696319955,36.0683685,129.3864138
11696319954,36.0682548,129.3864719
11696319953,36.0681801,129.3865199
11696319952,36.0681509,129.386545
11696319951,36.0681089,129.3865993
11696319950,36.0680357,129.3867379
11696319949,36.0679989,129.386792
11696319948,36.067966,129.3868242
11696319947,36.0678778,129.3868934
11696319946,36.0678568,129.3869155
11696319945,36.0678363,129.3869473
11696319944,36.0678241,129.3869779
11696319943,36.067798,129.3870908
11696319942,36.0677846,129.3871271
11696319941,36.067741,129.3871981
11696319940,36.0677133,129.3872278
11696319939,36.0676727,129.387255
11696384313,36.0685221,129.3863212
11696384312,36.0685215,129.3862801
11696384311,36.0685276,129.3861884
11696384310,36.0685182,129.3861269
11696384309,36.0685054,129.3860868
11696384308,36.068441,129.3859298
11696384307,36.0683474,129.385657
11696384306,36.0682949,129.3854725
11696384305,36.0682683,129.3853215
11696384304,36.0682551,129.3852739
11696384303,36.0682332,129.3852213
11696384302,36.0681979,129.3851554
11696384301,36.0681526,129.3850969
11696384300,36.068116,129.385069
11696384299,36.0680751,129.3850584
11696384298,36.0679722,129.385069
11696384297,36.067887,129.3850704
11696384296,36.0678454,129.3850664
11696384295,36.067809,129.3850561
11696384294,36.0677378,129.3850193
11696384293,36.0675248,129.3848865
11696384292,36.0674735,129.3848639
11696384291,36.0674422,129.3848585
11696384290,36.067406,129.38486
11696384289,36.0672488,129.3848485
11696384288,36.0672181,129.3848484
11696384287,36.0671815,129.3848389
11696384286,36.067152,129.3848233
11696384285,36.0670608,129.3847762
11696384284,36.0670287,129.3847744
11696384283,36.0669879,129.3847617
11696319925,36.0668188,129.384723
11696384282,36.0666599,129.3847437
11696384281,36.0666159,129.3847502
11696384280,36.0665833,129.3847607
11696384279,36.0665044,129.3847728
11696384278,36.0664662,129.3847834
11696384277,36.0664149,129.3847899
11696384276,36.0663302,129.3847873
11696384275,36.0662477,129.3847598
11696384274,36.0662122,129.3847406
11696384273,36.0661795,129.3847126
11696384272,36.0661608,129.3846818
11696384271,36.0661445,129.3846048
11696384270,36.0661268,129.3845733
11696384269,36.0660614,129.3845276
11696319968,36.0660476,129.3844792
11696319967,36.0660493,129.3844156
11696319966,36.0660373,129.3843598
11696319965,36.0660243,129.3843264
11696319964,36.0660092,129.384297
11696319963,36.065999,129.3842267
11696319962,36.0659823,129.3841781
11696319959,36.0659759,129.3840794
11696384318,36.0686725,129.3864529
11696384317,36.0686375,129.3864432
11696384316,36.0685915,129.3864168
11696384315,36.0685558,129.386388
11696403230,36.0520824,129.3707648
11696387660,36.0521696,129.3707474
11696387659,36.0523388,129.3706481
11696387658,36.0524591,129.3705676
11696387657,36.0525329,129.3704496
11696387656,36.0525177,129.3703665
11696387655,36.0523605,129.3699923
11696387654,36.0522997,129.3697281
11696403178,36.0548986,129.36995
11696403248,36.0548955,129.369891
11696403307,36.0548838,129.3698305
11696403214,36.0548685,129.3697921
11696403227,36.054848,129.3697638
11696403287,36.0548204,129.3697492
11696403193,36.0547926,129.3697458
11696403255,36.0546604,129.3697678
11696403314,36.0544926,129.3697776
11696403221,36.0544584,129.3697739
11696403281,36.0544299,129.3697648
11696403188,36.0544055,129.3697494
11696403203,36.0543813,129.369725
11696403266,36.0542957,129.3695985
11696403173,36.0542534,129.3695542
11696403234,36.054172,129.3695041
11696403293,36.0541298,129.3694856
11696403199,36.0540527,129.3694654
11696403192,36.0558611,129.3683533
11696403215,36.0558921,129.3683491
11696403229,36.0559965,129.3682744
11696403289,36.0560298,129.3682557
11696403195,36.0560676,129.3682426
11696403257,36.0561108,129.3682327
11696403316,36.0563087,129.3682042
11696403223,36.0565007,129.3681473
11696403283,36.0565919,129.3681374
11696403189,36.0566865,129.3681403
11696403204,36.056719,129.3681457
11696403267,36.0567683,129.3681624
11696403174,36.0568125,129.3681835
11696403235,36.0569122,129.3682479
11696403294,36.0569739,129.368301
11696403200,36.0571439,129.3684773
11696403182,36.0520469,129.3707673
11696403245,36.0519675,129.3707472
11696403304,36.0519352,129.3707364
11696403210,36.0519031,129.3707195
11696403272,36.0518826,129.3706979
11696403263,36.0518614,129.3706667
11696403170,36.0518353,129.3705591
11696403231,36.0517548,129.3703453
11696403290,36.0517338,129.370308
11696403196,36.0517042,129.3702807
11696403259,36.0516669,129.3702934
11696403318,36.0516257,129.3703395
11696403225,36.0516063,129.3703698
11696403242,36.0515713,129.370448
11696403301,36.0515588,129.3704889
11696403207,36.0515512,129.3705257
11696403270,36.0515496,129.3705706
11696403177,36.0515654,129.3706104
11696403238,36.0515999,129.3706286
11696403297,36.0517307,129.3706506
11696403310,36.0547938,129.3700479
11696403217,36.0547296,129.370088
11696403278,36.0546698,129.3701218
11696403185,36.0545615,129.3702136
11696403249,36.0545078,129.3702615
11696403308,36.0544635,129.3702741
11696387668,36.0543782,129.3702681
11696403228,36.0543101,129.3702322
11696403288,36.0542013,129.3701967
11696403194,36.0540943,129.3701827
11696403256,36.0540513,129.3701792
11696403315,36.0540181,129.3702031
11696403222,36.0539833,129.3702134
11696403282,36.053947,129.370256
11696403180,36.053935,129.3702783
11696403241,36.0538437,129.3703736
11696403300,36.0538162,129.37041
11696403206,36.0537394,129.3705316
11696403269,36.0536956,129.3705807
11696403176,36.0536281,129.3706301
11696403237,36.053562,129.3706623
11696403296,36.0535257,129.3706709
11696403309,36.0534839,129.3706728
11696403216,36.0533412,129.3706317
11696403277,36.0531693,129.3706194
11696403184,36.0531351,129.3706228
11696403247,36.0530981,129.3706368
11696403306,36.0530636,129.3706623
11696403212,36.0530372,129.3706897
11696403274,36.0530015,129.3707367
11696403284,36.0529434,129.3708279
11696403190,36.0529236,129.370872
11696403252,36.0528857,129.3709945
11696403311,36.0528649,129.3710458
11696403218,36.0528441,129.3710746
11696403279,36.0528149,129.3710868
11696403186,36.0527727,129.3710777
11696403250,36.0526408,129.371003
11696403261,36.0522598,129.3708697
11696403169,36.0521993,129.3708443
11696403254,36.0558461,129.368411
11696403313,36.0558287,129.368467
11696403220,36.0557873,129.3685735
11696403239,36.0557306,129.3686748
11696403298,36.0556618,129.3687665
11696403202,36.0554188,129.369056
11696403265,36.0553969,129.3690873
11696403172,36.0553763,129.3691279
11696403233,36.0553648,129.3691613
11696403292,36.0553539,129.3692144
11696403198,36.0553608,129.3694235
11696403213,36.0553112,129.369616
11696403275,36.0553058,129.369643
11696403181,36.0552619,129.3697018
11696403244,36.0552226,129.3697538
11696403303,36.0551946,129.3697922
11696403209,36.0551369,129.3698459
11696403271,36.0550722,129.3698822
11696403224,36.0530604,129.3670779
11696403285,36.0532247,129.3669813
11696403299,36.053424,129.3668772
11696403205,36.0537732,129.3667418
11696403268,36.0538437,129.3667246
11696403175,36.053928,129.3666832
11696403236,36.0539711,129.3666231
11696403295,36.0540119,129.3665925
11696403201,36.0540719,129.366623
11696403262,36.0541491,129.3666818
11696403276,36.0542357,129.3667061
11696403183,36.0542951,129.3667407
11696403246,36.0543544,129.3667592
11696403305,36.0544858,129.3668282
11696403211,36.0546027,129.3668139
11696403273,36.0546545,129.366837
11696403179,36.0546778,129.3668572
11696403240,36.0546999,129.3668864
11696403286,36.0547756,129.3670363
11696403191,36.0547956,129.367067
11696403253,36.0548162,129.36709
11696403312,36.0548511,129.3671169
11696403219,36.0549312,129.3671569
11696403280,36.0553016,129.3673029
11696403187,36.0553592,129.3673322
11696403251,36.0554082,129.3673644
11696403264,36.0554693,129.3674152
11696403171,36.0555447,129.3674882
11696403232,36.0556149,129.3675662
11696403291,36.0556939,129.3676795
11696403197,36.0557758,129.3678071
11696403260,36.0558261,129.3679159
11696387667,36.0558632,129.3679838
11696403226,36.0558819,129.3680352
11696403243,36.0558898,129.3681092
11696403302,36.0558543,129.3682684
11696403208,36.0558497,129.3683201
11696433325,36.043615,129.3617527
11696433324,36.0436345,129.3617729
11696433323,36.0437028,129.3617931
11696433322,36.0437281,129.3618073
11696433321,36.0437524,129.3618331
11696433320,36.0438108,129.361942
11696433319,36.0438342,129.3619779
11696433318,36.0438849,129.3620205
11696433317,36.04394,129.3620502
11696433316,36.0440382,129.3620704
11696433315,36.044074,129.3620967
11696433314,36.0441094,129.3621563
11696433313,36.0441333,129.3622111
11696433312,36.0441458,129.3622485
11696433311,36.0441668,129.3623373
11696433310,36.0441805,129.3623738
11696433309,36.0442051,129.3624156
11696433308,36.044249,129.3624751
11696433307,36.0443092,129.3625425
11696433306,36.0443282,129.362583
11696433077,36.044355,129.3626518
11696433362,36.0412095,129.359795
11696433361,36.041221,129.3598418
11696433360,36.0412861,129.3599487
11696433359,36.0413979,129.3601568
11696433358,36.0415237,129.3603445
11696433357,36.0415596,129.3604329
11696433356,36.0415765,129.3604933
11696433355,36.0416002,129.3606281
11696433354,36.041607,129.36075
11696433353,36.0415856,129.3608542
11696433352,36.0415408,129.361012
11696433351,36.0415512,129.3611848
11696433350,36.0415594,129.3612415
11696433349,36.0415824,129.3612851
11696433348,36.0416611,129.3613742
11696433347,36.0416847,129.3613989
11696433346,36.0417744,129.3614719
11696433345,36.0417895,129.3615287
11696433344,36.0418218,129.3615889
11696433343,36.0418804,129.3616296
11696433342,36.0419042,129.361659
11696433341,36.0419328,129.3616809
11696433340,36.041958,129.3616919
11696433339,36.0420521,129.3617153
11696433338,36.0420874,129.3617281
11696433337,36.042147,129.3617611
11696433336,36.0424812,129.3619803
11696433335,36.0425456,129.3620131
11696433334,36.0425753,129.3620219
11696433333,36.0426091,129.3620252
11696433332,36.0426817,129.3620159
11696433331,36.0429544,129.3619588
11696433330,36.0431262,129.3619329
11696433329,36.0433029,129.3619133
11696433328,36.0433511,129.3619012
11696433327,36.0434503,129.3618669
11696433326,36.0435521,129.3617905
11696433101,36.0442561,129.3612732
11696433095,36.0442424,129.3612777
11696433094,36.0441917,129.3612816
11696433093,36.0441394,129.3612937
11696433092,36.0440878,129.3613135
11696433091,36.0440396,129.3613398
11696433090,36.0440068,129.3613639
11696433089,36.0439732,129.3613946
11696433088,36.0439009,129.3614784
11696433087,36.0438708,129.3615225
11696433086,36.0437424,129.3616961
11696433085,36.0437069,129.3617261
11696433084,36.043638,129.3617392
11696433113,36.0447731,129.3611174
11696433100,36.0445519,129.361168
11696433099,36.0443915,129.3611879
11696433098,36.0443522,129.3611995
11696433097,36.0443192,129.3612168
11696433096,36.0442834,129.3612445
11696433112,36.0447536,129.3611616
11696433111,36.0447285,129.3611959
11696433110,36.0446619,129.3612661
11696433109,36.0446286,129.3613124
11696433108,36.0445872,129.3613989
11696433107,36.044567,129.3614192
11696433106,36.044533,129.3614173
11696433105,36.0444938,129.3613937
11696433104,36.0444201,129.3613333
11696433103,36.0443916,129.361316
11696433102,36.0443288,129.3612919
11696433226,36.0457015,129.3611421
11696433124,36.0456461,129.3611149
11696433123,36.045506,129.3610673
11696433122,36.0454378,129.3610252
11696433121,36.0453619,129.3609637
11696433120,36.0452907,129.3608804
11696433119,36.0452662,129.3608602
11696433118,36.0452307,129.3608453
11696433117,36.0451637,129.3608401
11696433116,36.0451154,129.3608489
11696433115,36.0450771,129.3608492
11696433114,36.0449788,129.3609062
11696433082,36.0448755,129.3609935
11696433166,36.0437971,129.359329
11696433165,36.0438367,129.3593726
11696433164,36.043878,129.3594108
11696433163,36.0439209,129.3594434
11696433162,36.0439904,129.3594822
11696433161,36.0440462,129.3594996
11696433160,36.044144,129.3595122
11696433159,36.044348,129.3595173
11696433158,36.0444887,129.3595109
11696433157,36.0445321,129.3595062
11696433156,36.0446372,129.3594852
11696433155,36.0446839,129.3594794
11696433154,36.0447201,129.3594804
11696433153,36.0447616,129.3594906
11696433152,36.0448088,129.3595172
11696433151,36.0448455,129.3595467
11696433150,36.0448782,129.3595805
11696433149,36.0449048,129.3596164
11696433148,36.0449215,129.3596487
11696433147,36.0449354,129.359689
11696433146,36.0449708,129.3598478
11696433145,36.0450315,129.3600916
11696433144,36.0450889,129.3602617
11696433143,36.0451092,129.3603404
11696433142,36.0451131,129.3603768
11696433141,36.0451141,129.3604752
11696433140,36.0451194,129.3605262
11696433139,36.0451341,129.3605668
11696433138,36.0451605,129.36059
11696433137,36.045248,129.3606184
11696433136,36.0452778,129.3606324
11696433135,36.0453323,129.3606743
11696433134,36.0453898,129.3607329
11696433133,36.0454533,129.3608316
11696433132,36.0454732,129.3608553
11696433131,36.0455113,129.3608771
11696433130,36.04564,129.3608906
11696433129,36.045672,129.3609089
11696433128,36.0456989,129.3609507
11696433127,36.045716,129.3609997
11696433126,36.0457213,129.3610438
11696433125,36.0457192,129.3610769
11696433225,36.0459118,129.3594837
11696433224,36.0460285,129.3595572
11696433223,36.0460432,129.3595762
11696433222,36.0460751,129.3595995
11696433221,36.0461107,129.3596368
11696433220,36.046131,129.3596704
11696433219,36.0462194,129.3597317
11696433218,36.0462391,129.3597702
11696433217,36.0462623,129.3598033
11696433216,36.0463758,129.3599274
11696433215,36.0464799,129.3600561
11696433214,36.046514,129.3600892
11696433213,36.0466121,129.3601675
11696433212,36.0466536,129.3601923
11696433211,36.0466949,129.3601886
11696433210,36.0467242,129.3601437
11696433209,36.0467375,129.3601033
11696433208,36.046743,129.3600522
11696433207,36.0467291,129.3599965
11696433206,36.0466663,129.3599605
11696433205,36.0466017,129.3598143
11696433204,36.0465797,129.3597532
11696433203,36.0465548,129.3596634
11696433202,36.0465484,129.3596176
11696433201,36.046553,129.3595196
11696433200,36.0465653,129.3594906
11696433199,36.0465959,129.3595518
11696433198,36.0466235,129.3595885
11696433197,36.0467128,129.3596455
11696433196,36.0467573,129.3596929
11696433195,36.0467965,129.3597473
11696433194,36.0468126,129.359779
11696433193,36.0468427,129.3598556
11696433192,36.0468592,129.3598856
11696433191,36.0468949,129.3599381
11696433190,36.0469325,129.3599549
11696433189,36.046958,129.3599192
11696433188,36.0469723,129.3598774
11696433187,36.0469721,129.3598347
11696433186,36.0469461,129.3597289
11696433185,36.0469457,129.35968
11696433184,36.0469753,129.3596595
11696433183,36.0470099,129.3596606
11696433182,36.0470412,129.3596821
11696433181,36.047061,129.3597173
11696433180,36.0470916,129.359793
11696433179,36.0471704,129.3599445
11696433178,36.0473502,129.3602073
11696433177,36.0473762,129.3602544
11696433176,36.047376,129.3602973
11696433175,36.0472061,129.3603858
11696433174,36.0471751,129.3604054
11696433173,36.0471261,129.3604472
11696433172,36.0469092,129.360675
11696433171,36.046859,129.360759
11696433170,36.0468098,129.3608581
11696433169,36.046785,129.3609262
11696433168,36.0467384,129.3610988
11696433167,36.0467217,129.3611418
11696433245,36.0467028,129.3611775
11696433244,36.0466784,129.3612144
11696433243,36.0466292,129.3612751
11696433242,36.0465645,129.3613057
11696433241,36.0465187,129.3613308
11696433240,36.0464687,129.3613503
11696433239,36.0464166,129.3613633
11696433238,36.0463546,129.3613672
11696433237,36.0462555,129.3613584
11696433236,36.0461245,129.3613323
11696433235,36.0460865,129.3613286
11696433234,36.0460477,129.3613319
11696433233,36.0459793,129.3613499
11696433232,36.0459517,129.3613502
11696433231,36.0459174,129.3613393
11696433230,36.0458391,129.3612644
11696433229,36.0457813,129.3612085
11696433228,36.0457584,129.3611813
11696433227,36.0457315,129.3611596
11696433305,36.0456159,129.3632522
11696433304,36.0456982,129.3633249
11696433303,36.0457744,129.363365
11696433302,36.0458232,129.3633684
11696433301,36.0458566,129.3633551
11696433300,36.045932,129.3633148
11696433299,36.0459697,129.3633081
11696433298,36.0459993,129.3633115
11696433297,36.046101,129.3633369
11696433296,36.0461836,129.3633463
11696433295,36.0462341,129.3633481
11696433294,36.0462892,129.3633406
11696433293,36.0463342,129.3633203
11696433292,36.0463958,129.3632632
11696433291,36.0464277,129.3632438
11696433290,36.0464624,129.3632413
11696433289,36.0464918,129.3632475
11696433288,36.0465207,129.3632594
11696433287,36.0465536,129.3632852
11696433286,36.0466004,129.3633633
11696433285,36.0466305,129.3633742
11696433284,36.0466568,129.3633699
11696433283,36.0466838,129.3633585
11696433282,36.0467125,129.3633316
11696433281,36.0467371,129.3632561
11696433280,36.0467545,129.3632235
11696433279,36.0467779,129.3631977
11696433278,36.0468931,129.3631077
11696433277,36.0469395,129.3630626
11696433276,36.0469648,129.3630248
11696433275,36.0469761,129.3629887
11696433274,36.0469756,129.3629441
11696433273,36.0469937,129.3628322
11696433272,36.0469891,129.3627041
11696433271,36.0470028,129.3625707
11696433270,36.0470187,129.3625331
11696433269,36.0470372,129.3625074
11696433268,36.0470858,129.3624586
11696433267,36.0471058,129.3624245
11696433266,36.0471161,129.3623838
11696433265,36.0471215,129.3622585
11696433264,36.0471279,129.3622193
11696433263,36.047142,129.3621805
11696433262,36.0471728,129.3621208
11696433261,36.0471867,129.3620769
11696433260,36.0471948,129.3620297
11696433259,36.0471998,129.3619495
11696433258,36.0471977,129.3619162
11696433257,36.0471885,129.3618743
11696433256,36.0471715,129.3618351
11696433255,36.0471169,129.3617283
11696433254,36.047066,129.3616223
11696433253,36.0470212,129.3615704
11696433252,36.0469464,129.3615112
11696433251,36.0469089,129.3614557
11696433250,36.0468801,129.3613816
11696433249,36.0468305,129.3613255
11696433248,36.0467992,129.3612557
11696433247,36.0467728,129.3612103
11696433246,36.0467358,129.3611871
11696428026,36.0226962,129.3441224
11696427995,36.0227959,129.3439803
11696427994,36.022848,129.3439561
11696427993,36.0229955,129.3437576
11696427992,36.0230563,129.3436825
11696427991,36.0232038,129.3435994
11696427990,36.0232515,129.3435538
11696427989,36.0232515,129.3434867
11696427988,36.0231821,129.3433741
11696428034,36.0233882,129.3455547
11696428033,36.023258,129.3454099
11696428032,36.0230454,129.3450558
11696428031,36.0229673,129.344911
11696428030,36.0227808,129.3447608
11696428029,36.0227374,129.3446857
11696428028,36.0227113,129.344337
11696428027,36.0227352,129.344168
11696428025,36.0225421,129.3439963
11696428024,36.0224337,129.3439239
11696428023,36.0223209,129.343822
11696428022,36.0222623,129.3437764
11696428021,36.0222146,129.3436664
11696428020,36.0220475,129.3435135
11696428019,36.022028,129.3434545
11696428018,36.0219651,129.3432534
11696428017,36.0219499,129.3431354
11696428016,36.0219868,129.3428215
11696428015,36.0219608,129.3426686
11964193013,36.0499632,129.3599446
11964192971,36.049812,129.3598629
11964192972,36.049657,129.359884
11964193011,36.049395,129.360593
11964192973,36.0491849,129.3611616
11964192974,36.0490487,129.3623578
13947240098,36.0490502,129.3622327
11964192975,36.0490648,129.3621207
11964192976,36.0491534,129.3616589
11964192977,36.049182,129.3615828
11964192979,36.0491908,129.3613846
11964192978,36.0491978,129.3612253
11964192980,36.0493852,129.3614731
11964192981,36.0491348,129.3611368
11964192994,36.0490469,129.361124
11964192982,36.0490261,129.3611209
11964192983,36.0489731,129.3611775
11964192984,36.048946,129.3615138
11964192985,36.0489331,129.3611227
11964192986,36.0488873,129.3609882
11964192987,36.0488859,129.3609404
11964192988,36.0488344,129.3608095
11964192989,36.0488372,129.3607741
11964192990,36.0486469,129.3607564
11964192991,36.0486112,129.361036
11964192992,36.0486069,129.3611899
11964192993,36.0486598,129.361312
11964192999,36.0493902,129.3601939
11964192995,36.0495254,129.3598273
11964192997,36.0494129,129.3597641
11964193000,36.0491552,129.3596192
11964192996,36.049132,129.3596061
11964192998,36.0492994,129.3600892
11964193001,36.0490704,129.3598079
11964193002,36.0487685,129.3596504
11964193003,36.048707,129.3598114
11964193004,36.0490103,129.3599884
11964193005,36.0491806,129.3595088
11964193006,36.0491148,129.3593513
11964193012,36.0496618,129.3607357
11964181497,36.0569567,129.3562187
11999298999,35.7292475,129.4793554
11999299005,35.7290799,129.4788524
11999299004,35.7294718,129.4789007
11999298998,35.7294674,129.4793808
11999302235,35.7295458,129.477742
11999299013,35.7296199,129.4778278
11999299012,35.7296449,129.4779499
11999299011,35.7296351,129.478076
11999299010,35.7295937,129.4782007
11999299009,35.7295251,129.4783106
11999299008,35.7294424,129.4784045
11999299007,35.7291169,129.4786862
11999299006,35.7290973,129.4787344
11999298187,35.7290984,129.4856331
11999298186,35.7290712,129.4857377
11999298185,35.7295349,129.4859228
11999300166,35.7292754,129.4848694
11999300165,35.729118,129.4846514
11999300172,35.7291212,129.4851959
11999300169,35.729437,129.485334
11999300168,35.7293891,129.4851409
11999300171,35.7291833,129.4849692
11999300196,35.7293283,129.484812
13807577496,35.7294894,129.4851649
13807577495,35.7295359,129.4852342
11999300197,35.7295823,129.4852875
11999300198,35.7296285,129.4853327
11999300199,35.7296865,129.4853781
11999300200,35.729731,129.4854053
11999300201,35.7297726,129.4854204
11999300202,35.7298341,129.4854397
11999302308,35.7297767,129.474805
11999302249,35.7298996,129.4750732
11999302248,35.7299018,129.475265
11999302247,35.7298888,129.4754004
11999302246,35.7298605,129.4755399
11999302245,35.7297995,129.4756727
11999302244,35.7297069,129.475788
11999302243,35.7295709,129.475961
11999302242,35.7294729,129.4761381
11999302241,35.7294293,129.4762869
11999302240,35.7294043,129.4764975
11999302239,35.7294326,129.4767657
11999302238,35.7294642,129.4770272
11999302237,35.7295524,129.4775194
11999302236,35.7295567,129.4776535
11999302234,35.7294849,129.4779284
11999302233,35.7294054,129.4780679
11999302232,35.7293063,129.4781779
11999302231,35.729155,129.4782878
11999302269,35.7312457,129.4851248
11999302268,35.7309818,129.4844154
11999302267,35.7306944,129.4835235
11999302266,35.7306584,129.4833747
11999302265,35.7306541,129.4832392
11999302264,35.7306138,129.4830059
11999302263,35.7305224,129.4828074
11999302262,35.730383,129.482629
11999302261,35.7302796,129.4825123
11999302260,35.7301936,129.4823889
11999302259,35.7301707,129.4822535
11999302258,35.7301936,129.481772
11999302257,35.7301751,129.481658
11999302256,35.7299704,129.4809151
11999302255,35.7300009,129.4808078
11999302254,35.7302426,129.4803894
11999302281,35.7326507,129.4836617
11999302275,35.7330877,129.4836533
11999302280,35.7326659,129.4838642
11999302276,35.7331035,129.4838478
11999302282,35.7325995,129.4834618
11999302279,35.7326768,129.4840935
11999302278,35.733121,129.4840626
11999302277,35.7330687,129.4834203
1886344554,35.7319803,129.4825694
11999302290,35.7320889,129.4825754
11999302289,35.7321412,129.4826089
11999302288,35.7321684,129.4826585
11999302287,35.7321771,129.4827135
11999302286,35.7322174,129.483026
11999302285,35.7322544,129.4831386
11999302284,35.7323328,129.4832459
11999302283,35.7324722,129.4833706
11999302291,35.7317591,129.4825928
9211989893,36.0531629,129.3636829
9211989894,36.0533468,129.363846
12045041225,36.0535448,129.3639866
436725639,36.0518918,129.3599944
9310065469,36.0508205,129.3589555
436725638,36.0507147,129.3588696
4525714792,36.0506237,129.3587945
4525714790,36.0505518,129.3611796
4525714791,36.0505578,129.3598113
12106269847,36.0505623,129.3595849
12106269850,36.0510527,129.3593519
4738684349,36.051666,129.3598995
4738684347,36.0518805,129.3600868
4736459448,36.0521794,129.360277
9307356742,36.052313,129.3603492
12949898104,36.0523659,129.3603793
4740288254,36.0524469,129.3604255
4740288257,36.052534,129.3604707
4738817587,36.050604,129.3589575
4740288262,36.050943,129.362018
13947240092,36.0511201,129.3619671
13947240091,36.0512122,129.3619202
4740288261,36.0512998,129.3618616
13947240078,36.0514909,129.3617097
8795770879,36.0516937,129.3615199
4740288259,36.0519192,129.3612829
12949898107,36.0523702,129.3605312
4636875461,36.0519989,129.361036
9198974093,36.0517967,129.3612826
4736456627,36.0515892,129.3614887
13947240079,36.0514313,129.3616319
436561630,36.0512473,129.3617796
13947240093,36.0511136,129.3618599
9310065473,36.0507174,129.3619718
436561625,36.0506186,129.361991
436913264,36.0410692,129.3641814
9310065420,36.0411491,129.3642333
2918326170,36.0411252,129.3637635
4740205218,36.0411876,129.3626024
4632583637,36.0412491,129.3623764
4740205175,36.0403427,129.3691471
9310043683,36.0402634,129.3697997
4740205157,36.0407427,129.3663691
9310065421,36.041029,129.3644343
4740327355,36.0602791,129.3790439
4740327354,36.0604023,129.379124
4740327353,36.0605043,129.379197
4740327352,36.0605983,129.3792717
4740327351,36.0606983,129.37936
12296984085,36.0609423,129.3796061
4740327350,36.0610726,129.3797442
4740288301,36.0526347,129.3605468
9307356743,36.052375,129.360675
12949898108,36.0524363,129.360594
9271029061,36.0357754,129.3615816
9310043712,36.0368312,129.362126
9310043713,36.0370232,129.3622282
436913291,36.0384508,129.362931
9310043714,36.0385477,129.3629882
9222523486,36.0328266,129.3658635
13952032116,36.0325869,129.365816
9310065470,36.0506009,129.3618618
12855618620,36.0489379,129.3676145
4740288277,36.0460274,129.3646653
13947279410,36.0465517,129.3644987
1645075241,36.0468509,129.3644011
4740299279,36.0467786,129.364348
13989497054,36.0214799,129.3636275
13989497053,36.0217355,129.3640126
13989497057,36.0222555,129.3670458
13989497056,36.0222576,129.3670577
9310043663,36.0224912,129.368402
13989497052,36.022505,129.3684669
436561592,36.0224904,129.3686041
1645075242,36.0469932,129.3645021
13947279407,36.0471774,129.3646353
1645075244,36.0472915,129.3647167
1645075245,36.0474658,129.3648642
13937823877,36.0476201,129.3650648
9310065476,36.0476702,129.3641684
13937823864,36.0477383,129.3641515
13947279404,36.0477967,129.3641371
6086993140,36.0478364,129.3641178
13947279403,36.0478786,129.3640935
13943208432,36.0479062,129.3640646
13929640557,36.0478321,129.364038
13947279405,36.0478027,129.3640653
13929640558,36.0477611,129.3640903
13937823865,36.0477333,129.3640955
13929640560,36.0474627,129.3641625
12112482713,36.0434238,129.3652884
12104202413,36.0432113,129.3655936
12104202414,36.0431964,129.3655082
12112444599,36.0430484,129.3654268
12104202415,36.0429808,129.3653914
12112482714,36.0434366,129.3655033
12949898103,36.0524338,129.3602606
4736459453,36.0528537,129.3598505
9307356741,36.0526061,129.3601824
12949883793,36.052596,129.3602025
8795938932,36.0529704,129.3596908
436725642,36.0536675,129.3587036
8795938931,36.0530171,129.3596359
12949883787,36.0542333,129.3582375
4740288722,36.055157,129.3570639
4740288721,36.0561947,129.3561007
9306379023,36.0563881,129.3559489
12949883794,36.0526873,129.3602722
4740288726,36.0527908,129.3601704
4740288725,36.053125,129.359692
4740288724,36.0537636,129.3588239
14109094988,36.0645467,129.3720865
14109140901,36.0645535,129.3720185
9310479891,36.064573,129.3718237
6271705615,36.0645788,129.3717655
13441908795,36.0617846,129.3707835
4738684386,36.0621595,129.3708732
4738684388,36.063096,129.3711078
9310479892,36.064426,129.3714563
436911693,36.0439341,129.3681396
4740700160,36.0436346,129.3679661
4738684356,36.0471489,129.3581587
4738684355,36.0480511,129.3580782
4738684354,36.0488139,129.3581853
4738684353,36.049175,129.3582862
4738817585,36.0498516,129.3585732
4658585424,36.0502919,129.3585867
436725637,36.049767,129.3583023
4738817584,36.049381,129.3581467
436725636,36.0488475,129.3579939
436725635,36.048056,129.3579402
436725634,36.0472211,129.3579965
4738282801,36.0470108,129.3500564
9201416710,36.0472545,129.3503133
4634172549,36.0478987,129.3509196
4631063422,36.038775,129.3563512
9331381891,36.0388036,129.3563373
4631063418,36.0389911,129.3562463
4631063417,36.0391724,129.3561793
4631063416,36.039318,129.3561277
4631063415,36.0394252,129.356036
4631063414,36.0395333,129.355908
4631063413,36.0396386,129.3556002
4631063411,36.0397621,129.355149
4631063410,36.0398274,129.355002
4631063409,36.0399748,129.3548059
4631063408,36.0401632,129.3545837
4631063407,36.0402991,129.3542702
4631063406,36.0406824,129.3533513
4631063405,36.0409023,129.3528951
4634327348,36.0409317,129.3526676
4631063404,36.0409476,129.3525035
4634327346,36.0410524,129.3521827
9331381897,36.0409684,129.350545
9331381894,36.0422483,129.34867
436581045,36.0422747,129.3486279
436581046,36.042346,129.3484979
9331381898,36.0423589,129.3484427
436581047,36.0425049,129.3478194
436581048,36.0426146,129.3474164
9201416709,36.0427708,129.3470629
436581049,36.0428701,129.3468398
436581050,36.0431437,129.346232
436581051,36.04335,129.34585
436581052,36.04364,129.34546
436581053,36.04399,129.34502
436581054,36.04422,129.34474
9201416703,36.0386394,129.3590278
436581030,36.0382012,129.3583875
9311952569,36.0381417,129.358234
436581031,36.0381059,129.3581416
5533858104,36.0226834,129.3508596
4736469793,36.0227788,129.3511528
12856171033,36.0229486,129.3512893
4057921136,36.0239973,129.3521015
9271029021,36.0241741,129.3522216
4738419676,36.0240514,129.3519316
4738419677,36.0234917,129.3515125
9271029019,36.0230544,129.351161
12856171032,36.0230267,129.3511387
9310043661,36.0222555,129.368837
3956007583,36.0290451,129.3718616
13989496974,36.0288754,129.3718892
9463031372,36.0287632,129.3719074
13989497026,36.0278676,129.3721407
13989497029,36.0268077,129.3724285
13989497032,36.0257307,129.372703
13989497035,36.0246828,129.3730017
3659520011,36.0233292,129.3733453
13989496977,36.0291017,129.3720778
9463031375,36.0291116,129.3721442
4736692042,36.0294212,129.3743062
4736692043,36.0294331,129.3743814
13989496991,36.0294571,129.374601
9463031378,36.0294624,129.3746493
12310457840,36.0398493,129.37408
12438050028,36.0401099,129.3740224
4677735371,36.0402367,129.3739944
12438050023,36.0410043,129.373836
12438050018,36.0411534,129.3738024
12310457814,36.0399071,129.3726367
12313953888,36.0398883,129.3727909
12313953891,36.0398478,129.3731301
4740205169,36.0397655,129.3737711
6647011997,36.0397535,129.3738677
12310457821,36.0397471,129.373947
12310457822,36.0397489,129.3740236
12310457842,36.0400811,129.3765499
12438025298,36.040152,129.3764845
12310457844,36.0400926,129.3775018
3956007608,36.0345708,129.3805325
9222523490,36.0328055,129.3663071
4738419678,36.0228329,129.3509829
4738419679,36.0220866,129.3503673
4738419670,36.0216567,129.3500225
13947240088,36.0506376,129.3594901
12106269848,36.0507168,129.3594184
12106269849,36.0508112,129.359388
13947240087,36.0509292,129.3593614
4658585755,36.0339422,129.3656449
4736970029,36.0332327,129.3658564
12118413293,36.0434229,129.365337
12183540719,36.0434221,129.3653778
9310043677,36.0333188,129.3707768
13952032103,36.0329412,129.3708714
13952030393,36.0328944,129.3708831
13989496931,36.0325283,129.3709697
5533769643,36.0318659,129.3711376
13989496965,36.0316203,129.3712065
9463031374,36.029321,129.3718014
13989496968,36.0292572,129.3718154
9310043715,36.0387125,129.3628775
9310043716,36.0388597,129.3631714
436913273,36.040493,129.3638841
9310065418,36.0408499,129.36405
9271029069,36.0406801,129.3663099
4740205179,36.0406699,129.3664417
4740205189,36.0412397,129.3622815
4740205186,36.0411336,129.3626637
4740205184,36.0410355,129.3637598
9310065419,36.0410157,129.3639491
4740205158,36.040504,129.3665986
12304715961,36.0526004,129.3737908
4740525303,36.0526793,129.3739479
4740525302,36.0527648,129.374132
6200369593,36.0293158,129.3743792
9463031376,36.0292365,129.3744344
4677614544,36.028469,129.3749689
4677614542,36.0276036,129.3755628
12438049953,36.0268288,129.3760875
4677674347,36.0261629,129.3765392
12381266322,36.0249334,129.3773692
12313959015,36.0397826,129.3723132
3956007616,36.0389766,129.3721705
12315455213,36.0388435,129.372147
12315455214,36.038726,129.3721237
12315455215,36.0386352,129.3721003
12315455282,36.0384404,129.3720345
3956007614,36.0383497,129.3719937
12315455283,36.0382387,129.3719374
12315455284,36.0381039,129.371861
12315455285,36.0379888,129.3717844
12315455294,36.0377274,129.3715907
3956007612,36.036878,129.370945
3956007611,36.0368117,129.3708953
12327752195,36.0367431,129.3708606
12327752196,36.0366677,129.3708338
12327752197,36.0365985,129.3708231
12327752193,36.0365271,129.3708258
12358246778,36.0347086,129.3710937
12358246779,36.0345758,129.3711169
12358246780,36.0344608,129.3711427
12358246786,36.0342253,129.3712187
12358246787,36.034062,129.3712845
12358246788,36.0339031,129.3713634
9310043678,36.0337228,129.3706712
1831659724,36.0344897,129.3704768
1831659753,36.0353127,129.3700633
1831659754,36.0357813,129.3698382
1831659755,36.0360941,129.3696643
1831659741,36.0363575,129.3695461
1831659723,36.0392785,129.3698739
4736648514,36.0513821,129.3727868
4736648513,36.0513221,129.3726906
4736648512,36.0512551,129.3726014
12308827465,36.0511873,129.3725256
12308827473,36.0511209,129.3724622
12308827474,36.0510465,129.372409
12308827475,36.0509767,129.3723637
12308827492,36.0509079,129.372332
3956007610,36.0346983,129.380452
12318709160,36.0356404,129.379856
12318706873,36.0363523,129.3794056
12318706872,36.0365279,129.3793025
12318709159,36.0366184,129.379253
4677674444,36.0366887,129.3792146
4677674446,36.036819,129.3791458
4677674452,36.0369771,129.3790686
12956649970,36.0383189,129.3784623
12318709149,36.038768,129.3782593
12956649973,36.0399986,129.3777033
12318706867,36.040046,129.3776819
12358246790,36.0336878,129.3714748
12358246791,36.0334908,129.3715884
12358246792,36.0332863,129.3717195
9463031379,36.0296482,129.374154
13989496994,36.0296372,129.3741601
4663562472,36.0295316,129.374219
9463031377,36.0294011,129.3740576
13989496986,36.0294056,129.374113
436912360,36.029051,129.3558573
436912363,36.0294695,129.3563621
9271029034,36.0298557,129.3568166
9271029035,36.0300616,129.3570211
436912376,36.0307816,129.3578571
436912381,36.0311085,129.3580526
9271029036,36.0314396,129.3583134
9307356736,36.0448137,129.3437729
9307356737,36.04502,129.343766
4634163400,36.048434,129.3517537
5833894201,36.0484968,129.3520836
9311952566,36.0504442,129.3588403
9310065467,36.0505765,129.359287
9307356739,36.0447938,129.3440604
436581055,36.0448169,129.3440347
4738684378,36.0581716,129.3696593
8795932051,36.0585687,129.3698937
4738684380,36.0588498,129.3700196
4738791228,36.0591393,129.3701117
4738684381,36.0594609,129.3701976
5684343426,36.0600812,129.3702282
1645075284,36.059597,129.3701072
1645075283,36.0591648,129.3700079
13441908793,36.0589752,129.3699467
4738791227,36.0588058,129.3698761
1645075282,36.058571,129.3697601
9307356747,36.0584309,129.3696693
4655116062,36.0582613,129.3695449
9222523487,36.0328813,129.3659771
12146247479,36.0328918,129.3658523
4740710064,36.0325001,129.3661458
12183499209,36.0325879,129.3661025
12202900710,35.7474672,129.4753121
13802091092,35.7474456,129.4752918
12202900709,35.746684,129.4745772
12202900708,35.7464057,129.4743113
12202900750,35.7596553,129.4632903
12202900749,35.7600558,129.4634083
13807521035,35.7551021,129.4651505
12202900790,35.7556389,129.4659369
12202900791,35.755602,129.4659772
12202900792,35.7555769,129.4660067
13807520722,35.7555516,129.4660432
13807520723,35.755515,129.4661011
13807520724,35.7554951,129.4661394
13807520725,35.7554819,129.4661739
13807520726,35.7554731,129.466212
12202900793,35.755467,129.4662548
13807520727,35.755464,129.4662967
12202900794,35.7554615,129.4663345
13807520728,35.7554526,129.4663688
13807520729,35.7554361,129.466408
13807520730,35.7554126,129.4664511
13807520731,35.755353,129.4665451
12202900795,35.7553032,129.4666142
13807520732,35.7552466,129.4666853
13807520733,35.755159,129.4667782
12202900796,35.755116,129.4668294
13807520734,35.7550861,129.4668683
13807520735,35.7550602,129.4669126
12202900797,35.7550317,129.4669676
13807520736,35.7549748,129.4670823
12202900798,35.7549495,129.4671259
13807520737,35.7549244,129.4671614
13807520738,35.7548978,129.4671946
13807520740,35.7548642,129.4672267
13807520739,35.7548175,129.4672655
13807520741,35.7547888,129.4672922
13807520742,35.7547663,129.467319
13807520743,35.7547431,129.4673552
12202900799,35.7547182,129.4674028
13807520744,35.7546461,129.4675654
12202900800,35.7545208,129.4678816
12202900801,35.7544939,129.4679568
13807520763,35.7544672,129.4680362
12202900802,35.7544517,129.4680756
12202900803,35.7544321,129.4681077
12202900804,35.754408,129.4681409
12202900805,35.7542914,129.4682684
13807520764,35.7542549,129.4683079
13807520765,35.7542261,129.4683446
12202900806,35.7541541,129.4684522
13807520770,35.7540991,129.4685353
13807520771,35.7540691,129.4685884
13807520772,35.7540266,129.4686711
13807520773,35.7540059,129.4687225
13807520774,35.7539862,129.468776
13807520775,35.7539758,129.468825
13807520776,35.7539611,129.4689158
13807520777,35.753952,129.4689619
13807520778,35.7539386,129.4690089
13807520779,35.7539207,129.4690578
13807520780,35.7538599,129.4691901
13807520781,35.7538338,129.4692485
13807520782,35.753812,129.4693101
12202900807,35.7537071,129.4696497
12202900808,35.7536831,129.4697693
12202900809,35.7536711,129.4698222
13807520789,35.753656,129.4698669
13807520790,35.7536372,129.4699162
13807520791,35.7536259,129.4699516
13807520792,35.753619,129.4699886
13807520793,35.7536156,129.4700332
13807520794,35.7536204,129.470071
12202900811,35.7536477,129.4701924
12202900812,35.753659,129.4702585
12202900813,35.7536646,129.4703146
12202900814,35.7536648,129.4703672
12202900816,35.75366,129.4704075
13807520795,35.7536494,129.4704572
13807520796,35.7536319,129.4705142
13807520797,35.7536075,129.4705797
13807520798,35.7535825,129.4706367
13807520799,35.7535512,129.470686
13807520800,35.7535156,129.4707306
13807520801,35.7534762,129.4707753
13807520802,35.7533812,129.4708785
13807520803,35.7533431,129.4709139
13807520804,35.7533056,129.4709486
13807520805,35.7533253,129.4709967
13807520806,35.7533384,129.4710429
13807520807,35.7533659,129.4711623
13807520808,35.7533728,129.4712301
13807520809,35.7533997,129.4714018
13807520810,35.7534028,129.4714319
13807520811,35.7533984,129.4714557
13807520812,35.7533878,129.4714789
13807520813,35.7533709,129.4715012
13807520814,35.7533491,129.4715151
13807520815,35.7533172,129.4715212
13807520816,35.7532953,129.4715281
13807520817,35.7532778,129.4715405
13807520820,35.7531221,129.4717138
13807520821,35.7531028,129.4717415
13807520822,35.7530946,129.4717585
13807520823,35.7530903,129.4717839
13807520824,35.7530903,129.4718016
13807520825,35.7530971,129.4718224
13807520826,35.7531678,129.4719156
13807520827,35.7531165,129.4719811
13807520828,35.7531003,129.4719949
13807520829,35.7530784,129.4719988
13807520830,35.7530565,129.4720057
13807520831,35.7530365,129.4720157
13807520832,35.7530159,129.4720334
13807520833,35.7529659,129.472085
13807520834,35.7529409,129.4721066
13807520835,35.7529096,129.4721236
13807520836,35.7528483,129.4721613
13807520837,35.752819,129.4721867
13807520838,35.7527877,129.4722175
13807520839,35.7527646,129.472246
13807520840,35.7527383,129.4722784
13807520841,35.7527121,129.4723053
13807520842,35.7526821,129.4723292
13807520843,35.7526289,129.4723554
13807520844,35.7525996,129.4723731
13807520845,35.7525708,129.4723947
13807520846,35.752537,129.4724163
13807520847,35.752512,129.4724286
13807520848,35.7524833,129.4724347
13807520849,35.7524539,129.4724355
13807520850,35.7524252,129.4724309
13807520851,35.7523483,129.4724062
12202900822,35.7458385,129.4758886
12202900820,35.7486084,129.4715198
12202900819,35.7503468,129.4688223
12202900818,35.7503892,129.4688049
13807521023,35.7511079,129.4694932
12202900926,35.7519835,129.4894374
12202900925,35.7519565,129.4894016
12202900924,35.7518183,129.4893305
12202900923,35.7516474,129.4893077
12202900922,35.751532,129.4892648
12202900921,35.7514199,129.489191
12202900920,35.7513459,129.489124
12202900919,35.7512741,129.4890824
12202900918,35.7512077,129.4890046
12202900917,35.7511631,129.4888718
12202900916,35.7511522,129.4887485
12202900915,35.7511881,129.4886278
12202900914,35.7511903,129.4885258
12202900913,35.7511315,129.4884641
12202900912,35.7509977,129.4884695
12202900911,35.7508725,129.4884172
12202900910,35.7508387,129.4883636
12202900909,35.7508877,129.4882911
12202900908,35.7509302,129.4882576
12202900907,35.7510227,129.4881879
12202900906,35.7510673,129.4881329
12202900905,35.751113,129.4880685
12202900904,35.7513731,129.487862
12202900903,35.7514025,129.4878204
12202900902,35.7514254,129.4876863
12202900901,35.7514199,129.4875281
12202900900,35.7513982,129.487465
12202900899,35.7513503,129.4873524
12202900898,35.7513492,129.4872947
12202900897,35.7513677,129.4872317
12202900896,35.7514167,129.4870734
12202900895,35.7514341,129.4869232
12202900894,35.7514167,129.4865142
12202900893,35.7514156,129.4861051
12202900892,35.7514493,129.4859898
12202900891,35.7514352,129.4859201
12202900890,35.751384,129.4858222
12202900889,35.7513503,129.4857994
12202900888,35.7512567,129.4857712
12202900887,35.7512251,129.485743
12202900886,35.7511729,129.4856398
12202900885,35.7511696,129.4855043
12202900884,35.7511772,129.485267
12202900883,35.751199,129.4851033
12202900882,35.7513002,129.4847265
12202900881,35.7513198,129.4846353
12202900880,35.7513644,129.4842799
12202900879,35.7513253,129.4840935
12202900878,35.7513002,129.4839433
12202900877,35.7512414,129.4837327
12202900876,35.7512458,129.4836348
12202900875,35.7512349,129.4834793
12202900874,35.7511772,129.4834095
12202900873,35.7511228,129.4833317
12202900872,35.7510597,129.4832835
12202900871,35.751002,129.4832312
12202900870,35.7509367,129.4831721
12202900869,35.7509247,129.4831279
12202900868,35.7509062,129.4829643
12202900867,35.7508681,129.4828919
12202900866,35.7508257,129.4828463
12202900865,35.7507724,129.4828489
12202900864,35.7506679,129.4828543
12202900863,35.7506156,129.4828342
12202900862,35.7505579,129.4827765
12202900861,35.7505264,129.4825901
12202900860,35.7505024,129.4825043
12202900859,35.7504752,129.482464
12202900858,35.7504665,129.4823956
12202900857,35.7504981,129.4822495
12202900856,35.75051,129.482106
12202900855,35.7505427,129.4818203
12202900854,35.7505373,129.4816755
12202900853,35.7505906,129.4812638
12202900852,35.7505949,129.481135
12202900851,35.7505797,129.4808346
12202900850,35.750571,129.4807407
12202900849,35.7505481,129.4806898
12202900848,35.7504915,129.4806482
12202900847,35.7503707,129.4806093
12202900846,35.7503033,129.4805677
12202900845,35.7502967,129.4804886
12202900844,35.750337,129.4804282
12202900843,35.7503784,129.4803894
12202900842,35.7505786,129.4803384
12202900841,35.7507179,129.4802673
12202900840,35.7508529,129.4801788
12202900839,35.7509128,129.4800876
12202900838,35.7509661,129.4799159
12202900837,35.7509737,129.4798341
12202900836,35.7510085,129.4797228
12202900835,35.7511021,129.4796088
12202900834,35.7511936,129.479468
12202900833,35.7512229,129.4794036
12202900832,35.7512229,129.4793393
12202900831,35.7512132,129.4792226
12202900830,35.7511946,129.4790724
12202900829,35.7511859,129.4789785
12202900828,35.7511664,129.4788967
12202903030,35.7511526,129.4788355
13797512259,35.7461294,129.4861695
13797512258,35.7461601,129.4862084
12202899635,35.7461988,129.48625
12202899634,35.7463272,129.4863687
12202899633,35.7464458,129.4864686
13797512168,35.7464703,129.4864994
13797512167,35.7464982,129.4865389
13797512166,35.7465191,129.4865808
13797512165,35.7465434,129.4866171
12202901052,35.7465807,129.4866479
13797512156,35.746619,129.4866715
12202901051,35.7466647,129.4866836
13797512155,35.7467273,129.4866961
13797512154,35.7467543,129.4867094
13797512153,35.7467746,129.486736
13797512152,35.7467888,129.4867676
13797512151,35.7468147,129.4868586
13797512150,35.7468354,129.4868927
12202901050,35.7468629,129.4869207
12202901049,35.7468975,129.4869428
12202901048,35.7469367,129.4869562
13797512189,35.7469554,129.4869609
12202901047,35.7469985,129.4869719
13797512072,35.7470291,129.4869853
13797512071,35.7470644,129.4870122
13797512070,35.7471176,129.4870664
12202901046,35.7471438,129.4870935
12202901045,35.7471691,129.4871207
13797512069,35.747198,129.487157
13797512068,35.7472492,129.487238
13797512066,35.7472982,129.4873227
13797512067,35.7473644,129.4874413
12202901044,35.7473932,129.4874988
13797512031,35.7474152,129.4875495
13797512030,35.7474278,129.4875727
13797512029,35.7474406,129.4875906
12202901043,35.7474564,129.4876075
13797512015,35.7474765,129.4876257
13797512014,35.7475129,129.4876523
13797512013,35.74755,129.4876794
13797512012,35.7475929,129.4877143
13797512011,35.7476352,129.487749
12202901042,35.7476674,129.4877788
12202901041,35.7477575,129.487869
13797512010,35.7477782,129.4878893
13797512009,35.7477951,129.4879032
13797512007,35.7478154,129.4879156
13797512008,35.7479543,129.4879818
12202901040,35.7479795,129.4879921
13797512006,35.7480039,129.4879993
13797512005,35.7480429,129.4880113
13797512004,35.7480573,129.4880177
12202901039,35.748072,129.488026
13797512003,35.7480847,129.4880389
13797512002,35.748099,129.4880603
13797512001,35.7481141,129.4880869
13793839417,35.7481306,129.4881159
13793839416,35.7481689,129.4881716
13793839415,35.7482153,129.4882298
13793839414,35.7482463,129.488272
13793839413,35.7482783,129.4883244
13793839412,35.7482978,129.4883691
13793839411,35.7483295,129.4884584
12202901038,35.7483484,129.4885097
13793839383,35.748372,129.4885541
12202901037,35.7484315,129.4886331
13793839382,35.7484622,129.4886676
13793839381,35.7486201,129.4888056
12202901036,35.7486571,129.4888428
12202901035,35.7486906,129.4888837
12202901034,35.7487797,129.4890161
12202901033,35.7488286,129.4890981
13793839335,35.7489903,129.4893803
12202901032,35.7490234,129.4894198
12202901031,35.7490629,129.489451
12202897487,35.744229,129.4821918
12202897486,35.7443202,129.4822192
12202897485,35.7443482,129.4823344
12202897484,35.7444114,129.4824244
12202897483,35.7445928,129.4824724
12202897482,35.7447871,129.4824707
12202897481,35.744869,129.4824218
12202897480,35.7449624,129.4824244
12202897479,35.7450467,129.4823809
12202897478,35.7451364,129.4823966
12202897477,35.745221,129.4824433
12202897476,35.7452113,129.4825537
12202897475,35.7452473,129.482658
12202897474,35.7453443,129.4826753
12202897473,35.7453767,129.4827813
12202897472,35.7454679,129.4827939
12202897471,35.7455521,129.4827488
12202897470,35.7456107,129.4826593
12202897469,35.7456554,129.4825549
12202897468,35.7456806,129.482446
12202897467,35.7456851,129.4822195
12202897466,35.745697,129.4821042
12202897465,35.7457539,129.4820103
12202897464,35.7457763,129.4819025
12202897463,35.745827,129.4818072
12202897462,35.7458919,129.4817124
12202897461,35.7459145,129.4816038
12202897460,35.745921,129.4814926
12202897459,35.7459639,129.4813953
12202897458,35.746028,129.4812702
12202897457,35.7461077,129.4811998
12202897456,35.746179,129.4811163
12202897455,35.7463707,129.4810575
12202897454,35.7464389,129.4809796
12202897453,35.7464578,129.4808553
12202897452,35.7465473,129.4808037
12202897451,35.7466035,129.4808901
12202897450,35.7466958,129.4809231
12202897449,35.7467953,129.4809201
12202897448,35.7469722,129.4809889
12202897447,35.7470704,129.480992
12202897446,35.7472194,129.4808398
12202897445,35.7475102,129.480846
12202897444,35.7476928,129.4808645
12202897443,35.7477822,129.4808425
12202897442,35.7478799,129.4808586
12202897441,35.7479752,129.4808227
12202897440,35.7480578,129.4807628
12202897439,35.7481201,129.4806745
12202897438,35.7481464,129.4805625
12202897437,35.7481868,129.4804587
12202903055,35.7483203,129.4802951
12202903054,35.7483689,129.480201
12202903053,35.7484418,129.4801178
12202903052,35.7485373,129.4800943
12202903051,35.7485678,129.4799851
12202903050,35.748648,129.4799079
12202903049,35.7490304,129.4798329
12202903048,35.7492143,129.4797583
12202903047,35.749447,129.479546
12202903046,35.7495391,129.4794922
12202903045,35.7496348,129.4794866
12202903044,35.7497244,129.4794578
12202903043,35.7498031,129.4793984
12202903042,35.7498883,129.4791761
12202903041,35.7499688,129.4791074
12202903040,35.7500381,129.4790308
12202903039,35.7501274,129.4790029
12202903038,35.7502266,129.4790006
12202903037,35.7504173,129.4790302
12202903036,35.7505126,129.4790299
12202903035,35.7506051,129.4790434
12202903034,35.7507019,129.4789562
12202903033,35.7507969,129.4789274
12202903032,35.7509801,129.4788905
12202903031,35.7510757,129.4788864
12202903029,35.7511845,129.4786832
12202903028,35.751169,129.4785662
12202903027,35.751192,129.4784517
12202903026,35.7512459,129.4783483
12202903025,35.7513237,129.4781449
12202903024,35.7513765,129.4780381
12202903023,35.7513803,129.4779235
12202903022,35.7512938,129.4777221
12202903021,35.7513001,129.4776082
12202903020,35.7513413,129.477499
12202903019,35.7514132,129.477425
12202903018,35.751493,129.477367
12202903017,35.7515836,129.4773349
12202903016,35.7516616,129.477271
12202903015,35.7518068,129.4770858
12202903014,35.7518599,129.4769762
12202903013,35.7518971,129.476861
12202903012,35.7519491,129.4767682
12202903011,35.7520357,129.4767229
12202903010,35.7521239,129.4766578
12202903009,35.7522651,129.4765141
12202903008,35.7523151,129.4764191
12202903007,35.7524405,129.4762357
12202903006,35.7526947,129.4760499
12202903005,35.75278,129.4760066
12202903004,35.7528717,129.4759772
12202903003,35.753043,129.4758922
12202903002,35.7531329,129.4758688
12202903001,35.7533071,129.4757715
12202903000,35.7534452,129.4755959
12202902999,35.7536676,129.4753672
12202902998,35.7537369,129.4752732
12202902997,35.7538061,129.4752001
12202902996,35.7538974,129.4751754
12202902995,35.7539648,129.4750852
12202902994,35.7540536,129.4748827
12202902993,35.7544112,129.4744943
12202902992,35.7544554,129.4743925
12202902991,35.7545086,129.4742965
12202902990,35.7545687,129.4742087
12202902989,35.754636,129.4741349
12202902988,35.7548036,129.474031
12202902987,35.7549592,129.4739011
12202902986,35.7551229,129.4737917
12202902985,35.7551878,129.4736966
12202902984,35.7553415,129.4735538
12202902983,35.7554078,129.4734589
12202902982,35.7554979,129.473405
12202902981,35.7555876,129.4734263
12202902980,35.7556551,129.4733469
12202902979,35.7556876,129.4732329
12202902978,35.7557269,129.4731295
12202902977,35.7561556,129.4728486
12202902976,35.7563198,129.4727016
12202902975,35.7563801,129.4726039
12202902974,35.7564809,129.4724063
12202902973,35.7565502,129.4723137
12202902972,35.7566202,129.4722335
12202902971,35.7567019,129.4721725
12202902970,35.7570606,129.4717526
12202902969,35.75714,129.4716818
12202902968,35.7572051,129.4715867
12202902967,35.7572601,129.4714942
12202902966,35.7573478,129.4712898
12202902965,35.7574327,129.4709533
12202902964,35.7574552,129.4708387
12202902963,35.757639,129.4705895
12202902962,35.7578002,129.4704574
12202902961,35.757884,129.4704065
12202902960,35.7579602,129.4703416
12202902959,35.7580269,129.4702596
12202902958,35.75809,129.4701664
12202902957,35.7581128,129.4700468
12202902956,35.7582355,129.4698625
12202902955,35.7583131,129.4697892
12202902954,35.7583665,129.4696954
12202902953,35.758507,129.4695407
12202902952,35.7586738,129.4694159
12202902951,35.7587434,129.4693288
12202902950,35.7588226,129.4692545
12202902949,35.7589136,129.4692041
12202902948,35.7590999,129.4691748
12202902947,35.7591901,129.4691297
12202902946,35.7593697,129.4690803
12202902945,35.7594547,129.4690112
12202902944,35.7596305,129.4689251
12202902943,35.7599409,129.4686306
12202902942,35.7600368,129.4685926
12202902941,35.7601232,129.4685207
12202902940,35.7602241,129.468305
12202902939,35.7602715,129.4680763
12202902938,35.7603108,129.4679676
12202902937,35.7603347,129.4678535
12202902936,35.7603977,129.4677691
12202902935,35.7604738,129.4677081
12202902934,35.7605573,129.4677584
12202902933,35.7606294,129.4678275
12202902932,35.7607148,129.4678911
12202902931,35.7608827,129.4679989
12202902930,35.7609723,129.4679623
12202902929,35.761064,129.4679574
12202902928,35.761158,129.4679677
12202902927,35.7612493,129.4679898
12202902926,35.7613397,129.4679586
12202902925,35.7614179,129.4678907
12202902924,35.7615867,129.4677999
12202902923,35.7616792,129.4677811
12202902922,35.7617782,129.4677407
12202902921,35.7620452,129.4675676
12202902920,35.7621401,129.4675466
12202902919,35.762227,129.4675779
12202902918,35.7623243,129.4675713
12202902917,35.7624184,129.4675823
12202902916,35.7625152,129.4675721
12202902915,35.7626128,129.4675937
12202902914,35.7627781,129.4677058
12202902913,35.7629644,129.4677079
12202902912,35.7630547,129.4676999
12202902911,35.763121,129.467618
12202902910,35.7631445,129.4675075
12202902909,35.7631083,129.4672806
12202902908,35.7631359,129.4671704
12202902907,35.7632741,129.4669924
12202902906,35.7633265,129.4669024
12202902905,35.7633991,129.4668369
12207980635,36.065943,129.3899979
12207980636,36.0660306,129.3900114
12207980637,36.0661209,129.3899369
12207980638,36.0669036,129.3904786
12207980639,36.0669228,129.3906005
12207980640,36.0670185,129.390824
12279574841,36.0687306,129.4004574
12279574842,36.0686335,129.400405
12279574849,36.0685214,129.4003557
12279574850,36.0684093,129.4003187
12279574851,36.0665788,129.3997457
12288377376,36.0664939,129.3997153
12288377377,36.0664052,129.3996709
12288377378,36.0663259,129.3996219
12288377379,36.066224,129.3995565
12288377381,36.0661334,129.3994771
12288377382,36.0644894,129.3980457
12288377383,36.0644026,129.3979664
12288377384,36.0643328,129.397887
12288377385,36.0642629,129.3977982
12288377386,36.0642006,129.3976978
12288377387,36.0634513,129.3965724
12288377393,36.0633859,129.3964594
12288377394,36.063323,129.3963414
12288377395,36.0632709,129.3962153
12288377396,36.0632276,129.396092
12288377397,36.0631907,129.3959552
12288377398,36.0631755,129.3958559
12288377399,36.0631625,129.3957272
12288377400,36.0631604,129.3956092
12288377402,36.0631582,129.3949198
12288377405,36.0631604,129.3947616
12288377406,36.063169,129.3946275
12288377407,36.0632991,129.3932596
12288377410,36.0633078,129.3931147
12288377411,36.0633121,129.3929672
12288377412,36.06331,129.3928277
12288377416,36.0633035,129.3926695
12288377417,36.0632883,129.3925166
12288377418,36.0632666,129.3923476
12288377423,36.0632403,129.3921849
12288377424,36.0627344,129.3900507
12288377514,36.062713,129.3899371
12288377515,36.0627016,129.3898343
12288377516,36.0627033,129.3897442
12288377517,36.0627186,129.3896545
12288377518,36.0627413,129.3895751
12288377519,36.0632358,129.3882535
12288377520,36.0632528,129.3881905
12288377521,36.0632698,129.3881181
12288377522,36.0633038,129.387978
12288377523,36.0633302,129.3879009
12288377524,36.0633623,129.3878286
12288377525,36.0634076,129.3877538
12288377526,36.0634708,129.3876831
12288377558,36.0635396,129.3876307
12288377559,36.0641077,129.3873084
12288377560,36.0641738,129.3872688
12288377561,36.0642172,129.3872337
12288377562,36.0642617,129.3871922
12288377563,36.0643021,129.3871427
12288377564,36.0643304,129.3870913
12288377565,36.064355,129.3870282
12288377570,36.0643927,129.3869255
12288377571,36.0644286,129.3868181
12288377572,36.0644645,129.386692
12288377573,36.0644863,129.3865696
12288377582,36.0644977,129.3864519
12288377583,36.0644977,129.3863634
12288377584,36.0644868,129.3854165
12288377585,36.0644781,129.3853441
12288377586,36.0644543,129.3852556
12288377587,36.0644283,129.3851751
12296984039,36.064344,129.3849474
12296984040,36.064227,129.3846485
12296984041,36.0641423,129.3844451
12296984042,36.0640701,129.3842911
12296984043,36.0639854,129.3841401
12296984044,36.0638932,129.3839953
12304640500,36.0638442,129.3839234
12296984045,36.0637861,129.3838382
12296984046,36.0636666,129.3836749
12296984047,36.063552,129.3835362
12296984048,36.0633926,129.3833544
12296984049,36.062486,129.3823747
12296984095,36.0623943,129.3822494
12296984096,36.0618962,129.3817102
12296984097,36.0618016,129.3816455
12296988677,36.0616817,129.381513
12296988678,36.0616192,129.3813992
12304715821,36.0611027,129.3808471
12296988679,36.0605544,129.3802609
12304715840,36.0604921,129.3801995
12304715841,36.0604247,129.3801467
12304715845,36.0603409,129.3800958
12304715846,36.0585018,129.3790318
12304715909,36.05773,129.3785316
12304715917,36.0575945,129.3784557
12304715918,36.0574371,129.3783778
12304715919,36.0572626,129.3783
12304715920,36.0562011,129.3778647
12304715926,36.0561187,129.3778521
12304715927,36.055907,129.377775
12304715928,36.0557999,129.3777227
12304715930,36.0550178,129.3774977
12304715931,36.0548459,129.3774577
12304715932,36.0547089,129.377433
12304715935,36.0545719,129.3774176
12304715936,36.0537474,129.3774146
12304715937,36.053157,129.3774361
12304715938,36.0527261,129.37747
12305973894,36.0526644,129.3774852
12305973895,36.05253,129.3775416
12305973896,36.0524389,129.3774531
12855608477,36.0524306,129.3772775
12305995637,36.0522823,129.3759181
12305995638,36.0522544,129.3757493
12305995639,36.0520256,129.3745561
12308827452,36.0520222,129.3745398
12305995645,36.0519955,129.374412
12305995646,36.0519692,129.3743144
12305995647,36.0519035,129.3741172
12305995648,36.0516105,129.3742592
12308827476,36.0515607,129.3742801
12308827477,36.0515455,129.3742292
12308827478,36.051526,129.3741728
12308827479,36.0514957,129.3741058
12308827480,36.0513872,129.3739395
12308827481,36.0513634,129.3738885
12308827482,36.0513005,129.3737383
12308827483,36.0512636,129.3736605
12308827484,36.0511899,129.3735398
12308827485,36.051153,129.3734701
12308827486,36.0511097,129.3733601
12308827487,36.0510793,129.3732957
12308827488,36.0510316,129.373218
12308827489,36.0509492,129.3730704
12308827490,36.0509123,129.37299
12308827491,36.0508581,129.3728532
12308854804,36.0508326,129.3727993
12308854805,36.0507979,129.3727537
12308854806,36.0507567,129.3727322
12308854807,36.0507024,129.3727295
12308854808,36.050607,129.3727242
12308854809,36.0505398,129.3727108
12308854810,36.0504357,129.3726732
12308854811,36.0503641,129.3726517
12308854812,36.0502926,129.3726357
12308854813,36.0501863,129.3726196
12308854814,36.0501263,129.3726071
12308854815,36.049994,129.3725535
12308854816,36.049929,129.3725347
12308854817,36.0497772,129.3724998
12308854818,36.0495668,129.3724623
12308854819,36.0495126,129.3724408
12308854820,36.049402,129.3724033
12308854821,36.0493304,129.3723926
12308854822,36.0491895,129.3723738
12308854823,36.0491179,129.372355
12308854824,36.0490117,129.3723174
12308854834,36.0488002,129.3722296
12308854835,36.0485898,129.3721491
12308854836,36.0482623,129.3720767
12308854837,36.0470371,129.3717656
12308854839,36.0469508,129.3717383
12308854840,36.046864,129.3717061
12308854841,36.0467946,129.3716873
12308854842,36.0467274,129.3716793
12308854843,36.0466385,129.3716524
12308854844,36.0465539,129.3716417
12308854845,36.046478,129.3716176
12308854846,36.0463847,129.3715881
12308854847,36.046298,129.3715773
12308854848,36.0462329,129.3715586
12308854849,36.0461549,129.3715317
12308854850,36.0460855,129.371521
12308854851,36.0460182,129.3715076
12308854852,36.0459423,129.3714754
12308854853,36.0458664,129.3714674
12308854854,36.0457927,129.3714325
12308854855,36.0457255,129.3714164
12308854856,36.0456539,129.371403
12308854857,36.0456018,129.3713869
12308854858,36.0455455,129.3713735
12308854859,36.0454847,129.3713708
12308854860,36.0454327,129.3713574
12308854861,36.0453408,129.371325
12308854862,36.0452584,129.3713089
12308854863,36.045189,129.3713008
12308854864,36.0451239,129.3712794
12308854865,36.0450589,129.3712552
12308854866,36.0450047,129.3712445
12308854867,36.0449374,129.3712391
12308854868,36.0448832,129.3712177
12308854869,36.0447813,129.3711721
12308854870,36.0447206,129.3711506
12308854871,36.0446663,129.3711426
12308854872,36.0446099,129.3711587
12308854873,36.0445557,129.3711587
12308854874,36.044495,129.3711453
12308854875,36.044443,129.3711104
12308854876,36.0444104,129.3710889
12308854877,36.0443605,129.3710782
12308854878,36.0443042,129.3710728
12308854879,36.0442543,129.3710541
12308854880,36.0441437,129.3709977
12308854881,36.0440005,129.3709468
12308854882,36.0438682,129.3709119
12308854883,36.0437728,129.3708985
12308854884,36.0436362,129.3709012
12308854885,36.043569,129.3708985
12308854886,36.0435147,129.3708744
12308854887,36.0434583,129.3708395
12308854888,36.0433979,129.3708099
12308854889,36.043322,129.3707939
12308854890,36.0432547,129.3707858
12308854891,36.0431832,129.370759
12308854892,36.0430812,129.3707214
12308854893,36.0429446,129.3706812
12308854894,36.0428253,129.3706571
12308854895,36.0427147,129.3706517
12308854896,36.0426106,129.3706544
12308854897,36.0425527,129.3706494
12308854898,36.0425006,129.3706307
12308854899,36.0423965,129.3705931
12308854900,36.0423423,129.3705824
12308854901,36.0422664,129.3705716
12308854902,36.0422165,129.3705529
12308854903,36.0421254,129.37051
12308854904,36.0420604,129.3704939
12308854905,36.0419606,129.3704939
12308854906,36.0418955,129.3704831
12308854907,36.0418392,129.3704644
12308854908,36.0417849,129.3704483
12308854909,36.0417372,129.3704483
12308854910,36.0416244,129.3704563
12308854911,36.0415616,129.3704483
12308854912,36.0414987,129.3704241
12308854913,36.0414531,129.3704054
12308854914,36.0414076,129.3703919
12308854915,36.0413468,129.3704027
12308854916,36.0412991,129.3704134
12308854917,36.0412427,129.370408
12308854918,36.0411929,129.3703893
12308854919,36.0410736,129.3703356
12308854920,36.0409846,129.3703168
12308854921,36.0408784,129.3703061
12308854922,36.0408003,129.3703142
12308854923,36.0407482,129.3703195
12308854924,36.0407027,129.3703088
12308854925,36.0406485,129.3702873
12308854926,36.0405747,129.370231
12308854927,36.0405227,129.3702015
12308854928,36.0404576,129.3701827
12308854929,36.0404047,129.370182
12308854930,36.0403548,129.3702035
12308854931,36.0403158,129.3702383
12308854932,36.0402898,129.3702973
12308854933,36.0402811,129.3703805
12288377459,36.0621938,129.3895242
12288377460,36.0621548,129.3894947
12288377461,36.0621158,129.3894518
12288377462,36.0620898,129.3894008
12288377463,36.0620659,129.3893418
12288377464,36.06199,129.3890897
12288377465,36.061964,129.3890146
12288377466,36.061925,129.3889368
12288377467,36.0614783,129.3880356
12288377468,36.0614241,129.3878398
12288377469,36.0615542,129.3873302
12288377481,36.0632575,129.3891138
12288377471,36.0637615,129.3894008
12288377472,36.0639544,129.3895054
12288377474,36.06382,129.3893096
12288377475,36.0636812,129.3891112
12288377477,36.0630568,129.3894786
12288377478,36.0631153,129.3894089
12288377479,36.0631652,129.3893365
12288377480,36.0632042,129.3892506
12288377482,36.0632931,129.3889958
12288377483,36.0633105,129.3889127
12288377484,36.0633907,129.388505
12288377485,36.0633994,129.3884245
12288377486,36.0633972,129.388328
12288377487,36.0633853,129.3882305
12288377494,36.0633802,129.3882008
12288377495,36.0636026,129.3882546
12288377510,36.0623166,129.3866634
12288377511,36.0621561,129.3869389
12288377513,36.0640286,129.388034
12288377532,36.0641821,129.3870774
12288377533,36.0643037,129.3865327
12288377534,36.0641246,129.3865306
12288377535,36.0640194,129.3870571
12288377538,36.0645162,129.3876424
12288377539,36.0646783,129.3873681
4756571398,36.0648389,129.387763
12288377549,36.0648903,129.3875531
4756571395,36.0644946,129.3876233
12288377536,36.0645379,129.3876616
12288377537,36.0645925,129.387697
4756571397,36.064652,129.3877242
12288377548,36.064706,129.3877406
12288377550,36.0648797,129.3877771
12288377551,36.0649198,129.3878024
12288377552,36.0649612,129.3878415
12288377553,36.0651134,129.3880135
12288377554,36.0651434,129.3880568
12288377555,36.0651585,129.3880988
9201303474,36.0651702,129.3881611
9918349391,36.0651656,129.3882323
12296984020,36.0650637,129.3862658
12288377576,36.0650953,129.3862712
12296984013,36.0651262,129.3862738
12296984014,36.0651722,129.3862494
12296984015,36.0652445,129.3861966
12296984016,36.065284,129.3861925
12296984017,36.0653168,129.3862128
12296984018,36.0653826,129.3862535
12296984019,36.065445,129.3862738
12293394877,36.0686482,129.3962079
12293394878,36.0686655,129.3961569
12293394891,36.0686699,129.3968704
12293396310,36.0684723,129.3952236
12293396332,36.0685116,129.3952116
12293396305,36.068649,129.3951698
12293396306,36.0687115,129.3954283
12293396311,36.0685944,129.3958279
12293396333,36.0684665,129.3949428
12293396334,36.0684643,129.3948784
12293396335,36.0684643,129.3948167
12293396336,36.0684513,129.394688
12293396337,36.0684557,129.3946317
12293396338,36.0684752,129.394519
12293396361,36.0679921,129.3952055
12293396359,36.0678526,129.3952272
12293396360,36.0677832,129.3945218
12293396362,36.0679221,129.3943941
12293396383,36.0677833,129.3949602
12293396366,36.0677332,129.3944503
12293396368,36.0673517,129.3946469
12293396370,36.0677114,129.3952821
12293396371,36.0676984,129.3952097
12293396372,36.0676767,129.3951372
12293396373,36.0676529,129.3950729
12293396374,36.0676377,129.3950219
12293396375,36.0676312,129.3949817
12293396384,36.0675531,129.394987
12293396385,36.0675076,129.394979
12293396386,36.0674686,129.3949495
12293396417,36.0683262,129.393998
12293396416,36.0682687,129.3940061
12293396415,36.0682227,129.3940224
12293396414,36.0681816,129.3940447
12293396413,36.0681471,129.3940813
12293396412,36.0681159,129.3941281
12293396404,36.0680948,129.3942644
12293396405,36.068136,129.3942671
12293396406,36.0681603,129.3942582
12293396407,36.0681833,129.3942317
12293396408,36.0682096,129.394183
12293396409,36.0682342,129.3941484
12293396410,36.0682736,129.394124
12293396411,36.0683295,129.3941077
12293396419,36.0681578,129.3939268
12293396420,36.0681154,129.3934339
12293396427,36.0679395,129.3932872
12293396428,36.0679271,129.3930562
12293396430,36.0680868,129.3930391
12293396441,36.067586,129.3894655
12293396440,36.0675985,129.3895462
12293396439,36.0676016,129.3896486
12293396442,36.0676207,129.389743
12293396443,36.0676467,129.3897081
12293396444,36.0676879,129.3896813
12293396445,36.0677248,129.3896759
12293396446,36.0677811,129.3896786
12296984021,36.0650725,129.3863351
12296984022,36.0650696,129.3863882
12296984023,36.0650496,129.3864413
12296984024,36.0650152,129.3865192
12296984025,36.0649666,129.3866501
12296984027,36.0649523,129.3856804
12296984028,36.0649923,129.3856945
12296984029,36.0650238,129.3857193
12296984030,36.0650438,129.3857653
12296984031,36.0650782,129.385914
12296984032,36.0651096,129.386006
12296984034,36.0643792,129.3838555
12296984035,36.0645975,129.3842045
12296984036,36.0646376,129.3842895
12296984037,36.0646691,129.384385
12304640497,36.0636362,129.3831308
12296984071,36.0635618,129.3831676
12296984072,36.063526,129.3831933
12296984073,36.0633542,129.3826563
12304715808,36.0632905,129.382738
12296984075,36.0632012,129.3828526
12304640481,36.063172,129.3828901
12296984076,36.0637015,129.3834035
12296984079,36.0638204,129.3836837
12304715816,36.0612139,129.3808797
12296984099,36.061641,129.3813039
12296988506,36.0624854,129.3822373
12296984098,36.0626472,129.3824161
12296984087,36.0629109,129.3827556
12296984088,36.0628664,129.3826252
12296984089,36.0628514,129.3825143
12296984090,36.0628539,129.3824281
12296984091,36.0628714,129.3823541
12296984092,36.0629087,129.3822894
12296984093,36.0629536,129.3822432
12296984094,36.0630323,129.3821875
12296988507,36.0629025,129.3820379
12296984100,36.0627717,129.3818933
12296988501,36.0627568,129.3819756
12296988502,36.0627194,129.382068
12296988503,36.0626721,129.3821265
12296988504,36.0626148,129.3821758
12296988505,36.0625575,129.3822097
12304715820,36.0611625,129.3807646
12304715819,36.0612364,129.3807422
12304715818,36.0612956,129.38073
12304715817,36.061358,129.3807097
12304715815,36.0614566,129.3806711
12304715814,36.0615043,129.3806569
12304715813,36.0615503,129.3806548
12304715812,36.0616012,129.380663
12304715811,36.0616555,129.3806853
12304715810,36.0616982,129.3807158
12296988606,36.0619003,129.380932
12296988605,36.0620342,129.3810784
12296988513,36.0621938,129.3812591
12296988512,36.0622868,129.3813915
12296988511,36.0624419,129.3815566
12296988510,36.0625463,129.3816451
12296988526,36.0627137,129.3818295
12296988584,36.0627389,129.3818572
12304640495,36.0630914,129.3822508
12304640496,36.063451,129.3826606
12304640498,36.0639238,129.3838386
12296988514,36.0624233,129.3816344
12296988515,36.0624176,129.381661
12296988516,36.0624002,129.3816876
12296988517,36.0623832,129.381707
12296988518,36.0623661,129.3817229
12296988519,36.062336,129.3817353
12296988520,36.0623017,129.3817406
12296988521,36.0622502,129.3817388
12296988522,36.0623818,129.3816167
12296988523,36.0625235,129.3816827
12296988524,36.0626121,129.3818627
12296988525,36.0626617,129.3819653
12296988567,36.0624434,129.3817497
12296988541,36.0624484,129.3817402
12296988542,36.0624556,129.3817329
12296988543,36.0624642,129.3817289
12296988544,36.0624735,129.3817283
12296988545,36.0624824,129.3817314
12296988527,36.0624901,129.3817378
12296988528,36.0624955,129.3817464
12296988529,36.0624987,129.3817566
12296988530,36.0624992,129.3817676
12296988535,36.062497,129.3817782
12296988536,36.0624924,129.3817875
12296988537,36.0624854,129.3817949
12296988538,36.0624769,129.3817992
12296988539,36.0624677,129.3818001
12296988540,36.0624588,129.3817974
12296988531,36.062451,129.3817913
12296988532,36.0624451,129.3817826
12296988533,36.0624417,129.3817721
12296988534,36.0624411,129.3817607
12296988546,36.0626933,129.3819985
12296988561,36.0624793,129.3819382
12296988562,36.0624888,129.3819443
12296988563,36.0624993,129.3819462
12296988564,36.0625098,129.381944
12296988565,36.0625191,129.3819376
12296988547,36.0625264,129.381928
12296988548,36.0625308,129.3819155
12296988549,36.0625316,129.381902
12296988550,36.0625288,129.3818888
12296988551,36.0625227,129.3818776
12296988557,36.0625139,129.3818694
12296988558,36.0625034,129.3818654
12296988559,36.0624924,129.3818658
12296988560,36.0624821,129.3818707
12296988552,36.0624738,129.3818795
12296988553,36.0624683,129.3818909
12296988554,36.0624661,129.3819038
12296988555,36.0624674,129.3819168
12296988556,36.0624719,129.3819287
12296988566,36.0623613,129.3816453
12296988648,36.062234,129.3815082
12296988568,36.0621904,129.3814612
12296988646,36.0621132,129.3813779
12296988620,36.0620099,129.3812664
12296988626,36.0619462,129.3811976
12296988625,36.0618871,129.3811338
12296988675,36.0618692,129.3811146
12296988663,36.0618116,129.3810524
12296988569,36.0617327,129.3809672
12296988570,36.0622256,129.3814247
12296988576,36.0622076,129.3814398
12296988571,36.0621731,129.3814896
12296988572,36.0621608,129.3815201
12296988573,36.0621575,129.3815506
12296988574,36.0621583,129.3815933
12296988575,36.0621666,129.3816462
12296988577,36.062252,129.3814836
12296988578,36.0621666,129.3813005
12296988621,36.0620236,129.3812333
12296988579,36.0624582,129.3818518
12296988580,36.0624294,129.3818254
12296988581,36.0624081,129.381799
12296988582,36.0623875,129.3817634
12296988583,36.0623399,129.381675
12296988585,36.0627309,129.3818996
12296988586,36.0627235,129.3819331
12296988587,36.0627104,129.3819646
12296988588,36.0626562,129.3820531
12296988589,36.0626397,129.3820724
12296988590,36.0626184,129.3820896
12296988591,36.0625987,129.3821018
12296988592,36.0625707,129.382111
12296988593,36.06245,129.3819809
12296988653,36.0622445,129.3817621
12296988649,36.0621992,129.3817137
12296988651,36.0621472,129.3816583
12296988604,36.0620162,129.3815187
12296988647,36.0619075,129.3814029
12296988594,36.0618461,129.3813375
12296988662,36.0617099,129.3811903
12296988645,36.0620512,129.3814679
12296988607,36.0620021,129.3811219
12296988616,36.0618913,129.381272
12296988619,36.0619879,129.3812887
12296988622,36.0620303,129.3812091
12296988623,36.0620287,129.3811768
12296988624,36.062019,129.3811467
12296988608,36.0619781,129.3811041
12296988609,36.0619506,129.3810974
12296988610,36.0619229,129.3811024
12296988611,36.0618982,129.3811187
12296988612,36.0618793,129.3811443
12296988613,36.0618685,129.3811762
12296988614,36.0618669,129.3812108
12296988615,36.0618749,129.381244
12296988617,36.0619128,129.3812906
12296988618,36.0619369,129.3812991
12296988638,36.0619765,129.3813568
12296988639,36.0619863,129.3813501
12296988640,36.0619936,129.3813397
12296988641,36.0619978,129.3813268
12296988642,36.0619982,129.3813129
12296988643,36.0619947,129.3812998
12296988627,36.0619798,129.3812819
12296988628,36.0619703,129.3812784
12296988629,36.0619604,129.3812785
12296988636,36.061951,129.3812823
12296988637,36.0619429,129.3812894
12296988630,36.0619333,129.3813123
12296988631,36.0619335,129.3813261
12296988632,36.0619375,129.3813391
12296988633,36.0619447,129.3813496
12296988634,36.0619544,129.3813565
12296988635,36.0619654,129.381359
12296988644,36.0622109,129.3815398
12296988650,36.0622424,129.3816494
12296988652,36.0622161,129.3816223
12296988654,36.0622703,129.3816782
12296988655,36.0622949,129.3814901
12296988656,36.0623196,129.3814993
12296988657,36.062336,129.3815125
12296988658,36.0623492,129.3815308
12296988659,36.062359,129.3815542
12296988674,36.0618531,129.3809961
12296988664,36.0617687,129.3811106
12296988665,36.0618011,129.3811456
12296988666,36.0618118,129.3811547
12296988667,36.0618241,129.3811588
12296988668,36.0618348,129.3811558
12296988669,36.0618455,129.3811466
12296988670,36.0618907,129.3810856
12296988671,36.0618973,129.3810694
12296988672,36.0618981,129.3810531
12296988673,36.0618932,129.3810379
12304640482,36.0629159,129.3825999
12304640483,36.0629008,129.3825742
12304640484,36.0628913,129.3825462
12304640485,36.0628857,129.3825123
12304640486,36.0628838,129.3824761
12304640487,36.0628876,129.3824294
12304640488,36.0628979,129.3823933
12304640489,36.0629149,129.3823594
12304640490,36.0629395,129.3823185
12304640491,36.0629602,129.3822952
12304640492,36.0629857,129.3822753
12304640493,36.063014,129.3822625
12304640494,36.063048,129.3822543
12304715801,36.0629584,129.3824319
12304715802,36.0630095,129.382438
12304715803,36.0630481,129.3824473
12304715804,36.0631029,129.3824673
12304715805,36.0631502,129.3825012
12304715806,36.0631926,129.3825459
12304715807,36.0632299,129.3826013
12304715830,36.0606623,129.3799894
12304715831,36.0606409,129.3800083
12304715832,36.0606064,129.3800268
12304715834,36.0605595,129.3800402
12304715836,36.0605205,129.3800459
12304715837,36.0606514,129.380171
12304715838,36.0606449,129.3801284
12304715839,36.0606498,129.3800796
12304715844,36.0593763,129.379051
12304715852,36.0659514,129.3862405
12304715863,36.0651048,129.3832173
12304715864,36.0647858,129.3828203
12304715865,36.0656653,129.3828997
12304715867,36.0664467,129.3840462
12304715873,36.0664741,129.3840505
12304715868,36.0665053,129.3840555
12304715869,36.0665638,129.3840532
12304715870,36.0670715,129.3840228
12304715875,36.0666506,129.383759
12304715885,36.0637473,129.3802622
12304715889,36.063725,129.3804132
12304715886,36.063702,129.3805681
12304715887,36.0635548,129.3805401
12304715890,36.0635781,129.3803894
12304715888,36.063602,129.3802342
12305995650,36.0516027,129.3742122
12308827462,36.0508732,129.3728153
12308827498,36.0508197,129.3727207
12308827499,36.0507806,129.3726965
12308827497,36.0507264,129.3726697
12308827500,36.049852,129.3724666
12308827450,36.0516697,129.3746163
12308827456,36.051697,129.3747732
12308827455,36.0517303,129.3749644
12308827449,36.0519397,129.3761678
12308827453,36.0519255,129.3745608
12308827457,36.0519492,129.3747139
12308827454,36.0519766,129.3748911
12308827472,36.0509436,129.3728299
12308827466,36.0510926,129.3728698
12308827468,36.0512238,129.3728983
12308827469,36.0513227,129.3729284
12308854934,36.0400613,129.3721374
12308854935,36.0400631,129.3721791
12308854936,36.0400874,129.3722269
12308854937,36.0401046,129.3722499
12310457815,36.0400843,129.3724519
12310457816,36.0400369,129.3724612
12310457817,36.0399971,129.3725043
12310457818,36.0399896,129.3725752
12313953889,36.0399615,129.3728047
12313953892,36.0399201,129.3731434
12310457819,36.0398301,129.3738785
12310457833,36.0398279,129.3739461
12310457834,36.0398379,129.3740108
12310457835,36.0398703,129.374208
12310457836,36.0399376,129.3746054
12310457837,36.0399676,129.3748098
12310457838,36.0399999,129.3750861
12310457839,36.0400173,129.3753141
12310457841,36.0401593,129.3774677
12310457843,36.0400003,129.3775347
12318706869,36.0383668,129.3785768
12318706870,36.0370016,129.3791963
12318706871,36.0367265,129.3793427
12318706874,36.036531,129.3794501
12318706875,36.0363119,129.3795788
12318706876,36.0347394,129.3805739
12318709169,36.0344742,129.3807358
12318709170,36.0341794,129.3809454
12318709171,36.0332117,129.3817168
12318709172,36.0324404,129.3823243
12318709173,36.0322964,129.3824341
12318709174,36.0321687,129.38251
12318709175,36.032068,129.3825616
12318709176,36.0319771,129.382592
12318709177,36.0318862,129.3826133
12318709180,36.0317655,129.3826279
12318709181,36.0316403,129.3826218
12318709182,36.0315273,129.3826005
12318709183,36.0314143,129.382558
12318709193,36.0313106,129.3825075
12318709194,36.0312222,129.3824528
12318709201,36.0312042,129.3824386
12318709195,36.0311682,129.3824103
12310457825,36.0402506,129.3747462
12310457826,36.0402905,129.3747246
12310457827,36.0403154,129.3746907
12310457828,36.0403278,129.3746476
12310457829,36.0403253,129.3745859
12438050016,36.0402545,129.3728557
12313959013,36.0399036,129.3721276
12313959017,36.0401354,129.3703652
12313959009,36.0397951,129.372213
12313959014,36.0397705,129.3724162
12327802140,36.0363057,129.3707354
12327802139,36.0364602,129.3707107
12327802138,36.036525,129.370703
12327802137,36.0365972,129.3707015
12327802136,36.0366595,129.3707076
12327802135,36.0367106,129.3707215
12327802134,36.0367629,129.37074
12327802133,36.0368115,129.3707693
12327802132,36.03688,129.370817
12327802131,36.0370208,129.3709187
12327802129,36.0377785,129.3715055
12327802130,36.0380384,129.3716907
12327802128,36.038127,129.371749
12327802127,36.0383213,129.3718553
12315451687,36.0384844,129.3719271
12315451686,36.0385826,129.3719691
12315451685,36.038677,129.3720018
12315451684,36.0387789,129.3720275
12315451683,36.0389073,129.3720532
12313959016,36.0392165,129.3721073
12313959010,36.0398395,129.3722048
12313959011,36.0398724,129.3721804
12313959012,36.0398888,129.3721601
12315451689,36.0389168,129.3719644
12315455186,36.0382128,129.3715292
12315455182,36.0383298,129.3717627
12315455181,36.0386999,129.3719145
12315455116,36.0388094,129.3719401
12315451693,36.039226,129.3720168
12315451690,36.0394681,129.3720578
12315451691,36.0394624,129.3720929
12315451692,36.039791,129.3721442
12315455112,36.0390153,129.3715998
12315451694,36.0390054,129.3715333
12315451695,36.0389771,129.3714713
12315451696,36.0389337,129.3714245
12315451697,36.0388802,129.3713983
12315451698,36.0388227,129.3713956
12315451699,36.0387677,129.3714168
12315451700,36.0387216,129.3714594
12315455101,36.0386897,129.3715186
12315455102,36.0386755,129.3715877
12315455103,36.0386807,129.3716586
12315455104,36.0387031,129.3717202
12315455105,36.0387402,129.3717698
12315455106,36.038788,129.3718025
12315455107,36.0388417,129.3718146
12315455108,36.0388958,129.3718051
12315455109,36.0389447,129.3717749
12315455110,36.0389833,129.3717271
12315455111,36.0390077,129.3716667
12315455113,36.0387355,129.3717846
12315455114,36.0387714,129.3718173
12315455115,36.0388205,129.3718477
12315455268,36.0388144,129.3718985
12315455117,36.0389866,129.3719411
12315455118,36.0390376,129.3719201
12315455119,36.0390829,129.3718897
12315455120,36.0391188,129.3718477
12315455121,36.039149,129.3717893
12315455122,36.0391698,129.3717333
12315455123,36.039183,129.3716516
12315455124,36.0391868,129.3715628
12315455125,36.0391754,129.3714904
12315455126,36.039149,129.3714204
12315455127,36.0391075,129.371348
12315455128,36.0390565,129.3712896
12315455187,36.0389926,129.371242
12315455188,36.0389208,129.3712163
12315455189,36.0388547,129.3712093
12315455190,36.0387754,129.3712186
12315455191,36.0387056,129.3712537
12315455266,36.0386908,129.3712669
12315455192,36.0386433,129.3713097
12315455193,36.038598,129.3713704
12315455194,36.0385602,129.3714615
12315455195,36.0385432,129.3715619
12315455196,36.0385432,129.3716483
12315455197,36.0385526,129.371716
12315455198,36.0385696,129.3718024
12315455129,36.0392151,129.3718617
12315455130,36.0392774,129.3718267
12315455131,36.0393869,129.3717356
12315455199,36.0394419,129.371674
12315455200,36.0394929,129.3716132
12315455132,36.0394605,129.3719691
12315455133,36.0394454,129.3718921
12315455134,36.0394209,129.3718127
12315455135,36.0393416,129.3716539
12315455136,36.0392868,129.3715675
12315455142,36.0392748,129.371552
12315455137,36.039234,129.3714998
12315455138,36.0392359,129.3718033
12315455139,36.0392566,129.3717333
12315455140,36.0392661,129.3716656
12315455141,36.0392717,129.3716142
12315455158,36.0416589,129.3732734
12315455159,36.0417457,129.3732828
12315455160,36.0418401,129.3732991
12315455161,36.0419307,129.3733272
12315455162,36.0420516,129.3733739
12315455163,36.0422989,129.3734813
12315455164,36.0423706,129.3735093
12315455165,36.0424367,129.373528
12315455166,36.042499,129.3735396
12315455167,36.0425594,129.3735466
12315455168,36.0426029,129.373542
12315455169,36.0426369,129.373528
12315455170,36.0426595,129.3735023
12315455171,36.0426765,129.3734673
12315455172,36.0426878,129.3734252
12315455173,36.0427029,129.3733201
12315455174,36.0427143,129.3732921
12315455175,36.0427369,129.3732664
12315455176,36.0427652,129.3732524
12315455177,36.0428276,129.3732478
12315455252,36.0386151,129.3712703
12315455253,36.0385198,129.3713008
12315455254,36.0384294,129.3713273
12315455255,36.038339,129.3713496
12315455277,36.0383182,129.3713525
12315455256,36.0382518,129.3713618
12315455257,36.0381713,129.3713679
12315455258,36.0380924,129.3713618
12315455259,36.0380102,129.3713456
12315455260,36.0379346,129.3713232
12315455261,36.0378097,129.3712724
12315455262,36.0377423,129.37125
12315455263,36.0376782,129.3712358
12315455264,36.0376157,129.3712317
12315455265,36.0375401,129.3712338
12315455267,36.0388929,129.3712968
12315455269,36.0387449,129.3718842
12315455270,36.0386545,129.3718497
12315455271,36.038482,129.3714106
12315455272,36.0384655,129.3714878
12315455273,36.0384507,129.3715915
12315455274,36.0384442,129.3716322
12315455275,36.0385033,129.3717236
12315455278,36.0384668,129.3716671
12315455276,36.0383916,129.3715387
12315455281,36.0383404,129.3714088
12315455279,36.0383937,129.3717181
12315455280,36.0382765,129.3714614
12315455292,36.0380647,129.3716411
12315455293,36.0378117,129.3714543
12304715959,36.0531511,129.3750352
4740525300,36.0532331,129.3752286
13533523200,36.0532994,129.3753726
12304715957,36.0533672,129.3755059
4740549427,36.0534318,129.3756134
13533526602,36.0534863,129.375696
13533526601,36.053538,129.3757662
12315455320,36.051867,129.372595
12315455321,36.0518496,129.3725441
12315455322,36.051841,129.3724985
12315455323,36.0518431,129.3724582
12315455324,36.0518561,129.3724207
12315455325,36.0518778,129.3723992
12315455326,36.0519125,129.3723885
12315455327,36.0517867,129.3722732
12315455328,36.0516805,129.3721981
12318706827,36.045663,129.3753068
12318706828,36.0455004,129.375221
12318706840,36.0461612,129.377354
12318706841,36.0461858,129.377333
12318706842,36.0462046,129.377298
12318706843,36.04625,129.3771952
12318706844,36.0462707,129.3771695
12318706845,36.0463047,129.3771485
12318706846,36.0464576,129.3771065
12318706855,36.0427619,129.3760273
12318706856,36.0427446,129.3758771
12318706857,36.0427272,129.3758047
12318706858,36.0427034,129.3757645
12318706859,36.0424561,129.3757913
12318706860,36.0422457,129.3758959
12318706861,36.0422956,129.37614
12318706862,36.0423455,129.3761749
12318706864,36.0421026,129.3762661
12318706865,36.0420397,129.3762312
12318706866,36.0420137,129.3761185
12318706881,36.0320152,129.3824501
3743134835,36.0320878,129.382417
3956007602,36.032165,129.382376
3956007603,36.0322552,129.3823155
12318706880,36.0339555,129.380969
12318706879,36.0341227,129.3808404
12318706878,36.0342828,129.3807252
12318706877,36.0344336,129.380624
12318709013,36.0525013,129.3775741
12318709014,36.0524757,129.3776217
12318709015,36.0514132,129.3804059
12318709016,36.0513812,129.3804218
12318709017,36.0511503,129.3802843
12318709018,36.0507142,129.3813842
12318709019,36.0484695,129.3826058
12318709020,36.0483947,129.3826666
12318709021,36.0476422,129.3830817
12318709022,36.046926,129.3842848
12318709023,36.0460709,129.3847581
12318709097,36.0456755,129.3767044
12318709096,36.0456853,129.3767625
12318709095,36.0456885,129.3768266
12318709094,36.0456885,129.3768847
12318709093,36.0456772,129.376999
12318709092,36.0456707,129.3770671
12318709091,36.0456755,129.3771372
12318709090,36.0456917,129.3771953
12318709089,36.0457177,129.3772514
12318709088,36.0457711,129.3773637
12318709087,36.0457954,129.3774198
12318709086,36.0458084,129.3774879
12318709085,36.0458149,129.37756
12318709084,36.0458165,129.3776182
12318709083,36.04581,129.3777143
12318709082,36.0458035,129.3777805
12318709081,36.0458052,129.3778466
12318709080,36.0458116,129.3779167
12318709079,36.0458278,129.3779748
12318709078,36.0458489,129.378031
12318709077,36.0458991,129.3781251
12318709076,36.0459251,129.3781812
12318709075,36.0459413,129.3782353
12318709074,36.045951,129.3782935
12318709073,36.0459542,129.3783456
12318709072,36.0459542,129.3783997
12318709071,36.0459429,129.3784698
12318709070,36.0459332,129.3785359
12318709068,36.0459315,129.378592
12318709067,36.0459396,129.3786622
12318709066,36.0459526,129.3787243
12318709065,36.045972,129.3787764
12318709064,36.0460304,129.3788926
12318709063,36.0460531,129.3789427
12318709043,36.0460706,129.3789863
12318709042,36.0461241,129.3792666
12318709041,36.0461305,129.3793459
12318709040,36.0461305,129.3794199
12318709039,36.0461198,129.3795442
12318709038,36.0461177,129.3796262
12318709037,36.0461241,129.3796896
12318709036,36.0461369,129.3797452
12318709035,36.0461604,129.3798033
12318709034,36.0461882,129.3798536
12318709033,36.0462074,129.3798932
12318709032,36.046231,129.3799673
12318709031,36.0462523,129.3800334
12318709027,36.0462875,129.3802343
12318709026,36.0466296,129.3801461
12318709025,36.0467932,129.3810427
12318709145,36.0387871,129.3776978
12318709146,36.0388018,129.3777829
12318709147,36.0388092,129.3778618
12318709148,36.0388092,129.3779469
12318709151,36.0373577,129.3778831
12318709152,36.037284,129.3778892
12318709153,36.0372447,129.3778284
12318709154,36.0371465,129.3778466
12318709155,36.037063,129.3778831
12318709163,36.0344203,129.3798795
4677735294,36.0345546,129.3798017
12318709164,36.0347157,129.3796426
12318709165,36.0346175,129.3796547
12318709167,36.0344959,129.3796821
12318709202,36.0311598,129.3825209
12318709203,36.0311205,129.3826059
12318709204,36.0310738,129.3827092
12318709205,36.0310444,129.3827517
12318709206,36.03101,129.3827699
12318709207,36.0309731,129.3827699
12318709208,36.0309412,129.3827456
12318709228,36.0308954,129.3826803
12318709229,36.030861,129.3826135
12318709230,36.0308365,129.3825437
12318709231,36.0308021,129.3824009
12318709232,36.0307603,129.3822521
12318709212,36.0306954,129.3820869
12318709233,36.0306474,129.3819939
12318709234,36.0305982,129.381921
12318709235,36.0305368,129.381842
12318709236,36.0300431,129.3813348
12318709247,36.0298821,129.3811725
12318709248,36.0297331,129.3810298
12318709249,36.0295824,129.380894
12318709250,36.0294632,129.3807996
12318709251,36.0293292,129.3806937
12318709252,36.0292436,129.3806316
12318709254,36.0291446,129.3805671
12318709255,36.0277119,129.3797263
12358246711,36.0271412,129.3793883
12358246718,36.0268008,129.3791866
12358246712,36.0266057,129.3790711
12358246743,36.0264123,129.3789565
12318709256,36.0263861,129.378941
12318709257,36.026076,129.3787585
12318709258,36.0260268,129.3787347
12318709259,36.0259819,129.3787215
12318709260,36.0259349,129.3787083
12318709261,36.0258964,129.3786845
12318709262,36.0258515,129.3786501
12358246760,36.025796,129.3785981
12318709263,36.0257809,129.378584
12318709264,36.0257125,129.3785364
12358246759,36.0256197,129.3784812
12318709265,36.0256013,129.3784703
12318709227,36.0250777,129.3781931
12318709253,36.0247074,129.3779838
12318709284,36.0245763,129.3777446
12327752164,36.024363,129.3776218
12318709237,36.030092,129.3812493
12318709238,36.0302492,129.3810002
12318709240,36.0300121,129.381175
12318709239,36.0301797,129.3813338
12318709241,36.030269,129.3810115
12318709242,36.0302969,129.3810207
12318709243,36.030323,129.3810092
12318709244,36.0303342,129.3809885
12318709245,36.0303379,129.3809586
12318709246,36.0303332,129.3809003
12318709267,36.0310797,129.3823228
12318709268,36.0309664,129.3822065
12318709269,36.0308616,129.3820716
12318709270,36.0305131,129.3816433
12318709271,36.0304147,129.3815243
12318709272,36.0302415,129.3813339
12318709273,36.030156,129.3812493
12318709274,36.0299871,129.381088
12318709281,36.0298139,129.380932
12318709282,36.0296043,129.3807522
12318709283,36.0293862,129.380575
12318709285,36.0292187,129.3804509
12318709286,36.0290006,129.3803055
12318709287,36.0287526,129.3801389
12318709288,36.0284874,129.3799776
12318709289,36.0277625,129.379573
12318709299,36.0264349,129.3788104
12318709294,36.0263633,129.3787693
12318709295,36.026125,129.3786356
12318709298,36.0256439,129.3783675
12318709297,36.0251756,129.3781011
12318709296,36.0248044,129.3778622
12358004422,36.0247126,129.3778076
12318709275,36.0302052,129.3813577
12318709276,36.0299935,129.3811541
12318709300,36.0262363,129.3787408
12318709301,36.0263478,129.3784463
12318709302,36.0261455,129.3786887
12318709303,36.0263351,129.3787969
12327752144,36.0308457,129.3823455
12327752167,36.0244786,129.3774101
12327752182,36.0370538,129.3742729
12327752184,36.0369909,129.3737043
12327752186,36.0368109,129.3729935
12327752190,36.0368023,129.3717892
12327752198,36.0389336,129.3728836
12327752200,36.0391223,129.3740021
12327802102,36.0384738,129.3740021
12327802104,36.0378644,129.3734629
12327802106,36.0379056,129.3728031
12327802108,36.0376713,129.3725456
12327802110,36.0371204,129.3736614
12327802114,36.0350447,129.3753915
12327802122,36.0356808,129.371946
12327802123,36.0361271,129.3718509
12318709196,36.0311043,129.382465
12318709197,36.0310552,129.3824984
12318709198,36.0310134,129.3825136
12318709199,36.0309667,129.3825136
12318709200,36.0309324,129.3824923
12318709209,36.0308944,129.3824393
12318709210,36.0308329,129.3823208
12318709211,36.0307666,129.3821993
12318709213,36.0303196,129.3819989
12318709214,36.0302508,129.381929
12318709215,36.0299683,129.3816526
12318709216,36.029735,129.3814582
12318709217,36.0296269,129.3813884
12318709218,36.0290841,129.3810725
12318709219,36.0283472,129.3806321
12318709220,36.0278756,129.3803496
12318709221,36.0269692,129.379812
12358246715,36.0268346,129.3797283
12318709222,36.0264337,129.3794901
12358246744,36.0261888,129.3793463
12358246745,36.0259485,129.3792053
12318709223,36.0258024,129.3791195
12318709224,36.025709,129.3790041
12318709225,36.0254806,129.3788613
12318709226,36.0249451,129.3785546
12358246764,36.02432,129.377597
12327752165,36.0241401,129.3774932
12358004423,36.0239509,129.3774676
12358004424,36.0238598,129.3774595
12358004425,36.023786,129.3774381
12358004426,36.0237144,129.3774112
6647012047,36.0235409,129.377312
12358004427,36.0234021,129.3772279
12358004428,36.0232025,129.3777429
12358004442,36.0215894,129.3768325
12358004421,36.0242083,129.3773434
12358004446,36.02405,129.3774394
12358004430,36.0236024,129.377172
12358004445,36.022294,129.376418
12358004453,36.0222021,129.3763642
12358004477,36.0216272,129.3760278
12318709266,36.02334,129.3771926
12358004431,36.0231643,129.3776459
12358004432,36.0229874,129.3775473
12358004437,36.0228504,129.3774734
12358004438,36.0227083,129.3773933
12358004443,36.0216692,129.376811
12358004444,36.0218461,129.3763396
12358004454,36.0221388,129.3765079
12358004439,36.0228852,129.3769373
12358004441,36.0230333,129.3770182
12358004440,36.0231658,129.3770936
12358004452,36.0217954,129.3764748
12358004450,36.0217354,129.3766345
12358004476,36.0214777,129.3760124
12358004478,36.0217381,129.37604
12358004479,36.0218328,129.3760646
12358004480,36.0219025,129.3760924
12358004481,36.0220969,129.3762094
12358004482,36.0221318,129.3762279
12358004483,36.0221692,129.3762341
12358004484,36.0222065,129.3762249
12358010038,36.0337936,129.3766108
12358010042,36.0338308,129.3761684
12358246735,36.0270922,129.3795089
12358246742,36.0270257,129.3796729
12358246728,36.0269991,129.3797383
12358246717,36.0265601,129.3791839
12358246729,36.0265332,129.3792504
12358246721,36.0264798,129.3793824
12358246713,36.026466,129.3794167
12358246719,36.0266556,129.3795269
12358246714,36.0268629,129.3796474
12358246727,36.0268764,129.3796098
12358246733,36.0269225,129.379481
12358246716,36.0269475,129.3794113
12358246720,36.0267535,129.3792974
12358246730,36.0267369,129.3793364
12358246724,36.0267048,129.3794117
12358246722,36.0265527,129.3793791
12358246723,36.0266265,129.3793872
12358246725,36.0267566,129.3794489
12358246726,36.0268152,129.3795186
12358246731,36.0268022,129.3793765
12358246732,36.0268651,129.3794274
12358246734,36.026954,129.3795106
12358246736,36.0270538,129.3794837
12358246737,36.0270191,129.3794757
12358246738,36.0269887,129.3794864
12358246739,36.0269497,129.3795481
12358246740,36.0269519,129.379591
12358246741,36.0269779,129.379634
12358246747,36.026312,129.3791315
12358246751,36.0262546,129.3792315
12358246749,36.0259642,129.3789772
12358246746,36.0259587,129.3790568
12358246750,36.0260858,129.3790837
12358246758,36.025529,129.3787292
12358246757,36.0255961,129.3787542
12358246756,36.0256677,129.3787783
12358246755,36.0257241,129.3788078
12358246761,36.025741,129.3788246
12358246754,36.0257783,129.3788615
12358246753,36.025813,129.3788883
12358246752,36.0258456,129.3789044
12358246748,36.0258781,129.3789017
12358246762,36.0244247,129.378258
12358246763,36.024557,129.3779012
12358246771,36.0242229,129.3776973
12358246765,36.0241449,129.3777779
12358246766,36.0242425,129.3779147
12358246767,36.0239778,129.3782151
12358246768,36.0240494,129.3782794
12358246769,36.0243033,129.3782649
12358246770,36.0244768,129.3778449
4677735225,36.0312437,129.3805932
12381251691,36.0312417,129.3806651
12381251692,36.0312321,129.380744
12381251693,36.0312164,129.380821
12381251695,36.0311571,129.3809495
12381251696,36.0311093,129.3809994
12381251688,36.0318283,129.3814447
12381251689,36.0325419,129.3809914
12381251690,36.0338021,129.3801867
12381251697,36.0303312,129.3807986
12381251698,36.030316,129.3808442
12381266307,36.030304,129.3808628
12381251699,36.03029,129.3808844
12381251700,36.0302531,129.3809246
12381266301,36.0302098,129.3809461
12381266302,36.0301664,129.3809541
12381266305,36.0303603,129.3808976
12381266304,36.0304375,129.3808898
12381266306,36.0302748,129.3808254
12381266308,36.0297718,129.3805233
12381266311,36.0299987,129.3804817
12381266309,36.0301797,129.3804486
12381266310,36.030123,129.3800306
12381266315,36.0293639,129.3799255
12381266317,36.0262416,129.3783883
12381266318,36.0264559,129.3785054
12381266319,36.0244924,129.3774886
12381266323,36.0249085,129.3776581
12381266324,36.0248861,129.3776118
12381266325,36.0248761,129.3775595
12381266326,36.0248786,129.3775071
12381266327,36.024896,129.3774486
12381266330,36.0296478,129.3781449
12438014637,36.0336163,129.3781025
12438049900,36.0307985,129.3787362
12438049950,36.0277304,129.3758332
12438025246,36.0396284,129.3756026
12438025257,36.0393142,129.3757982
12438025248,36.0392925,129.3756955
12438025271,36.0393071,129.375568
12438025249,36.0393171,129.3754812
12438025250,36.0393033,129.3753219
12438025251,36.0395379,129.375284
12438025252,36.0391576,129.3753466
12438025256,36.039161,129.3761942
12438025254,36.0391944,129.3763309
12438025269,36.0392097,129.3763547
12438025270,36.039248,129.3763377
12438025255,36.039495,129.3760597
12438025258,36.0390165,129.3759117
12438025259,36.038742,129.3757183
12438025260,36.0387052,129.3755742
12438025261,36.0389199,129.3754698
12438025262,36.0385917,129.3756254
12438025264,36.0385706,129.3765848
12438025265,36.0385835,129.3766167
12438025266,36.0386145,129.3766374
12438025267,36.0386467,129.3766263
12438025268,36.0397106,129.3759709
12438025299,36.0401879,129.3765999
12438025300,36.0403118,129.3765285
12438049801,36.0404314,129.3765323
12438049802,36.0407228,129.3765494
12438049803,36.0408409,129.3765627
12438049804,36.0410295,129.3765323
12438049805,36.0411338,129.3764925
12438049806,36.0413132,129.3764697
12438049807,36.0414804,129.376392
12438049808,36.0416552,129.3763047
12438049809,36.0402971,129.3769495
12438049810,36.0403345,129.3769925
12438049811,36.040448,129.3770244
12438049812,36.040777,129.376922
12438049813,36.0407596,129.3770696
12438049814,36.0407607,129.3771487
12438049815,36.0407867,129.3771916
12438049819,36.034063,129.3785113
12438049820,36.0340888,129.3786102
12438049821,36.0341095,129.3786389
12438049822,36.0341559,129.3786645
12438049823,36.0341997,129.3786645
12438049824,36.03425,129.3786581
12438049825,36.0343094,129.3786453
12438049826,36.0345247,129.3785496
12438049827,36.0344241,129.3781429
12438049828,36.0340824,129.3783503
12438049829,36.0341159,129.3782434
12438049830,36.034192,129.3782051
12438049831,36.0346202,129.3780839
12438049888,36.028097,129.3776118
12438049889,36.0279513,129.3776432
12438049891,36.0279192,129.3773863
12438049893,36.0293191,129.378898
12438049895,36.0291296,129.378983
12438049897,36.029237,129.3792995
12438049898,36.0292738,129.3795986
12438049902,36.0309262,129.3796686
12438049901,36.030932,129.3797104
12438049905,36.0328108,129.3780337
12438049920,36.0276243,129.3789708
12438049915,36.0276079,129.37886
12438049916,36.0277256,129.3788327
12438049918,36.0276478,129.378309
12438049919,36.0275295,129.3783359
12438049917,36.0277544,129.3790268
12438049921,36.0275166,129.3789959
12438049932,36.0269531,129.3776596
12438049940,36.0275141,129.3771581
12438049941,36.0275837,129.377619
12438049947,36.0276883,129.3768668
12438049949,36.0275451,129.3769582
12438049951,36.0269514,129.3763789
12438049966,36.0291705,129.3759631
12438049968,36.029267,129.3758089
12438049976,36.0267237,129.3775141
12438049978,36.0268897,129.3773572
12438049979,36.0270285,129.3772633
12381266321,36.0248462,129.377424
12381266320,36.0247789,129.3774578
3956007571,36.0247225,129.3774768
3956007570,36.024668,129.3774867
12438049985,36.0312916,129.3747237
12438049987,36.0311493,129.3747508
12438049989,36.0310243,129.3747756
12438049994,36.0312505,129.3748026
12438050006,36.0358001,129.3714891
12438050004,36.0354218,129.3715646
12438050005,36.0353754,129.3712125
12438050007,36.0357803,129.371315
12438050009,36.0376012,129.3757984
12438050013,36.0377315,129.3755033
12438050015,36.0377584,129.3756672
12438050017,36.0402851,129.3725697
12438050019,36.0411321,129.3737081
12438050020,36.0411339,129.373674
12438050021,36.0412156,129.3736866
12438050025,36.0409792,129.3736501
12438050022,36.0408826,129.3736343
12438050024,36.0409726,129.3737108
12438050026,36.0411798,129.3733232
12438050027,36.0410193,129.3733165
12438050029,36.0401762,129.3733985
12438050031,36.0380026,129.3725739
12438050033,36.0365475,129.3763901
12438050034,36.0347343,129.3762744
12438050038,36.0346586,129.3762997
12438050040,36.0345005,129.3763526
12438050042,36.0343313,129.3764093
12438050035,36.0341813,129.3764595
12438050043,36.0343775,129.3760372
12438050044,36.0344014,129.376265
12438050045,36.0343461,129.3757379
12438050047,36.0341221,129.3757531
12438050048,36.0327155,129.3783852
12438050049,36.0327638,129.3787341
12438050051,36.0326128,129.3787937
12438050055,36.0325571,129.3784215
12438050053,36.0328268,129.3783603
12438050054,36.0323936,129.3784572
12438050056,36.0324483,129.3788238
12438050058,36.0311373,129.3764503
12438050060,36.0313225,129.3764221
12438050062,36.0259484,129.3777734
12438050063,36.0256827,129.3779584
12438050064,36.0255447,129.3778802
12438050067,36.0270946,129.3785554
12438050066,36.0271403,129.3788015
5313419371,35.7509947,129.466419
12650228599,35.7507532,129.4666876
12650228600,35.7508468,129.4662867
12650228598,35.7508403,129.4663315
13807521041,35.7507972,129.4664913
12650241302,35.7509632,129.4662361
12650228597,35.7509167,129.4662438
12650241301,35.7508803,129.4662424
13802091146,35.7491285,129.4685877
5313419369,35.7489872,129.4687656
13802091145,35.7488347,129.4689648
13802091144,35.7486484,129.4692119
5313419382,35.7484789,129.4694478
13802091143,35.7483126,129.4696908
13802091142,35.7481166,129.4699898
5313419383,35.7478814,129.4703701
13802091141,35.7474571,129.4711015
13802091140,35.7473225,129.471351
5313419384,35.7472065,129.4715777
13802091116,35.7470808,129.4718423
13802091115,35.7469414,129.4721499
13802091114,35.7468325,129.4724003
13802091139,35.7468152,129.4724432
5313419385,35.7467376,129.4726369
12650241306,35.7511516,129.4665614
12650241305,35.7511458,129.4664933
12650241304,35.7511457,129.4664395
13807521039,35.7511542,129.4663634
13807521040,35.7511717,129.4662817
12650241311,35.7508768,129.4666324
12650241310,35.7509502,129.4666087
12650241309,35.7510156,129.4665947
12650241308,35.7510607,129.466591
13807521037,35.7511123,129.4666056
9271029065,36.0360922,129.3647454
13055631347,36.04885,129.3720099
13055631346,36.0489041,129.371955
13055631348,36.048935,129.3718544
12855608457,36.0489533,129.3717538
13055631345,36.0489501,129.3715951
12855618613,36.0489923,129.3713795
13671609557,36.0493211,129.3698738
13671609567,36.0493297,129.3697673
13671609558,36.0493474,129.3695527
13671609563,36.0493375,129.3694063
13671609564,36.0493309,129.3692193
13671609565,36.0493013,129.3689713
12855608461,36.0490879,129.3714092
12855608462,36.048847,129.3713206
12855608468,36.0539838,129.3771358
12855608471,36.0537572,129.3773717
12855608472,36.0546766,129.3773927
12855608473,36.0546756,129.3772421
12855608482,36.048815,129.3710058
12855608483,36.0487826,129.3711383
12855608486,36.0492948,129.3703648
12855608487,36.0493406,129.3701611
12855608492,36.0489591,129.3677194
12855608493,36.0489179,129.3674849
12855608496,36.0488596,129.3674502
12855608497,36.0487105,129.3675145
12855608498,36.0489129,129.3678117
12855618626,36.0488399,129.3678251
12855608499,36.0487877,129.3678359
12855608500,36.0486057,129.3677645
12855618601,36.0485958,129.367612
12855618602,36.0474386,129.3677476
12855618603,36.0474474,129.3679032
12855618604,36.0473926,129.3677229
12855618605,36.047324,129.3677306
12855618606,36.0472568,129.3679309
12855618607,36.0472755,129.367783
12855618608,36.0473689,129.3679694
12855618609,36.0473153,129.3679771
12855618610,36.0461644,129.3680803
12855618611,36.0461495,129.3679263
12856161064,36.021807,129.3574637
12856161066,36.0217656,129.357429
13989496774,36.0216938,129.3573776
12856161065,36.0216562,129.3573506
12856161068,36.0216348,129.357281
13989496766,36.0217443,129.3570828
12856161072,36.0219569,129.3572024
12856161073,36.0217806,129.3570623
12856161075,36.0219582,129.3572436
12856161076,36.0218515,129.3574392
12856171029,36.0229088,129.3513661
12856171030,36.0230956,129.3510056
12949883777,36.0566716,129.3558432
12949883778,36.0565289,129.3555514
12949883781,36.0566633,129.3558993
12949883782,36.0564858,129.3560567
12949883784,36.0543056,129.3583181
12949883785,36.054109,129.3580934
12949883788,36.0525035,129.3599988
12949883789,36.0525197,129.360069
12949883791,36.0525718,129.360183
12949883792,36.0527428,129.3603165
12949883795,36.0529564,129.3603017
12949883796,36.0528682,129.3603171
12949883798,36.0527518,129.3603845
12949883800,36.0525878,129.3606059
12949898101,36.052324,129.3604562
12949898102,36.0524691,129.3601984
12949898105,36.0523383,129.3605034
12949898106,36.0524937,129.3606516
12949898109,36.0525564,129.3608725
12949898110,36.0525587,129.3609553
12949898112,36.0521522,129.3604994
12949898113,36.0522433,129.3604743
12949898144,36.0530356,129.3599991
12949898145,36.0529841,129.3600956
12949898146,36.0529641,129.3602018
12949898147,36.0529655,129.3603884
12949898148,36.0530514,129.3605654
12949898149,36.053291,129.3609335
12949898150,36.0534663,129.3612281
12949898151,36.0535438,129.3613551
12949898153,36.0536143,129.3614892
12949898154,36.0537542,129.3617674
8523400202,36.0538459,129.3619324
12949898155,36.0539502,129.36212
12949898156,36.0542192,129.362588
12949898157,36.0544488,129.3629977
12949898158,36.0546205,129.363287
12949898165,36.0546289,129.3632911
12949898159,36.0546519,129.3633021
12949898160,36.054692,129.3632923
12949898161,36.0547292,129.3632755
12949898163,36.0547769,129.3635022
12949898166,36.0544588,129.3634472
12949898169,36.054779,129.3635363
12949898170,36.0545783,129.3636914
12949898173,36.0544795,129.3635551
12949898174,36.0545375,129.3636551
12949898176,36.0555213,129.3629533
12949898177,36.0554926,129.3629127
12949898178,36.055458,129.3628913
12949898201,36.0554316,129.3629046
12949898179,36.0554096,129.3629157
12949898180,36.0552041,129.3630997
12949898181,36.0548467,129.3634026
12949898182,36.0548015,129.3634574
12949898183,36.0547802,129.363556
8523400204,36.0548648,129.3637076
12949898184,36.055062,129.3640612
12949898185,36.0554252,129.3646923
12949898186,36.0557769,129.3653469
12949898187,36.0561581,129.365975
12949898188,36.0565279,129.3666031
12949898189,36.056827,129.3670971
12949898190,36.0572263,129.3677882
12949898191,36.057679,129.3685444
12949898192,36.0578573,129.3688066
12949898193,36.0580709,129.3691125
12949898194,36.0581827,129.3692416
12949898195,36.058232,129.3692528
12949898196,36.0582723,129.3692314
12949898197,36.0583314,129.3691623
12949898198,36.0584703,129.3689641
12949898199,36.0556226,129.3627994
12949898202,36.0553443,129.3627378
12949898204,36.0556096,129.3627177
12949898205,36.0555423,129.3625837
12949898207,36.05548,129.3625429
12949898208,36.0553543,129.3626346
12949898210,36.0548274,129.3631839
12949898211,36.0549841,129.3630635
12949898212,36.0550063,129.3630388
12949898213,36.0550721,129.3629715
12949898214,36.0551422,129.3629114
12949898216,36.0552709,129.3628149
12949898217,36.0553611,129.3626848
12949898218,36.0552824,129.3625043
12949898219,36.0550828,129.3621575
12949898220,36.0548546,129.3617576
12949898221,36.0547545,129.361601
12949898222,36.0546851,129.3615771
12949898223,36.0546021,129.3615753
12949898224,36.0545134,129.3615877
12949898225,36.054429,129.3616178
12949898226,36.0544061,129.3616372
12949898227,36.0555749,129.3625716
12949898228,36.0553367,129.3622672
12949898229,36.0551715,129.3619682
12949898230,36.054992,129.3616797
12949898231,36.0549261,129.3615585
12949898232,36.0549312,129.3615151
12949898234,36.0548417,129.3614045
12949898236,36.0547831,129.3613169
12949898237,36.0547173,129.3611878
12949898238,36.0546965,129.3611232
12949898239,36.0548439,129.3611188
12949898240,36.0548932,129.3611072
12949898241,36.0549734,129.3610931
12949898242,36.0553553,129.3611028
12949898243,36.0556472,129.3611595
12949898244,36.0558947,129.3612117
12949898245,36.0561508,129.361301
12949898246,36.0564183,129.3614196
12949898247,36.0566686,129.361532
12949898248,36.0569748,129.3616841
12949898249,36.0571322,129.3617558
12949898250,36.0571987,129.3617275
12949898251,36.0572387,129.3616328
12949898252,36.0545713,129.3612409
12949898254,36.0546865,129.3609984
12949898255,36.0546407,129.3609365
12949898256,36.0545213,129.3609409
12956649908,36.0345372,129.3798777
12956649909,36.0344721,129.379926
12956649910,36.0344537,129.3799474
12956649911,36.0344504,129.3799769
12956649912,36.0345719,129.3802881
12956649913,36.0345871,129.3803149
12956649914,36.0346066,129.3803323
12956649915,36.034637,129.3803363
12956649916,36.0346673,129.3803176
12956649917,36.034869,129.3801969
12956649918,36.035318,129.3799045
12956649919,36.035536,129.3797743
12956649920,36.0355403,129.3797345
12956649921,36.0356326,129.3796912
12956649922,36.0356583,129.3796929
12956649923,36.0365234,129.3791532
12956649924,36.0365234,129.3791293
12956649925,36.0366056,129.3790992
12956649926,36.0366278,129.3791037
12956649964,36.036652,129.3790902
12956649927,36.0368453,129.3789824
12956649928,36.0373819,129.3787435
12956649929,36.0379536,129.3784825
12956649966,36.038279,129.3783233
12956649930,36.0383171,129.3783047
12956649931,36.0387471,129.3781251
12956649932,36.0387606,129.3781021
12956649933,36.0388351,129.3780738
12956649934,36.0388751,129.378064
12956649935,36.0395484,129.3777543
12956649971,36.0399639,129.3775638
12956649936,36.0399805,129.3775561
12956649937,36.0400156,129.3775181
12956649938,36.0400156,129.3774624
12956649939,36.0399755,129.377027
12956649940,36.0399562,129.3767961
12956649941,36.0399378,129.3767692
12956649942,36.0399128,129.376785
12956649943,36.0398764,129.3768031
12956649944,36.0397287,129.3769543
12956649945,36.0396395,129.3770197
12956649946,36.03953,129.3771008
12956649947,36.0394073,129.3771641
12956649948,36.0392327,129.3772553
12956649949,36.0390494,129.3773277
12956649950,36.0388672,129.3773351
12956649951,36.0387165,129.3773485
12956649952,36.0386265,129.3773894
12956649953,36.0384432,129.377496
12956649954,36.0382155,129.3776449
12956649955,36.0380365,129.3777602
12956649956,36.0378137,129.377893
12956649957,36.0375836,129.3780401
12956649958,36.0371862,129.3782743
12956649959,36.0368349,129.3784838
12956649960,36.0365558,129.3786579
12956649961,36.0364655,129.3786995
12956649962,36.0364618,129.378738
12956649963,36.0365758,129.3790607
12956649969,36.0383008,129.3783994
12956649968,36.0383369,129.3785251
12956649974,36.0401506,129.3765868
12956649975,36.040121,129.3766091
12956649976,36.0401786,129.3774324
12956649977,36.0401884,129.3774334
12956649978,36.0402155,129.3774487
12956649979,36.0402953,129.377407
12956649980,36.0405508,129.3772901
12996837997,36.0585511,129.3691467
12996837998,36.0585025,129.3691803
12996837999,36.0584495,129.3692529
12996838000,36.0584824,129.3693236
12996838001,36.058584,129.3694227
12996838002,36.0587557,129.369536
12996838003,36.0589602,129.3696333
12996838004,36.0591491,129.3696917
12996838005,36.059315,129.3697253
12996838006,36.0583873,129.3693696
12996838007,36.0583737,129.3694227
12996838008,36.0583709,129.3695024
12996838009,36.0584409,129.3695705
12996838010,36.0586648,129.3697227
12996838011,36.0587678,129.3697864
12996838012,36.0589753,129.3698634
12996838013,36.059094,129.3699138
12996838014,36.0596834,129.3700501
12996838015,36.060443,129.3702447
8730115472,36.0604772,129.3702525
12996838016,36.0606077,129.3702821
12996838017,36.060639,129.3702638
12996838018,36.0607318,129.3702974
12996838019,36.060763,129.3703238
12996838020,36.0609717,129.3703756
12996838021,36.0610046,129.3703543
12996838022,36.0610826,129.3703909
12139844196,36.061111,129.3703998
12996838023,36.0613982,129.3704766
12996838024,36.0614579,129.3704581
12996838025,36.0615289,129.3702779
12996838026,36.0619287,129.3693489
12996838027,36.06191,129.369312
13053067066,36.0531561,129.376043
13533468882,36.0530413,129.376047
13533526603,36.0529418,129.3760446
13515899588,36.0528234,129.3760396
13533468883,36.0526386,129.3760173
13515899582,36.0499278,129.3756376
13533526604,36.0496688,129.3756073
13515899581,36.0494645,129.3755894
13142408639,36.0491564,129.3755699
13055631343,36.0491702,129.372044
13055631344,36.0490303,129.371953
13055631352,36.0487479,129.3718553
13055631353,36.0487901,129.3718945
13055631356,36.0488275,129.3719069
13055631354,36.048865,129.3719062
13055631355,36.0489,129.3718855
12202901009,35.7537791,129.4858909
13059969442,35.7537135,129.4857183
13059969443,35.7536617,129.4856195
13059969444,35.7535947,129.4854918
13059969445,35.7535642,129.4854492
13059969446,35.7535266,129.4854292
13059969447,35.7534585,129.4854217
13059969448,35.7533753,129.4854179
13059969449,35.7533163,129.4854067
13059969450,35.7532838,129.4853904
13059969451,35.7532706,129.4853654
13059969452,35.7532625,129.4853116
13059969453,35.7532584,129.4852227
13059969454,35.7532422,129.4851426
13059969455,35.7532097,129.4850612
13059969456,35.7531904,129.4849911
13059969457,35.7531904,129.4849311
13059969458,35.7531995,129.4848785
13059969459,35.7532239,129.4848097
13059969460,35.7532706,129.4847471
13059969461,35.7532981,129.4846995
13059969462,35.7533092,129.4846495
13059969463,35.7533143,129.4845906
13059969464,35.753297,129.4845431
13059969465,35.7531985,129.4844054
13059969466,35.7531345,129.484314
13059969467,35.7531173,129.4842727
13059969468,35.7531162,129.4842314
13059969469,35.7531284,129.4841513
13059969470,35.753168,129.4839348
13059969471,35.7531802,129.483886
13059969472,35.7532097,129.4838246
13059969473,35.7532351,129.4837883
13059969474,35.7532574,129.4837571
13059969475,35.7532686,129.4837233
13059969476,35.7532777,129.4836632
13059969477,35.7532777,129.4835906
13059969478,35.7532584,129.483538
13059969479,35.7532138,129.4835192
13059969480,35.7531447,129.483518
13059969481,35.7530975,129.4835143
13059969482,35.7530557,129.4834977
13059969483,35.7530236,129.483472
13059969484,35.7529862,129.4834223
13059969485,35.7529556,129.4833634
13059969486,35.7529377,129.4832908
13059969487,35.752925,129.4832153
13059969488,35.7529377,129.4831298
13059969489,35.7529676,129.483036
13059969490,35.752993,129.4829698
13059969491,35.7530012,129.4829192
13059969492,35.7529989,129.4828483
13059969493,35.752984,129.4826957
13059969494,35.7529594,129.4825347
13059969495,35.7529586,129.4824878
13059969496,35.7529743,129.4824492
13059969497,35.7530027,129.4824234
13059969498,35.7531564,129.4823701
13059969499,35.7531885,129.4823526
13059969500,35.7532124,129.4823296
13059982201,35.7532258,129.4822965
13059982202,35.7532273,129.4822312
13059982203,35.7532258,129.4820803
13059982204,35.7532169,129.4820132
13059982205,35.7531997,129.4819451
13059982206,35.7531706,129.4818669
13059982207,35.7531228,129.4817612
13059982208,35.7530482,129.4816149
13059982209,35.7530295,129.4815524
13059982210,35.7530228,129.4815036
13059982211,35.7530265,129.4814439
13059982212,35.7530474,129.4813813
13059982213,35.753081,129.4813362
13059982214,35.7531945,129.4812562
13059982215,35.7532326,129.481213
13059982216,35.7532669,129.4811633
13059982217,35.7532893,129.4810907
13059982218,35.7532945,129.4810355
13059982219,35.7532945,129.4809509
13059982220,35.7532841,129.4808552
13059982221,35.7532863,129.4807899
13059982222,35.7533072,129.4807237
13059982223,35.753346,129.4806078
13059982224,35.7533699,129.4805213
13059982225,35.7533729,129.4804505
13059982226,35.7533609,129.480388
13059982227,35.7533318,129.4803089
13059982228,35.7532751,129.4802178
13065119140,35.7369889,129.4832336
13065119141,35.7369176,129.4829474
13065119142,35.7368186,129.482536
13065119143,35.7367619,129.4822107
13089143789,35.7366947,129.4819666
13065119144,35.7366972,129.4818823
13065119145,35.7366576,129.4816709
13065119146,35.7366167,129.4815082
13065119147,35.7365771,129.4813895
13065119148,35.7365124,129.4812692
13065119149,35.7363976,129.4810659
13065119150,35.7362194,129.4807537
13065119151,35.7361138,129.4805829
13065119152,35.7360214,129.4804463
13065119153,35.7359422,129.4803374
13065119154,35.7357204,129.4800869
13065119155,35.7356372,129.4799747
13065119156,35.7356214,129.4799211
13065119157,35.7355554,129.4792039
13065119158,35.7355752,129.4791519
13065119159,35.735694,129.4790787
13065119160,35.735954,129.4796414
13065119161,35.7361375,129.4800284
13065119162,35.736259,129.4802805
13065119163,35.736259,129.480326
13065119164,35.7361877,129.4804707
13065119165,35.7355356,129.4787518
13065119166,35.7355415,129.4786187
13065119167,35.7355644,129.4785465
13065119168,35.735615,129.4784828
13065119169,35.7356598,129.4784545
13065119170,35.7358701,129.4784177
13065119171,35.7360218,129.4784163
13065119180,35.7355404,129.478299
13065119172,35.7355152,129.4782368
13065119173,35.7353792,129.4779684
13065119174,35.735304,129.4777761
13065119175,35.7352592,129.4775935
13065119176,35.7352178,129.4774463
13065119177,35.7351776,129.4773557
13065119178,35.73505,129.477098
13065119179,35.734844,129.4768742
13065119181,35.7355927,129.4784279
13065119182,35.73475,129.476671
13065119183,35.7349381,129.4770777
13065119184,35.7350821,129.4773858
13065119185,35.7351807,129.4776584
13065119186,35.7351928,129.4778004
13065119187,35.7352019,129.4782394
13065119188,35.735261,129.4788278
13065119189,35.7352656,129.4790594
13065119190,35.7352413,129.4793732
13065119191,35.7351913,129.4794629
13065119193,35.7351928,129.478669
13065119194,35.7351503,129.4788371
13065119195,35.7350685,129.4790594
13065119196,35.7350139,129.4792332
13072994527,36.0532351,129.368582
13072994528,36.0532102,129.3687813
13072994529,36.0531853,129.3688367
13072994530,36.053099,129.3688716
13072994531,36.0526855,129.368923
13072994532,36.052629,129.3689333
13072994533,36.0525875,129.3689497
13072994534,36.0525593,129.3690257
13072994538,36.0525684,129.3691923
13072994536,36.0528814,129.3690955
13072994537,36.0527453,129.3691613
13078999361,36.0405403,129.3596843
13078999362,36.0406878,129.3598967
13078999363,36.0408735,129.360062
12202900682,35.7523187,129.4724678
13084910347,35.7523592,129.4726087
13084910348,35.7523331,129.4727196
13084910349,35.7523012,129.4727965
13084910350,35.7522867,129.4729109
13084910351,35.7523215,129.4730754
13084910352,35.752381,129.4732864
13084910356,35.7557011,129.4659152
13084910357,35.7557711,129.4658987
13084910358,35.7558461,129.4658453
13089108752,35.7347035,129.4764422
13089108753,35.7346568,129.4762376
13089108754,35.734631,129.4761065
13089108755,35.7346229,129.476023
13089108756,35.7346858,129.4757886
13089108757,35.7345858,129.4756097
13089108758,35.7344874,129.4754031
13089108759,35.7344084,129.4752958
13089108760,35.7343487,129.4752303
13089108761,35.7342934,129.4751995
13089108762,35.7341959,129.4751607
13089108763,35.7340801,129.4751206
13089108764,35.7339785,129.475053
13089108765,35.7338982,129.4749717
13089108766,35.7338525,129.4748765
13089108767,35.7338454,129.4747651
13089108768,35.7338677,129.474665
13089108769,35.7339226,129.4745774
13089108770,35.7339897,129.4744785
13089108771,35.7340201,129.4744097
13089108772,35.7340293,129.4743383
13089108773,35.7340181,129.4742269
13089108774,35.7340059,129.4741368
13089108775,35.73401,129.4740142
13089108776,35.7340222,129.4738727
13089108777,35.7340618,129.473521
13089108778,35.7341014,129.4731606
13089108779,35.734121,129.4729994
13089108780,35.7341163,129.472922
13089108781,35.7340973,129.4728534
13089108782,35.7340179,129.4727088
13089108783,35.7339753,129.4726154
13089108784,35.7339361,129.4725
13089108785,35.7338923,129.4723467
13089143796,35.7366416,129.4819681
13089143795,35.7365559,129.4819827
13807519557,35.7372704,129.4838851
13089164906,35.737291,129.4841409
13807519558,35.7375545,129.4843167
13807519559,35.7376019,129.4843442
13807519560,35.7376393,129.4843592
13807519561,35.7376831,129.4843734
13807519562,35.7377233,129.4843813
13807519563,35.7377743,129.4843884
13807519564,35.7378224,129.4843911
13807519565,35.7378749,129.4843858
13807519566,35.7379251,129.4843769
13807519567,35.737974,129.4843654
13807519568,35.7380357,129.4843459
13807519569,35.7381435,129.484307
13807519570,35.7383654,129.4842088
13807519572,35.739113,129.4839053
13807519573,35.7391791,129.4838735
13807519574,35.7392193,129.4838451
13807519575,35.7392588,129.4838124
13807519576,35.7392961,129.4837903
13807519589,35.7395978,129.4836646
13807519590,35.7396815,129.4836325
13807519591,35.7397597,129.4836068
13807519592,35.7400549,129.4835139
13807519593,35.7402834,129.4834618
13089135689,35.7420352,129.4801828
13802091167,35.7423189,129.4804484
13089135690,35.7425765,129.4806947
13089135691,35.7432751,129.4789362
13089135692,35.7433398,129.4789713
13089135693,35.743378,129.4789982
13089135694,35.7434065,129.4790285
13807519528,35.7434259,129.4790621
13807519529,35.7434394,129.4791066
13807519530,35.7434436,129.4791459
13807519531,35.7434401,129.4791847
13807519532,35.7434183,129.4792588
13089135695,35.7432509,129.4797212
13807519533,35.7431393,129.4800313
13807519534,35.7430822,129.4801833
13089135696,35.7429932,129.4804046
13802091176,35.7427741,129.4809265
13089135697,35.7426534,129.4812193
13807519535,35.7425968,129.4813733
13807519536,35.7425442,129.481532
13089135698,35.7421262,129.4828275
13807519544,35.7421022,129.4828647
13807519545,35.742075,129.4828867
13807519546,35.7420354,129.4829081
13807519547,35.7419918,129.4829212
13807519548,35.7418156,129.4829637
13807519549,35.7417553,129.4829792
13807519550,35.7417151,129.4829961
13807519551,35.7416656,129.4830292
13807519552,35.7416265,129.4830735
13807519553,35.7415956,129.4831228
13089166001,35.7415622,129.4831944
13807520712,35.7415415,129.4832193
13807520713,35.7415084,129.4832371
13807519595,35.7414321,129.4832448
13092309044,36.0514477,129.353397
13092309045,36.0516932,129.3535214
13092309051,36.0506497,129.3575229
13092326701,36.0500205,129.3573265
13092322885,36.0500766,129.3571083
13092304412,36.0506892,129.3573214
13092309129,36.0499077,129.3569067
13092309130,36.0498605,129.3569067
13092309131,36.0497901,129.3569761
13092309132,36.049758,129.3570366
13092309133,36.0496748,129.3569996
13092309134,36.049613,129.3572186
13092306387,36.0500667,129.3563941
13092329392,36.051021,129.3555367
13092321872,36.0508704,129.3554608
13092329384,36.0511528,129.354574
13092329385,36.0511698,129.354525
13092329386,36.0512087,129.3545101
13092329387,36.0512495,129.3545166
13092329388,36.0512951,129.3545405
13092329389,36.0513131,129.354568
13092329390,36.0513161,129.3546192
13092329391,36.0511321,129.3551667
13092322922,36.0506434,129.3562398
13092310495,36.0508948,129.3563485
13092330935,36.0507284,129.3561091
13092326185,36.0498512,129.3576689
13092314228,36.04966,129.3572402
13092314229,36.0496467,129.3577682
13108382563,36.0522632,129.3517591
13108382565,36.0522979,129.351625
13108382566,36.0523216,129.3515587
13108382567,36.0522867,129.3514663
13108382568,36.0523415,129.3514524
13108382569,36.0523826,129.3514709
13108382570,36.0523901,129.3515187
13108382597,36.0516014,129.3537093
13108382599,36.0513353,129.3540614
13108382600,36.0514526,129.3536951
13108382608,36.0512725,129.3540727
13108382604,36.0511972,129.3540862
13108382605,36.0510985,129.3540119
13108382606,36.0512344,129.3535783
13108382609,36.0504728,129.3591576
13947240082,36.050515,129.3592916
13206367778,36.05069,129.3583976
13108382613,36.0509489,129.3585559
13108382614,36.0510487,129.3584915
13108382615,36.0513089,129.3586364
13108382617,36.0508464,129.3593184
13108382618,36.0507505,129.3592151
13108382619,36.0506708,129.3591797
13108382620,36.0506671,129.3593908
13108382621,36.0507343,129.3593245
13108382622,36.0507804,129.3593199
13108382623,36.0505027,129.3590041
13108382624,36.0505052,129.3591335
13108382625,36.0504142,129.3589871
13108382626,36.0503806,129.3589332
13108412815,36.0540899,129.3586132
13108412816,36.0541344,129.3585909
13108412817,36.0541914,129.3585892
13108412818,36.054265,129.3586648
13108412819,36.0544095,129.358792
13108412820,36.0548426,129.3591752
13108412821,36.0548618,129.3592115
13108412822,36.0548499,129.3592749
13108412823,36.05475,129.3594768
13108412824,36.0547207,129.3594904
13108412825,36.0549742,129.358993
13108412826,36.0549407,129.3590246
13108412827,36.0543238,129.358459
13108412828,36.0543007,129.3583958
13108412829,36.0543007,129.3583287
13108412830,36.054323,129.3582813
13108412831,36.054817,129.3576762
13108412832,36.0548577,129.3576515
8523400198,36.0548708,129.3576228
13108412833,36.0549854,129.3574896
13108412834,36.0550229,129.3574314
13108412835,36.0553054,129.3571205
13108412836,36.0556046,129.3568066
13108412837,36.0559669,129.3564867
13108412838,36.0562271,129.3562479
13108412839,36.0564571,129.3560646
13108412840,36.0565177,129.3560833
13108412841,36.0565544,129.3561317
13108412842,36.0569188,129.3567516
13108412843,36.0569243,129.3567791
13108412844,36.0569028,129.3568204
13108412845,36.0568278,129.3568694
13108412846,36.0560651,129.3574851
13108412847,36.0556544,129.3578159
13108412848,36.0554101,129.3581194
13108412849,36.0552978,129.3582602
13108412850,36.0550268,129.3588826
13108412851,36.0571357,129.3566915
13108412852,36.0570918,129.3566737
13108412853,36.0566713,129.3559236
13108412854,36.0571495,129.3554455
13108412855,36.0575704,129.3551671
13108412856,36.0601871,129.3538841
13108412857,36.0603699,129.3538189
13108412858,36.0603971,129.3538702
13108412859,36.0605024,129.3538021
13108412860,36.0605447,129.3537656
13108412861,36.0609134,129.3535988
13108412862,36.0610753,129.3535287
13108412863,36.0611807,129.3534833
8523400196,36.0612319,129.3534472
13108412864,36.0621159,129.35307
13108412865,36.0621327,129.3530856
13108412866,36.0622422,129.3530205
13108412867,36.062259,129.3529931
13108412868,36.0624812,129.3528837
13108412871,36.062656,129.3528277
13108412872,36.0626897,129.3527925
13108412873,36.0632424,129.3525464
13108412874,36.0636552,129.3523848
13142302397,36.0377799,129.3557591
13142302398,36.0377763,129.3558303
13142302399,36.0378044,129.3559757
13142302400,36.0378828,129.3562512
13142317701,36.0379758,129.3565404
13142440226,36.0379815,129.3565642
13142317706,36.0380443,129.3568266
13142317702,36.0380689,129.3569295
13142317703,36.0381007,129.3571233
13142317704,36.0381191,129.3571672
13142440237,36.0381398,129.3571948
13142317707,36.0378718,129.3569416
13142317708,36.0375779,129.3571794
13142408654,36.0458391,129.3761174
13142401421,36.043616,129.3435601
13142401425,36.0436263,129.34345
13142401422,36.043634,129.3433675
13142401423,36.043757,129.3428807
13142401426,36.0439352,129.3431932
13142401427,36.0439938,129.3431136
13142401428,36.0440277,129.3429951
13142401429,36.0440243,129.34279
13142401430,36.0440232,129.34267
13142401431,36.0440627,129.3425696
13142401446,36.0421363,129.3448378
13142401447,36.0421109,129.3447686
13142401449,36.0418272,129.3451903
13142401450,36.0418485,129.3448756
13142401451,36.0418006,129.3444736
13142401452,36.0417086,129.344037
13142440223,36.0380323,129.3561894
13142440224,36.0382647,129.3560624
13142440225,36.0383132,129.3559382
13142440227,36.0381868,129.3564991
13142440232,36.0382605,129.3564539
13142440228,36.0383436,129.3564028
13142440229,36.03847,129.3565465
13142440230,36.0385568,129.356619
13142440233,36.0382872,129.3566149
13142440234,36.0382883,129.3567976
13142440235,36.0382489,129.3569734
13142440236,36.0381958,129.3571171
13142421145,36.0337731,129.3553594
13142421157,36.0337528,129.3553402
13142421146,36.0336661,129.3552582
13142421147,36.0335512,129.3551765
13142421148,36.0334804,129.3551726
13142421149,36.0334112,129.3552193
13142421150,36.0333483,129.3552465
13142421151,36.0332066,129.3552018
13142421152,36.0331626,129.3551609
13142421153,36.0334899,129.3547601
13142421154,36.0335135,129.3550726
13142421155,36.0337143,129.3548968
13142421156,36.0337369,129.3547908
13142421158,36.0341442,129.3549108
13142421159,36.0341645,129.3548299
13142421160,36.0341961,129.354742
13142421161,36.0342389,129.3546527
13142421162,36.0343258,129.3546011
13142421163,36.0344372,129.3541432
13142421164,36.0343197,129.354083
13142421165,36.0342194,129.3540003
13142421166,36.0341105,129.3539034
13142421167,36.0340302,129.3537688
13144923482,36.0529077,129.3604792
13144923483,36.0528923,129.3604893
13144923484,36.052736,129.3603557
13144923485,36.0528705,129.360149
13144923486,36.0528585,129.3602419
13144923487,36.0528784,129.3603958
12949898136,36.0523068,129.3608944
13144923491,36.0524151,129.3608849
13144923488,36.0528469,129.360847
13144923489,36.0525593,129.3605966
13144923490,36.0525311,129.360603
13144923493,36.0523544,129.3604752
13144923494,36.0522596,129.3606415
13144923495,36.0522574,129.3605424
13144923496,36.0522428,129.3604716
13144923497,36.0522038,129.360381
13144923498,36.0527547,129.3599247
13144923499,36.0525337,129.3602367
13144923500,36.0523531,129.3601296
13144923501,36.0525329,129.3600641
13144923502,36.0520922,129.3603937
13144923503,36.0521686,129.3606295
13144923504,36.0521357,129.360726
13144923505,36.0518391,129.3611356
13144923506,36.0509853,129.3618318
13144923507,36.0508637,129.3618461
13144923508,36.0507798,129.3617846
13144923509,36.0507119,129.3617093
13144923510,36.050669,129.3616072
13144923511,36.0506558,129.3611692
13144923512,36.0506772,129.3611173
13947240072,36.0506842,129.3611008
13947240071,36.0506986,129.3610931
13144923513,36.0517788,129.3601056
368736541,36.0511275,129.359562
13144923514,36.0510061,129.3594747
13144923515,36.0509346,129.3594405
13144923516,36.0508581,129.3594371
13144923517,36.050798,129.3594465
13144923518,36.0507237,129.3594773
13144923519,36.0506852,129.359535
13144923520,36.0506527,129.3596329
13144923521,36.0506424,129.3597529
8243225872,36.0506377,129.360002
13144923522,36.0506174,129.3603363
13144923523,36.0506299,129.3603712
13947240069,36.0507004,129.3609312
13144923525,36.0506749,129.3609059
13947240065,36.0506636,129.3608775
13144923526,36.0506624,129.3608499
13144923527,36.0506721,129.3604537
13144923528,36.0524523,129.3609815
13144923529,36.0524707,129.3609681
13144923530,36.0528752,129.3609655
13144923531,36.0529868,129.3610325
8523400203,36.0533039,129.3614813
13144923533,36.0534335,129.3616829
13144923535,36.0535291,129.3618729
13144923536,36.053785,129.3623021
13144923537,36.0544622,129.3634837
13144923538,36.0544767,129.3635226
13144923539,36.0544583,129.3635518
13144923540,36.0543781,129.3636044
13144923541,36.0542799,129.3636627
13144923542,36.0542159,129.3637378
13144923543,36.0539225,129.3641759
13144923544,36.0538979,129.3642043
13144923545,36.0538535,129.3642165
13144923546,36.0537853,129.3642368
13144923547,36.0537097,129.3642216
13144923548,36.0535947,129.3641413
13144923549,36.0533753,129.3640092
13144923550,36.053197,129.3638974
13144923551,36.0530951,129.3637785
13144923552,36.0531008,129.363751
13144923553,36.0545028,129.3611935
13144923554,36.0542991,129.361257
13144923555,36.0541857,129.3612793
13144923556,36.0540156,129.3613464
13144923557,36.0538809,129.3614572
13144923560,36.0537018,129.3615895
13144923559,36.0536477,129.3616295
13144923562,36.0536015,129.3616636
13144923561,36.0534465,129.3617781
13144923558,36.0533829,129.3618251
13144923563,36.0532219,129.3619278
13144923564,36.0526319,129.3621798
13144923565,36.0521405,129.3623851
13144923566,36.0516549,129.3625996
13144923567,36.0512169,129.3627876
13144923568,36.050797,129.3629706
13144923569,36.0503754,129.3631474
13144923570,36.04993,129.3633405
13144923572,36.0492003,129.3636617
9310065468,36.0506359,129.3586416
13802091131,35.746427,129.4734737
13802091113,35.7463451,129.4737114
13802091051,35.7457924,129.4753867
5313419386,35.7457468,129.4755298
13802091050,35.7457085,129.4756617
13802091049,35.7456744,129.4757955
13802091048,35.7456523,129.4759067
13802091047,35.7456279,129.4760357
13802091046,35.7456092,129.4761696
5313419387,35.7455978,129.4762971
13802091045,35.745592,129.4764252
13802091044,35.7455895,129.4765502
13802091043,35.7455928,129.4766803
13802091042,35.7456011,129.476841
13802091041,35.7456192,129.477026
5313419388,35.7456671,129.4774896
5313419389,35.7456778,129.4776268
13802090994,35.7456824,129.4777564
13802090993,35.7456837,129.4778973
13802090992,35.7456797,129.4780366
13802090991,35.7456717,129.4781811
5313419390,35.7456574,129.4783258
13802090990,35.7456398,129.4784597
13802090989,35.7456165,129.4785935
5313419391,35.7455863,129.4787229
13802090966,35.7455511,129.4788491
5313419392,35.7455093,129.4789773
13802090936,35.7445868,129.479996
13802090954,35.744888,129.4802224
13807577457,35.7368542,129.4838162
13802090965,35.7453967,129.4792736
13802090962,35.7453365,129.4794037
13802090967,35.7452993,129.4794793
5313419394,35.7452359,129.4796085
5313419406,35.74513,129.4798236
13802091117,35.7478926,129.4746421
13802091075,35.7466981,129.4765431
13802091079,35.7465535,129.4767702
13253924057,35.7450511,129.4799108
13253924058,35.7449915,129.4799685
13802090938,35.7449372,129.4800163
13802090939,35.744897,129.4800375
13802090940,35.7448496,129.4800544
13802090941,35.7448087,129.4800597
13802090942,35.7447556,129.4800588
13802090943,35.7447103,129.4800508
13802090947,35.7446651,129.4800358
13802090946,35.7446335,129.4800429
13802090945,35.744668,129.4800933
13802090944,35.7446931,129.4801517
13802090935,35.7447128,129.480216
13802090934,35.7447244,129.4802793
13802090933,35.7447318,129.4803564
13802090932,35.7447336,129.4804345
13802090931,35.7447287,129.4805217
13253924059,35.7447189,129.4806027
13253924060,35.7447025,129.4807117
13327784388,36.0464684,129.3524212
13327784391,36.0474063,129.351929
4658645869,36.0686336,129.375463
13432283980,36.0686102,129.3754538
13432283981,36.0685885,129.3754287
13523702635,36.0619022,129.3707417
13523702629,36.0618908,129.3707437
13523702630,36.0618802,129.3707433
13523702628,36.0618016,129.3707266
13523702632,36.0617898,129.3707272
13523702631,36.0617824,129.3707306
13523702636,36.0617771,129.3707365
13523702633,36.0617734,129.37075
13523702634,36.0617753,129.3707655
8124792416,36.0533936,129.3769891
13515899584,36.0532826,129.3763111
13515899592,36.05349,129.3759421
13533468881,36.0533948,129.3759953
13515899590,36.0532698,129.3760359
13532608963,36.0479823,129.3758198
13533495277,36.048242,129.3758044
13515899596,36.0488025,129.3757456
13515899597,36.0490569,129.3757513
13515899598,36.049247,129.3757873
13515899599,36.0493826,129.3757853
13515899600,36.0494938,129.3757668
13515947102,36.0495643,129.3756836
13515947103,36.0495816,129.3755575
13515947113,36.049583,129.3754921
13515947114,36.0495639,129.3754331
13515899593,36.0483465,129.3756353
4647047814,36.0486545,129.3755828
13515899580,36.0488799,129.375566
13515947106,36.0495359,129.3753757
13515947107,36.0494985,129.3753326
13515947108,36.0494101,129.3752941
13515947109,36.0492257,129.3752818
13515947111,36.0486901,129.3753742
13515947112,36.0483538,129.3754685
13532608964,36.0479696,129.3756063
13532608965,36.0477685,129.3757127
9306379026,36.0671492,129.3495218
9306379027,36.0670211,129.3489
9306379028,36.0669534,129.3486429
4057921129,36.0222961,129.3504263
4057921130,36.0219427,129.350167
9310065482,36.0488561,129.3678855
13671609574,36.049407,129.367777
13952032119,36.0494573,129.3675845
13671609573,36.0494838,129.3673365
13671609572,36.0494669,129.3670152
13952032152,36.0494401,129.3667095
13671609570,36.0493617,129.3658922
13947240094,36.0491391,129.362682
13947240099,36.0491402,129.3627959
6192248364,36.0490965,129.3631528
13727740598,36.0283475,129.3641221
13727741802,36.0288131,129.3647426
13727741803,36.0289443,129.3644663
13784654857,35.7635024,129.493436
13784654870,35.7634347,129.493449
13784654871,35.7631683,129.4934643
13784654872,35.7630091,129.4934673
13784654873,35.76284,129.4934622
13784654881,35.7626916,129.493447
13784654882,35.7625778,129.4934266
13784654883,35.7624607,129.4933972
13784654884,35.7623691,129.4933667
13784654885,35.7622825,129.4933291
13784654889,35.761546,129.4929408
13784654890,35.7614471,129.4928788
13784654895,35.761339,129.4928046
13784654896,35.7612541,129.4927396
13784654897,35.7611658,129.4926573
13784654898,35.7610751,129.4925577
13784654906,35.7607017,129.4920694
13793838639,35.7606256,129.4919703
13793838640,35.7605295,129.4918488
13793838641,35.7603768,129.4916481
13793838643,35.7603113,129.4915628
13793838644,35.7602518,129.491482
13793838654,35.7601763,129.4913927
13793838655,35.7601014,129.4913153
13793838656,35.7600094,129.4912355
13793838657,35.7599206,129.4911623
13793838675,35.7598196,129.4910954
13793838676,35.7597313,129.4910503
13793838677,35.7596251,129.4910025
13793838678,35.759461,129.4909394
13793838739,35.7592376,129.4908855
13793838740,35.7586223,129.4907696
13793838741,35.7584866,129.4907528
13793838742,35.7583774,129.4907501
13793838743,35.7583013,129.4907492
13793838744,35.7582511,129.490752
13793838767,35.7581469,129.490774
13793838768,35.7577161,129.4908828
13793838769,35.757533,129.4909262
13793838770,35.7574361,129.4909421
13793838771,35.7573342,129.490951
13793838772,35.7571748,129.4909527
13793838773,35.7565712,129.490925
13793838799,35.7554136,129.4908645
13793838833,35.7552715,129.4908667
13793838834,35.7551509,129.4908737
13793838835,35.7550503,129.4908891
13793838836,35.7549496,129.4909137
13793838837,35.7548521,129.4909438
13793838838,35.754764,129.490973
13793838839,35.7546715,129.4910131
13793838840,35.7545577,129.4910739
13793838841,35.7544375,129.4911458
13793839240,35.7542811,129.4912397
13793839241,35.7529179,129.4920259
13793839301,35.7528304,129.4920757
13793839320,35.7527217,129.492128
13793839321,35.7526111,129.4921656
13793839322,35.7525089,129.4921879
13793839323,35.7524008,129.4922012
13793839324,35.752315,129.4922001
13793839325,35.7522276,129.49219
13793839326,35.752122,129.4921686
13793839327,35.7520032,129.4921249
13793839328,35.7518911,129.4920812
13793839329,35.751783,129.4920202
13793839330,35.7516857,129.491945
13793839331,35.7515801,129.4918485
13793839332,35.7514917,129.4917514
13793839347,35.7509243,129.4910689
13793839348,35.7507338,129.4908626
13793839349,35.7506356,129.4907823
13793839350,35.7505251,129.4907051
13793839351,35.7495947,129.4901207
13793839352,35.7494998,129.4900526
13793839353,35.7494239,129.4899723
13793839354,35.749348,129.4898706
13793839355,35.7492919,129.4897792
13793839356,35.7492334,129.4896684
13793839357,35.7491567,129.4894671
13793839358,35.7491303,129.4893879
13797495085,35.749065,129.4894058
13797495086,35.7490463,129.489404
13797495087,35.7490305,129.4893925
13797495088,35.7490025,129.4893607
13797495089,35.7489085,129.4891943
13797495090,35.748846,129.4890882
13797495091,35.7486973,129.4888599
13797495092,35.7486578,129.4888121
13797495093,35.7486183,129.4887776
13797495094,35.7484704,129.488644
13797495095,35.7484367,129.4886104
13797495096,35.7483792,129.4885343
13797495097,35.7483577,129.4884945
13797495098,35.7483448,129.4884529
13797495099,35.748311,129.4883476
13797512032,35.7482936,129.4883149
13797512033,35.7482691,129.488277
13797512034,35.7482525,129.4882535
13797512035,35.7482277,129.4882204
13797512036,35.7481853,129.488168
13797512037,35.7481644,129.4881415
13797512038,35.7481456,129.4881144
13797512039,35.7481282,129.4880778
13797512040,35.7481121,129.4880486
13797512041,35.7481029,129.4880238
13797512042,35.7480961,129.4880071
13797512043,35.7480887,129.4879977
13797512053,35.7480765,129.4879903
13797512054,35.7480593,129.487989
13797512055,35.7480076,129.4879886
13797512056,35.7479905,129.4879859
13797512057,35.7479728,129.4879789
13797512104,35.7478209,129.4879043
13797512105,35.7477929,129.4878835
13797512106,35.7477674,129.4878574
13797512107,35.7476435,129.4877415
13797512108,35.7475993,129.4877039
13797512109,35.7474826,129.487611
13797512110,35.7474514,129.4875827
13797512111,35.7474342,129.4875597
13797512112,35.7473839,129.4874496
13797512113,35.7473555,129.487396
13797512114,35.7472554,129.4872235
13797512115,35.7472151,129.4871615
13797512116,35.747176,129.4871098
13797512117,35.7471354,129.4870655
13797512118,35.7470615,129.4869908
13797512119,35.7470373,129.4869721
13797512212,35.7470054,129.4869598
13797512213,35.7469445,129.4869404
13797512214,35.746902,129.4869196
13797512215,35.7468732,129.4869022
13797512216,35.7468444,129.4868747
13797512217,35.7468259,129.4868465
13797512218,35.7468128,129.486807
13797512219,35.7467981,129.4867614
13797512220,35.7467823,129.4867272
13797512221,35.7467584,129.4866947
13797512222,35.7467344,129.4866816
13797512223,35.7467018,129.4866762
13797512224,35.7466403,129.4866648
13797512225,35.7466005,129.486644
13797512226,35.7465684,129.4866226
13797512227,35.7465418,129.4865964
13797512228,35.7465238,129.4865662
13797512229,35.7465099,129.486529
13797512279,35.746489,129.4864961
13797512280,35.7464677,129.4864676
13797512281,35.7463339,129.4863536
13797512282,35.7461939,129.4862211
13797512283,35.7461312,129.4861507
13802089391,35.7459799,129.4859455
13802089392,35.7459554,129.4859194
13802089393,35.7459244,129.4858972
13802089394,35.7458971,129.4858892
13802089395,35.7458634,129.4858892
13802089396,35.7458286,129.4858926
13802089397,35.7457981,129.485904
13802089398,35.7457671,129.4859227
13802090799,35.7457281,129.4859559
13802090800,35.7456931,129.4859892
13802090801,35.74555,129.4858561
13802090802,35.7455206,129.4858205
13802090803,35.7455012,129.4857808
13802090804,35.7454818,129.4857311
13802090805,35.7454339,129.4855718
13802090806,35.7454126,129.4855035
13802090807,35.7453861,129.4854463
13802090808,35.7453501,129.4853826
13802090809,35.7453188,129.4853383
13802090810,35.7453011,129.4853188
13802090811,35.7452761,129.4852904
13802090812,35.7452458,129.4852618
13802090828,35.7452041,129.4852297
13802090829,35.7450298,129.485103
13802090830,35.7449724,129.4850657
13802090831,35.7449161,129.4850301
13802090832,35.7447218,129.4849402
13802090833,35.7446868,129.484932
13802090834,35.7446688,129.4849244
13802090835,35.7446574,129.4849098
13802090848,35.7445513,129.4847032
13802090849,35.7445029,129.4846267
13802090850,35.7444645,129.4845753
13802090851,35.744421,129.4845315
13802090852,35.7443802,129.4844994
13802090853,35.7441817,129.4843482
13802090868,35.7440808,129.4842829
13802090869,35.7440528,129.4842537
13802090870,35.7440287,129.4842169
13802090871,35.7440144,129.4841766
13802090872,35.7440069,129.4841346
13802090873,35.7439832,129.4838375
13802090874,35.7439761,129.4837767
13802090875,35.7439647,129.4837125
13802090876,35.7439448,129.4836466
13802090877,35.7439007,129.4835152
13802090878,35.7438747,129.4834487
13802090879,35.7438396,129.4833745
13802090880,35.7437894,129.4832689
13802090881,35.7437643,129.4832088
13802090882,35.7437449,129.4831422
13802090883,35.7437335,129.483071
13802090904,35.743724,129.4829642
13802090905,35.7437226,129.4829128
13802090906,35.7437311,129.4828626
13802090907,35.7437425,129.4828317
13802090908,35.7437577,129.4827996
13802090909,35.7437757,129.4827797
13802090910,35.7438027,129.482761
13802090911,35.7438884,129.4827149
13802090912,35.743914,129.4826939
13802090913,35.743941,129.4826705
13802090914,35.743959,129.4826501
13802090915,35.7439822,129.482618
13802090916,35.7439917,129.4825812
13802090917,35.7439917,129.4823979
13802090918,35.743996,129.4823413
13802090919,35.7440036,129.4822783
13802090920,35.7440149,129.4822251
13802090921,35.7440334,129.4821638
13802090922,35.7440628,129.4820915
13802090923,35.7440983,129.4820325
13802090690,35.7441371,129.481949
13802090924,35.7442651,129.4817465
13802090948,35.7443159,129.4816865
13802090950,35.7443736,129.4817373
13802090951,35.7447704,129.4807423
13802090956,35.7448867,129.4805329
13802090957,35.745372,129.4795503
13802090983,35.7454428,129.4793907
13802090984,35.7455426,129.4791945
13802090985,35.7456738,129.4788489
13802090986,35.7457167,129.4787117
13802090987,35.7457579,129.4785613
13802090988,35.7457884,129.4784343
13802091021,35.7458165,129.4782984
13802091022,35.7458359,129.478171
13802091023,35.7458574,129.4779887
13802091024,35.7458689,129.4779153
13802091025,35.7458876,129.4778631
13802091026,35.7459156,129.4778082
13802091087,35.746572,129.4767871
13802091088,35.746717,129.4765616
13807521020,35.7480825,129.4744002
13807521024,35.7494071,129.4722886
13807521025,35.7511537,129.4695148
13807521026,35.751429,129.4691004
13807521027,35.7515847,129.4688764
13807521028,35.7517104,129.4687132
13807521033,35.7518045,129.4685975
13807521034,35.7519362,129.4684526
13802091064,35.7455206,129.4772312
13802091063,35.7454481,129.4772414
13802091062,35.7454241,129.4772444
13802091061,35.7454394,129.4773417
13802091020,35.7454998,129.4777755
13802091019,35.7455178,129.4779082
13802091018,35.7455293,129.4780374
13802091017,35.745535,129.4781674
13802091016,35.745535,129.4782816
13802091015,35.7455249,129.4784072
13802091014,35.7455099,129.4785222
13802091013,35.7453583,129.4791248
13802091012,35.7453332,129.4792035
13802091011,35.7450524,129.4798008
13802091010,35.7450057,129.4798946
13802091009,35.7449691,129.4799468
13802091008,35.7449311,129.4799857
13802091007,35.7448901,129.4800122
13802090955,35.7449181,129.4801579
13802090953,35.744659,129.4807311
13802090952,35.7443126,129.4816143
13802090930,35.7442386,129.4817184
13802090929,35.7441102,129.4819128
13802090928,35.7440732,129.481973
13802090927,35.7440424,129.4820418
13802090926,35.743977,129.4822397
13802090925,35.7439604,129.4823168
13802090903,35.7439495,129.4823915
13802090902,35.7439344,129.4825176
13802090901,35.7439211,129.4825929
13802090900,35.7439102,129.4826303
13802090899,35.7438927,129.4826589
13802090898,35.7438666,129.4826764
13802090897,35.7437861,129.4827137
13802090896,35.7437586,129.4827231
13802090895,35.7437292,129.4827511
13802090894,35.7437032,129.4827931
13802090893,35.7436899,129.4828212
13802090892,35.7436814,129.4828591
13802090891,35.7436766,129.4829105
13802090890,35.7436814,129.4830225
13802090889,35.7436871,129.4830908
13802090888,35.7437013,129.4831586
13802090887,35.7437174,129.4832053
13802090886,35.7437463,129.4832741
13802090885,35.7437875,129.4833658
13802090884,35.7438098,129.4834183
13802090867,35.7438875,129.4836629
13802090866,35.743905,129.483726
13802090865,35.7439159,129.4837767
13802090864,35.7439249,129.4838322
13802090863,35.743941,129.4840085
13802090862,35.7439476,129.4840686
13802090861,35.7439737,129.4842023
13802090860,35.7439846,129.4842402
13802090859,35.7439983,129.4842653
13802090858,35.7440244,129.4842928
13802090857,35.7440481,129.484312
13802090856,35.7441206,129.48435
13802090855,35.7441447,129.484364
13802090854,35.7441694,129.484385
13802090847,35.7443546,129.4845899
13802090846,35.7443935,129.4846325
13802090845,35.7444271,129.4846716
13802090844,35.7444641,129.4847195
13802090843,35.7446299,129.4849839
13802090842,35.7446479,129.485009
13802090841,35.7446664,129.4850219
13802090840,35.7446872,129.4850324
13802090839,35.7448047,129.4850768
13802090838,35.7448583,129.4850984
13802090837,35.7449213,129.485127
13802090836,35.74498,129.4851561
13802090827,35.7450288,129.4851865
13802090826,35.7451965,129.4853044
13802090825,35.7452283,129.4853307
13802090824,35.7452553,129.4853587
13802090823,35.7452818,129.4853926
13802090822,35.745305,129.4854311
13802090821,35.7453268,129.4854679
13802090820,35.7453467,129.4855169
13802090819,35.7454244,129.4857551
13802090818,35.7454401,129.485793
13802090817,35.7454671,129.4858356
13802090816,35.7454993,129.4858806
13802090815,35.7455284,129.4859176
13802090814,35.7455571,129.4859483
13802090813,35.7456864,129.486065
13802090778,35.745695,129.4860492
13802090777,35.7457236,129.4860092
13802090776,35.7457486,129.4859797
13802089390,35.7457763,129.4859529
13802089389,35.7458057,129.4859341
13802089388,35.7458335,129.4859227
13802089387,35.745859,129.4859194
13802089386,35.7458912,129.4859194
13802089385,35.7459113,129.4859254
13802089384,35.7459363,129.4859435
13802089383,35.7459646,129.4859784
13802089382,35.7460757,129.4861185
13802089381,35.7461203,129.4861789
13802089380,35.7461584,129.4862258
13802089379,35.7462041,129.4862721
13797512257,35.7463125,129.4863782
13797512256,35.7464117,129.4864576
13797512255,35.7464465,129.4864978
13797512254,35.7464775,129.4865361
13797512253,35.7465167,129.4866051
13797512252,35.7465412,129.4866393
13797512251,35.7465771,129.4866641
13797512250,35.7466136,129.4866856
13797512249,35.7467007,129.4867037
13797512248,35.7467263,129.4867084
13797512247,35.7467469,129.4867225
13797512246,35.7467622,129.4867419
13797512245,35.7467758,129.4867748
13797512244,35.746803,129.486864
13797512243,35.7468188,129.4868961
13797512242,35.7468449,129.4869263
13797512241,35.7468765,129.4869484
13797512240,35.7469146,129.4869659
13797512211,35.7469607,129.4869802
13797512210,35.7469951,129.4869847
13797512209,35.7470272,129.4869987
13797512208,35.7470604,129.4870256
13797512207,35.7471469,129.4871221
13797512206,35.7471937,129.4871751
13797512205,35.7472391,129.4872446
13797512204,35.7473249,129.4873997
13797512203,35.7473527,129.487444
13797512202,35.747375,129.4874923
13797512201,35.7473929,129.4875352
13797512200,35.7474098,129.4875694
13797512199,35.7474294,129.4876009
13797512198,35.7474446,129.4876177
13797512197,35.7474767,129.4876425
13797512196,35.747517,129.4876693
13797512065,35.7475857,129.4877243
13797512064,35.747625,129.487758
13797512063,35.7476699,129.4878002
13797512062,35.7477543,129.487884
13797512061,35.7477758,129.4879051
13797512060,35.7478041,129.4879233
13797512059,35.7479537,129.487992
13797512058,35.7479801,129.488002
13797512052,35.7480123,129.4880131
13797512051,35.7480389,129.4880212
13797512050,35.7480571,129.4880336
13797512049,35.7480735,129.4880483
13797512048,35.7480884,129.4880667
13797512047,35.7481371,129.488162
13797512046,35.7481546,129.4881851
13797512045,35.7481769,129.4882096
13797512044,35.7481984,129.4882327
13793839428,35.7482141,129.488252
13793839427,35.7482543,129.4883113
13793839426,35.7482837,129.4883759
13793839425,35.7483282,129.4885007
13793839424,35.7483649,129.4885706
13793839423,35.7483972,129.4886086
13793839422,35.7484338,129.4886617
13793839421,35.7485918,129.488798
13793839420,35.7486485,129.488851
13793839419,35.7486858,129.4888979
13793839418,35.7487749,129.4890315
13793839380,35.748981,129.489397
13793839379,35.7490234,129.4894554
13793839368,35.7490956,129.4895281
13793839367,35.7491336,129.4896135
13793839366,35.749188,129.4897395
13793839365,35.7492623,129.4898676
13793839364,35.7493332,129.4899712
13793839363,35.7494272,129.490079
13793839362,35.7495204,129.4901664
13793839361,35.7497341,129.4903219
13793839360,35.7504278,129.4907508
13793839359,35.750516,129.4908087
13793839346,35.7505952,129.4908677
13793839345,35.7506967,129.4909612
13793839344,35.7507965,129.4910608
13793839343,35.7508938,129.4911787
13793839342,35.7513689,129.4917611
13793839341,35.7514993,129.4919074
13793839340,35.7516106,129.492006
13793839339,35.751731,129.4920955
13793839338,35.7518746,129.4921697
13793839337,35.7520222,129.4922327
13793839336,35.7521311,129.4922682
13793839319,35.7522331,129.4922869
13793839318,35.7522894,129.4922936
13793839317,35.752362,129.4922957
13793839316,35.7524404,129.4922926
13793839315,35.7525501,129.4922733
13793839314,35.7526524,129.4922459
13793839313,35.7527555,129.4922062
13793838848,35.7528499,129.4921641
13793839244,35.7541824,129.4914038
13793838847,35.7547052,129.4911055
13793838846,35.7548052,129.4910593
13793838845,35.7549234,129.4910169
13793838844,35.7550215,129.4909954
13793838843,35.7551353,129.4909746
13793838842,35.7552728,129.4909599
13793838766,35.7554096,129.4909575
13793838765,35.7570326,129.4910332
13793838764,35.7572013,129.4910368
13793838763,35.7573629,129.4910324
13793838762,35.7574727,129.4910217
13793838761,35.757597,129.4909987
13793838760,35.7577341,129.4909704
13793838759,35.7582015,129.4908572
13793838758,35.7582862,129.4908439
13793838757,35.7583767,129.4908395
13793838756,35.7584672,129.4908439
13793838755,35.758651,129.4908687
13793838754,35.7590179,129.4909315
13793838753,35.7593123,129.4909961
13793838752,35.7594516,129.4910332
13793838751,35.7595772,129.4910757
13793838750,35.7597014,129.4911288
13793838749,35.7597962,129.4911775
13793838748,35.7598888,129.4912403
13793838747,35.7599786,129.491312
13793838746,35.7600719,129.4913951
13793838745,35.7601609,129.4914907
13793838662,35.7602682,129.4916259
13793838661,35.7603617,129.4917466
13793838638,35.7605332,129.4919737
13784654907,35.7606388,129.4921021
13784654902,35.761052,129.4926298
13784654901,35.7611477,129.4927335
13784654900,35.7612376,129.4928178
13784654899,35.7613431,129.4928931
13784654891,35.7614941,129.4929845
13784654886,35.7622446,129.4933911
13784654880,35.7623699,129.4934582
13784654879,35.762478,129.4935049
13784654878,35.7625943,129.4935517
13784654877,35.7627287,129.4935852
13793804448,35.7627783,129.4935954
13784654869,35.7628425,129.4936086
13784654868,35.7629943,129.4936198
13784654867,35.7631312,129.4936218
13784654866,35.7632846,129.4936187
13784654834,35.7634471,129.4936084
13793804449,35.7627443,129.4937111
13793804450,35.7627187,129.4938127
13793804451,35.7627043,129.493889
13793804452,35.7626844,129.494023
13793804453,35.7622245,129.4940569
13793838342,35.7621516,129.4940596
13793838343,35.7620841,129.4940578
13793838344,35.7620216,129.4940508
13793838345,35.7619656,129.4940384
13793838346,35.7619025,129.4940171
13793838347,35.7618522,129.4939924
13793838349,35.7618086,129.4939693
13793838348,35.7616899,129.4939065
13793838351,35.7616447,129.4938879
13793838352,35.7616067,129.4938782
13793838353,35.7615535,129.4938676
13793838354,35.7615026,129.4938596
13793838355,35.7614645,129.4938534
13793838356,35.7614394,129.4938446
13793838357,35.7614135,129.4938269
13793838358,35.761387,129.4937959
13793838359,35.7613266,129.4936915
13793838360,35.7612843,129.4936216
13793838361,35.7612426,129.4935623
13793838362,35.7611988,129.4935075
13793838363,35.7609928,129.4932872
13793838364,35.7609389,129.4932199
13793838365,35.7608973,129.4931589
13793838366,35.7606525,129.4927802
13793838367,35.7606051,129.4927023
13793838368,35.7605749,129.4926395
13793838369,35.7605548,129.4925829
13793838370,35.7605397,129.4925218
13793838371,35.7605297,129.4924563
13793838372,35.7605196,129.4923457
13793838377,35.7605159,129.4923077
13793838373,35.760511,129.4922581
13793804454,35.7627261,129.4940224
13793804455,35.762754,129.4940259
13793804456,35.7627877,129.4940347
13793804457,35.7629615,129.4940907
13793804458,35.7629999,129.4941024
13793804459,35.7630472,129.4941118
13793804460,35.76316,129.494124
13793804461,35.7632149,129.4941275
13793804462,35.7632623,129.4941252
13793804463,35.7633149,129.4941164
13793838350,35.7618759,129.4937694
13793838374,35.7604895,129.4921422
13793838546,35.7604872,129.4921061
13793838547,35.7604904,129.4920676
13793838548,35.7604991,129.4920291
13793838549,35.760516,129.491999
13793838375,35.7606022,129.4921741
13793838376,35.7605613,129.4922387
13793838382,35.7610418,129.4913212
13793838399,35.7611861,129.4909975
13793838401,35.7612158,129.4909243
13793838402,35.7612521,129.4908216
13793838410,35.7612962,129.4906904
13793838411,35.7613152,129.4906238
13793838412,35.7613304,129.49057
13793838413,35.7613469,129.4905222
13793838414,35.7613655,129.490477
13793838415,35.7613882,129.4904292
13793838416,35.7614137,129.4903804
13793838433,35.7614543,129.4903105
13793838435,35.7615254,129.4902072
13793838434,35.7615983,129.4901015
13793838514,35.7617474,129.4898765
13793838515,35.761781,129.4898193
13793838516,35.761952,129.4895064
13793838517,35.7621031,129.4892017
13793838518,35.7621372,129.4891363
13793838519,35.7621652,129.4890861
13793838520,35.7621988,129.4890289
13793838521,35.7622305,129.4889828
13793838522,35.7622613,129.4889431
13793838384,35.7607308,129.4918105
13793838385,35.7607568,129.4917623
13793838386,35.7607787,129.4917104
13793838387,35.7609337,129.4913796
13793838404,35.7609997,129.4912216
13793838406,35.7610888,129.4910173
13793838407,35.761137,129.4909039
13793838408,35.7611634,129.4908328
13793838409,35.7611865,129.4907622
13793838423,35.7612331,129.4905944
13793838427,35.7612533,129.4905278
13793838428,35.7612715,129.4904805
13793838429,35.7613063,129.490403
13793838430,35.7613908,129.4902481
13793838431,35.7614552,129.4901395
13793838432,35.7615267,129.4900274
13793838523,35.7616749,129.4898146
13793838524,35.7617313,129.4897241
13793838525,35.7617739,129.48965
13793838526,35.7618042,129.4895875
13793838527,35.7618762,129.4894457
13793838528,35.7620254,129.4891538
13793838529,35.7621448,129.4889402
13793838530,35.762187,129.4888678
13793838531,35.7622267,129.4888088
13793838532,35.7622717,129.4887458
13793838533,35.7625252,129.4884119
13793838393,35.7611473,129.491401
13793838394,35.7611622,129.4914121
13793838395,35.7611778,129.4914157
13793838396,35.7611939,129.4914142
13793838397,35.7612079,129.4914101
13793838398,35.7612409,129.4913954
13793838400,35.7613321,129.4911555
13793838403,35.7614207,129.4909766
13793838405,35.760909,129.4911194
13793838417,35.7613506,129.4906615
13793838421,35.7614218,129.490611
13793838418,35.7614418,129.4905969
13793838419,35.7615263,129.4905212
13793838420,35.7617939,129.4904236
13793838422,35.7615713,129.4906853
13793838438,35.7612009,129.490199
13793838439,35.7611824,129.4901687
13793838440,35.761163,129.4901471
13793838441,35.7611421,129.4901319
13793838442,35.761118,129.4901278
13793838443,35.7610952,129.4901313
13793838444,35.7610104,129.4901348
13793838445,35.7609867,129.4901348
13793838446,35.7609673,129.4901272
13793838447,35.7609398,129.4901074
13793838448,35.76092,129.4900811
13793838449,35.7608451,129.4899556
13793838450,35.7608115,129.489913
13793838451,35.7607452,129.4898324
13793838452,35.7607234,129.4897951
13793838453,35.7607035,129.4897565
13793838454,35.7606845,129.4897244
13793838455,35.7606642,129.4896993
13793838456,35.7606087,129.4896375
13793838457,35.7605907,129.48961
13793838458,35.7605765,129.4895709
13793838459,35.7605552,129.4894956
13793838460,35.760541,129.4894641
13793838461,35.7604851,129.4893678
13793838462,35.7604685,129.4893234
13793838463,35.7604586,129.4892744
13793838464,35.7604311,129.4891699
13793838465,35.7604145,129.4891203
13793838466,35.7603814,129.489059
13793838467,35.7603638,129.4890263
13793838468,35.7603577,129.4890041
13793838469,35.7603572,129.4889767
13793838470,35.7603852,129.4887834
13793838471,35.7603866,129.4887461
13793838472,35.7603823,129.4887122
13793838473,35.7603572,129.4886212
13793838474,35.7603544,129.4885879
13793838475,35.76036,129.488547
13793838476,35.7603847,129.488331
13793838477,35.7603866,129.488261
13793838478,35.760388,129.4881372
13793838479,35.7603942,129.4881016
13793838480,35.7604159,129.4879522
13793838481,35.7604178,129.4878845
13793838482,35.7604136,129.4878308
13793838483,35.7603908,129.487735
13793838484,35.7603894,129.4877093
13793838485,35.7603937,129.4876784
13793838486,35.7604032,129.4876486
13793838487,35.7604463,129.4875634
13793838488,35.7604557,129.4875284
13793838489,35.7604591,129.4874875
13793838490,35.7604591,129.4874408
13793838491,35.7604486,129.4874011
13793838492,35.7604131,129.4873036
13793838493,35.7604069,129.4872762
13793838494,35.7604065,129.4872377
13793838495,35.760414,129.4871991
13793838496,35.7604922,129.4869715
13793838497,35.7605017,129.4869236
13793838498,35.7605031,129.4868752
13793838499,35.7604984,129.4867135
13793838500,35.7605012,129.4866714
13793838501,35.7605088,129.4866288
13793838502,35.7605258,129.4865745
13793838503,35.7605491,129.4865261
13793838504,35.7606267,129.4863901
13793838505,35.7606362,129.486358
13793838506,35.7606362,129.4863352
13793838507,35.7606244,129.4863013
13793838508,35.7605865,129.4861729
13793838509,35.7605836,129.4861245
13793838510,35.7614973,129.4899839
13793838511,35.761485,129.4899518
13793838512,35.7614793,129.4899197
13793838513,35.7614689,129.4896786
13793838534,35.7625507,129.4885952
13793838535,35.7628743,129.4882122
13793838536,35.762934,129.4881439
13793838537,35.7628132,129.4880279
13793838600,35.7613314,129.4939031
13793838599,35.7612718,129.4939446
13793838593,35.761177,129.4939986
13793838594,35.7609587,129.4940836
13793838595,35.7598803,129.4937624
13793838596,35.7591659,129.4934934
13793838597,35.7590963,129.4933969
13793838615,35.7602854,129.4923034
13793838616,35.760042,129.492045
13793838618,35.7605482,129.4918062
13793838619,35.760572,129.4917446
13793838620,35.7605945,129.4916953
13793838621,35.7606226,129.4916475
13793838623,35.7604726,129.4915204
13793838624,35.7604957,129.4914819
13793838625,35.7605045,129.4914503
13793838626,35.7605032,129.491408
13793838627,35.7604901,129.4912192
13793838628,35.7605407,129.49119
13793838629,35.7605732,129.4911561
13793838630,35.7605982,129.4911168
13793838631,35.7606101,129.491076
13793838632,35.7606107,129.4910321
13793838633,35.7606082,129.4909851
13793838634,35.7605945,129.4909481
13793838635,35.7605763,129.4909273
13793838636,35.7605682,129.4908865
13793838637,35.7606051,129.4907032
13793838642,35.7603826,129.4913317
13793838646,35.7601263,129.491261
13793838647,35.7601563,129.4912032
13793838648,35.760215,129.4911262
13793838651,35.7600219,129.4909837
13793838652,35.7600507,129.4909444
13793838653,35.7601407,129.4908496
13793838659,35.7596413,129.4926313
13793838660,35.7598125,129.4928015
13793838666,35.7594678,129.4908344
13793838667,35.7594736,129.4907671
13793838668,35.7594865,129.4907096
13793838669,35.7595037,129.4906397
13793838670,35.7595066,129.4906061
13793838671,35.7595008,129.4905707
13793838672,35.7594836,129.4905468
13793838673,35.7594499,129.4905229
13793838674,35.7593336,129.4904557
13793838681,35.7592977,129.4904291
13793838682,35.7592855,129.4904052
13793838683,35.7592833,129.4903778
13793838684,35.759284,129.4903477
13793838685,35.7592991,129.4902469
13793838686,35.7593128,129.490184
13793838687,35.7593314,129.4901035
13793838688,35.7593336,129.4900504
13793838689,35.7593286,129.4899947
13793838690,35.7593092,129.4899336
13793838691,35.7592819,129.4898868
13793838692,35.7591383,129.4896868
13793838693,35.7590758,129.4895673
13793838694,35.7590557,129.4895089
13793838853,35.7590499,129.4894676
13793838854,35.7590499,129.4894183
13793838855,35.7590555,129.4893836
13793838856,35.7592305,129.4888537
13793838857,35.7592524,129.4887628
13793838858,35.7592636,129.4886819
13793838859,35.7592699,129.4885926
13793838860,35.759283,129.4881589
13793838861,35.7592893,129.4880742
13793838862,35.7592993,129.4879956
13793838863,35.759308,129.4879494
13793838864,35.7593237,129.4879032
13793838865,35.7594474,129.487632
13793838866,35.7594762,129.487555
13793838867,35.7594987,129.4874842
13793838868,35.7595099,129.4874202
13793838869,35.7595199,129.4873393
13793838870,35.7595255,129.4872477
13793838871,35.7595243,129.4871506
13793838872,35.7595043,129.4867724
13793838873,35.7595012,129.4866684
13793838874,35.7595049,129.4865876
13793838875,35.7595318,129.4863033
13793838876,35.7595474,129.4862078
13793838877,35.7595649,129.4861331
13793838878,35.7595937,129.4860522
13793838879,35.7596837,129.4858304
13793838880,35.7596949,129.4857826
13793838881,35.7597024,129.4857118
13793838882,35.7597306,129.4851441
13793838883,35.7597268,129.4851017
13793838884,35.7597181,129.4850594
13793838885,35.7596737,129.4848961
13793838886,35.7596637,129.4848506
13793838887,35.7596624,129.484809
13793838888,35.7596693,129.4847513
13793838889,35.7597281,129.484427
13793838890,35.7597412,129.4843261
13793838891,35.7597599,129.4841166
13793838892,35.7597724,129.4840372
13793838893,35.7597987,129.4838986
13793838894,35.7598112,129.4837869
13793838895,35.7598324,129.4834865
13793838896,35.7598437,129.4834156
13793838897,35.7598574,129.4833502
13793838898,35.7598774,129.4832947
13793838899,35.7599212,129.4832084
13793838900,35.7600137,129.4830667
13793838901,35.76007,129.4829566
13793838902,35.7600975,129.4828865
13793838903,35.7601168,129.4828202
13793838904,35.7601262,129.4827624
13793838905,35.7601275,129.4826615
13793838906,35.7601168,129.4825938
13793838907,35.7600943,129.4825506
13793838908,35.7600331,129.4824628
13793838909,35.7600137,129.4824289
13793838910,35.7600025,129.4823827
13793838911,35.759995,129.4823265
13793838912,35.75999,129.4821123
13793838913,35.7599831,129.4820353
13793838914,35.7599693,129.4819514
13793838915,35.7599662,129.4818782
13793838916,35.7599731,129.4815778
13793838917,35.7599556,129.4811957
13793838918,35.7599462,129.4811549
13793838919,35.7599281,129.4811125
13793838920,35.7598968,129.4810817
13793838921,35.7598281,129.4810409
13793838922,35.7597824,129.4810247
13793838923,35.7596474,129.4809947
13793838697,35.7582221,129.4905026
13793838698,35.7582085,129.4904336
13793838699,35.7581884,129.4903787
13793838700,35.7581546,129.4903097
13793838701,35.7581367,129.4902557
13793838702,35.7581202,129.4901929
13793838703,35.7581108,129.4901256
13793838704,35.7581008,129.4899912
13793838705,35.7581015,129.4899248
13793838706,35.7581123,129.4898425
13793838707,35.7581381,129.4897186
13793838708,35.7581467,129.4896328
13793838709,35.7581288,129.4894143
13793838710,35.7581115,129.4893727
13793838711,35.7580864,129.4893408
13793838712,35.7580225,129.4892771
13793838713,35.7579744,129.4892532
13793838714,35.757805,129.4892019
13793838715,35.7577468,129.4891674
13793838716,35.7576922,129.4891152
13793838717,35.7576341,129.4890506
13793838718,35.7575967,129.4889905
13793838719,35.757573,129.4889214
13793838720,35.757568,129.488856
13793838721,35.7575536,129.4885436
13793838722,35.7575536,129.4884366
13793838723,35.7575601,129.4883516
13793838724,35.7575759,129.4882693
13793838725,35.7576477,129.4880066
13793838726,35.7576599,129.4879075
13793838727,35.7576657,129.4877225
13793838728,35.7576606,129.4876226
13793838729,35.7576197,129.4874022
13793838775,35.7554156,129.490835
13793838776,35.7554235,129.490766
13793838777,35.7554415,129.490697
13793838778,35.7556317,129.4900918
13793838779,35.7556648,129.4899547
13793838780,35.7557035,129.4897662
13793838781,35.7557208,129.4896158
13793838782,35.7557279,129.4894627
13793838783,35.7557373,129.489269
13793838784,35.7562067,129.4897487
13793838785,35.7562455,129.4897534
13793838786,35.7562929,129.4897709
13793838787,35.7565136,129.4899145
13793838788,35.7565496,129.4899215
13793838789,35.7565866,129.4899005
13793838790,35.7566103,129.4898596
13793838791,35.7568414,129.4893961
13793838792,35.755462,129.4894463
13793838793,35.7553957,129.4894592
13793838794,35.7553578,129.4894767
13793838795,35.7553322,129.4895152
13793838796,35.755282,129.4897744
13793838797,35.7549759,129.4896857
13793838798,35.7547239,129.4895818
13793838827,35.7543789,129.4908575
13793838828,35.7543527,129.4907628
13793838829,35.7543208,129.490668
13793838830,35.7542858,129.4905771
13793838831,35.7542476,129.4904955
13793838832,35.7541564,129.4903129
13793838849,35.7539845,129.4900156
13793838850,35.7539539,129.4899555
13793838851,35.7539282,129.4898931
13793838852,35.7539038,129.4898215
13793838964,35.7538977,129.4897981
13793838957,35.7538791,129.4897275
13793838958,35.7538313,129.4895232
13793838959,35.753814,129.4894368
13793838960,35.7538016,129.4893453
13793838961,35.7537942,129.489263
13793838962,35.753776,129.489016
13793838963,35.7537719,129.4889042
13793839007,35.7537702,129.4888163
13793839008,35.7537702,129.4887421
13793839009,35.7537776,129.4884616
13793839012,35.7537866,129.4881587
13793839013,35.7537891,129.4880652
13793839014,35.753785,129.4879554
13793839023,35.753777,129.4878307
13793839034,35.7536989,129.4870814
13793839040,35.7536927,129.487016
13793839035,35.7536775,129.4868568
13793839036,35.753675,129.4867755
13793839037,35.7536792,129.4867044
13793839038,35.7536849,129.4866505
13793839039,35.7536948,129.4865895
13793839047,35.7537286,129.4864645
13793839054,35.7537872,129.4862795
13793839055,35.7538623,129.4861067
13793839056,35.7538944,129.4860539
13793839057,35.7539282,129.4860071
13793839058,35.7543588,129.4854685
13793839078,35.7544149,129.4853937
13793839079,35.7544611,129.4853256
13793839080,35.7544958,129.4852666
13793839081,35.7545221,129.4852128
13793839082,35.7545353,129.4851721
13793839083,35.7545403,129.4851244
13793839084,35.7545403,129.4850756
13793839085,35.7545287,129.4849343
13793839086,35.7545188,129.4848459
13793839087,35.7545007,129.4847656
13793839088,35.754476,129.4846914
13793839089,35.7543737,129.4843966
13793839090,35.7543525,129.4843346
13793839091,35.7543344,129.4842715
13793839092,35.7543225,129.4842052
13793839093,35.7543188,129.4841467
13793839094,35.7543219,129.4840981
13793839095,35.7543294,129.4840489
13793839096,35.754345,129.4840057
13793839097,35.7543688,129.483961
13793839098,35.7546326,129.4834411
13793839099,35.7546476,129.4834057
13793839100,35.7546563,129.4833664
13793839123,35.7546595,129.4833271
13793839124,35.7546595,129.4832823
13793839125,35.7546487,129.4831848
13793839126,35.754638,129.4831096
13793839127,35.7546108,129.4829652
13793839128,35.7545894,129.4828646
13793839129,35.7545605,129.4827386
13793839130,35.7545547,129.4826807
13793839131,35.7545547,129.4826288
13793839132,35.7545613,129.4825668
13793839133,35.7545729,129.4825119
13793839134,35.7545993,129.4824184
13793839135,35.7546215,129.4823524
13793839136,35.7546471,129.4822853
13793839137,35.7546793,129.4822131
13793839138,35.7547098,129.4821501
13793839139,35.7549721,129.4816714
13793839140,35.7550306,129.4815799
13793839141,35.7550884,129.4814956
13793839142,35.7552509,129.4812567
13793839143,35.7553003,129.4811825
13793839144,35.7553573,129.4810921
13793839145,35.7554488,129.4809264
13793839146,35.7554777,129.4808664
13793839147,35.7554975,129.4808116
13793839210,35.7555011,129.48078
13793839211,35.7555005,129.4807576
13793839212,35.7554943,129.480733
13793839213,35.755473,129.4806868
13793839214,35.7555343,129.480602
13793839215,35.755568,129.4805543
13793839216,35.7555943,129.4805073
13793839217,35.755613,129.4804595
13793839218,35.755628,129.4804056
13793839219,35.7556824,129.4801876
13793839220,35.7557012,129.4801229
13793839221,35.7557237,129.4800605
13793839222,35.7557649,129.4799596
13793839223,35.7557872,129.479911
13793839224,35.7558122,129.4798701
13793839225,35.7558398,129.4798339
13793839226,35.7558666,129.4798054
13793839227,35.7559066,129.4797723
13793839228,35.7560429,129.4796737
13793839229,35.756076,129.4796468
13793839230,35.7561079,129.4796136
13793839231,35.7562604,129.4794403
13793839232,35.7562767,129.4794195
13793839233,35.7562892,129.4793895
13793839234,35.7563554,129.4790852
13793839235,35.7563698,129.479049
13793839236,35.7563911,129.4790059
13793839237,35.7564136,129.4789736
13793839238,35.7564755,129.4788873
13793838925,35.7542353,129.4909664
13793838926,35.754213,129.490876
13793838927,35.7541891,129.4907916
13793838928,35.7541586,129.4907032
13793838929,35.7541247,129.4906259
13793838930,35.7540909,129.4905517
13793838932,35.7540191,129.4904114
13793838931,35.7538583,129.4901228
13793838956,35.753813,129.4900354
13793838966,35.7537769,129.4899562
13793838967,35.7537464,129.4898749
13793838968,35.7537208,129.4897966
13793838969,35.7536961,129.4897051
13793838970,35.7536697,129.4895964
13793838971,35.753654,129.4895059
13793838972,35.7536417,129.4894073
13793838973,35.7536326,129.4893067
13793838974,35.7536268,129.4892051
13793838975,35.7536169,129.4887975
13793838976,35.7536153,129.4886766
13793838933,35.7543549,129.490257
13793838934,35.7543953,129.4902895
13793838935,35.7544258,129.4902956
13793838936,35.754467,129.4902926
13793838937,35.7545116,129.4902733
13793838938,35.7545528,129.4902438
13793838939,35.7545833,129.4902062
13793838940,35.7545974,129.4901574
13793838941,35.7545982,129.4900954
13793838942,35.7545982,129.4900425
13793838943,35.7552622,129.489883
13793838944,35.7552481,129.4899196
13793838945,35.7552267,129.4899521
13793838946,35.755192,129.4899724
13793838947,35.755131,129.4900029
13793838948,35.7550955,129.490011
13793838949,35.7550353,129.4899988
13793838950,35.7549941,129.4899999
13793838951,35.7549619,129.4900202
13793838952,35.7547574,129.4902245
13793838953,35.754717,129.4902509
13793838954,35.7546642,129.4902601
13793838955,35.7546188,129.4902448
13793838965,35.7540928,129.4897448
13793838977,35.7536219,129.4885332
13793838978,35.7536342,129.4883981
13793838979,35.7536433,129.4882995
13793838980,35.7536474,129.4881623
13793838981,35.7536449,129.4879986
13793838982,35.75364,129.4879112
13793838995,35.7536268,129.4878116
13793838996,35.7536037,129.4876764
13793838994,35.7536029,129.4877445
13793838993,35.7536029,129.4878187
13793838992,35.7535971,129.4878818
13793838991,35.7535856,129.4879397
13793838990,35.7535674,129.4880108
13793838989,35.7535559,129.4880556
13793838988,35.7535493,129.4881054
13793838987,35.7535493,129.4881582
13793838986,35.7535575,129.4882111
13793838985,35.7535715,129.4882751
13793838984,35.7535889,129.4883574
13793838983,35.7535996,129.4884377
13793838997,35.753927,129.4897051
13793838998,35.753965,129.4896787
13793838999,35.7539988,129.489636
13793839000,35.7540598,129.4895405
13793839001,35.7539757,129.4893911
13793839002,35.7541382,129.4893626
13793839004,35.7539914,129.4892284
13793839005,35.7540475,129.4892101
13793839006,35.7541019,129.4891837
13793839010,35.7538535,129.48874
13793839011,35.7539285,129.4887421
13793839015,35.7535419,129.4871112
13793839024,35.7535224,129.4869503
13793839025,35.753515,129.4868639
13793839026,35.7535125,129.4867877
13793839027,35.7535125,129.4867105
13793839028,35.7535191,129.4866424
13793839029,35.7535307,129.4865722
13793839030,35.7535447,129.4865173
13793839031,35.753614,129.4862541
13793839049,35.7536264,129.4862196
13793839050,35.7536445,129.4861891
13793839051,35.7536717,129.4861647
13793839052,35.7536973,129.4861474
13793839053,35.7537319,129.4861342
13793839016,35.7538801,129.4879354
13793839017,35.7539387,129.4879303
13793839018,35.7539939,129.4879314
13793839019,35.7540451,129.4879558
13793839020,35.7541267,129.4879812
13793839021,35.7541655,129.4879832
13793839022,35.7542513,129.4879639
13793839032,35.7531999,129.4876191
13793839041,35.7537839,129.4870032
13793839042,35.753821,129.4869849
13793839043,35.7538887,129.4869178
13793839044,35.7539126,129.4869076
13793839045,35.7539373,129.4869137
13793839046,35.7540685,129.4870296
13793839048,35.7539208,129.4866037
13793839059,35.7539794,129.4860132
13793839060,35.7540445,129.4859929
13793839061,35.7541105,129.4859553
13793839062,35.7541551,129.4859451
13793839063,35.7543118,129.485937
13793839064,35.7543497,129.4859401
13793839065,35.7545271,129.4860071
13793839066,35.7545708,129.4860071
13793839067,35.7546079,129.4859899
13793839068,35.754739,129.4858974
13793839069,35.7536588,129.4860972
13793839070,35.753698,129.4860007
13793839071,35.753747,129.4859256
13793839072,35.7540267,129.4856238
13793839073,35.7543303,129.4852416
13793839074,35.7543651,129.4851799
13793839075,35.7543891,129.4851196
13793839076,35.7544021,129.4850431
13793839077,35.7544021,129.484968
13793839101,35.7542755,129.4841398
13793839102,35.7542394,129.4840931
13793839103,35.7542044,129.4840546
13793839122,35.7541759,129.4840293
13793839104,35.7541267,129.4839857
13793839105,35.7541021,129.483939
13793839106,35.7540945,129.4838829
13793839107,35.7541305,129.4836483
13793839108,35.7541485,129.4835677
13793839109,35.7541817,129.483479
13793839110,35.7542916,129.483263
13793839111,35.7543152,129.4831953
13793839112,35.754536,129.4822776
13793839113,35.7545682,129.4822006
13793839114,35.7546014,129.4821457
13793839115,35.7546904,129.4819834
13793839116,35.7547208,129.4819064
13793839117,35.7547719,129.4817137
13793839118,35.7547932,129.4816529
13793839119,35.7548264,129.481591
13793839120,35.7548576,129.4815496
13793839121,35.7550161,129.4813699
13793839148,35.755057,129.4813096
13793839149,35.75509,129.4812374
13793839150,35.7551725,129.4809599
13793839151,35.7552071,129.480904
13793839152,35.7552434,129.4808644
13793839153,35.7554229,129.4807315
13793839154,35.7548421,129.4831991
13793839155,35.75486,129.483169
13793839156,35.7548766,129.4831097
13793839157,35.7548902,129.4830584
13793839158,35.7549053,129.4830372
13793839159,35.7549304,129.4830203
13793839160,35.7549591,129.4830177
13793839161,35.7550697,129.4830283
13793839162,35.7551085,129.4830221
13793839163,35.7551516,129.4830035
13793839164,35.7551868,129.482977
13793839165,35.7552176,129.4829478
13793839166,35.7552449,129.4828974
13793839167,35.7552873,129.4828098
13793839168,35.7553576,129.4827231
13793839169,35.7554811,129.4824744
13793839170,35.7555084,129.4823921
13793839171,35.7555249,129.4822992
13793839172,35.7555551,129.4821922
13793839173,35.7555867,129.4821258
13793839174,35.7556678,129.4820258
13793839175,35.7556894,129.4819825
13793839176,35.7556994,129.4819462
13793839177,35.7557045,129.4818754
13793839178,35.7557037,129.4818099
13793839179,35.7556894,129.481748
13793839180,35.7556492,129.4816427
13793839181,35.7553892,129.4829637
13793839182,35.7555802,129.4830911
13793839183,35.7556248,129.4831256
13793839184,35.7552614,129.4827691
13793839185,35.7552492,129.4827416
13793839186,35.7552471,129.4827098
13793839187,35.7552499,129.4826691
13793839188,35.7553131,129.4824019
13793839189,35.7553569,129.4821647
13793839190,35.7553763,129.4820851
13793839191,35.7553986,129.4820152
13793839192,35.7554352,129.4819338
13793839193,35.7555084,129.4817984
13793839194,35.7555544,129.4817268
13793839195,35.7555996,129.4816772
13793839196,35.7558653,129.4814136
13793839197,35.7558962,129.4814021
13793839198,35.7559335,129.4814091
13793839199,35.7559701,129.4814339
13793839200,35.756075,129.4815542
13793839201,35.7561116,129.4816206
13793839202,35.7561374,129.4816931
13793839203,35.7561403,129.4817436
13793839204,35.756136,129.4817781
13793839205,35.756113,129.4818214
13793839206,35.7560383,129.4819444
13793839207,35.756029,129.4819896
13793839208,35.7560333,129.4820365
13793839209,35.7560793,129.4821718
13793839243,35.7541015,129.4920656
13793839245,35.7540908,129.4921154
13793839246,35.7540726,129.4921642
13793839247,35.7534441,129.4931815
13793839248,35.7530317,129.4934143
13793839249,35.7527791,129.4920568
13793839250,35.7527382,129.4920489
13793839251,35.7526944,129.4920471
13793839252,35.7526197,129.4920471
13793839253,35.7525774,129.4920435
13793839254,35.7525346,129.4920247
13793839255,35.7525102,129.4919982
13793839256,35.7524922,129.4919655
13793839257,35.7524843,129.4919212
13793839258,35.7524858,129.4918805
13793839259,35.7524973,129.4916549
13793839260,35.7525016,129.4915142
13793839261,35.752498,129.4913841
13793839262,35.7524908,129.4912859
13793839263,35.7524772,129.4912063
13793839264,35.7524492,129.4911116
13793839265,35.7524104,129.4910214
13793839266,35.7523659,129.4909524
13793839267,35.7523228,129.4908727
13793839268,35.7522926,129.4908037
13793839269,35.752279,129.4907444
13793839270,35.7522158,129.4900932
13793839271,35.7521935,129.4900092
13793839272,35.7521641,129.4899278
13793839273,35.7521332,129.4898561
13793839274,35.7520233,129.4896455
13793839275,35.7519989,129.4895818
13793839276,35.7519853,129.4894924
13793839277,35.7519817,129.489381
13793839278,35.7519709,129.489242
13793839279,35.7519602,129.4891367
13793839280,35.7519049,129.4889492
13793839281,35.751879,129.4888819
13793839282,35.7518388,129.4888156
13793839302,35.7522359,129.4923565
13793839303,35.7522948,129.4926813
13793839304,35.7524441,129.4929653
13793839308,35.7516106,129.4916289
13793839310,35.7516815,129.4916081
13793839309,35.7518259,129.4915121
13793839311,35.7514019,129.4909653
13793839312,35.7513128,129.4912082
13793839385,35.7486815,129.4878627
13793839386,35.748874,129.4877884
13793839387,35.7489164,129.4877654
13793839388,35.7489573,129.4877397
13793839389,35.7490111,129.4876937
13793839390,35.7490521,129.4876672
13793839391,35.7491009,129.4876486
13793839392,35.7491713,129.4876442
13793839393,35.7492165,129.4876336
13793839394,35.7493135,129.4875814
13793839395,35.7487426,129.4878052
13793839396,35.7487756,129.487768
13793839397,35.7488029,129.487722
13793839398,35.7488596,129.4876194
13793839399,35.7488761,129.4875707
13793839400,35.7488848,129.487507
13793839401,35.7488962,129.4874513
13793839402,35.7489156,129.4874186
13793839403,35.7489494,129.4873779
13793839404,35.749083,129.4872487
13793839406,35.7483878,129.4880724
13793839407,35.7483677,129.4881282
13793839408,35.7483433,129.4881972
13793839409,35.7483239,129.4882423
13793839410,35.7483009,129.4882812
13797512016,35.7475421,129.487785
13797512017,35.7475196,129.4878093
13797512018,35.7474965,129.4878282
13797512019,35.7474709,129.4878474
13797512020,35.7474071,129.4878894
13797512021,35.7473858,129.4879002
13797512022,35.7473649,129.487904
13797512023,35.7473399,129.4879002
13797512024,35.7473071,129.487889
13797512025,35.7471511,129.4878012
13797512026,35.747132,129.4877839
13797512027,35.747108,129.4877484
13797512028,35.7470589,129.4876695
13797512074,35.7476977,129.4868544
13797512075,35.7477371,129.486847
13797512076,35.7477892,129.486832
13797512077,35.7478424,129.4868116
13797512078,35.7480923,129.4866869
13797512079,35.7481246,129.4866665
13797512080,35.7481555,129.4866373
13797512081,35.7481813,129.4866072
13797512082,35.7483845,129.4862887
13797512083,35.7485978,129.4859914
13797512084,35.7486337,129.4859286
13797512085,35.7486589,129.4858852
13797512086,35.7486869,129.4858525
13797512087,35.7487501,129.4857791
13797512088,35.7487702,129.4857428
13797512089,35.7487766,129.4856994
13797512092,35.7472238,129.4865681
13797512093,35.7472091,129.4865914
13797512094,35.7471892,129.4866136
13797512095,35.7471655,129.4866323
13797512096,35.7471295,129.486658
13797512097,35.7471134,129.4866825
13797512098,35.7470977,129.4867169
13797512099,35.7470911,129.4867537
13797512100,35.7470897,129.4867963
13797512101,35.7470897,129.4868635
13797512102,35.7470864,129.4868921
13797512103,35.747074,129.4869207
13797512122,35.7471314,129.4861725
13797512123,35.7473389,129.4861109
13797512124,35.7473633,129.4861009
13797512125,35.7473845,129.4860847
13797512126,35.7474064,129.4860562
13797512127,35.7474227,129.4860185
13797512128,35.7475583,129.4855656
13797512129,35.7475765,129.4855032
13797512130,35.747604,129.4854477
13797512131,35.7476902,129.4853222
13797512132,35.7477315,129.485259
13797512133,35.7477446,129.4852213
13797512134,35.7477521,129.4851797
13797512135,35.7477646,129.4851358
13797512136,35.7477871,129.4850888
13797512137,35.747819,129.4850048
13797512138,35.7478253,129.4849601
13797512139,35.7478228,129.4849224
13797512140,35.7478121,129.4848947
13797512141,35.7477915,129.4848562
13797512142,35.7477703,129.4848238
13797512143,35.7477609,129.4847868
13797512144,35.7477603,129.4847414
13797512145,35.7477646,129.4846089
13797512146,35.747774,129.484575
13797512147,35.747789,129.4845373
13797512148,35.7478171,129.4844972
13797512149,35.7479466,129.4843563
13797512158,35.7468068,129.4865679
13797512159,35.7467893,129.4865971
13797512160,35.7467736,129.4866403
13797512170,35.7465917,129.4863545
13797512171,35.7465623,129.4864446
13797512172,35.7465467,129.4864847
13797512173,35.7465323,129.4865101
13797512177,35.7471943,129.4872743
13797512178,35.7471611,129.4873072
13797512179,35.7471453,129.4873206
13797512180,35.7471268,129.4873327
13797512181,35.7471083,129.487334
13797512182,35.7470833,129.48733
13797512183,35.7470604,129.4873126
13797512184,35.7470348,129.4872757
13797512185,35.7470185,129.4872375
13797512186,35.7470093,129.4871905
13797512187,35.7469902,129.4870919
13797512188,35.7469744,129.4870302
13797512190,35.7470887,129.4874011
13797512191,35.7470898,129.4874359
13797512192,35.7470876,129.4874829
13797512193,35.7470876,129.4875244
13797512194,35.7470909,129.4875714
13797512195,35.7470909,129.4876009
13797512230,35.7462528,129.4864167
13797512231,35.7461777,129.4864797
13797512232,35.7461581,129.4865039
13797512233,35.7461265,129.4865562
13797512234,35.7461004,129.4865944
13797512235,35.7460852,129.4866185
13797512236,35.746059,129.4866366
13797512237,35.7460231,129.4866433
13797512238,35.7459926,129.4866393
13797512239,35.7458879,129.4865886
13802090773,35.7456817,129.4860381
13802090775,35.7457143,129.4859918
13797512266,35.7457487,129.4859541
13797512265,35.7457764,129.4859332
13797512264,35.7458012,129.4859181
13797512263,35.7458314,129.4859082
13797512262,35.7458602,129.4859057
13797512261,35.7458927,129.485906
12202899638,35.7459185,129.4859134
12202899637,35.7459474,129.4859348
12202899636,35.745974,129.4859637
13797512260,35.746096,129.4861199
13797512278,35.7458239,129.4853351
13797512277,35.7459638,129.485553
13797512276,35.7459758,129.4855785
13797512275,35.7459769,129.4856114
13797512274,35.7459301,129.4857408
13797512273,35.7459458,129.4858132
13797512272,35.7459807,129.4858742
13797512267,35.7460019,129.4859185
13797512268,35.7460144,129.4859654
13797512269,35.7460302,129.4859969
13797512270,35.7461184,129.4860995
13797512271,35.7461336,129.4861257
13802089373,35.7467287,129.4859569
13802089374,35.7467546,129.4858967
13802089375,35.7467761,129.4858542
13802089376,35.7468131,129.4857947
13802089378,35.7464142,129.4854048
13802089399,35.7461132,129.4850859
13802089400,35.7460942,129.4848136
13802090601,35.7460571,129.4855841
13802090603,35.7457611,129.4847526
13802090604,35.7457867,129.4847325
13802090605,35.7458193,129.4847131
13802090606,35.7459902,129.4846373
13802090607,35.7460332,129.4846232
13802090608,35.7461257,129.4846017
13802090609,35.7461633,129.484589
13802090610,35.746228,129.4845528
13802090611,35.7462493,129.4845468
13802090612,35.7462678,129.4845468
13802090613,35.7462901,129.4845561
13802090614,35.7463108,129.4845776
13802090615,35.7464403,129.484827
13802090616,35.7464675,129.484868
13802090617,35.7465099,129.4849176
13802090618,35.7465818,129.4850208
13802090619,35.7466585,129.4851476
13802090620,35.7466988,129.4852019
13802090628,35.7467318,129.485232
13802090621,35.7467472,129.4852461
13802090622,35.746837,129.4852891
13802090623,35.7465578,129.4848083
13802090624,35.746591,129.4847385
13802090625,35.7466231,129.4846815
13802090626,35.7466427,129.484652
13802090627,35.7466656,129.4846299
13802090629,35.7466297,129.4853937
13802090630,35.7467064,129.4855224
13802090631,35.7467407,129.4855995
13802090642,35.7455927,129.4845624
13802090643,35.7455795,129.4845024
13802090644,35.745516,129.484292
13802090645,35.7455011,129.4842595
13802090646,35.7454756,129.4842229
13802090647,35.7453131,129.4840491
13802090649,35.7450766,129.4843382
13802090650,35.7451089,129.4843843
13802090651,35.7451297,129.4844196
13802090652,35.7451419,129.484448
13802090653,35.7451498,129.4844763
13802090654,35.7451541,129.4845161
13802090655,35.745175,129.4845072
13802090656,35.7452037,129.4844993
13802090657,35.7452353,129.4844993
13802090658,35.7452626,129.4845099
13802090659,35.7453724,129.4845878
13802090689,35.7441763,129.4819195
13802090691,35.7441034,129.4819819
13802090692,35.7440696,129.4820302
13802090693,35.7440375,129.4820919
13802090694,35.7440087,129.4821757
13802090695,35.7439924,129.4822514
13802090696,35.7439706,129.4823775
13802090697,35.7439613,129.482456
13802090698,35.7439532,129.4825405
13802090699,35.7439461,129.4825861
13802090700,35.7439363,129.4826216
13802090701,35.7439216,129.4826498
13802090702,35.7439031,129.4826759
13802090703,35.7438781,129.4826967
13802090704,35.7438492,129.4827135
13802090705,35.7437888,129.4827416
13802090706,35.7437594,129.4827617
13802090707,35.7437344,129.4827872
13802090708,35.7437164,129.4828187
13802090709,35.7437045,129.4828556
13802090710,35.7436968,129.4828999
13802090711,35.7436952,129.4829414
13802090712,35.7436974,129.4829911
13802090713,35.7437034,129.4830541
13802090714,35.7437132,129.4831077
13802090715,35.7437257,129.4831641
13802090716,35.7437393,129.4832097
13802090717,35.7437572,129.4832559
13802090718,35.7438198,129.48339
13802090719,35.7438465,129.483447
13802090720,35.7438699,129.4835114
13802090721,35.743896,129.4835879
13802090722,35.7439156,129.4836569
13802090723,35.7439314,129.4837273
13802090724,35.7439494,129.4838044
13802090725,35.7439586,129.4838755
13802090726,35.7439815,129.4841263
13802090727,35.7439875,129.4841759
13802090728,35.7439956,129.4842128
13802090729,35.7440087,129.4842463
13802090730,35.7440256,129.4842718
13802090731,35.7440506,129.4842946
13802090732,35.7440805,129.4843134
13802090733,35.7441475,129.4843476
13802090734,35.7441687,129.4843617
13802090735,35.744191,129.4843858
13802090736,35.7444076,129.4846198
13802090737,35.7444376,129.4846567
13802090738,35.7444664,129.4846949
13802090739,35.7444914,129.4847338
13802090740,35.7446259,129.4849444
13802090741,35.7446514,129.4849779
13802090742,35.7446748,129.4850027
13802090743,35.744701,129.4850195
13802090744,35.7447314,129.4850322
13802090745,35.7448414,129.4850664
13802090746,35.7448817,129.4850852
13802090747,35.7449268,129.4851067
13802090748,35.7449905,129.4851422
13802090749,35.745064,129.4851878
13802090750,35.7451178,129.4852267
13802090751,35.7451706,129.4852629
13802090752,35.7452142,129.4852958
13802090753,35.7452436,129.4853239
13802090754,35.7452708,129.4853528
13802090755,35.745298,129.4853863
13802090756,35.7453225,129.4854232
13802090757,35.7453459,129.4854654
13802090758,35.7453628,129.485507
13802090759,35.7453921,129.4855928
13802090760,35.745415,129.4856646
13802090761,35.7454428,129.4857517
13802090762,35.7454575,129.4857913
13802090763,35.745477,129.4858255
13802090769,35.7455108,129.4858697
13802090770,35.7455402,129.4859026
13802090771,35.7455712,129.4859361
13802090772,35.7456098,129.4859723
13802090774,35.7458449,129.4861748
13802090779,35.7458765,129.4862037
13802090780,35.7458988,129.4862298
13802090781,35.7459152,129.4862587
13802090782,35.7459288,129.4862868
13802090783,35.7459402,129.4863217
13802090784,35.7459483,129.4863673
13802090785,35.7459522,129.4864122
13802090786,35.7459522,129.4864498
13802090787,35.7459445,129.4864813
13802090788,35.7459288,129.4865162
13802090764,35.7454063,129.4852012
13802090765,35.7455233,129.4850363
13802090766,35.7455625,129.484994
13802090767,35.7456033,129.4849645
13802090768,35.7456409,129.4849451
13802090789,35.7456229,129.4869594
13802090790,35.7450602,129.4873946
13802090791,35.7447363,129.4872638
13802090793,35.7452294,129.4862989
13802090794,35.745193,129.4863479
13802090795,35.7451587,129.4864042
13802090796,35.74504,129.4866503
13802090797,35.7450232,129.4867039
13802090798,35.7450128,129.4867629
13802090968,35.7454841,129.4796598
13802090969,35.7455229,129.4796781
13802090970,35.7455576,129.479674
13802090971,35.7456838,129.4796212
13802090972,35.7457357,129.479607
13802090973,35.7458034,129.4795927
13802090974,35.7458372,129.4795765
13802090975,35.7458925,129.4795104
13802090976,35.7459263,129.479488
13802090977,35.7461721,129.4793996
13802090978,35.7462175,129.4793681
13802090979,35.7462612,129.4793254
13802090980,35.7467537,129.4788488
13802090981,35.7469351,129.4786485
13802090982,35.7470919,129.4785296
13802091006,35.7458369,129.4772614
13802091005,35.7458046,129.4772423
5313419401,35.7457737,129.4772323
13802091004,35.7457346,129.4772313
13802091027,35.7445892,129.4797167
13802091028,35.7445978,129.4796247
13802091029,35.7446151,129.4795291
13802091030,35.7451142,129.4773021
13802091031,35.7453287,129.4764342
13802091032,35.745651,129.4753181
13802091033,35.7458036,129.4748394
12202900707,35.7460989,129.4739738
13802091093,35.7464979,129.4727991
13802091094,35.7465828,129.4725338
13802091095,35.7466612,129.4723397
13802091096,35.746733,129.4721638
13802091097,35.7468815,129.4718427
13802091098,35.7470662,129.4714859
13802091099,35.7475438,129.4706596
13802091100,35.7477905,129.4702561
13802091101,35.7480066,129.4698973
13802091102,35.748207,129.4695833
13802091103,35.7486385,129.4689735
13802091104,35.7495508,129.4677681
13802091105,35.7500795,129.4670871
13802091106,35.750157,129.4669804
13802091107,35.750303,129.4667578
13802091108,35.7503863,129.4666541
13802091109,35.7504927,129.4665362
13802091110,35.7505826,129.466462
13807521060,35.7506398,129.4664373
13807521061,35.7507728,129.4663873
13802091034,35.7453219,129.4765256
13802091035,35.7453252,129.4765957
13802091036,35.7453483,129.4768762
13802091037,35.7453615,129.4769453
13802091038,35.7453805,129.4770104
13802091039,35.7454151,129.4770876
13802091040,35.7454374,129.4771506
13802091052,35.7454356,129.4773644
13802091053,35.7454299,129.4774904
13802091054,35.7454769,129.477964
13802091055,35.7454827,129.4781063
13802091056,35.7454818,129.4782019
13802091057,35.7454686,129.478271
13802091058,35.7454431,129.4783584
13802091059,35.745415,129.4784285
13802091060,35.7453688,129.4785088
13802091076,35.7469576,129.4767972
13802091078,35.7468198,129.4770137
13802091130,35.7465235,129.4733525
13802091129,35.7465928,129.4732763
13802091128,35.746644,129.4732305
13802091122,35.7466902,129.4732001
13802091123,35.7467314,129.4731858
13802091124,35.7467743,129.4731828
13802091125,35.7468098,129.4731858
13802091126,35.7468395,129.4731929
13802091132,35.746856,129.4731635
13802091133,35.7468321,129.4730933
13802091134,35.7468073,129.473009
13802091135,35.7467925,129.4729256
13802091136,35.7467842,129.4728291
13802091137,35.7467842,129.4727071
13802091138,35.7467949,129.4725953
13802091168,35.7421181,129.4807304
13802091169,35.7421561,129.4807904
13802091170,35.7421866,129.4808381
13802091171,35.7422171,129.4808717
13802091172,35.7422658,129.4809052
13802091173,35.7423046,129.4809367
13802091174,35.7423631,129.481016
13802091175,35.7425826,129.4807599
2984433270,35.7414494,129.4806409
2984433260,35.7415227,129.4806
2984433316,35.7415914,129.4805551
13802091163,35.7417387,129.480463
13802091164,35.7418222,129.4804017
13802091165,35.7418978,129.4803385
13802091166,35.7419603,129.4802754
2984433391,35.742167,129.4799923
13802091177,35.7423888,129.4796502
12202899659,35.7424836,129.4795143
13802091178,35.7425537,129.4794285
13802091179,35.7426102,129.4793663
13802091180,35.7426805,129.4792986
13802091181,35.7427643,129.479219
13802091182,35.7428566,129.4791203
13802091200,35.7444601,129.4755002
13802091201,35.7444601,129.4754057
13802091202,35.7444551,129.475304
13802091203,35.7444411,129.4751902
13802091204,35.744404,129.4750337
13802091205,35.7443727,129.4749351
13802091206,35.7443223,129.4748487
13802091207,35.7442275,129.4746993
13802091208,35.7441928,129.4746546
13802091209,35.7441557,129.4746261
13802091210,35.7441153,129.4746017
13802091211,35.7440996,129.4745773
13802091212,35.7440947,129.4745357
13802091213,35.7440947,129.4744716
13802091214,35.7440889,129.4744279
13802091215,35.7440633,129.4743741
13802091216,35.7440245,129.4743364
13802091217,35.7439742,129.474311
13802091218,35.7437837,129.4742551
13802091219,35.7437325,129.4742307
13802091220,35.7435576,129.4741169
13802091221,35.7443669,129.4748822
13802091222,35.7443727,129.4748294
13802091223,35.7443834,129.4747796
13802091224,35.7444205,129.4746139
13802091225,35.7444246,129.47456
13802091226,35.7444263,129.474493
13802091227,35.7444197,129.4744421
13802091228,35.7444065,129.4743964
13802091229,35.7443784,129.4743537
13802091230,35.7443463,129.4743161
13802091231,35.7443215,129.4742744
13802091232,35.7442984,129.4742216
13802091233,35.7442794,129.474123
13802091234,35.7442605,129.4740468
13802091235,35.7442407,129.4739706
13802091236,35.7442481,129.4739106
13802091237,35.7443124,129.4735864
13802091238,35.744343,129.4734878
13802091239,35.7443751,129.4734309
13802091240,35.744569,129.473194
13802091241,35.7446383,129.4731412
13802091242,35.7447389,129.4730822
13802091243,35.744955,129.4729826
13802091244,35.7450153,129.4729461
13802091245,35.7450672,129.4729003
13802091246,35.7451637,129.4728099
13802091247,35.7451992,129.4727895
13802091248,35.7452322,129.4727875
13802091250,35.744597,129.47456
13802091251,35.7445657,129.4745235
13802091252,35.7445484,129.4744859
13802091253,35.7445385,129.474436
13802091254,35.7445409,129.4743801
13802091255,35.7445352,129.4743456
13802091256,35.7445236,129.4743222
13802091257,35.7445005,129.474307
13802091258,35.7444716,129.474308
13802091259,35.7443067,129.4743801
13802091260,35.7442464,129.4743822
13802091261,35.7442077,129.4743822
13807521031,35.7517479,129.4685653
13807521030,35.7515662,129.468796
13807521029,35.7514443,129.468973
13807521022,35.7493662,129.4722494
13802091091,35.7460978,129.4774246
13802091090,35.7460731,129.4774347
13802091070,35.7460419,129.4774172
13802091069,35.7458621,129.4772373
13802091068,35.7458374,129.477215
13802091067,35.7458077,129.4772018
13802091066,35.7457788,129.4772018
13802091065,35.7457343,129.4772058
13807519516,35.7404624,129.4822777
13807519517,35.7404293,129.4822449
13807519518,35.7404042,129.4822078
13807519519,35.7403812,129.4821635
13807519520,35.7400911,129.4815548
13807519537,35.7416807,129.4825818
13807519538,35.7416576,129.482561
13807519539,35.7416414,129.4825356
13807519540,35.7416339,129.4825048
13807519541,35.7416401,129.4824709
13807519542,35.7416557,129.4824301
13807519543,35.7419052,129.4818539
13089164907,35.7372307,129.4840507
13089164908,35.737163,129.4839951
13089164909,35.7370614,129.4839103
13089164910,35.7369984,129.4836622
13089164911,35.7369805,129.4834458
13807519578,35.7388035,129.4835284
13807519579,35.7388221,129.4835478
13807519580,35.7388422,129.4835576
13807519581,35.7388695,129.483562
13807519582,35.7392365,129.4835089
13807519583,35.7392437,129.4836328
13807519584,35.7395883,129.4835965
13807519594,35.741404,129.4832548
13807519596,35.7414465,129.4832232
13807519597,35.7414496,129.4831878
13807519598,35.7414446,129.4831585
13807519599,35.7414284,129.4831292
13807519600,35.7414015,129.4831115
13807520701,35.7413715,129.4831131
13807520702,35.7404387,129.4832971
13807520703,35.7403987,129.483321
13807520704,35.7403612,129.4833595
13807520745,35.7548175,129.4673822
13807520746,35.75485,129.4673537
13807520747,35.7548775,129.4673375
13807520748,35.754905,129.4673268
13807520749,35.7549332,129.4673268
13807520750,35.7549563,129.4673352
13807520751,35.7549807,129.4673506
13807520752,35.755267,129.4674885
13807520753,35.755322,129.4675124
13807520754,35.7553582,129.4675162
13807520755,35.7554076,129.4675162
13807520756,35.755452,129.4675047
13807520757,35.755502,129.4674854
13807520758,35.755577,129.4674392
13807520759,35.7556139,129.4674061
13807520760,35.755637,129.4673676
13807520761,35.7556483,129.4673113
13807520762,35.755702,129.4670479
13807520767,35.7543375,129.46863
13807520768,35.7544081,129.4687125
13807520769,35.7544756,129.4688326
13807520783,35.7534562,129.4693
13807520784,35.7534368,129.46929
13807520785,35.7534237,129.4692862
13807520786,35.7534043,129.469297
13807520787,35.7526517,129.470078
13807520788,35.7505588,129.4734248
13807520852,35.7532413,129.4709393
13807520855,35.7526731,129.4711866
13807520897,35.7526419,129.4712053
13807520898,35.7526131,129.4712277
13807520899,35.7525888,129.4712516
13807520900,35.7525694,129.4712777
13807520901,35.7525475,129.4713086
13807520902,35.7525231,129.4713494
13807520903,35.7524081,129.4715866
13807520906,35.7523837,129.4716398
13807520907,35.7523743,129.4716683
13807520908,35.7523681,129.4716999
13807520909,35.7523643,129.4717345
13807520910,35.7523662,129.4717784
13807520911,35.7523875,129.4719718
13807520912,35.7523912,129.4720357
13807520913,35.7523912,129.4720873
13807520914,35.7523893,129.4721528
13807520915,35.7523856,129.4722182
13807520916,35.7523768,129.4722853
13807520917,35.7523656,129.4723415
13807520918,35.7523331,129.4724401
13807520919,35.7523006,129.4724855
13807520920,35.7522793,129.4725025
13807520921,35.7522562,129.4725125
13807520922,35.7522287,129.4725194
13807520923,35.7519905,129.4725541
13807520924,35.7519574,129.4725556
13807520925,35.7519174,129.4725518
13807520926,35.7518449,129.4725464
13807520927,35.7518124,129.472551
13807520928,35.7517855,129.4725618
13807520929,35.7517605,129.4725803
13807520930,35.7517349,129.4726026
13807520931,35.7516836,129.472655
13807520932,35.7516486,129.4727004
13807520933,35.7516155,129.4727443
13807520934,35.751578,129.4727852
13807520935,35.7513717,129.4729754
13807520936,35.7513398,129.4730078
13807520937,35.7513179,129.4730424
13807520938,35.7512216,129.4731988
13807520939,35.7511973,129.4732288
13807520940,35.7511723,129.4732481
13807520941,35.7511429,129.4732627
13807520942,35.7507766,129.473389
13807520943,35.7507209,129.4734129
13807520944,35.7506734,129.4734437
13807520945,35.7505984,129.4734961
13807520946,35.750554,129.4735346
13807520947,35.7505178,129.47357
13807520948,35.7504871,129.4736055
13807520949,35.7504565,129.4736471
13807520950,35.7503221,129.4738412
13807520951,35.7502921,129.4738812
13807520952,35.7502327,129.4739536
13807520953,35.7501983,129.4740014
13807520954,35.7501733,129.4740445
13807520955,35.7501227,129.4741385
13807520956,35.7500977,129.474177
13807520957,35.7500677,129.474214
13807520958,35.7499808,129.4743095
13807520959,35.7499545,129.4743334
13807520960,35.749927,129.4743496
13807520961,35.7498958,129.4743611
13807520962,35.7498576,129.4743673
13807520967,35.749709,129.4743781
13807520968,35.7496803,129.4743808
13807520969,35.7496537,129.4743888
13807520970,35.7496185,129.474402
13807520971,35.7495704,129.4744259
13807520972,35.7495331,129.4744507
13807520973,35.7495001,129.474479
13807520974,35.7494692,129.4745126
13807520975,35.7494361,129.4745533
13807520976,35.749406,129.4745967
13807520977,35.7493751,129.4746498
13807520978,35.7493335,129.4747276
13807520979,35.749309,129.4747613
13807520980,35.7492832,129.4747887
13807520981,35.7492459,129.4748241
13807520993,35.7491784,129.4748816
13807520994,35.7491424,129.4749143
13807520995,35.7491216,129.4749418
13807520996,35.7490929,129.4749895
13807521004,35.7489651,129.4752736
13807520853,35.7532845,129.4709332
13807520854,35.7532645,129.4709347
13807520856,35.7534292,129.4716595
13807520857,35.7534368,129.4716887
13807520858,35.7534472,129.4717173
13807520859,35.7534609,129.471743
13807520860,35.7534808,129.4717669
13807520861,35.7536277,129.4719122
13807520862,35.7536717,129.4719426
13807520863,35.7539815,129.4721084
13807520864,35.7536797,129.4701727
13807520865,35.7536976,129.4701567
13807520866,35.7537189,129.4701312
13807520867,35.7538185,129.4699997
13807520868,35.7538462,129.4699729
13807520869,35.7538772,129.4699488
13807520870,35.7539186,129.4699226
13807520871,35.753961,129.4699025
13807520872,35.7539997,129.4698898
13807520873,35.7540388,129.4698804
13807520874,35.7540758,129.469875
13807520875,35.7541123,129.4698804
13807520876,35.7541629,129.4698958
13807520882,35.7541014,129.4701204
13807520883,35.7540976,129.470162
13807520884,35.7541009,129.470211
13807520885,35.7541145,129.4702706
13807520886,35.7541597,129.4704115
13807520887,35.7541754,129.4704631
13807520888,35.7541831,129.4705188
13807520889,35.7541814,129.470567
13807520890,35.7541667,129.4706307
13807520891,35.7541379,129.4707005
13807520892,35.7540144,129.4709566
13807520877,35.7542173,129.4697724
13807520878,35.7542337,129.4697523
13807520879,35.7542511,129.4697469
13807520880,35.7542756,129.4697469
13807520881,35.7543648,129.4697785
13807520893,35.7540269,129.470392
13807520894,35.7531957,129.4719194
13807520895,35.753217,129.4719294
13807520896,35.7533101,129.4720303
13807520904,35.7528525,129.4716028
13807520905,35.7526556,129.4717361
13807520963,35.7478729,129.4708257
13807520964,35.7504179,129.4732541
13807520965,35.7505032,129.4733499
13807520982,35.7496286,129.4746179
13807520983,35.7497026,129.4747586
13807520984,35.7497535,129.4748542
13807520985,35.7498584,129.4747949
13807520986,35.7496056,129.4749878
13807520987,35.7495496,129.4749108
13807520988,35.7494455,129.4750417
13807520989,35.7494153,129.4750824
13807520990,35.749388,129.4751081
13807520991,35.7493564,129.4751267
13807520992,35.7492853,129.4751568
13807520997,35.7492739,129.4751391
13807520998,35.7492897,129.4751868
13807520999,35.7492961,129.4753134
13807521000,35.749304,129.4753514
13807521001,35.7493177,129.4753859
13807521002,35.7493371,129.4754142
13807521003,35.749416,129.4754788
13807521005,35.7488523,129.4755868
13807521006,35.74882,129.4756682
13807521007,35.7487863,129.4757363
13807521008,35.7487518,129.4757982
13807521009,35.7487145,129.4758504
13807521010,35.748662,129.4759088
13807521011,35.7485701,129.4760088
13807521012,35.7485551,129.4760345
13807521013,35.7485496,129.476053
13807521014,35.7485524,129.4760796
13807521015,35.7485667,129.476122
13807521016,35.7485796,129.4761405
13807521017,35.7485936,129.4761528
13807521018,35.7486196,129.4761586
13807521019,35.7488102,129.4761616
13807521042,35.7504528,129.466697
13807521043,35.7504264,129.4667275
13807521044,35.7504123,129.4667651
13807521045,35.7504123,129.4667956
13807521046,35.7504222,129.46682
13807521047,35.750626,129.4670852
13807521048,35.7506796,129.4671442
13807521050,35.7498957,129.4680196
13807521051,35.7505046,129.4673583
13807521049,35.7510035,129.4667928
13807521052,35.7510266,129.4667745
13807521053,35.7510546,129.4667583
13807521054,35.7510827,129.4667542
13807521055,35.7511132,129.4667684
13807521056,35.7512336,129.4668863
13807521057,35.7512699,129.4669168
13807521058,35.7512963,129.4669239
13807521059,35.7513301,129.4669219
13807521082,35.7513833,129.466886
13807521083,35.7513855,129.4668484
13807521084,35.7513801,129.4668189
13807521085,35.7513681,129.4667868
13807521086,35.7512843,129.4666057
13807521087,35.7512712,129.4665601
13807521088,35.7512712,129.4665132
13807521089,35.7512843,129.4664716
13807521090,35.7513137,129.4664327
13807521091,35.7515988,129.4660813
13807521092,35.7519645,129.465612
13807521093,35.7521212,129.4653987
13807521094,35.752254,129.4651975
13807521095,35.7524195,129.4649441
13807521096,35.7525218,129.4647992
13807521097,35.7526328,129.4646504
13807521098,35.7532978,129.4638618
13807521099,35.7537222,129.4633804
13807521100,35.753879,129.4632033
13807521063,35.7513327,129.4657583
13807521064,35.7513137,129.4657421
13807521065,35.7512915,129.465737
13807521066,35.7512667,129.4657522
13807521067,35.7509561,129.4661463
13807521062,35.7515628,129.4660378
13807521068,35.7509399,129.4660941
13807521069,35.7509416,129.4660595
13807521070,35.7509498,129.4660128
13807521071,35.7509754,129.4659691
13807521072,35.751547,129.4653135
13807521073,35.7520395,129.4647393
13807521074,35.7526218,129.4640563
13807521075,35.75296,129.463665
13807521076,35.7533666,129.4631883
13807577479,35.7322411,129.4851784
13807577480,35.7321245,129.485144
13807577481,35.7320592,129.4851148
13807577482,35.732011,129.4850759
13807577483,35.7319708,129.4850334
13807577484,35.7319407,129.4849874
13807577485,35.7319155,129.484937
13807577486,35.7318925,129.4848751
13807577487,35.7318796,129.4848034
13807577488,35.7318641,129.4847034
13807577494,35.729952,129.485454
13807577493,35.7299885,129.4854544
13807577492,35.7300428,129.4854493
13807577491,35.7301011,129.4854338
312236277,35.7301573,129.4854152
11999300205,35.730237,129.4853793
312236266,35.7303047,129.485342
13807577490,35.7305352,129.4852125
13807577489,35.730589,129.4851866
312236255,35.7306536,129.485163
312236245,35.7307106,129.4851473
312236235,35.7307727,129.4851376
312236219,35.7308441,129.4851323
1886344558,35.7313391,129.4851282
1886344546,35.7318484,129.4851404
13807621408,35.7362503,129.4820895
13807621409,35.7361389,129.4821301
11999302297,35.7319995,129.4806779
11999302296,35.7319798,129.4808549
11999302295,35.7319443,129.4812396
13807621406,35.7319411,129.481357
13807621405,35.73194,129.4814887
11999302294,35.7319436,129.4816351
13807621404,35.7319498,129.4817942
11999302293,35.7319761,129.4821498
13807621403,35.7319836,129.4822805
11999302292,35.7319845,129.4824077
13807621402,35.7319459,129.4831237
13807621401,35.7318726,129.4844619
13807577478,35.7323062,129.485181
13807577477,35.7323819,129.4851775
13807577476,35.7324471,129.4851703
2375716738,35.7325057,129.4851632
13807577475,35.7328196,129.4850872
13807577474,35.732908,129.4850644
2375716731,35.7329843,129.4850487
13807577473,35.7331508,129.4850205
2375716776,35.7332341,129.4849985
13807577472,35.7333434,129.4849657
13807577471,35.7334657,129.4849251
2375716781,35.733897,129.4847623
13807577470,35.734341,129.4845968
13807577469,35.73547,129.4842149
13807732947,35.7491192,129.4644014
13807732948,35.7491486,129.464468
13807732949,35.7491855,129.464538
13807732950,35.7495115,129.4650541
13807732951,35.7495551,129.4651323
13807732952,35.7495712,129.4651942
13807732953,35.7495911,129.4652887
13807747919,35.746323,129.4631059
13807747920,35.7463198,129.4631406
13807747921,35.7463017,129.4631776
13807747922,35.7462798,129.4632014
13807747923,35.7462229,129.4632292
13807747933,35.7465099,129.4631221
13807747934,35.7467356,129.4632045
13807747935,35.7467681,129.4632091
13807747936,35.7467899,129.463203
13807747937,35.7468181,129.463193
13807747938,35.7468418,129.463193
13807747939,35.7470531,129.4633077
13807747940,35.7470825,129.463337
13807747941,35.7471169,129.4633786
13807747948,35.7474343,129.4633167
13807747951,35.7478664,129.4631147
13807747982,35.7476531,129.4632335
13807747952,35.7476295,129.4632467
13807747953,35.7472609,129.4633249
13807747954,35.7469368,129.4636098
13807747955,35.7469397,129.463709
13807747956,35.7467549,129.4638421
13807747957,35.7466061,129.4639775
13807747958,35.7463863,129.4640873
13807747959,35.7463257,129.4641048
13807747960,35.7462773,129.4641106
13807747961,35.7462233,129.4640768
13807747962,35.7461778,129.4640581
13807747963,35.7461276,129.4640592
13807747964,35.746085,129.4640826
13807747965,35.7468402,129.4635934
13807747966,35.7467123,129.4635385
13807747967,35.7466384,129.4634988
13807747968,35.7467217,129.463772
13807747969,35.7466867,129.4637323
13807747970,35.7465986,129.4636716
13807747971,35.7462735,129.4641853
13807747972,35.7462925,129.4642332
13807747973,35.7464451,129.4645192
13807747974,35.7469937,129.4641865
13807747975,35.747025,129.4642589
13807747976,35.7470553,129.4643021
13807747977,35.7472145,129.4644737
13807747978,35.7472723,129.4644725
13807747979,35.7473339,129.4639285
13807747980,35.7473765,129.4637055
13807747981,35.7474229,129.4634965
13807748000,35.747624,129.4633952
13807747983,35.747494,129.4641164
13807747984,35.7474788,129.4642822
13807747985,35.7474769,129.4644445
13807747986,35.7474731,129.4646442
13807747987,35.7475309,129.4652174
13807747988,35.7475385,129.4653283
13807747989,35.7475423,129.4654346
13807747990,35.7475262,129.4658093
13807747991,35.747529,129.4659529
13807747992,35.7475963,129.4669231
13807747993,35.7476086,129.4670107
13807747994,35.7476987,129.4675022
13807747995,35.7477148,129.4675384
13807747996,35.7477441,129.4675711
13807747997,35.7477754,129.4675792
13807747998,35.7478038,129.4675722
13807747999,35.747837,129.4675442
13807748001,35.7488366,129.4663335
13807748002,35.7483316,129.4668823
13807748003,35.7481146,129.4671017
13807748004,35.7500501,129.4647372
13807748005,35.7500914,129.4646571
13807748006,35.7501351,129.4645384
13807748007,35.7503789,129.4642781
13807748008,35.7511103,129.4635047
13807748009,35.7515504,129.4631766
13807748015,35.7517704,129.4631104
13937823862,36.0477286,129.3640419
13937823863,36.0477423,129.3641968
13937823866,36.0479581,129.3642486
13937823867,36.0478105,129.3642832
13937823869,36.0480808,129.363942
13937823870,36.0480472,129.3640606
13937823872,36.0478239,129.3651764
13937823873,36.0477022,129.3649847
13937823875,36.0476771,129.3649863
13937823876,36.0475745,129.3651214
13937823878,36.0478965,129.3652917
13937823879,36.0477888,129.36542
13937823881,36.0476865,129.3652788
13937823882,36.0477542,129.3653958
13937823884,36.0486594,129.3675798
13937823885,36.0486743,129.3677446
13937823887,36.0494761,129.3679216
13937823888,36.0493216,129.368005
13947240058,36.0479908,129.3642497
13947240061,36.0478195,129.3639674
13947240060,36.0477929,129.3639962
13947240059,36.0477577,129.3640298
13947240062,36.0477799,129.3642443
13947240067,36.050823,129.3604101
13947240066,36.0506929,129.3604074
13947240068,36.0506549,129.3604202
13947240073,36.0476891,129.3650044
13952032183,36.0477632,129.3653958
13947279409,36.0468577,129.3645528
13947279408,36.0470203,129.3645903
13989496906,36.027831,129.3673991
13989496905,36.0278267,129.3674354
13989496915,36.0278326,129.3674744
13952030326,36.027896,129.3678927
13952030327,36.0279921,129.3678713
13952030328,36.0279847,129.3678236
13952030386,36.0280201,129.3673856
13952030389,36.0280059,129.3673071
13952030387,36.0279782,129.3671549
13952030390,36.0284114,129.3673348
13989496916,36.0282036,129.3673903
13952030391,36.0281352,129.3674079
13989496940,36.0328244,129.3707652
13952032104,36.0323508,129.3703345
13989496961,36.0322086,129.3702008
13989496947,36.0317147,129.3697513
13989496953,36.0314713,129.3696191
13952032106,36.0314085,129.369599
13952032107,36.0298516,129.3689837
13952032108,36.0291284,129.3686802
13952032109,36.0286421,129.3684607
13952032110,36.0304984,129.3679199
13952032111,36.0305452,129.3678558
13952032118,36.0494115,129.3667146
13952032117,36.0492985,129.3667328
13952032123,36.0500009,129.366597
13952032124,36.0500937,129.3666501
13952032125,36.0501834,129.3667772
13952032126,36.0499094,129.3664006
13952032127,36.0499542,129.3663305
13952032128,36.0499941,129.3662696
13952032129,36.0499922,129.3661387
13952032130,36.0500047,129.3660601
13952032131,36.0500912,129.3660424
13952032132,36.0502345,129.3660293
13952032133,36.05043,129.3664892
13952032134,36.0506389,129.3669255
13952032135,36.0507875,129.367175
13952032136,36.0507864,129.3673855
13952032151,36.0494632,129.3667053
13952032154,36.0494685,129.3665691
13952032155,36.0494557,129.3665886
13952032156,36.0494968,129.3670717
13952032157,36.0495025,129.3672716
13952032158,36.0494875,129.3676056
13952032159,36.0494689,129.3677959
13952032160,36.0495018,129.3679976
13952032161,36.0495326,129.3680171
13952032162,36.0492495,129.3667424
13952032163,36.0490861,129.3657284
13952032164,36.0491361,129.3657204
13952032165,36.0492055,129.3664734
13952032166,36.0492792,129.3670972
13952032167,36.0492907,129.3672936
13952032168,36.0492578,129.3673741
13952032169,36.049202,129.3674135
13952032170,36.0491591,129.3674169
13952032171,36.0491445,129.3673994
13952032172,36.0490646,129.3674251
13952032173,36.0490781,129.3674458
13952032174,36.0489638,129.3674915
13952032175,36.0489029,129.3674827
13952032176,36.0487911,129.3672084
13952032177,36.0485217,129.3663121
13952032178,36.0484658,129.366179
13952032179,36.0483557,129.3660041
12097147729,36.0480145,129.3654694
13952032180,36.047999,129.3654451
13952032204,36.0273655,129.3620901
13952032191,36.0273623,129.3620276
13989496886,36.0273807,129.3619689
13952032192,36.0273975,129.3619154
13952032194,36.0273177,129.3618413
13952032195,36.0274348,129.3619502
13952032197,36.0275829,129.3617433
13952032198,36.0274761,129.3619556
13952032201,36.0273964,129.3620615
13989496894,36.0272795,129.3621696
13952032202,36.0272464,129.3622002
13952032205,36.0272341,129.3622203
13952032206,36.0272296,129.3623103
13952032207,36.0272547,129.3617938
13989496885,36.0271763,129.3619606
13952032208,36.0271489,129.3620189
13952032210,36.0273694,129.361573
13952032211,36.0272779,129.3617622
13952032214,36.027559,129.3616778
13952032215,36.0274572,129.3615834
13953462550,36.0633068,129.3658929
13953462551,36.0633751,129.3657843
13953462552,36.0632515,129.3652934
13953462553,36.0637567,129.3653471
13953462554,36.0638825,129.3657574
13953462555,36.0636374,129.3647918
13953462556,36.0638217,129.3651539
13953462557,36.0641665,129.3647543
13953462558,36.0642857,129.3652974
13953462559,36.0640321,129.3642447
13953462560,36.064353,129.3645384
13953462561,36.0642413,129.3640824
13953462562,36.0645849,129.3643748
13953462563,36.0646803,129.3647798
13953462564,36.0647682,129.3642178
13953462565,36.0649167,129.3640194
13953462566,36.0651476,129.3642983
13953462567,36.0647129,129.3637458
13953462574,36.0656045,129.3648558
13953462575,36.0657432,129.3653871
13953462577,36.0650806,129.3659545
13953462578,36.0648935,129.3650707
13953462580,36.0646742,129.366456
13953462581,36.0644671,129.3655534
13953462583,36.0639495,129.3664153
13953462652,36.0638083,129.3689057
13953462660,36.0631821,129.3706769
13953462662,36.0634772,129.3705305
13953462683,36.0630127,129.3705078
13953462684,36.0638431,129.3693536
13953462686,36.0654816,129.3701018
13953462688,36.0654608,129.370215
13953462693,36.0665667,129.3707121
13953462694,36.0666205,129.3703056
4646834106,36.0667246,129.3707433
13953462695,36.0667078,129.37085
13953462701,36.0650624,129.3675699
13953462702,36.0650494,129.3673298
13953462704,36.0650577,129.3673141
13953462712,36.0655127,129.3664673
13953462703,36.0657248,129.3660727
13953462705,36.0645613,129.3671488
13953462706,36.0645197,129.3670881
13953462707,36.0645165,129.3670204
13953462708,36.0645558,129.3669629
13953462709,36.0646295,129.3669531
13953462710,36.0646738,129.367008
13953462711,36.0646753,129.3670558
13953462713,36.0653423,129.3663314
13953462714,36.0655688,129.3659228
13953462715,36.0656537,129.3659835
13953462716,36.0659549,129.3656817
13953462721,36.0659848,129.3656589
13953462717,36.0660139,129.3656367
13953462718,36.0661873,129.3652934
13953462719,36.0660768,129.3652022
13953462720,36.065873,129.3655669
13953462723,36.0662964,129.3666567
13953462734,36.0668475,129.3671103
13953462724,36.0668601,129.3671208
13953462725,36.0675582,129.3676787
13953462726,36.0680157,129.368026
13953462727,36.0680623,129.3680273
13953462728,36.068161,129.3680019
13953462729,36.068419,129.3679013
13953462767,36.0684381,129.3678941
13953462730,36.0686553,129.3678128
13953462731,36.0687193,129.3677672
13953462735,36.066625,129.3675517
13953462742,36.0666103,129.3675788
13953462743,36.066526,129.367734
13953462738,36.0664459,129.3678815
13953462736,36.0664395,129.3678933
13953462737,36.0663708,129.3679252
13953462739,36.0661806,129.3676739
13953462740,36.0660976,129.367819
13953462744,36.0662575,129.3675309
13953462741,36.0663422,129.3673731
13953462745,36.0663336,129.367934
13953462746,36.066156,129.3679168
13953462747,36.0661116,129.3678927
13953462748,36.0667437,129.3676495
13953462749,36.0673401,129.3680995
13953462750,36.0672866,129.368195
13953462755,36.0671422,129.3679575
13953462751,36.0669279,129.3678037
13953462752,36.0668582,129.3679547
13953462753,36.0669777,129.3680579
13953462754,36.0670736,129.3680687
13953462756,36.0672056,129.368212
13953462757,36.0670163,129.3681503
13953462760,36.0670521,129.366801
13953462758,36.0671857,129.366599
13953462759,36.0674509,129.3661415
13953462761,36.0671104,129.3668612
13953462763,36.068509,129.3671361
13953462764,36.0685777,129.3670264
13953462765,36.0684032,129.3668866
13953462766,36.0683231,129.3670158
13953462776,36.0677443,129.3673542
13953462768,36.0681127,129.3667114
13953462769,36.0679907,129.366619
13953462770,36.0679409,129.3666899
13953462771,36.0676308,129.3664388
13953462772,36.0676943,129.366334
13953462773,36.0677616,129.3663725
13953462774,36.0679845,129.366542
13953462775,36.0681513,129.3667392
13953462777,36.0677939,129.367397
13953462778,36.067345,129.366058
13953462779,36.0672846,129.3661537
13953462780,36.0670232,129.3659506
13953462834,36.0686672,129.3700497
13953462840,36.068448,129.36886
13953462839,36.0684975,129.3684365
13953462841,36.0683119,129.3688357
13953462842,36.068343,129.3685274
13953462844,36.0684682,129.369354
13953462845,36.0683998,129.36946
13953462846,36.0681565,129.3693928
13953462847,36.0680751,129.3699257
13953462849,36.0681844,129.3699485
13953462848,36.0683283,129.3699786
13953462850,36.0682289,129.3696227
13953462852,36.0677179,129.370555
13953462854,36.0677534,129.3711418
13953462853,36.0676951,129.3715466
13953462855,36.0676138,129.3711118
13953462856,36.067553,129.3715198
13953462861,36.068189,129.3709342
13953462858,36.068258,129.3704557
13953462859,36.0680465,129.3704181
13953462860,36.0679923,129.3708824
13953462862,36.0680425,129.3708956
13953462863,36.0680791,129.3706207
13953462866,36.0682537,129.371257
13953462865,36.0681875,129.371717
13953462867,36.0681236,129.3712339
13953462868,36.0680552,129.3716714
13953462870,36.0686192,129.3713467
13953462871,36.0685704,129.3716124
13953462872,36.0687147,129.3713748
13953462873,36.0686811,129.3716566
13953462879,36.0685956,129.3710079
13953462876,36.0685531,129.3709964
13953462877,36.0686116,129.3705389
13953462880,36.0686344,129.3707294
13958219613,36.0228186,129.3579493
13958219614,36.0227191,129.3581424
13958219617,36.0225891,129.3558878
13958219618,36.0224399,129.3557699
13958219620,36.0226836,129.3557815
13958219621,36.0226449,129.3558516
13958219623,36.0224688,129.3556109
13958219624,36.0224236,129.3556851
13958219626,36.0234221,129.3542973
13958219627,36.023275,129.3541866
13958219629,36.0249948,129.3512425
13958219630,36.0248872,129.3511678
13958219632,36.0250146,129.3513418
13958219633,36.0249703,129.3514223
13958219635,36.0255302,129.3508024
13958219636,36.025483,129.3506168
9288127476,36.021723,129.3575174
13989496785,36.0232674,129.3605489
13989496788,36.0232757,129.3605451
13989496786,36.0233488,129.3603947
13989496787,36.0232327,129.3606334
13989496790,36.0234356,129.3606522
13989496791,36.0232403,129.3606602
13989496793,36.0235896,129.360447
13989496857,36.0235214,129.3605807
13989496794,36.0234898,129.3606455
13989496796,36.0235657,129.3603773
13989496797,36.0233889,129.3603652
13989496799,36.0241037,129.3593513
13989496800,36.0239833,129.3592601
13989496802,36.0243174,129.3591461
13989496803,36.0242013,129.359358
13989496806,36.0243033,129.359016
13989496807,36.0241493,129.358898
13989496809,36.0240419,129.3589141
13989496810,36.0239204,129.359134
13989496813,36.0236635,129.3585617
13989496814,36.0236037,129.358514
13989496815,36.0227769,129.357853
13989496816,36.0227079,129.3577993
13989496818,36.0226409,129.358118
13989496819,36.0225654,129.3580666
13989496846,36.0238307,129.3589317
13989496847,36.0238529,129.358891
13989496850,36.0271518,129.3615723
13989496851,36.0271724,129.3615367
13989496854,36.027659,129.3619341
13989496855,36.0276434,129.3619687
13989496858,36.0238861,129.360872
13989496864,36.0239509,129.3608834
13989496859,36.0239839,129.3608892
13989496865,36.0240907,129.3608922
13989496876,36.0247423,129.3609105
13989496860,36.0250377,129.3609187
13989496873,36.0254547,129.3609741
13989496861,36.025489,129.3609787
13989496870,36.0256609,129.3608281
13989496867,36.0256539,129.3608428
13989496868,36.0257098,129.3608418
13989496869,36.025612,129.3608144
13989496871,36.025478,129.3608367
13989496872,36.0254443,129.3610349
13989496874,36.0257468,129.3608683
13989496881,36.0257071,129.3610217
13989496875,36.0256983,129.3610614
13989496877,36.0248023,129.3608794
13989496878,36.0248073,129.3608489
13989496893,36.0259446,129.3610861
13989496882,36.0261218,129.3611341
13989496883,36.0264523,129.3613525
13989496884,36.0271029,129.3619047
13989496887,36.0272138,129.3621798
13989496888,36.0271459,129.3621343
13989496891,36.0259036,129.360989
13989496892,36.0258967,129.3610345
13989496895,36.0273581,129.3624812
13989496902,36.0281242,129.3669222
13989496896,36.0281373,129.3670013
13989496900,36.0283161,129.366957
13989496901,36.0280735,129.3670172
13989496908,36.0278168,129.3673103
13952030329,36.0279173,129.3678368
13989496904,36.0278506,129.3674691
13952030330,36.027795,129.367262
9271029055,36.027743,129.3672731
9310043669,36.0260703,129.367695
9310043668,36.0251716,129.3679079
436561594,36.025059,129.3679346
9310043666,36.0237466,129.3682536
13989497048,36.0226824,129.3685505
9310043662,36.0226624,129.3685561
13989496909,36.0278534,129.3673481
9271029051,36.0278792,129.3673413
13989496897,36.0284167,129.3672009
9310043671,36.0302043,129.3667295
9310043673,36.0310173,129.366517
4740710066,36.0315116,129.3663878
9222523489,36.0323183,129.3662128
13989496911,36.0284264,129.3672473
13989496912,36.0283886,129.3670663
13989496913,36.0279135,129.3674505
13989496914,36.0277795,129.3674902
13989496917,36.0282883,129.3678733
13989496919,36.028373,129.3681945
13989496920,36.0286163,129.368596
13989496921,36.0298073,129.3690625
13989496922,36.0306892,129.3694162
13989496923,36.0313887,129.3696957
13989496954,36.0313969,129.3696989
13989496924,36.0316509,129.3697973
13989496946,36.0316786,129.3698221
13989496925,36.0319682,129.3700809
13989496960,36.0321279,129.3702412
13989496926,36.0323167,129.3704305
13989496927,36.0325953,129.3706938
13989496928,36.0326249,129.370772
13989496943,36.0326273,129.3708033
13989496929,36.0326306,129.3708472
13989496930,36.0325936,129.3709031
9463031373,36.0289961,129.3715902
13989496971,36.0290086,129.3716594
13989496932,36.0284534,129.3685713
13989496933,36.0328278,129.3708042
13989496939,36.0328016,129.3707837
13989496934,36.0326659,129.3706771
13989496935,36.0326465,129.3706833
13989496936,36.0326478,129.3707164
13989496942,36.0326557,129.3707995
13989496937,36.0326602,129.3708474
13989496938,36.0328552,129.3707403
13989496941,36.0325967,129.3708073
13989496944,36.0317528,129.3696768
13989496945,36.0316574,129.3698636
13989496948,36.0315394,129.3698274
13989496949,36.0313826,129.3697608
13989496951,36.0315167,129.3695705
13989496952,36.0313826,129.3697141
13989496955,36.0317263,129.3696242
13989496956,36.0316442,129.3695495
13989496958,36.032255,129.3701776
13989496959,36.032087,129.3702617
13989496963,36.0316319,129.3712762
13989496964,36.0316083,129.3711338
13989496966,36.0292724,129.3718985
13989496967,36.0292422,129.3717339
13989496969,36.0290987,129.3716393
13989496970,36.0289467,129.3716732
13989496972,36.0288938,129.3719732
13989496973,36.0288664,129.3718483
13989496975,36.0291648,129.3720643
13989496976,36.029043,129.3720923
13989496978,36.0291289,129.3727508
13989496979,36.0291119,129.3726527
13989496981,36.0292819,129.3727017
13989496982,36.0292677,129.3726177
13989496984,36.0294978,129.3740796
13989496985,36.0293605,129.3741294
13989496987,36.0293753,129.3745004
13989496988,36.0292874,129.3743215
13989496989,36.0295627,129.3745745
13989496990,36.0294205,129.3746101
13989496992,36.0296803,129.3742574
13989496993,36.0295997,129.3740755
13989497024,36.0278889,129.3722364
13989497025,36.027859,129.3721024
13989497027,36.0268212,129.3725183
13989497028,36.0267988,129.3723689
13989497030,36.0257423,129.372791
13989497031,36.0257261,129.3726677
13989497033,36.0247044,129.3730652
13989497034,36.0246807,129.3729327
9310479895,36.0239082,129.3768086
4677674297,36.0239275,129.3769022
12137763386,36.0239405,129.376964
13989497045,36.0228569,129.3706475
13989497043,36.0229382,129.3706321
13989497044,36.0227972,129.3706589
13989497046,36.0227115,129.3687505
13989497047,36.02268,129.3685346
13989497050,36.0225759,129.3684474
13989497051,36.0224392,129.3684809
9249585238,36.0679013,129.3756662
4635300061,36.0678897,129.375588
14070414377,36.0537056,129.3761542
14070414378,36.0537575,129.3761145
14070414379,36.0538208,129.3760993
14070414389,36.0534659,129.3760596
14070414388,36.0535272,129.3760912
14070414387,36.053564,129.3761239
14109121136,36.0471716,129.3514804
14109121135,36.0471879,129.3515608
14109121134,36.0472312,129.3516205
14109121133,36.0476368,129.3519638
14109121132,36.0476487,129.3520094
14109121131,36.047665,129.3520544
14109121130,36.0478569,129.3522106
14109094985,36.064118,129.3717224
14109094984,36.06408,129.3719765
14109094987,36.0642581,129.3717605
14109094986,36.0642223,129.3720114
14109095000,36.0643991,129.3719939
14109094999,36.0643877,129.3719825
14109094998,36.0644029,129.3718524
14109094997,36.0644002,129.3718243
14109094996,36.0643915,129.3717968
14109094995,36.0640435,129.3717022
14109094994,36.0640224,129.3716989
14109094993,36.0640116,129.3717062
14109094992,36.0639839,129.3719094
14109094991,36.0639845,129.3719316
14109094990,36.0639948,129.3719557
14109094989,36.0643812,129.3720502
